{
  "BTCUSDT": 67977.5,
  "ETHUSDT": 1966.2,
  "SOLUSDT": 84.48,
  "XRPUSDT": 1.4274,
  "BNBUSDT": 625.84,
  "BCHUSDT": 562.04,
  "DOGEUSDT": 0.10017,
  "HYPEUSDT": 30.239,
  "XAGUSDT": 84.57,
  "WLFIUSDT": 0.1201,
  "PAXGUSDT": 5108.64,
  "ZECUSDT": 258.75,
  "XAUUSDT": 5104.06,
  "TRXUSDT": 0.28524,
  "SUIUSDT": 0.954,
  "ASTERUSDT": 0.7264,
  "LINKUSDT": 8.946,
  "ADAUSDT": 0.2847,
  "LTCUSDT": 55.23,
  "UNIUSDT": 3.484,
  "AVAXUSDT": 9.155,
  "1000PEPEUSDT": 0.0042475,
  "PUMPUSDT": 0.002104,
  "ENAUSDT": 0.1108,
  "KITEUSDT": 0.26265,
  "AAVEUSDT": 115.91,
  "NEARUSDT": 1.047,
  "PIPPINUSDT": 0.47786,
  "WLDUSDT": 0.3903,
  "LITUSDT": 1.524,
  "TRUMPUSDT": 3.567,
  "FILUSDT": 0.957,
  "TAOUSDT": 181.17,
  "XPLUSDT": 0.0949,
  "ARCUSDT": 0.07344,
  "DOTUSDT": 1.337,
  "ZROUSDT": 1.6845,
  "ATOMUSDT": 2.345,
  "APTUSDT": 0.8828,
  "TONUSDT": 1.3292,
  "HBARUSDT": 0.09998,
  "1000SHIBUSDT": 0.006417,
  "XLMUSDT": 0.16244,
  "AXSUSDT": 1.328,
  "ARBUSDT": 0.0969,
  "ENSOUSDT": 1.9299,
  "BERAUSDT": 0.5941,
  "OPUSDT": 0.1278,
  "ICPUSDT": 2.197,
  "HUSDT": 0.16225,
  "RIVERUSDT": 8.052,
  "XMRUSDT": 332.47,
  "MONUSDT": 0.02098,
  "FETUSDT": 0.1678,
  "WIFUSDT": 0.2255,
  "CRVUSDT": 0.246,
  "FFUSDT": 0.07879,
  "ETCUSDT": 8.761,
  "PENGUUSDT": 0.006903,
  "1000BONKUSDT": 0.006414,
  "FARTCOINUSDT": 0.1864,
  "BARDUSDT": 0.7604,
  "IPUSDT": 1.121,
  "PARTIUSDT": 0.10765,
  "BANUSDT": 0.12739,
  "DASHUSDT": 35.12,
  "\u5e01\u5b89\u4eba\u751fUSDT": 0.08844,
  "INJUSDT": 3.412,
  "AZTECUSDT": 0.03131,
  "POLUSDT": 0.10546,
  "BTCDOMUSDT": 5101.0,
  "CHZUSDT": 0.03531,
  "RAVEUSDT": 0.57993,
  "POWERUSDT": 0.37946,
  "SENTUSDT": 0.02264,
  "VIRTUALUSDT": 0.6511,
  "TIAUSDT": 0.3309,
  "ONDOUSDT": 0.2671,
  "VVVUSDT": 4.42,
  "ZAMAUSDT": 0.0235,
  "BIOUSDT": 0.03148,
  "ETHFIUSDT": 0.4703,
  "SEIUSDT": 0.0714,
  "ZKUSDT": 0.02027,
  "JUPUSDT": 0.1595,
  "0GUSDT": 0.6533,
  "STABLEUSDT": 0.029582,
  "LYNUSDT": 0.28869,
  "RENDERUSDT": 1.497,
  "MYXUSDT": 1.053,
  "ALCHUSDT": 0.08115,
  "CCUSDT": 0.15849,
  "SIRENUSDT": 0.23275,
  "KAITOUSDT": 0.3101,
  "PENDLEUSDT": 1.2187,
  "LDOUSDT": 0.3297,
  "1000RATSUSDT": 0.04772,
  "ORCAUSDT": 1.143,
  "HOMEUSDT": 0.028422,
  "ALLOUSDT": 0.13525,
  "BTRUSDT": 0.18809,
  "BANANAS31USDT": 0.004783,
  "NIGHTUSDT": 0.0602,
  "ZENUSDT": 5.773,
  "QUSDT": 0.020614,
  "JTOUSDT": 0.316,
  "DUSKUSDT": 0.0879,
  "ATUSDT": 0.16035,
  "SANDUSDT": 0.08456,
  "UBUSDT": 0.03982,
  "SKYAIUSDT": 0.03843,
  "STRKUSDT": 0.04626,
  "OMUSDT": 0.0664,
  "HANAUSDT": 0.03494,
  "ALGOUSDT": 0.0904,
  "CAKEUSDT": 1.2939,
  "ESPUSDT": 0.06929,
  "GPSUSDT": 0.013167,
  "TRADOORUSDT": 1.372,
  "GUNUSDT": 0.02816,
  "MORPHOUSDT": 1.562,
  "SKYUSDT": 0.06449,
  "PIEVERSEUSDT": 0.415,
  "MUSDT": 1.3485,
  "USDCUSDT": 0.99981,
  "ZILUSDT": 0.00411,
  "GALAUSDT": 0.00392,
  "CYSUSDT": 0.4101,
  "ROSEUSDT": 0.01324,
  "GIGGLEUSDT": 29.47,
  "SNXUSDT": 0.394,
  "APEUSDT": 0.1099,
  "\u6211\u8e0f\u9a6c\u6765\u4e86USDT": 0.016224,
  "B2USDT": 0.7212,
  "PYTHUSDT": 0.05398,
  "METUSDT": 0.213,
  "HUMAUSDT": 0.012694,
  "JELLYJELLYUSDT": 0.06733,
  "BEAMXUSDT": 0.002308,
  "XPINUSDT": 0.001652,
  "AWEUSDT": 0.05941,
  "AVNTUSDT": 0.191,
  "EIGENUSDT": 0.1974,
  "VANAUSDT": 1.746,
  "NAORISUSDT": 0.04559,
  "SYRUPUSDT": 0.22851,
  "MSTRUSDT": 131.43,
  "COMPUSDT": 18.2,
  "BUSDT": 0.1309,
  "INITUSDT": 0.10052,
  "MOVEUSDT": 0.02431,
  "GUAUSDT": 0.15448,
  "XTZUSDT": 0.392,
  "DYDXUSDT": 0.099,
  "TSLAUSDT": 411.54,
  "FOGOUSDT": 0.02727,
  "MEUSDT": 0.1312,
  "AEROUSDT": 0.3117,
  "BULLAUSDT": 0.02593,
  "ZKPUSDT": 0.09281,
  "ORDIUSDT": 2.625,
  "NXPCUSDT": 0.2765,
  "SPACEUSDT": 0.010074,
  "VETUSDT": 0.007808,
  "CYBERUSDT": 0.5664,
  "NEOUSDT": 2.777,
  "FORMUSDT": 0.211,
  "LAUSDT": 0.2082,
  "AUCTIONUSDT": 5.13,
  "COLLECTUSDT": 0.05473,
  "ENSUSDT": 6.618,
  "PNUTUSDT": 0.04899,
  "1000LUNCUSDT": 0.03696,
  "SOMIUSDT": 0.214,
  "LINEAUSDT": 0.003542,
  "ESPORTSUSDT": 0.32061,
  "STGUSDT": 0.1455,
  "SUSDT": 0.04349,
  "RESOLVUSDT": 0.06557,
  "BEATUSDT": 0.2622,
  "1000FLOKIUSDT": 0.0306,
  "OGUSDT": 3.357,
  "PLUMEUSDT": 0.01024,
  "STXUSDT": 0.2553,
  "LPTUSDT": 2.35,
  "MERLUSDT": 0.05377,
  "GWEIUSDT": 0.029521,
  "FHEUSDT": 0.04074,
  "TRBUSDT": 15.178,
  "BIRBUSDT": 0.17975,
  "CLOUSDT": 0.08498,
  "LRCUSDT": 0.03318,
  "EDUUSDT": 0.1254,
  "ATHUSDT": 0.005652,
  "2ZUSDT": 0.07518,
  "BANKUSDT": 0.04081,
  "WUSDT": 0.02005,
  "EULUSDT": 0.99,
  "MOODENGUSDT": 0.05609,
  "MANAUSDT": 0.0982,
  "WCTUSDT": 0.06212,
  "SPXUSDT": 0.3238,
  "UAIUSDT": 0.241,
  "CFXUSDT": 0.05214,
  "JASMYUSDT": 0.005777,
  "NMRUSDT": 8.206,
  "MMTUSDT": 0.1303,
  "ARUSDT": 2.02,
  "RPLUSDT": 2.4,
  "USELESSUSDT": 0.04341,
  "TAUSDT": 0.03898,
  "API3USDT": 0.3054,
  "ZORAUSDT": 0.02105,
  "LIGHTUSDT": 0.2354,
  "COAIUSDT": 0.3267,
  "AIAUSDT": 0.1057,
  "LUNA2USDT": 0.06511,
  "TRIAUSDT": 0.01697,
  "NOMUSDT": 0.005847,
  "GRTUSDT": 0.02715,
  "IOTAUSDT": 0.0705,
  "4USDT": 0.00913,
  "FLOWUSDT": 0.03837,
  "IMXUSDT": 0.1654,
  "TAGUSDT": 0.0003692,
  "SFPUSDT": 0.2772,
  "SPKUSDT": 0.02114,
  "JSTUSDT": 0.043402,
  "ZRXUSDT": 0.1119,
  "SKRUSDT": 0.020354,
  "AXLUSDT": 0.05619,
  "RUNEUSDT": 0.4141,
  "1INCHUSDT": 0.0936,
  "PTBUSDT": 0.001366,
  "THETAUSDT": 0.2016,
  "QNTUSDT": 66.93,
  "FOLKSUSDT": 1.364,
  "ARKMUSDT": 0.1148,
  "NEIROUSDT": 7.5e-05,
  "KAIAUSDT": 0.05636,
  "BREVUSDT": 0.1357,
  "AGTUSDT": 0.004691,
  "YFIUSDT": 2850.0,
  "MEGAUSDT": 0.13203,
  "ANIMEUSDT": 0.00509,
  "EGLDUSDT": 4.605,
  "XNYUSDT": 0.005158,
  "BOMEUSDT": 0.0004233,
  "PROVEUSDT": 0.3159,
  "MAGICUSDT": 0.06963,
  "TAKEUSDT": 0.02468,
  "ZKCUSDT": 0.093,
  "KGENUSDT": 0.17706,
  "COWUSDT": 0.2095,
  "SAHARAUSDT": 0.01563,
  "TWTUSDT": 0.5305,
  "MANTAUSDT": 0.07333,
  "GASUSDT": 1.607,
  "PEOPLEUSDT": 0.00689,
  "ACTUSDT": 0.01472,
  "AUSDT": 0.0817,
  "TSTUSDT": 0.01061,
  "BLUAIUSDT": 0.005047,
  "MINAUSDT": 0.06336,
  "AVAAIUSDT": 0.00773,
  "NILUSDT": 0.05239,
  "SIGNUSDT": 0.02509,
  "TUTUSDT": 0.01115,
  "TURBOUSDT": 0.0010824,
  "SANTOSUSDT": 1.933,
  "DOLOUSDT": 0.04126,
  "TNSRUSDT": 0.05003,
  "FIGHTUSDT": 0.006767,
  "SUPERUSDT": 0.1209,
  "GRASSUSDT": 0.1908,
  "KASUSDT": 0.0311,
  "OPENUSDT": 0.1566,
  "BSVUSDT": 16.19,
  "MUBARAKUSDT": 0.01636,
  "VELVETUSDT": 0.08,
  "AIOUSDT": 0.07674,
  "GMTUSDT": 0.01201,
  "FUSDT": 0.006018,
  "SWARMSUSDT": 0.00716,
  "BATUSDT": 0.1218,
  "IOUSDT": 0.1135,
  "POPCATUSDT": 0.05197,
  "YBUSDT": 0.1647,
  "SOPHUSDT": 0.009375,
  "IDOLUSDT": 0.02189,
  "ZBTUSDT": 0.07262,
  "CATIUSDT": 0.04031,
  "BABYUSDT": 0.01339,
  "AKEUSDT": 0.0002746,
  "ICNTUSDT": 0.4137,
  "XPTUSDT": 2158.24,
  "CVXUSDT": 1.985,
  "XVGUSDT": 0.006166,
  "SUSHIUSDT": 0.2047,
  "C98USDT": 0.028,
  "RAYSOLUSDT": 0.6553,
  "YGGUSDT": 0.04005,
  "LAYERUSDT": 0.0865,
  "TRUTHUSDT": 0.01015,
  "ALTUSDT": 0.00821,
  "DEXEUSDT": 2.358,
  "EDENUSDT": 0.0358,
  "ACHUSDT": 0.007558,
  "VELODROMEUSDT": 0.01438,
  "MASKUSDT": 0.4556,
  "SOLVUSDT": 0.0046,
  "ONTUSDT": 0.0447,
  "GLMUSDT": 0.1664,
  "KSMUSDT": 4.86,
  "CELOUSDT": 0.078,
  "SONICUSDT": 0.05174,
  "BLURUSDT": 0.02063,
  "AIXBTUSDT": 0.02055,
  "SOONUSDT": 0.1723,
  "MEMEUSDT": 0.0006878,
  "ASRUSDT": 1.414,
  "DRIFTUSDT": 0.0935,
  "FIDAUSDT": 0.0193,
  "IRUSDT": 0.08893,
  "ANKRUSDT": 0.004548,
  "CTSIUSDT": 0.0258,
  "SAPIENUSDT": 0.08925,
  "SUNUSDT": 0.016928,
  "STOUSDT": 0.05533,
  "RAREUSDT": 0.01922,
  "KERNELUSDT": 0.07097,
  "MELANIAUSDT": 0.118,
  "THEUSDT": 0.2624,
  "UMAUSDT": 0.4687,
  "FRAXUSDT": 0.6607,
  "ERAUSDT": 0.1585,
  "ZEREBROUSDT": 0.00802,
  "DEGOUSDT": 0.3488,
  "GMXUSDT": 6.852,
  "LSKUSDT": 0.1465,
  "PROMUSDT": 1.331,
  "IRYSUSDT": 0.02506,
  "KAVAUSDT": 0.0522,
  "IDUSDT": 0.0486,
  "WALUSDT": 0.081,
  "HYPERUSDT": 0.0979,
  "PLAYUSDT": 0.02081,
  "KMNOUSDT": 0.02815,
  "POLYXUSDT": 0.04462,
  "RSRUSDT": 0.001515,
  "AKTUSDT": 0.3271,
  "STORJUSDT": 0.0977,
  "ONUSDT": 0.09429,
  "STBLUSDT": 0.03754,
  "QTUMUSDT": 0.957,
  "INUSDT": 0.0617,
  "AINUSDT": 0.03307,