{
  "BTCUSDT": 67553.6,
  "ETHUSDT": 1948.48,
  "SOLUSDT": 83.67,
  "XRPUSDT": 1.398,
  "BNBUSDT": 619.01,
  "BCHUSDT": 570.82,
  "DOGEUSDT": 0.09577,
  "HYPEUSDT": 29.197,
  "XAGUSDT": 84.84,
  "PAXGUSDT": 5142.25,
  "XAUUSDT": 5120.55,
  "WLFIUSDT": 0.1161,
  "ZECUSDT": 247.72,
  "TRXUSDT": 0.28878,
  "SUIUSDT": 0.9211,
  "ASTERUSDT": 0.6954,
  "LINKUSDT": 8.699,
  "ADAUSDT": 0.272,
  "UNIUSDT": 3.472,
  "LTCUSDT": 53.3,
  "AVAXUSDT": 8.873,
  "PUMPUSDT": 0.002043,
  "1000PEPEUSDT": 0.0040374,
  "PIPPINUSDT": 0.62716,
  "ENAUSDT": 0.1012,
  "KITEUSDT": 0.25048,
  "ARCUSDT": 0.09471,
  "AAVEUSDT": 117.64,
  "NEARUSDT": 1.01,
  "TRUMPUSDT": 3.365,
  "WLDUSDT": 0.376,
  "LITUSDT": 1.456,
  "FILUSDT": 0.927,
  "TAOUSDT": 174.38,
  "XPLUSDT": 0.0907,
  "DOTUSDT": 1.313,
  "ZROUSDT": 1.7222,
  "ATOMUSDT": 2.25,
  "ENSOUSDT": 1.9644,
  "TONUSDT": 1.3322,
  "APTUSDT": 0.8259,
  "1000SHIBUSDT": 0.006166,
  "XLMUSDT": 0.15446,
  "HBARUSDT": 0.09703,
  "BERAUSDT": 0.5867,
  "AXSUSDT": 1.285,
  "ARBUSDT": 0.0937,
  "ICPUSDT": 2.112,
  "OPUSDT": 0.1222,
  "RIVERUSDT": 8.292,
  "HUSDT": 0.16419,
  "XMRUSDT": 319.78,
  "POWERUSDT": 0.45158,
  "MONUSDT": 0.01983,
  "ETCUSDT": 8.692,
  "WIFUSDT": 0.212,
  "BARDUSDT": 0.7794,
  "FETUSDT": 0.1578,
  "FFUSDT": 0.07836,
  "CRVUSDT": 0.228,
  "RAVEUSDT": 0.66834,
  "PENGUUSDT": 0.006577,
  "1000BONKUSDT": 0.006098,
  "FARTCOINUSDT": 0.1765,
  "INJUSDT": 3.564,
  "BANUSDT": 0.13194,
  "PARTIUSDT": 0.10757,
  "IPUSDT": 1.061,
  "SIRENUSDT": 0.28283,
  "POLUSDT": 0.10575,
  "CHZUSDT": 0.03464,
  "DASHUSDT": 33.16,
  "BTCDOMUSDT": 5136.0,
  "\u5e01\u5b89\u4eba\u751fUSDT": 0.0712,
  "OPNUSDT": 0.6486,
  "TIAUSDT": 0.3153,
  "ONDOUSDT": 0.2602,
  "SENTUSDT": 0.02109,
  "AZTECUSDT": 0.03027,
  "0GUSDT": 0.6292,
  "ETHFIUSDT": 0.4437,
  "VIRTUALUSDT": 0.6183,
  "SEIUSDT": 0.0691,
  "LYNUSDT": 0.3171,
  "ZKUSDT": 0.019,
  "JUPUSDT": 0.1517,
  "AGLDUSDT": 0.3289,
  "VVVUSDT": 4.143,
  "MYXUSDT": 0.868,
  "ZAMAUSDT": 0.02197,
  "STABLEUSDT": 0.028181,
  "ALCHUSDT": 0.07951,
  "CCUSDT": 0.15742,
  "PENDLEUSDT": 1.193,
  "BTRUSDT": 0.20895,
  "BIOUSDT": 0.02671,
  "KAITOUSDT": 0.2941,
  "QUSDT": 0.022162,
  "1000RATSUSDT": 0.04614,
  "HOMEUSDT": 0.030041,
  "LDOUSDT": 0.3099,
  "DUSKUSDT": 0.0806,
  "RENDERUSDT": 1.404,
  "ATUSDT": 0.16478,
  "BANANAS31USDT": 0.004605,
  "ALGOUSDT": 0.0869,
  "NIGHTUSDT": 0.05761,
  "ZENUSDT": 5.715,
  "HANAUSDT": 0.03716,
  "TRADOORUSDT": 1.526,
  "SKYAIUSDT": 0.03863,
  "SANDUSDT": 0.08131,
  "ESPUSDT": 0.07022,
  "STRKUSDT": 0.04322,
  "JTOUSDT": 0.3046,
  "ALLOUSDT": 0.11967,
  "OMUSDT": 0.06755,
  "GUNUSDT": 0.02878,
  "CAKEUSDT": 1.2923,
  "MUSDT": 1.388,
  "MORPHOUSDT": 1.5838,
  "ZILUSDT": 0.004,
  "GPSUSDT": 0.013222,
  "SNXUSDT": 0.416,
  "USDCUSDT": 0.999809,
  "PIEVERSEUSDT": 0.4055,
  "UBUSDT": 0.03437,
  "SKYUSDT": 0.0649,
  "ORCAUSDT": 1.01,
  "GALAUSDT": 0.00366,
  "APEUSDT": 0.1067,
  "GIGGLEUSDT": 27.89,
  "NAORISUSDT": 0.05041,
  "B2USDT": 0.7141,
  "AWEUSDT": 0.05376,
  "ROSEUSDT": 0.01304,
  "\u6211\u8e0f\u9a6c\u6765\u4e86USDT": 0.014252,
  "PYTHUSDT": 0.0517,
  "BULLAUSDT": 0.02703,
  "CYBERUSDT": 0.6012,
  "XPINUSDT": 0.001678,
  "METUSDT": 0.2023,
  "GUAUSDT": 0.16501,
  "HUMAUSDT": 0.012515,
  "BEAMXUSDT": 0.002191,
  "BUSDT": 0.1356,
  "JELLYJELLYUSDT": 0.06654,
  "AVNTUSDT": 0.1811,
  "CYSUSDT": 0.3772,
  "YGGUSDT": 0.045,
  "MSTRUSDT": 130.88,
  "SYRUPUSDT": 0.22251,
  "AEROUSDT": 0.3162,
  "EIGENUSDT": 0.1817,
  "SPACEUSDT": 0.010924,
  "TSLAUSDT": 411.43,
  "VETUSDT": 0.00747,
  "DYDXUSDT": 0.094,
  "ESPORTSUSDT": 0.33533,
  "NXPCUSDT": 0.2705,
  "XTZUSDT": 0.375,
  "ORDIUSDT": 2.51,
  "MOVEUSDT": 0.02284,
  "INITUSDT": 0.09041,
  "NEOUSDT": 2.665,
  "FORMUSDT": 0.2045,
  "COMPUSDT": 17.33,
  "ZKPUSDT": 0.08678,
  "SOMIUSDT": 0.2174,
  "MEUSDT": 0.1227,
  "LINEAUSDT": 0.003386,
  "FOGOUSDT": 0.02597,
  "COLLECTUSDT": 0.0468,
  "AUCTIONUSDT": 4.905,
  "SUSDT": 0.04161,
  "LAUSDT": 0.2071,
  "PNUTUSDT": 0.04622,
  "ENSUSDT": 6.384,
  "1000LUNCUSDT": 0.03558,
  "BEATUSDT": 0.2405,
  "1000FLOKIUSDT": 0.02918,
  "RESOLVUSDT": 0.06476,
  "GWEIUSDT": 0.030373,
  "VANAUSDT": 1.508,
  "STGUSDT": 0.1494,
  "OGUSDT": 3.287,
  "STXUSDT": 0.2451,
  "CLOUSDT": 0.08966,
  "MERLUSDT": 0.04988,
  "LPTUSDT": 2.27,
  "PLUMEUSDT": 0.00958,
  "AGTUSDT": 0.005558,
  "EDUUSDT": 0.1235,
  "FHEUSDT": 0.03836,
  "BIRBUSDT": 0.16415,
  "TRBUSDT": 14.606,
  "UAIUSDT": 0.2455,
  "TRIAUSDT": 0.01516,
  "EULUSDT": 0.928,
  "WUSDT": 0.01882,
  "BANKUSDT": 0.03888,
  "ARUSDT": 1.96,
  "ATHUSDT": 0.0053,
  "SAPIENUSDT": 0.10328,
  "TAUSDT": 0.03971,
  "JASMYUSDT": 0.005645,
  "WCTUSDT": 0.05937,
  "NMRUSDT": 7.991,
  "USELESSUSDT": 0.0373,
  "MANAUSDT": 0.0941,
  "2ZUSDT": 0.06989,
  "CFXUSDT": 0.05106,
  "LRCUSDT": 0.03188,
  "API3USDT": 0.2925,
  "TAGUSDT": 0.0003807,
  "MOODENGUSDT": 0.05403,
  "GRTUSDT": 0.02655,
  "LIGHTUSDT": 0.2315,
  "SPXUSDT": 0.3098,
  "MMTUSDT": 0.1248,
  "IOTAUSDT": 0.0676,
  "ZORAUSDT": 0.01986,
  "COWUSDT": 0.2095,
  "COAIUSDT": 0.3171,
  "AIAUSDT": 0.1018,
  "IMXUSDT": 0.1596,
  "LUNA2USDT": 0.0621,
  "FLOWUSDT": 0.03733,
  "1INCHUSDT": 0.0914,
  "RPLUSDT": 2.254,
  "QNTUSDT": 64.44,
  "SPKUSDT": 0.02059,
  "THETAUSDT": 0.1934,
  "IOUSDT": 0.1133,
  "4USDT": 0.00833,
  "AXLUSDT": 0.05358,
  "ZRXUSDT": 0.106,
  "SFPUSDT": 0.2577,
  "BELUSDT": 0.1129,
  "BREVUSDT": 0.1302,
  "JSTUSDT": 0.042362,
  "KAIAUSDT": 0.05515,
  "NEIROUSDT": 6.99e-05,
  "PTBUSDT": 0.001296,
  "ARKMUSDT": 0.1074,
  "SKRUSDT": 0.018837,
  "YFIUSDT": 2768.0,
  "KGENUSDT": 0.17892,
  "FOLKSUSDT": 1.28,
  "TAKEUSDT": 0.02694,
  "EGLDUSDT": 4.391,
  "BLUAIUSDT": 0.005329,
  "MEGAUSDT": 0.13004,
  "NOMUSDT": 0.004907,
  "RUNEUSDT": 0.4003,
  "MAGICUSDT": 0.0673,
  "TWTUSDT": 0.518,
  "BOMEUSDT": 0.0003921,
  "ANIMEUSDT": 0.004869,
  "AIOUSDT": 0.08244,
  "PEOPLEUSDT": 0.00646,
  "PROVEUSDT": 0.2904,
  "SAHARAUSDT": 0.01506,
  "XNYUSDT": 0.004873,
  "ZKCUSDT": 0.0865,
  "OPENUSDT": 0.1505,
  "MANTAUSDT": 0.06903,
  "SIGNUSDT": 0.02507,
  "TSTUSDT": 0.01018,
  "MINAUSDT": 0.05985,
  "FIGHTUSDT": 0.006901,
  "ACTUSDT": 0.01409,
  "AUSDT": 0.0797,
  "KASUSDT": 0.03002,
  "GASUSDT": 1.549,
  "AVAAIUSDT": 0.00741,
  "GMTUSDT": 0.01148,
  "TUTUSDT": 0.01069,
  "SUPERUSDT": 0.1162,
  "VELVETUSDT": 0.07939,
  "TNSRUSDT": 0.04667,
  "SANTOSUSDT": 1.884,
  "TURBOUSDT": 0.0010077,
  "BATUSDT": 0.117,
  "IDOLUSDT": 0.02169,
  "GRASSUSDT": 0.18,
  "SOPHUSDT": 0.00908,
  "XPTUSDT": 2160.48,
  "SWARMSUSDT": 0.00686,
  "CATIUSDT": 0.0388,
  "BSVUSDT": 15.63,
  "VTHOUSDT": 0.0006189,
  "FUSDT": 0.005738,
  "ZBTUSDT": 0.0706,
  "AKEUSDT": 0.0002666,
  "YBUSDT": 0.1525,
  "SUSHIUSDT": 0.1992,
  "C98USDT": 0.0267,
  "POPCATUSDT": 0.04907,
  "BABYUSDT": 0.01264,
  "NILUSDT": 0.04832,
  "MUBARAKUSDT": 0.0146,
  "TRUTHUSDT": 0.009853,
  "ICNTUSDT": 0.4024,
  "LAYERUSDT": 0.0839,
  "CVXUSDT": 1.879,
  "VELODROMEUSDT": 0.01466,
  "STOUSDT": 0.05683,
  "ARPAUSDT": 0.01013,
  "DEXEUSDT": 2.47,
  "XVGUSDT": 0.00598,
  "ACHUSDT": 0.007254,
  "CTSIUSDT": 0.025,
  "ASRUSDT": 1.41,
  "BLURUSDT": 0.01985,
  "SOONUSDT": 0.1644,
  "KSMUSDT": 4.741,
  "RAYSOLUSDT": 0.6243,
  "MASKUSDT": 0.4324,
  "RAREUSDT": 0.01861,
  "SOLVUSDT": 0.00431,
  "GLMUSDT": 0.16403,
  "AIXBTUSDT": 0.01904,
  "ALTUSDT": 0.00754,
  "PLAYUSDT": 0.02124,
  "EDENUSDT": 0.0338,
  "CELOUSDT": 0.075,
  "IRUSDT": 0.09405,
  "ANKRUSDT": 0.004371,
  "MEMEUSDT": 0.0006573,
  "ONTUSDT": 0.0419,
  "DOLOUSDT": 0.04044,
  "DRIFTUSDT": 0.086,
  "UMAUSDT": 0.4488,
  "THEUSDT": 0.2516,
  "ZEREBROUSDT": 0.00758,
  "FRAXUSDT": 0.647,
  "SONICUSDT": 0.04623,
  "DEGOUSDT": 0.3371,
  "KERNELUSDT": 0.06712,
  "SUNUSDT": 0.016932,
  "MELANIAUSDT": 0.1133,
  "APRUSDT": 0.1029,
  "ERAUSDT": 0.1481,
  "IDUSDT": 0.04608,
  "ONUSDT": 0.09449,
  "KAVAUSDT": 0.0505,
  "WOOUSDT": 0.01751,
  "IOTXUSDT": 0.00455,
  "STORJUSDT": 0.0937,
  "QTUMUSDT": 0.911,
  "WALUSDT": 0.0762,
  "RSRUSDT": 0.001427,
  "POLYXUSDT": 0.0421,
  "BASUSDT": 0.005185,
  "INUSDT": 0.06141,
  "HYPERUSDT": 0.0938,