{
  "BTCUSDT": 65682.0,
  "ETHUSDT": 1937.68,
  "BTC/USDCUSDT": 65503.0,
  "ETH/USDCUSDT": 1920.14,
  "SOLUSDT": 81.4,
  "XAGUSDT": 93.7,
  "BTC/USDUSDT": 66151.3,
  "XRPUSDT": 1.3508,
  "XAUUSDT": 5265.45,
  "POWERUSDT": 1.41942,
  "ETH/USDUSDT": 1937.59,
  "PIPPINUSDT": 0.61478,
  "DOGEUSDT": 0.09313,
  "SAHARAUSDT": 0.02297,
  "BNBUSDT": 611.07,
  "1000PEPEUSDT": 0.0036794,
  "HYPEUSDT": 27.349,
  "ZECUSDT": 217.49,
  "SOL/USDCUSDT": 81.39,
  "DOTUSDT": 1.614,
  "PAXGUSDT": 5280.51,
  "DENTUSDT": 0.000258,
  "RIVERUSDT": 11.007,
  "ADAUSDT": 0.2771,
  "SUIUSDT": 0.8974,
  "BCHUSDT": 463.1,
  "FILUSDT": 0.991,
  "VVVUSDT": 4.507,
  "AVAXUSDT": 8.9,
  "XRP/USDCUSDT": 1.3508,
  "LINKUSDT": 8.686,
  "ARCUSDT": 0.03135,
  "ROBOUSDT": 0.03898,
  "SIRENUSDT": 0.37654,
  "ENSOUSDT": 1.4243,
  "1000LUNCUSDT": 0.04186,
  "ESPUSDT": 0.12469,
  "PUMPUSDT": 0.001783,
  "ARBUSDT": 0.0996,
  "NEARUSDT": 1.088,
  "MIRAUSDT": 0.0935,
  "AAVEUSDT": 111.57,
  "ENAUSDT": 0.1021,
  "SOL/USDUSDT": 80.62,
  "HUSDT": 0.11955,
  "KITEUSDT": 0.22943,
  "MYXUSDT": 0.411,
  "TAOUSDT": 174.32,
  "\u5e01\u5b89\u4eba\u751fUSDT": 0.07192,
  "ASTERUSDT": 0.6919,
  "WETUSDT": 0.11631,
  "LTCUSDT": 54.03,
  "VIRTUALUSDT": 0.6718,
  "UNIUSDT": 3.707,
  "RAVEUSDT": 0.32996,
  "ZROUSDT": 1.6271,
  "ICPUSDT": 2.485,
  "FARTCOINUSDT": 0.1558,
  "APTUSDT": 0.9383,
  "TSLAUSDT": 402.73,
  "ATHUSDT": 0.005666,
  "CRCLUSDT": 83.29,
  "OPUSDT": 0.1191,
  "XRP/USDUSDT": 1.3622,
  "WIFUSDT": 0.2043,
  "1000SHIBUSDT": 0.005762,
  "BARDUSDT": 0.8597,
  "STABLEUSDT": 0.036047,
  "AXSUSDT": 1.303,
  "BNB/USDCUSDT": 611.15,
  "FOLKSUSDT": 1.428,
  "HBARUSDT": 0.09968,
  "ETH/BTCUSDT": 1919.8848395,
  "WLFIUSDT": 0.1112,
  "NEWTUSDT": 0.07439,
  "XPLUSDT": 0.0918,
  "PENGUUSDT": 0.006753,
  "WLDUSDT": 0.3886,
  "DOGE/USDUSDT": 0.09318,
  "ATOMUSDT": 1.843,
  "TRXUSDT": 0.28241,
  "XLMUSDT": 0.15749,
  "TRUMPUSDT": 3.366,
  "ALICEUSDT": 0.129,
  "BNB/USDUSDT": 610.55,
  "DOGE/USDCUSDT": 0.09313,
  "HOTUSDT": 0.000402,
  "XMRUSDT": 332.86,
  "AIXBTUSDT": 0.02153,
  "STEEMUSDT": 0.05989,
  "1000BONKUSDT": 0.005939,
  "BERAUSDT": 0.6031,
  "REDUSDT": 0.1628,
  "ETCUSDT": 8.614,
  "LAYERUSDT": 0.0876,
  "GWEIUSDT": 0.039308,
  "INJUSDT": 3.08,
  "ZAMAUSDT": 0.02146,
  "DASHUSDT": 33.34,
  "CRVUSDT": 0.242,
  "AZTECUSDT": 0.02112,
  "LUNA2USDT": 0.06591,
  "TONUSDT": 1.2874,
  "TIAUSDT": 0.3192,
  "OPNUSDT": 0.4645,
  "HOLOUSDT": 0.05996,
  "ALLOUSDT": 0.10827,
  "SPACEUSDT": 0.008359,
  "POLUSDT": 0.10825,
  "ONDOUSDT": 0.256,
  "LYNUSDT": 0.30867,
  "XPTUSDT": 2375.4,
  "C98USDT": 0.0252,
  "COLLECTUSDT": 0.03811,
  "CHZUSDT": 0.03376,
  "SENTUSDT": 0.02268,
  "CLOUSDT": 0.0698,
  "GALAUSDT": 0.00365,
  "LITUSDT": 1.349,
  "STGUSDT": 0.1433,
  "CCUSDT": 0.1691,
  "MSTRUSDT": 129.65,
  "BUSDT": 0.1675,
  "HOODUSDT": 75.74,
  "DUSKUSDT": 0.0844,
  "BULLAUSDT": 0.01465,
  "FETUSDT": 0.157,
  "GUAUSDT": 0.20719,
  "FLOWUSDT": 0.03858,
  "BIOUSDT": 0.02262,
  "LDOUSDT": 0.2972,
  "RENDERUSDT": 1.408,
  "NOMUSDT": 0.003765,
  "CGPTUSDT": 0.02057,
  "UAIUSDT": 0.1872,
  "ZEC/USDCUSDT": 217.36,
  "GPSUSDT": 0.009028,
  "ALGOUSDT": 0.0861,
  "SEIUSDT": 0.06851,
  "YBUSDT": 0.1766,
  "1000PEPE/USDCUSDT": 0.0036773,
  "SANDUSDT": 0.0834,
  "ANIMEUSDT": 0.005007,
  "SPORTFUNUSDT": 0.04723,
  "GIGGLEUSDT": 26.5,
  "BCH/USDCUSDT": 463.18,
  "MORPHOUSDT": 1.7991,
  "0GUSDT": 0.6212,
  "JELLYJELLYUSDT": 0.06553,
  "ARUSDT": 1.615,
  "ADA/USDUSDT": 0.2771,
  "JUPUSDT": 0.1518,
  "FOGOUSDT": 0.02641,
  "FIL/USDCUSDT": 0.991,
  "SKRUSDT": 0.020962,
  "IPUSDT": 0.957,
  "SUI/USDCUSDT": 0.8974,
  "\u6211\u8e0f\u9a6c\u6765\u4e86USDT": 0.012541,
  "NEIROUSDT": 6.864e-05,
  "TRIAUSDT": 0.01953,
  "PENDLEUSDT": 1.2515,
  "AGLDUSDT": 0.2542,
  "COINUSDT": 175.77,
  "ZBTUSDT": 0.0777,
  "SNXUSDT": 0.33,
  "BEATUSDT": 0.1956,
  "MONUSDT": 0.02061,
  "JTOUSDT": 0.2763,
  "PORTALUSDT": 0.01339,
  "ADA/USDCUSDT": 0.2771,
  "ARB/USDCUSDT": 0.0997,
  "STRKUSDT": 0.04069,
  "CAKEUSDT": 1.287,
  "KAITOUSDT": 0.3384,
  "ORDIUSDT": 2.443,
  "DYDXUSDT": 0.095,
  "MOODENGUSDT": 0.04999,
  "ETHFIUSDT": 0.4952,
  "API3USDT": 0.2937,
  "STBLUSDT": 0.04395,
  "ZILUSDT": 0.00422,
  "INTCUSDT": 45.56,
  "USTCUSDT": 0.005217,
  "SUI/USDUSDT": 0.8975,
  "AXLUSDT": 0.0551,
  "SPXUSDT": 0.2974,
  "AVAX/USDCUSDT": 8.9,
  "AAVE/USDCUSDT": 111.58,
  "ENSUSDT": 6.004,
  "LINK/USDUSDT": 8.685,
  "VETUSDT": 0.007341,
  "ZENUSDT": 5.403,
  "AMZNUSDT": 209.77,
  "1000FLOKIUSDT": 0.02846,
  "APEUSDT": 0.1027,
  "ORCAUSDT": 0.892,
  "IDUSDT": 0.04443,
  "LINK/USDCUSDT": 8.683,
  "EIGENUSDT": 0.1863,
  "LAUSDT": 0.2321,
  "ROSEUSDT": 0.01245,
  "TRBUSDT": 14.305,
  "BIRBUSDT": 0.16273,
  "ZKUSDT": 0.01915,
  "AVNTUSDT": 0.1782,
  "INITUSDT": 0.07974,
  "LINEAUSDT": 0.003042,
  "CYBERUSDT": 0.558,
  "KASUSDT": 0.02985,
  "GMTUSDT": 0.0115,
  "SYRUPUSDT": 0.22781,
  "GRASSUSDT": 0.209,
  "GUNUSDT": 0.02677,
  "SOMIUSDT": 0.2088,
  "ATUSDT": 0.15915,
  "PIEVERSEUSDT": 0.484,
  "ENA/USDCUSDT": 0.1021,
  "TREEUSDT": 0.07213,
  "NILUSDT": 0.04919,
  "LTC/USDCUSDT": 54.03,
  "XPDUSDT": 1795.58,
  "LIGHTUSDT": 0.1917,
  "YGGUSDT": 0.03974,
  "MANAUSDT": 0.0968,
  "JASMYUSDT": 0.005603,
  "KSMUSDT": 5.017,
  "COMPUSDT": 18.41,
  "ZKCUSDT": 0.0864,
  "NIGHTUSDT": 0.05763,
  "DOT/USDUSDT": 1.613,
  "SIGNUSDT": 0.02075,
  "KERNELUSDT": 0.08479,
  "PNUTUSDT": 0.04495,
  "SAPIENUSDT": 0.09264,
  "ACEUSDT": 0.1525,
  "SHELLUSDT": 0.03016,
  "USELESSUSDT": 0.03873,
  "TAKEUSDT": 0.01779,
  "DEXEUSDT": 3.415,
  "BATUSDT": 0.1064,
  "STXUSDT": 0.2587,
  "BCH/USDUSDT": 463.16,
  "AEROUSDT": 0.3369,
  "PLAYUSDT": 0.01844,
  "TURBOUSDT": 0.000973,
  "PYTHUSDT": 0.04946,
  "WUSDT": 0.0188,
  "LPTUSDT": 2.301,
  "IDOLUSDT": 0.01941,
  "ARKMUSDT": 0.1081,
  "FFUSDT": 0.07859,
  "1000BONK/USDCUSDT": 0.005937,
  "MAVIAUSDT": 0.03324,
  "TWTUSDT": 0.4984,
  "METUSDT": 0.1807,
  "STOUSDT": 0.06178,
  "UBUSDT": 0.03741,
  "BREVUSDT": 0.1361,
  "PLTRUSDT": 137.14,
  "AWEUSDT": 0.05326,
  "FIL/USDUSDT": 0.991,
  "FUSDT": 0.005763,
  "GLMUSDT": 0.13482,
  "PTBUSDT": 0.001153,
  "EULUSDT": 1.017,
  "MEUSDT": 0.1193,
  "MUSDT": 1.4346,
  "RESOLVUSDT": 0.05989,
  "MERLUSDT": 0.04226,
  "TLMUSDT": 0.001634,
  "MUBARAKUSDT": 0.01374,
  "BOMEUSDT": 0.0003807,
  "CFXUSDT": 0.04828,
  "ZKPUSDT": 0.08141,
  "SKLUSDT": 0.00665,
  "XTZUSDT": 0.383,
  "GRTUSDT": 0.02603,
  "BTRUSDT": 0.18027,
  "BLURUSDT": 0.02005,
  "FIGHTUSDT": 0.006319,
  "EDENUSDT": 0.03351,
  "ARPAUSDT": 0.00965,
  "PLUMEUSDT": 0.00929,
  "2ZUSDT": 0.07434,
  "COOKIEUSDT": 0.01757,
  "QUSDT": 0.023068,
  "RUNEUSDT": 0.3949,
  "PARTIUSDT": 0.09907,
  "DUSDT": 0.007036,
  "SKYAIUSDT": 0.04989,
  "ACUUSDT": 0.11667,
  "IOTAUSDT": 0.0666,
  "MOVEUSDT": 0.02145,
  "SUSHIUSDT": 0.2013,
  "ELSAUSDT": 0.08319,
  "IOUSDT": 0.1103,
  "IMXUSDT": 0.1649,
  "NEAR/USDCUSDT": 1.088,
  "TURTLEUSDT": 0.04001,
  "TRUMP/USDCUSDT": 3.365,
  "MAGICUSDT": 0.06292,
  "SUSDT": 0.04019,
  "BTCDOMUSDT": 5092.7,
  "CELOUSDT": 0.079,
  "JSTUSDT": 0.047528,
  "THETAUSDT": 0.1872,
  "XNYUSDT": 0.004711,
  "EGLDUSDT": 4.461,
  "1000RATSUSDT": 0.03883,
  "AAVE/USDUSDT": 111.59,
  "CVXUSDT": 1.711,
  "XAIUSDT": 0.00959,
  "HUMAUSDT": 0.01178,
  "MEMEUSDT": 0.0006119,
  "ACHUSDT": 0.006807,
  "RPLUSDT": 1.837,
  "ALTUSDT": 0.007465,
  "OPENUSDT": 0.1504,
  "AVAX/USDUSDT": 8.9,
  "WCTUSDT": 0.05877,
  "TNSRUSDT": 0.04671,
  "CRV/USDCUSDT": 0.2416,
  "NAORISUSDT": 0.03115,
  "LTC/USDUSDT": 54.04,
  "PHAUSDT": 0.0235,
  "NXPCUSDT": 0.2734,
  "PIXELUSDT": 0.004957,
  "4USDT": 0.0081,
  "MASKUSDT": 0.425,
  "FLOCKUSDT": 0.06301,
  "FIDAUSDT": 0.01548,
  "KMNOUSDT": 0.02089,
  "A2ZUSDT": 0.00078,
  "SUPERUSDT": 0.1148,
  "1000SATSUSDT": 1.09e-05,
  "VANAUSDT": 1.44,
  "HYPERUSDT": 0.0959,
  "HEMIUSDT": 0.00885,
  "LRCUSDT": 0.03198,
  "FHEUSDT": 0.02853,
  "AUCTIONUSDT": 4.819,
  "WIF/USDCUSDT": 0.2043,
  "AEVOUSDT": 0.02341,
  "PENGU/USDCUSDT": 0.006751,
  "ALCHUSDT": 0.08053,
  "SKYUSDT": 0.06682,
  "QNTUSDT": 63.66,
  "ZORAUSDT": 0.01841,
  "CYSUSDT": 0.3375,