{
  "BTCUSDT": 66411.5,
  "ETHUSDT": 1946.51,
  "SOLUSDT": 81.1,
  "XRPUSDT": 1.4089,
  "BNBUSDT": 603.83,
  "BCHUSDT": 546.67,
  "DOGEUSDT": 0.09758,
  "HYPEUSDT": 28.275,
  "XAGUSDT": 77.73,
  "WLFIUSDT": 0.1171,
  "PAXGUSDT": 4991.94,
  "ZECUSDT": 256.83,
  "XAUUSDT": 4989.66,
  "TRXUSDT": 0.27984,
  "SUIUSDT": 0.9139,
  "ASTERUSDT": 0.6909,
  "LINKUSDT": 8.56,
  "1000PEPEUSDT": 0.0042075,
  "ADAUSDT": 0.2717,
  "LTCUSDT": 52.44,
  "AVAXUSDT": 8.778,
  "UNIUSDT": 3.382,
  "PUMPUSDT": 0.002009,
  "ENAUSDT": 0.1121,
  "KITEUSDT": 0.2343,
  "NEARUSDT": 1.004,
  "PIPPINUSDT": 0.48857,
  "AAVEUSDT": 122.41,
  "LITUSDT": 1.484,
  "WLDUSDT": 0.374,
  "TRUMPUSDT": 3.406,
  "TAOUSDT": 181.56,
  "FILUSDT": 0.924,
  "ARCUSDT": 0.07751,
  "XPLUSDT": 0.0914,
  "DOTUSDT": 1.29,
  "ATOMUSDT": 2.315,
  "APTUSDT": 0.8618,
  "TONUSDT": 1.3908,
  "ZROUSDT": 1.4506,
  "1000SHIBUSDT": 0.006186,
  "HBARUSDT": 0.09707,
  "BERAUSDT": 0.5781,
  "XLMUSDT": 0.15929,
  "ARBUSDT": 0.1039,
  "RIVERUSDT": 8.416,
  "AXSUSDT": 1.199,
  "HUSDT": 0.1629,
  "ICPUSDT": 2.197,
  "XMRUSDT": 330.69,
  "OPUSDT": 0.1413,
  "MONUSDT": 0.02026,
  "WIFUSDT": 0.2194,
  "FETUSDT": 0.1629,
  "CRVUSDT": 0.242,
  "FFUSDT": 0.07835,
  "PENGUUSDT": 0.006666,
  "FARTCOINUSDT": 0.1829,
  "BARDUSDT": 0.7599,
  "ETCUSDT": 8.322,
  "IPUSDT": 1.09,
  "1000BONKUSDT": 0.006161,
  "PARTIUSDT": 0.10375,
  "CHZUSDT": 0.03871,
  "POWERUSDT": 0.3693,
  "BANUSDT": 0.12088,
  "DASHUSDT": 34.94,
  "POLUSDT": 0.10569,
  "\u5e01\u5b89\u4eba\u751fUSDT": 0.08876,
  "BTCDOMUSDT": 5086.3,
  "INJUSDT": 3.169,
  "SENTUSDT": 0.02118,
  "ORCAUSDT": 1.317,
  "TIAUSDT": 0.3224,
  "ONDOUSDT": 0.2601,
  "VIRTUALUSDT": 0.6137,
  "ETHFIUSDT": 0.4619,
  "SEIUSDT": 0.0714,
  "ZAMAUSDT": 0.02085,
  "ZKUSDT": 0.01998,
  "JUPUSDT": 0.1552,
  "0GUSDT": 0.6118,
  "ENSOUSDT": 1.3523,
  "AWEUSDT": 0.09925,
  "ESPUSDT": 0.07457,
  "STABLEUSDT": 0.028155,
  "ALCHUSDT": 0.08294,
  "LYNUSDT": 0.27231,
  "VVVUSDT": 3.694,
  "CCUSDT": 0.16096,
  "SIRENUSDT": 0.21874,
  "RENDERUSDT": 1.405,
  "1000RATSUSDT": 0.04875,
  "KAITOUSDT": 0.3009,
  "OMUSDT": 0.06354,
  "PENDLEUSDT": 1.1764,
  "LDOUSDT": 0.3227,
  "BTRUSDT": 0.18291,
  "JTOUSDT": 0.287,
  "NIGHTUSDT": 0.0595,
  "QUSDT": 0.020527,
  "UBUSDT": 0.04034,
  "ATUSDT": 0.15924,
  "ZENUSDT": 5.783,
  "DUSKUSDT": 0.0852,
  "HANAUSDT": 0.03661,
  "SANDUSDT": 0.08134,
  "HOMEUSDT": 0.026816,
  "CYSUSDT": 0.4621,
  "GUNUSDT": 0.02882,
  "SPACEUSDT": 0.011696,
  "BANANAS31USDT": 0.004362,
  "GPSUSDT": 0.013629,
  "TRADOORUSDT": 1.448,
  "STRKUSDT": 0.04532,
  "SKYAIUSDT": 0.03699,
  "MYXUSDT": 0.894,
  "SKYUSDT": 0.0642,
  "\u6211\u8e0f\u9a6c\u6765\u4e86USDT": 0.016444,
  "CAKEUSDT": 1.2671,
  "GIGGLEUSDT": 29.29,
  "MUSDT": 1.3548,
  "PIEVERSEUSDT": 0.4034,
  "ALGOUSDT": 0.0899,
  "USDCUSDT": 0.99982,
  "GALAUSDT": 0.00382,
  "APEUSDT": 0.1089,
  "XPINUSDT": 0.001929,
  "ROSEUSDT": 0.01289,
  "ZILUSDT": 0.00396,
  "INITUSDT": 0.10039,
  "JELLYJELLYUSDT": 0.07038,
  "RAVEUSDT": 0.44133,
  "PYTHUSDT": 0.0527,
  "METUSDT": 0.2146,
  "B2USDT": 0.7018,
  "MSTRUSDT": 125.01,
  "HUMAUSDT": 0.01344,
  "MORPHOUSDT": 1.3915,
  "AVNTUSDT": 0.1816,
  "CYBERUSDT": 0.5861,
  "ALLOUSDT": 0.1002,
  "BUSDT": 0.1357,
  "BEAMXUSDT": 0.002252,
  "COMPUSDT": 17.96,
  "NAORISUSDT": 0.04232,
  "SYRUPUSDT": 0.23214,
  "MOVEUSDT": 0.0231,
  "EIGENUSDT": 0.1941,
  "MEUSDT": 0.1259,
  "XTZUSDT": 0.381,
  "BULLAUSDT": 0.02637,
  "ZKPUSDT": 0.09139,
  "1000LUNCUSDT": 0.03437,
  "LAUSDT": 0.1992,
  "TSLAUSDT": 407.74,
  "GUAUSDT": 0.14878,
  "ENSUSDT": 6.49,
  "COLLECTUSDT": 0.06212,
  "AEROUSDT": 0.3152,
  "VETUSDT": 0.007764,
  "AUCTIONUSDT": 4.904,
  "FORMUSDT": 0.2128,
  "FOGOUSDT": 0.02493,
  "BIOUSDT": 0.02292,
  "ESPORTSUSDT": 0.34917,
  "NEOUSDT": 2.679,
  "DYDXUSDT": 0.099,
  "LINEAUSDT": 0.003391,
  "NXPCUSDT": 0.2614,
  "ORDIUSDT": 2.619,
  "PNUTUSDT": 0.04766,
  "SUSDT": 0.04306,
  "BEATUSDT": 0.2455,
  "OGUSDT": 3.345,
  "PLUMEUSDT": 0.01009,
  "1000FLOKIUSDT": 0.0302,
  "SOMIUSDT": 0.1974,
  "STXUSDT": 0.2475,
  "RESOLVUSDT": 0.0603,
  "RPLUSDT": 2.328,
  "FHEUSDT": 0.03998,
  "STGUSDT": 0.1258,
  "CLOUSDT": 0.08636,
  "LRCUSDT": 0.03206,
  "MERLUSDT": 0.05401,
  "EDUUSDT": 0.1289,
  "LIGHTUSDT": 0.2568,
  "BANKUSDT": 0.04236,
  "LPTUSDT": 2.305,
  "BIRBUSDT": 0.17007,
  "SPXUSDT": 0.3294,
  "VANAUSDT": 1.392,
  "TRBUSDT": 14.9,
  "AZTECUSDT": 0.01963,
  "ATHUSDT": 0.005584,
  "TRIAUSDT": 0.01572,
  "WUSDT": 0.01936,
  "MOODENGUSDT": 0.05626,
  "IRUSDT": 0.09507,
  "MANAUSDT": 0.0962,
  "2ZUSDT": 0.07118,
  "GWEIUSDT": 0.026738,
  "NMRUSDT": 8.192,
  "WCTUSDT": 0.05906,
  "ZORAUSDT": 0.02088,
  "LUNA2USDT": 0.06357,
  "SNXUSDT": 0.307,
  "JASMYUSDT": 0.005691,
  "ARUSDT": 1.903,
  "COAIUSDT": 0.3289,
  "MMTUSDT": 0.1267,
  "EULUSDT": 0.925,
  "CFXUSDT": 0.05127,
  "AIAUSDT": 0.10378,
  "API3USDT": 0.297,
  "TAGUSDT": 0.0003807,
  "FLOWUSDT": 0.03579,
  "UAIUSDT": 0.2287,
  "TAUSDT": 0.03594,
  "4USDT": 0.00896,
  "SPKUSDT": 0.02065,
  "GRTUSDT": 0.02665,
  "1INCHUSDT": 0.0924,
  "IMXUSDT": 0.159,
  "SFPUSDT": 0.2651,
  "YFIUSDT": 2805.0,
  "PTBUSDT": 0.001386,
  "JSTUSDT": 0.041674,
  "QNTUSDT": 66.39,
  "ZRXUSDT": 0.1044,
  "IOTAUSDT": 0.0673,
  "THETAUSDT": 0.1942,
  "XNYUSDT": 0.004968,
  "USELESSUSDT": 0.03963,
  "NEIROUSDT": 7.29e-05,
  "KAIAUSDT": 0.05535,
  "ARKMUSDT": 0.1103,
  "MUBARAKUSDT": 0.01703,
  "MEGAUSDT": 0.1303,
  "EGLDUSDT": 4.424,
  "AXLUSDT": 0.05572,
  "AGTUSDT": 0.00438,
  "BOMEUSDT": 0.0004131,
  "BREVUSDT": 0.1265,
  "NILUSDT": 0.05446,
  "RUNEUSDT": 0.3957,
  "ANIMEUSDT": 0.005033,
  "FOLKSUSDT": 1.346,
  "KGENUSDT": 0.17519,
  "MAGICUSDT": 0.06886,
  "GASUSDT": 1.576,
  "TWTUSDT": 0.5235,
  "FIGHTUSDT": 0.00642,
  "BLUAIUSDT": 0.005221,
  "COWUSDT": 0.1884,
  "PEOPLEUSDT": 0.00673,
  "SKRUSDT": 0.018437,
  "NOMUSDT": 0.005082,
  "MANTAUSDT": 0.07189,
  "SAHARAUSDT": 0.01504,
  "ZKCUSDT": 0.0886,
  "TSTUSDT": 0.01039,
  "TUTUSDT": 0.0111,
  "TNSRUSDT": 0.04993,
  "TAKEUSDT": 0.02391,
  "PROVEUSDT": 0.3088,
  "KASUSDT": 0.03021,
  "FUSDT": 0.005928,
  "IOUSDT": 0.1095,
  "AVAAIUSDT": 0.00761,
  "ACTUSDT": 0.01474,
  "AUSDT": 0.0805,
  "BSVUSDT": 16.1,
  "SANTOSUSDT": 1.947,
  "SIGNUSDT": 0.02571,
  "TURBOUSDT": 0.0010346,
  "MINAUSDT": 0.06247,
  "SWARMSUSDT": 0.00727,
  "XPTUSDT": 2075.3,
  "GRASSUSDT": 0.1849,
  "BATUSDT": 0.1209,
  "SOPHUSDT": 0.009201,
  "GMTUSDT": 0.01191,
  "OPENUSDT": 0.1516,
  "SUPERUSDT": 0.1245,
  "RAYSOLUSDT": 0.6231,
  "PROMUSDT": 1.374,
  "YBUSDT": 0.1608,
  "BABYUSDT": 0.01347,
  "BASUSDT": 0.006756,
  "AIOUSDT": 0.07521,
  "CVXUSDT": 1.968,
  "SONICUSDT": 0.0509,
  "CATIUSDT": 0.03958,
  "ZBTUSDT": 0.06948,
  "POPCATUSDT": 0.04984,
  "C98USDT": 0.0275,
  "ONTUSDT": 0.0446,
  "IDOLUSDT": 0.02085,
  "XVGUSDT": 0.005968,
  "SUSHIUSDT": 0.201,
  "ACHUSDT": 0.007371,
  "ICNTUSDT": 0.3854,
  "LAYERUSDT": 0.0829,
  "TRUTHUSDT": 0.01031,
  "RECALLUSDT": 0.05512,
  "BLURUSDT": 0.02007,
  "SUNUSDT": 0.017089,
  "MASKUSDT": 0.4446,
  "VELVETUSDT": 0.07407,
  "AKEUSDT": 0.0002522,
  "SOLVUSDT": 0.00446,
  "MEMEUSDT": 0.0006718,
  "ALTUSDT": 0.00801,
  "CELOUSDT": 0.076,
  "YGGUSDT": 0.03878,
  "IRYSUSDT": 0.02448,
  "VELODROMEUSDT": 0.01392,
  "GLMUSDT": 0.17446,
  "FRAXUSDT": 0.6557,
  "RAREUSDT": 0.01922,
  "SOONUSDT": 0.1646,
  "ASRUSDT": 1.414,
  "CTSIUSDT": 0.025,
  "UMAUSDT": 0.4743,
  "STOUSDT": 0.05297,
  "LSKUSDT": 0.1481,
  "DEXEUSDT": 2.239,
  "THEUSDT": 0.2624,
  "ZEREBROUSDT": 0.00767,
  "KMNOUSDT": 0.02707,
  "ERAUSDT": 0.1539,
  "AIXBTUSDT": 0.01988,
  "STORJUSDT": 0.0965,
  "EDENUSDT": 0.03258,
  "DEGOUSDT": 0.3438,
  "ARIAUSDT": 0.07567,
  "MELANIAUSDT": 0.1139,
  "RSRUSDT": 0.001468,
  "DRIFTUSDT": 0.0838,
  "ANKRUSDT": 0.004365,
  "STBLUSDT": 0.03836,
  "QTUMUSDT": 0.928,
  "IDUSDT": 0.04828,
  "WALUSDT": 0.0787,
  "KERNELUSDT": 0.06314,
  "KSMUSDT": 4.596,
  "ACEUSDT": 0.1628,
  "GMXUSDT": 6.366,
  "AINUSDT": 0.03371,
  "SKLUSDT": 0.00664,
  "POLYXUSDT": 0.04324,
  "SAGAUSDT": 0.03216,
  "INUSDT": 0.05932,
  "SSVUSDT": 3.127,
  "ONUSDT": 0.09293,