{
  "HOODUSDT": 74.94,
  "MAGMAUSDT": 0.09577,
  "SIGNUSDT": 0.02697,
  "POWERUSDT": 1.80497,
  "XAUUSDT": 5384.21,
  "DOODUSDT": 0.003029,
  "JELLYJELLYUSDT": 0.06673,
  "DENTUSDT": 0.000258,
  "SUI/USDCUSDT": 0.8281,
  "SIRENUSDT": 0.29974,
  "GRIFFAINUSDT": 0.0079,
  "TAKEUSDT": 0.01753,
  "AMZNUSDT": 208.78,
  "XPDUSDT": 1808.56,
  "DOLOUSDT": 0.0351,
  "TRXUSDT": 0.2785,
  "EULUSDT": 1.048,
  "BASUSDT": 0.005817,
  "NAORISUSDT": 0.0316,
  "INXUSDT": 0.011886
}