{
  "BTCUSDT": 65021.0,
  "ETHUSDT": 1903.46,
  "SOLUSDT": 80.91,
  "XRPUSDT": 1.3246,
  "BNBUSDT": 603.42,
  "XAUUSDT": 5309.7,
  "DOGEUSDT": 0.09082,
  "XAGUSDT": 94.61,
  "PAXGUSDT": 5432.99,
  "BCHUSDT": 444.47,
  "HYPEUSDT": 28.383,
  "WLFIUSDT": 0.1079,
  "TRXUSDT": 0.27999,
  "ZECUSDT": 208.93,
  "UNIUSDT": 3.68,
  "ADAUSDT": 0.2683,
  "ASTERUSDT": 0.6972,
  "SUIUSDT": 0.8569,
  "LINKUSDT": 8.474,
  "AVAXUSDT": 8.651,
  "LTCUSDT": 52.6,
  "1000PEPEUSDT": 0.0035391,
  "PUMPUSDT": 0.001763,
  "ENAUSDT": 0.0986,
  "PIPPINUSDT": 0.58996,
  "NEARUSDT": 1.071,
  "DOTUSDT": 1.511,
  "AAVEUSDT": 107.81,
  "WLDUSDT": 0.3788,
  "KITEUSDT": 0.26151,
  "FILUSDT": 0.945,
  "POWERUSDT": 1.94872,
  "TRUMPUSDT": 3.276,
  "LITUSDT": 1.331,
  "XPLUSDT": 0.0913,
  "TAOUSDT": 171.31,
  "1000SHIBUSDT": 0.005552,
  "ZROUSDT": 1.603,
  "APTUSDT": 0.8874,
  "TONUSDT": 1.2417,
  "RIVERUSDT": 13.031,
  "ATOMUSDT": 1.784,
  "HBARUSDT": 0.09629,
  "BERAUSDT": 0.6008,
  "ICPUSDT": 2.323,
  "XLMUSDT": 0.1514,
  "XMRUSDT": 329.93,
  "ARBUSDT": 0.0922,
  "WIFUSDT": 0.1833,
  "HUSDT": 0.11611,
  "MONUSDT": 0.02028,
  "AXSUSDT": 1.262,
  "CRVUSDT": 0.233,
  "FFUSDT": 0.07882,
  "FETUSDT": 0.1479,
  "OPUSDT": 0.1126,
  "VIRTUALUSDT": 0.6548,
  "ETCUSDT": 8.249,
  "BARDUSDT": 1.0021,
  "CCUSDT": 0.16624,
  "PENGUUSDT": 0.006491,
  "PARTIUSDT": 0.0958,
  "POLUSDT": 0.10399,
  "\u5e01\u5b89\u4eba\u751fUSDT": 0.06912,
  "BTCDOMUSDT": 5122.8,
  "FARTCOINUSDT": 0.157,
  "SKYAIUSDT": 0.05896,
  "1000BONKUSDT": 0.005606,
  "CHZUSDT": 0.03268,
  "IPUSDT": 0.887,
  "BANUSDT": 0.1096,
  "ETHFIUSDT": 0.478,
  "ARCUSDT": 0.02641,
  "INJUSDT": 2.94,
  "ONDOUSDT": 0.2467,
  "TIAUSDT": 0.3029,
  "DASHUSDT": 31.77,
  "ENSOUSDT": 1.346,
  "0GUSDT": 0.6158,
  "VVVUSDT": 5.178,
  "SENTUSDT": 0.02119,
  "ESPUSDT": 0.11485,
  "SEIUSDT": 0.06362,
  "STABLEUSDT": 0.030951,
  "GWEIUSDT": 0.044295,
  "KAITOUSDT": 0.3424,
  "JUPUSDT": 0.1484,
  "SAHARAUSDT": 0.01934,
  "ALCHUSDT": 0.08028,
  "ZKUSDT": 0.01813,
  "BULLAUSDT": 0.02253,
  "ZAMAUSDT": 0.02191,
  "QUSDT": 0.024493,
  "PENDLEUSDT": 1.2182,
  "SIRENUSDT": 0.29702,
  "BUSDT": 0.1792,
  "MORPHOUSDT": 1.747,
  "LDOUSDT": 0.2884,
  "ATUSDT": 0.16031,
  "RENDERUSDT": 1.322,
  "BANANAS31USDT": 0.004651,
  "GUAUSDT": 0.21567,
  "HOMEUSDT": 0.029096,
  "SIGNUSDT": 0.02635,
  "NIGHTUSDT": 0.05547,
  "ZENUSDT": 5.066,
  "PIEVERSEUSDT": 0.4876,
  "MYXUSDT": 0.397,
  "CAKEUSDT": 1.2724,
  "MUSDT": 1.4651,
  "1000RATSUSDT": 0.03764,
  "BIOUSDT": 0.02064,
  "ALGOUSDT": 0.084,
  "GPSUSDT": 0.009449,
  "USDCUSDT": 0.999429,
  "STRKUSDT": 0.03911,
  "BTRUSDT": 0.17998,
  "SANDUSDT": 0.07951,
  "GALAUSDT": 0.00342,
  "HANAUSDT": 0.03457,
  "ALLOUSDT": 0.10685,
  "LYNUSDT": 0.26586,
  "SKYUSDT": 0.06657,
  "1000LUNCUSDT": 0.04024,
  "JTOUSDT": 0.2588,
  "GIGGLEUSDT": 24.47,
  "DUSKUSDT": 0.08108,
  "APEUSDT": 0.0958,
  "MSTRUSDT": 128.87,
  "GUNUSDT": 0.02635,
  "CRCLUSDT": 83.11,
  "UBUSDT": 0.03577,
  "ATHUSDT": 0.005559,
  "TSLAUSDT": 400.78,
  "JELLYJELLYUSDT": 0.0668,
  "AZTECUSDT": 0.02041,
  "B2USDT": 0.731,
  "XPINUSDT": 0.001431,
  "TRADOORUSDT": 1.302,
  "AEROUSDT": 0.3315,
  "OPNUSDT": 0.461,
  "ZILUSDT": 0.00403,
  "SYRUPUSDT": 0.21342,
  "PYTHUSDT": 0.04652,
  "METUSDT": 0.1753,
  "ROSEUSDT": 0.01116,
  "EIGENUSDT": 0.1731,
  "HUMAUSDT": 0.011249,
  "BEAMXUSDT": 0.001838,
  "VETUSDT": 0.006943,
  "STGUSDT": 0.1407,
  "LAUSDT": 0.2173,
  "NEOUSDT": 2.548,
  "AVNTUSDT": 0.1696,
  "FOGOUSDT": 0.02553,
  "\u6211\u8e0f\u9a6c\u6765\u4e86USDT": 0.011388,
  "DYDXUSDT": 0.088,
  "DENTUSDT": 0.000259,
  "NXPCUSDT": 0.2682,
  "MOVEUSDT": 0.02091,
  "COLLECTUSDT": 0.04209,
  "ORDIUSDT": 2.287,
  "XTZUSDT": 0.363,
  "RAVEUSDT": 0.34123,
  "ESPORTSUSDT": 0.30278,
  "LAYERUSDT": 0.0957,
  "ZKPUSDT": 0.08075,
  "ROBOUSDT": 0.03852,
  "EULUSDT": 1.1,
  "SUSDT": 0.03801,
  "ORCAUSDT": 0.873,
  "AUCTIONUSDT": 4.655,
  "FORMUSDT": 0.1824,
  "COMPUSDT": 17.42,
  "LINEAUSDT": 0.002973,
  "BEATUSDT": 0.2247,
  "PNUTUSDT": 0.04165,
  "STXUSDT": 0.2507,
  "CYBERUSDT": 0.5075,
  "LPTUSDT": 2.216,
  "SKRUSDT": 0.020043,
  "1000FLOKIUSDT": 0.02685,
  "WUSDT": 0.01793,
  "ENSUSDT": 5.846,
  "WETUSDT": 0.0996,
  "BIRBUSDT": 0.16423,
  "SNXUSDT": 0.307,
  "SOMIUSDT": 0.2042,
  "MEUSDT": 0.112,
  "TRBUSDT": 13.386,
  "ARUSDT": 1.508,
  "JASMYUSDT": 0.005368,
  "AWEUSDT": 0.05144,
  "BANKUSDT": 0.0371,
  "JSTUSDT": 0.04766,
  "PLUMEUSDT": 0.00881,
  "TRIAUSDT": 0.01851,
  "COAIUSDT": 0.3356,
  "RESOLVUSDT": 0.0587,
  "AGTUSDT": 0.005538,
  "DEXEUSDT": 3.407,
  "AGLDUSDT": 0.2248,
  "AXLUSDT": 0.0525,
  "USELESSUSDT": 0.03906,
  "FLOWUSDT": 0.03745,
  "SPXUSDT": 0.2922,
  "TAUSDT": 0.03785,
  "IMXUSDT": 0.1554,
  "2ZUSDT": 0.07305,
  "MANAUSDT": 0.0912,
  "IOTAUSDT": 0.0649,
  "CFXUSDT": 0.04633,
  "CYSUSDT": 0.3115,
  "YGGUSDT": 0.0363,
  "MERLUSDT": 0.03994,
  "WCTUSDT": 0.05782,
  "GRTUSDT": 0.02499,
  "INITUSDT": 0.07906,
  "API3USDT": 0.2756,
  "CLOUSDT": 0.07051,
  "EDUUSDT": 0.102,
  "ALICEUSDT": 0.124,
  "OGUSDT": 2.861,
  "NMRUSDT": 7.252,
  "QNTUSDT": 61.85,
  "FOLKSUSDT": 1.379,
  "TAGUSDT": 0.0003466,
  "SOPHUSDT": 0.009171,
  "MMTUSDT": 0.1131,
  "VANAUSDT": 1.397,
  "MOODENGUSDT": 0.04756,
  "SFPUSDT": 0.2507,
  "ZRXUSDT": 0.1013,
  "NAORISUSDT": 0.03117,
  "1INCHUSDT": 0.0884,
  "GRASSUSDT": 0.1987,
  "SPKUSDT": 0.01866,
  "PTBUSDT": 0.001125,
  "LIGHTUSDT": 0.1835,
  "XPTUSDT": 2381.36,
  "ZORAUSDT": 0.0181,
  "THETAUSDT": 0.1788,
  "4USDT": 0.00746,
  "NEIROUSDT": 6.206e-05,
  "ANIMEUSDT": 0.004795,
  "RUNEUSDT": 0.3839,
  "KAIAUSDT": 0.0535,
  "BATUSDT": 0.1039,
  "AIXBTUSDT": 0.02044,
  "ARKMUSDT": 0.1008,
  "IOUSDT": 0.1036,
  "YFIUSDT": 2581.0,
  "SPACEUSDT": 0.007985,
  "KGENUSDT": 0.18391,
  "EGLDUSDT": 4.239,
  "VELVETUSDT": 0.0856,
  "KASUSDT": 0.02919,
  "STEEMUSDT": 0.05453,
  "LRCUSDT": 0.03026,
  "PEOPLEUSDT": 0.00608,
  "LUNA2USDT": 0.06297,
  "BREVUSDT": 0.1284,
  "BLUAIUSDT": 0.004868,
  "FHEUSDT": 0.02836,
  "COWUSDT": 0.2059,
  "UAIUSDT": 0.1711,
  "AKEUSDT": 0.0002354,
  "KERNELUSDT": 0.07593,
  "TWTUSDT": 0.4791,
  "MEGAUSDT": 0.13034,
  "MIRAUSDT": 0.0851,
  "OPENUSDT": 0.1426,
  "PROVEUSDT": 0.2792,
  "NOMUSDT": 0.003538,
  "AUSDT": 0.0766,
  "POPCATUSDT": 0.04572,
  "AIAUSDT": 0.0812,
  "GMTUSDT": 0.01091,
  "STOUSDT": 0.06088,
  "BOMEUSDT": 0.0003556,
  "BSVUSDT": 15.31,
  "TRUTHUSDT": 0.010305,
  "AVAAIUSDT": 0.007181,
  "SWARMSUSDT": 0.007097,
  "SUSHIUSDT": 0.1917,
  "TSTUSDT": 0.00907,
  "ACTUSDT": 0.01291,
  "RPLUSDT": 1.788,
  "VELODROMEUSDT": 0.01528,
  "TURBOUSDT": 0.0009171,
  "MANTAUSDT": 0.0595,
  "SOONUSDT": 0.1614,
  "KSMUSDT": 4.573,
  "SUNUSDT": 0.015535,
  "CATIUSDT": 0.03661,
  "XVGUSDT": 0.005402,
  "FIGHTUSDT": 0.006281,
  "BABYUSDT": 0.0114,
  "MAGICUSDT": 0.06002,
  "SUPERUSDT": 0.1097,
  "TUTUSDT": 0.00937,
  "FUSDT": 0.005574,
  "MINAUSDT": 0.05471,
  "YBUSDT": 0.1611,
  "MEMEUSDT": 0.0005681,
  "AINUSDT": 0.04194,
  "XNYUSDT": 0.005494,
  "GASUSDT": 1.538,
  "TNSRUSDT": 0.04355,
  "ZBTUSDT": 0.07316,
  "AIOUSDT": 0.07133,
  "FIOUSDT": 0.00964,
  "HOLOUSDT": 0.05821,
  "STBLUSDT": 0.04035,
  "TAKEUSDT": 0.01947,
  "C98USDT": 0.0263,
  "IOTXUSDT": 0.00472,
  "ALTUSDT": 0.006971,
  "BLURUSDT": 0.01905,
  "IDOLUSDT": 0.01993,
  "REDUSDT": 0.1463,
  "NILUSDT": 0.0455,
  "MUBARAKUSDT": 0.01296,
  "NEWTUSDT": 0.06801,
  "ACHUSDT": 0.006565,
  "SAPIENUSDT": 0.08431,
  "MASKUSDT": 0.4033,
  "UMAUSDT": 0.4127,
  "ASRUSDT": 1.279,
  "RAYSOLUSDT": 0.574,
  "WALUSDT": 0.07457,
  "HOTUSDT": 0.000388,
  "GLMUSDT": 0.12956,
  "ONTUSDT": 0.0412,
  "INUSDT": 0.0664,
  "RAREUSDT": 0.01513,
  "KOMAUSDT": 0.007621,
  "CTSIUSDT": 0.0236,
  "ANKRUSDT": 0.00412,
  "EDENUSDT": 0.03201,
  "ERAUSDT": 0.141,
  "ICNTUSDT": 0.3819,
  "ZKCUSDT": 0.0822,
  "KMNOUSDT": 0.0203,
  "SKLUSDT": 0.00623,
  "CELOUSDT": 0.073,
  "SOLVUSDT": 0.003881,
  "DRIFTUSDT": 0.0827,
  "SONICUSDT": 0.04363,
  "RSRUSDT": 0.001393,
  "MELANIAUSDT": 0.1053,
  "DAMUSDT": 0.02174,
  "QTUMUSDT": 0.87,
  "POLYXUSDT": 0.04108,
  "ARIAUSDT": 0.06947,
  "DEGOUSDT": 0.2902,