{
  "BTCUSDT": 67140.1,
  "ETHUSDT": 1980.29,
  "SOLUSDT": 82.35,
  "XRPUSDT": 1.4301,
  "BNBUSDT": 610.5,
  "BCHUSDT": 561.05,
  "DOGEUSDT": 0.09822,
  "HYPEUSDT": 29.159,
  "XAGUSDT": 78.84,
  "WLFIUSDT": 0.1161,
  "PAXGUSDT": 5013.19,
  "ZECUSDT": 262.56,
  "XAUUSDT": 5011.31,
  "TRXUSDT": 0.27995,
  "SUIUSDT": 0.932,
  "ASTERUSDT": 0.6993,
  "LINKUSDT": 8.69,
  "ADAUSDT": 0.2761,
  "1000PEPEUSDT": 0.0042178,
  "LTCUSDT": 53.32,
  "AVAXUSDT": 8.896,
  "UNIUSDT": 3.429,
  "PUMPUSDT": 0.002051,
  "ENAUSDT": 0.1142,
  "KITEUSDT": 0.23167,
  "NEARUSDT": 1.019,
  "PIPPINUSDT": 0.4784,
  "AAVEUSDT": 123.58,
  "LITUSDT": 1.51,
  "WLDUSDT": 0.3809,
  "TRUMPUSDT": 3.435,
  "TAOUSDT": 186.55,
  "FILUSDT": 0.935,
  "ARCUSDT": 0.07725,
  "XPLUSDT": 0.0914,
  "DOTUSDT": 1.308,
  "ATOMUSDT": 2.346,
  "TONUSDT": 1.4249,
  "APTUSDT": 0.885,
  "ZROUSDT": 1.4744,
  "1000SHIBUSDT": 0.00629,
  "HBARUSDT": 0.09896,
  "BERAUSDT": 0.5875,
  "XLMUSDT": 0.16172,
  "RIVERUSDT": 8.522,
  "ARBUSDT": 0.106,
  "AXSUSDT": 1.235,
  "HUSDT": 0.16181,
  "ICPUSDT": 2.236,
  "XMRUSDT": 326.37,
  "MONUSDT": 0.02051,
  "WIFUSDT": 0.2223,
  "FETUSDT": 0.1659,
  "OPUSDT": 0.1456,
  "CRVUSDT": 0.247,
  "FFUSDT": 0.07947,
  "PENGUUSDT": 0.006778,
  "FARTCOINUSDT": 0.1874,
  "BARDUSDT": 0.7601,
  "IPUSDT": 1.105,
  "ETCUSDT": 8.437,
  "\u5e01\u5b89\u4eba\u751fUSDT": 0.09527,
  "1000BONKUSDT": 0.006239,
  "CHZUSDT": 0.03935,
  "PARTIUSDT": 0.10287,
  "DASHUSDT": 36.23,
  "BANUSDT": 0.11899,
  "POLUSDT": 0.10738,
  "INJUSDT": 3.226,
  "BTCDOMUSDT": 5067.7,
  "SENTUSDT": 0.02189,
  "POWERUSDT": 0.35114,
  "ORCAUSDT": 1.329,
  "ONDOUSDT": 0.2671,
  "TIAUSDT": 0.3258,
  "VIRTUALUSDT": 0.6263,
  "ETHFIUSDT": 0.4706,
  "SEIUSDT": 0.0724,
  "ZAMAUSDT": 0.02128,
  "ZKUSDT": 0.02045,
  "ESPUSDT": 0.07637,
  "0GUSDT": 0.6167,
  "AWEUSDT": 0.09999,
  "JUPUSDT": 0.1538,
  "ALCHUSDT": 0.08457,
  "STABLEUSDT": 0.027829,
  "RENDERUSDT": 1.484,
  "VVVUSDT": 3.681,
  "CCUSDT": 0.16162,
  "ENSOUSDT": 1.2493,
  "LYNUSDT": 0.27069,
  "LDOUSDT": 0.3294,
  "1000RATSUSDT": 0.04951,
  "SIRENUSDT": 0.21433,
  "JTOUSDT": 0.2891,
  "PENDLEUSDT": 1.1955,
  "KAITOUSDT": 0.3047,
  "BTRUSDT": 0.1811,
  "MYXUSDT": 1.033,
  "NIGHTUSDT": 0.05793,
  "QUSDT": 0.020566,
  "UBUSDT": 0.04012,
  "ATUSDT": 0.16014,
  "CYSUSDT": 0.472,
  "ZENUSDT": 5.907,
  "DUSKUSDT": 0.08579,
  "SANDUSDT": 0.08299,
  "HANAUSDT": 0.03634,
  "HOMEUSDT": 0.026922,
  "BANANAS31USDT": 0.004444,
  "OMUSDT": 0.0601,
  "STRKUSDT": 0.04619,
  "GPSUSDT": 0.013242,
  "GUNUSDT": 0.02807,
  "SKYAIUSDT": 0.03731,
  "SPACEUSDT": 0.011358,
  "TRADOORUSDT": 1.421,
  "SKYUSDT": 0.06539,
  "GIGGLEUSDT": 29.98,
  "CAKEUSDT": 1.2927,
  "MUSDT": 1.3928,
  "\u6211\u8e0f\u9a6c\u6765\u4e86USDT": 0.016593,
  "PIEVERSEUSDT": 0.4092,
  "ALGOUSDT": 0.0912,
  "ROSEUSDT": 0.01318,
  "XPINUSDT": 0.002021,
  "USDCUSDT": 0.999852,
  "GALAUSDT": 0.00388,
  "INITUSDT": 0.10117,
  "JELLYJELLYUSDT": 0.07127,
  "ZILUSDT": 0.00398,
  "MORPHOUSDT": 1.4344,
  "PYTHUSDT": 0.05318,
  "MSTRUSDT": 126.87,
  "METUSDT": 0.2141,
  "B2USDT": 0.7016,
  "APEUSDT": 0.1076,
  "CYBERUSDT": 0.5916,
  "HUMAUSDT": 0.013255,
  "AVNTUSDT": 0.1879,
  "BUSDT": 0.1378,
  "COMPUSDT": 18.03,
  "BEAMXUSDT": 0.00229,
  "MOVEUSDT": 0.02345,
  "EIGENUSDT": 0.1976,
  "ALLOUSDT": 0.0985,
  "SYRUPUSDT": 0.23394,
  "RAVEUSDT": 0.41846,
  "ZKPUSDT": 0.09291,
  "COLLECTUSDT": 0.06729,
  "1000LUNCUSDT": 0.03472,
  "MEUSDT": 0.1266,
  "XTZUSDT": 0.386,
  "BULLAUSDT": 0.02669,
  "LAUSDT": 0.199,
  "ENSUSDT": 6.589,
  "NAORISUSDT": 0.03789,
  "TSLAUSDT": 412.22,
  "FOGOUSDT": 0.02536,
  "FORMUSDT": 0.2167,
  "DYDXUSDT": 0.102,
  "VETUSDT": 0.007887,
  "GUAUSDT": 0.14773,
  "ESPORTSUSDT": 0.36421,
  "BIOUSDT": 0.02343,
  "AUCTIONUSDT": 4.908,
  "NEOUSDT": 2.71,
  "AEROUSDT": 0.3065,
  "ORDIUSDT": 2.658,
  "LINEAUSDT": 0.003437,
  "NXPCUSDT": 0.2628,
  "SUSDT": 0.04405,
  "PNUTUSDT": 0.04819,
  "OGUSDT": 3.374,
  "PLUMEUSDT": 0.01033,
  "BEATUSDT": 0.2381,
  "1000FLOKIUSDT": 0.03054,
  "CLOUSDT": 0.08683,
  "BIRBUSDT": 0.17858,
  "RPLUSDT": 2.357,
  "STXUSDT": 0.2525,
  "RESOLVUSDT": 0.0602,
  "LRCUSDT": 0.0326,
  "MERLUSDT": 0.05598,
  "STGUSDT": 0.1277,
  "SOMIUSDT": 0.1958,
  "SPXUSDT": 0.3307,
  "FHEUSDT": 0.03939,
  "LPTUSDT": 2.329,
  "EDUUSDT": 0.1274,
  "BANKUSDT": 0.04194,
  "VANAUSDT": 1.427,
  "MOODENGUSDT": 0.05778,
  "ATHUSDT": 0.005716,
  "TRBUSDT": 15.051,
  "WUSDT": 0.01977,
  "LUNA2USDT": 0.066,
  "SNXUSDT": 0.313,
  "2ZUSDT": 0.07277,
  "WCTUSDT": 0.05972,
  "MANAUSDT": 0.0978,
  "GWEIUSDT": 0.027065,
  "TRIAUSDT": 0.0148,
  "LIGHTUSDT": 0.2591,
  "ZORAUSDT": 0.02114,
  "NMRUSDT": 8.223,
  "JASMYUSDT": 0.005806,
  "CFXUSDT": 0.05227,
  "ARUSDT": 1.953,
  "AIAUSDT": 0.10586,
  "MMTUSDT": 0.1277,
  "COAIUSDT": 0.3273,
  "API3USDT": 0.3008,
  "EULUSDT": 0.921,
  "AZTECUSDT": 0.01859,
  "TAGUSDT": 0.0003882,
  "FLOWUSDT": 0.03632,
  "UAIUSDT": 0.2303,
  "TAUSDT": 0.03587,
  "SPKUSDT": 0.02083,
  "4USDT": 0.00913,
  "IMXUSDT": 0.1614,
  "GRTUSDT": 0.02689,
  "1INCHUSDT": 0.0927,
  "SFPUSDT": 0.2669,
  "JSTUSDT": 0.041859,
  "YFIUSDT": 2816.0,
  "PTBUSDT": 0.00138,
  "IOTAUSDT": 0.0678,
  "ZRXUSDT": 0.1057,
  "QNTUSDT": 67.37,
  "KAIAUSDT": 0.05669,
  "THETAUSDT": 0.1956,
  "NEIROUSDT": 7.32e-05,
  "MUBARAKUSDT": 0.01735,
  "AGTUSDT": 0.004557,
  "ARKMUSDT": 0.1125,
  "USELESSUSDT": 0.04031,
  "PROMUSDT": 1.484,
  "EGLDUSDT": 4.51,
  "AXLUSDT": 0.05693,
  "MEGAUSDT": 0.1302,
  "BOMEUSDT": 0.0004137,
  "BREVUSDT": 0.1287,
  "RUNEUSDT": 0.4009,
  "XNYUSDT": 0.004586,
  "FOLKSUSDT": 1.353,
  "TWTUSDT": 0.5294,
  "ANIMEUSDT": 0.005115,
  "BLUAIUSDT": 0.005378,
  "MAGICUSDT": 0.06912,
  "SKRUSDT": 0.018918,
  "GASUSDT": 1.59,
  "MANTAUSDT": 0.07289,
  "PEOPLEUSDT": 0.00677,
  "COWUSDT": 0.1892,
  "TNSRUSDT": 0.05106,
  "SAHARAUSDT": 0.01529,
  "TSTUSDT": 0.01053,
  "FIGHTUSDT": 0.006335,
  "NOMUSDT": 0.005123,
  "KGENUSDT": 0.17215,
  "KASUSDT": 0.03097,
  "ZKCUSDT": 0.0908,
  "SIGNUSDT": 0.02659,
  "IOUSDT": 0.11,
  "AUSDT": 0.0819,
  "TUTUSDT": 0.01112,
  "PROVEUSDT": 0.3112,
  "NILUSDT": 0.05476,
  "AVAAIUSDT": 0.00774,
  "BSVUSDT": 16.38,
  "TAKEUSDT": 0.02367,
  "GRASSUSDT": 0.1885,
  "MINAUSDT": 0.06382,
  "IRUSDT": 0.08964,
  "OPENUSDT": 0.1584,
  "SWARMSUSDT": 0.00731,
  "TURBOUSDT": 0.00105,
  "RAYSOLUSDT": 0.6396,
  "ACTUSDT": 0.01465,
  "SOPHUSDT": 0.009159,
  "SANTOSUSDT": 1.919,
  "BATUSDT": 0.1228,
  "XPTUSDT": 2101.05,
  "GMTUSDT": 0.01207,
  "FUSDT": 0.005945,
  "SUPERUSDT": 0.1264,
  "CVXUSDT": 2.028,
  "SONICUSDT": 0.05051,
  "YBUSDT": 0.1633,
  "POPCATUSDT": 0.05078,
  "ZBTUSDT": 0.07123,
  "BABYUSDT": 0.01347,
  "C98USDT": 0.0278,
  "CATIUSDT": 0.03962,
  "AIOUSDT": 0.07325,
  "XVGUSDT": 0.005982,
  "ONTUSDT": 0.0449,
  "SUSHIUSDT": 0.2044,
  "ACHUSDT": 0.007489,
  "IDOLUSDT": 0.02047,
  "LAYERUSDT": 0.0837,
  "TRUTHUSDT": 0.01017,
  "SUNUSDT": 0.017327,
  "BLURUSDT": 0.02039,
  "SOLVUSDT": 0.00464,
  "MASKUSDT": 0.4486,
  "ICNTUSDT": 0.3717,
  "ALTUSDT": 0.00813,
  "AKEUSDT": 0.0002547,
  "YGGUSDT": 0.03934,
  "CELOUSDT": 0.078,
  "IRYSUSDT": 0.0249,
  "MEMEUSDT": 0.0006799,
  "GLMUSDT": 0.17646,
  "FRAXUSDT": 0.6505,
  "RAREUSDT": 0.01937,
  "SOONUSDT": 0.1673,
  "ASRUSDT": 1.412,
  "RECALLUSDT": 0.05638,
  "VELVETUSDT": 0.07052,
  "VELODROMEUSDT": 0.01383,
  "UMAUSDT": 0.4855,
  "CTSIUSDT": 0.0252,
  "STOUSDT": 0.05312,
  "DEXEUSDT": 2.274,
  "KMNOUSDT": 0.02756,
  "ZEREBROUSDT": 0.00772,
  "THEUSDT": 0.2642,
  "DRIFTUSDT": 0.0873,
  "LSKUSDT": 0.147,
  "DEGOUSDT": 0.352,
  "STORJUSDT": 0.0986,
  "EDENUSDT": 0.03321,
  "ERAUSDT": 0.1545,
  "BASUSDT": 0.005703,
  "MELANIAUSDT": 0.1162,
  "RSRUSDT": 0.001468,
  "AIXBTUSDT": 0.02025,
  "QTUMUSDT": 0.942,
  "ACEUSDT": 0.1652,
  "ANKRUSDT": 0.004445,
  "DEEPUSDT": 0.02742,
  "PLAYUSDT": 0.02008,
  "ARIAUSDT": 0.07688,
  "IDUSDT": 0.0486,
  "KERNELUSDT": 0.0636,
  "WALUSDT": 0.0798,
  "KSMUSDT": 4.608,
  "SKLUSDT": 0.00672,
  "SAGAUSDT": 0.03266,
  "GMXUSDT": 6.416,
  "POLYXUSDT": 0.04338,
  "STBLUSDT": 0.03775,
  "AINUSDT": 0.03422,