{
  "BTCUSDT": 64245.9,
  "ETHUSDT": 1852.81,
  "SOLUSDT": 78.23,
  "XRPUSDT": 1.3616,
  "BNBUSDT": 594.52,
  "BCHUSDT": 527.23,
  "DOGEUSDT": 0.09286,
  "XAGUSDT": 87.62,
  "PAXGUSDT": 5225.3,
  "HYPEUSDT": 26.221,
  "XAUUSDT": 5214.3,
  "WLFIUSDT": 0.1119,
  "ZECUSDT": 239.35,
  "TRXUSDT": 0.28204,
  "PIPPINUSDT": 0.73403,
  "ASTERUSDT": 0.6955,
  "SUIUSDT": 0.8721,
  "ADAUSDT": 0.2621,
  "AVAXUSDT": 8.391,
  "LINKUSDT": 8.22,
  "LTCUSDT": 51.28,
  "UNIUSDT": 3.325,
  "1000PEPEUSDT": 0.0040077,
  "PUMPUSDT": 0.001823,
  "ENAUSDT": 0.0979,
  "KITEUSDT": 0.23675,
  "NEARUSDT": 0.975,
  "ARCUSDT": 0.09087,
  "AAVEUSDT": 114.16,
  "WLDUSDT": 0.371,
  "LITUSDT": 1.371,
  "TRUMPUSDT": 3.325,
  "FILUSDT": 0.885,
  "DOTUSDT": 1.263,
  "TAOUSDT": 167.8,
  "XPLUSDT": 0.087,
  "ATOMUSDT": 2.118,
  "TONUSDT": 1.3432,
  "ZROUSDT": 1.4793,
  "APTUSDT": 0.8111,
  "HBARUSDT": 0.09447,
  "XLMUSDT": 0.1508,
  "ENSOUSDT": 1.9625,
  "BERAUSDT": 0.5528,
  "1000SHIBUSDT": 0.006003,
  "ARBUSDT": 0.0921,
  "ICPUSDT": 2.046,
  "AXSUSDT": 1.212,
  "RIVERUSDT": 7.932,
  "OPUSDT": 0.1173,
  "XMRUSDT": 308.85,
  "MONUSDT": 0.02018,
  "CRVUSDT": 0.22,
  "WIFUSDT": 0.2006,
  "FFUSDT": 0.07683,
  "PENGUUSDT": 0.006297,
  "FETUSDT": 0.1534,
  "BARDUSDT": 0.7606,
  "ETCUSDT": 8.34,
  "BANUSDT": 0.13069,
  "1000BONKUSDT": 0.005865,
  "BULLAUSDT": 0.05288,
  "ESPUSDT": 0.10778,
  "PARTIUSDT": 0.10634,
  "POLUSDT": 0.10619,
  "SENTUSDT": 0.02517,
  "HUSDT": 0.13944,
  "IPUSDT": 1.014,
  "FARTCOINUSDT": 0.1489,
  "INJUSDT": 3.356,
  "POWERUSDT": 0.48532,
  "BTCDOMUSDT": 5111.6,
  "CHZUSDT": 0.03359,
  "DASHUSDT": 31.97,
  "ETHFIUSDT": 0.4451,
  "\u5e01\u5b89\u4eba\u751fUSDT": 0.05617,
  "TIAUSDT": 0.2972,
  "ONDOUSDT": 0.2476,
  "VIRTUALUSDT": 0.5859,
  "SIRENUSDT": 0.29577,
  "ZKUSDT": 0.0195,
  "0GUSDT": 0.6182,
  "SEIUSDT": 0.0664,
  "LYNUSDT": 0.31257,
  "JUPUSDT": 0.1444,
  "ZAMAUSDT": 0.02143,
  "STABLEUSDT": 0.02805,
  "CCUSDT": 0.15829,
  "1000RATSUSDT": 0.04939,
  "ALCHUSDT": 0.07624,
  "KAITOUSDT": 0.2874,
  "BANANAS31USDT": 0.004829,
  "LDOUSDT": 0.2967,
  "RENDERUSDT": 1.366,
  "HOMEUSDT": 0.029936,
  "PENDLEUSDT": 1.1791,
  "AZTECUSDT": 0.02653,
  "NIGHTUSDT": 0.05817,
  "QUSDT": 0.020682,
  "OPNUSDT": 0.6256,
  "BIOUSDT": 0.02485,
  "DUSKUSDT": 0.07814,
  "ATUSDT": 0.16032,
  "MYXUSDT": 0.59,
  "AGLDUSDT": 0.3054,
  "VVVUSDT": 3.859,
  "SKYAIUSDT": 0.03816,
  "ZENUSDT": 5.37,
  "STRKUSDT": 0.04031,
  "BTRUSDT": 0.18005,
  "UBUSDT": 0.03709,
  "LAUSDT": 0.231,
  "SANDUSDT": 0.07825,
  "RAVEUSDT": 0.29966,
  "ALGOUSDT": 0.0833,
  "CAKEUSDT": 1.2238,
  "MUSDT": 1.3941,
  "HANAUSDT": 0.03287,
  "TRADOORUSDT": 1.509,
  "MORPHOUSDT": 1.5685,
  "PIEVERSEUSDT": 0.4117,
  "GPSUSDT": 0.013417,
  "JTOUSDT": 0.2759,
  "USDCUSDT": 0.999561,
  "ZILUSDT": 0.00403,
  "GUNUSDT": 0.02798,
  "GALAUSDT": 0.00349,
  "SNXUSDT": 0.395,
  "APEUSDT": 0.102,
  "SKYUSDT": 0.06206,
  "ALLOUSDT": 0.103,
  "ROSEUSDT": 0.01206,
  "ORCAUSDT": 0.959,
  "B2USDT": 0.7347,
  "TSLAUSDT": 394.61,
  "XPINUSDT": 0.001672,
  "GUAUSDT": 0.16199,
  "EIGENUSDT": 0.1812,
  "GIGGLEUSDT": 24.78,
  "PYTHUSDT": 0.05022,
  "BEAMXUSDT": 0.001972,
  "HUMAUSDT": 0.01201,
  "METUSDT": 0.1889,
  "BUSDT": 0.1307,
  "AWEUSDT": 0.05323,
  "\u6211\u8e0f\u9a6c\u6765\u4e86USDT": 0.011298,
  "MSTRUSDT": 124.47,
  "JELLYJELLYUSDT": 0.06122,
  "SYRUPUSDT": 0.20642,
  "AVNTUSDT": 0.1719,
  "ESPORTSUSDT": 0.33559,
  "VETUSDT": 0.007224,
  "ZKPUSDT": 0.08497,
  "CYSUSDT": 0.3874,
  "XTZUSDT": 0.367,
  "ORDIUSDT": 2.342,
  "DYDXUSDT": 0.088,
  "AEROUSDT": 0.2939,
  "NXPCUSDT": 0.2628,
  "COLLECTUSDT": 0.04081,
  "NEOUSDT": 2.628,
  "FOGOUSDT": 0.02655,
  "CYBERUSDT": 0.5471,
  "MOVEUSDT": 0.02164,
  "FORMUSDT": 0.1929,
  "SUSDT": 0.03912,
  "COMPUSDT": 17.24,
  "MEUSDT": 0.1168,
  "AUCTIONUSDT": 4.83,
  "YGGUSDT": 0.04396,
  "PNUTUSDT": 0.04392,
  "ENSUSDT": 6.031,
  "SOMIUSDT": 0.1932,
  "GWEIUSDT": 0.030377,
  "RESOLVUSDT": 0.06531,
  "1000FLOKIUSDT": 0.02797,
  "STGUSDT": 0.1295,
  "1000LUNCUSDT": 0.03451,
  "STXUSDT": 0.2326,
  "INITUSDT": 0.08458,
  "NAORISUSDT": 0.03837,
  "TRIAUSDT": 0.01739,
  "LINEAUSDT": 0.00316,
  "BEATUSDT": 0.2037,
  "PLUMEUSDT": 0.00922,
  "SPACEUSDT": 0.008469,
  "LPTUSDT": 2.189,
  "VANAUSDT": 1.425,
  "AGTUSDT": 0.005611,
  "JASMYUSDT": 0.005683,
  "EDUUSDT": 0.1199,
  "TRBUSDT": 14.054,
  "WUSDT": 0.01827,
  "MERLUSDT": 0.04608,
  "CLOUSDT": 0.08859,
  "USELESSUSDT": 0.03685,
  "BANKUSDT": 0.03735,
  "MANAUSDT": 0.0911,
  "OGUSDT": 3.066,
  "2ZUSDT": 0.06749,
  "NMRUSDT": 7.649,
  "EULUSDT": 0.905,
  "SPXUSDT": 0.2715,
  "TAUSDT": 0.03893,
  "TAGUSDT": 0.0003885,
  "ATHUSDT": 0.005001,
  "JSTUSDT": 0.04499,
  "ARUSDT": 1.854,
  "GRTUSDT": 0.02571,
  "UAIUSDT": 0.2246,
  "BIRBUSDT": 0.15224,
  "COWUSDT": 0.2172,
  "WCTUSDT": 0.05786,
  "API3USDT": 0.2818,
  "CFXUSDT": 0.04817,
  "MOODENGUSDT": 0.0518,
  "DEXEUSDT": 2.825,
  "ZORAUSDT": 0.01946,
  "MMTUSDT": 0.1185,
  "IOTAUSDT": 0.0661,
  "IMXUSDT": 0.1547,
  "1INCHUSDT": 0.0879,
  "QNTUSDT": 62.13,
  "IDOLUSDT": 0.02493,
  "FHEUSDT": 0.02883,
  "FLOWUSDT": 0.03497,
  "AKEUSDT": 0.0003259,
  "SPKUSDT": 0.02006,
  "SFPUSDT": 0.2604,
  "LUNA2USDT": 0.0586,
  "COAIUSDT": 0.2959,
  "ZRXUSDT": 0.1003,
  "LIGHTUSDT": 0.2299,
  "LRCUSDT": 0.03232,
  "KAIAUSDT": 0.05325,
  "THETAUSDT": 0.1846,
  "ARKMUSDT": 0.1046,
  "4USDT": 0.00761,
  "PTBUSDT": 0.00125,
  "IOUSDT": 0.1087,
  "AXLUSDT": 0.05151,
  "SKRUSDT": 0.01873,
  "RUNEUSDT": 0.3855,
  "SIGNUSDT": 0.02377,
  "BREVUSDT": 0.126,
  "RPLUSDT": 2.0,
  "XPTUSDT": 2152.74,
  "NEIROUSDT": 6.69e-05,
  "KGENUSDT": 0.17542,
  "SAHARAUSDT": 0.01438,
  "YFIUSDT": 2702.0,
  "EGLDUSDT": 4.28,
  "AIAUSDT": 0.08531,
  "BLUAIUSDT": 0.005141,
  "ANIMEUSDT": 0.004681,
  "BOMEUSDT": 0.0003736,
  "GMTUSDT": 0.01087,
  "PROMPTUSDT": 0.05088,
  "PROVEUSDT": 0.2746,
  "FLOCKUSDT": 0.07068,
  "SAPIENUSDT": 0.0951,
  "FIGHTUSDT": 0.006848,
  "TWTUSDT": 0.492,
  "VELVETUSDT": 0.08027,
  "MAGICUSDT": 0.06342,
  "XNYUSDT": 0.004815,
  "PEOPLEUSDT": 0.00622,
  "ACTUSDT": 0.01353,
  "MINAUSDT": 0.05638,
  "TSTUSDT": 0.00959,
  "AIOUSDT": 0.07515,
  "AUSDT": 0.0781,
  "KASUSDT": 0.02963,
  "AVAAIUSDT": 0.0071,
  "NOMUSDT": 0.004671,
  "FOLKSUSDT": 1.153,
  "OPENUSDT": 0.1438,
  "GASUSDT": 1.486,
  "GRASSUSDT": 0.1712,
  "TNSRUSDT": 0.04656,
  "BATUSDT": 0.1153,
  "TURBOUSDT": 0.0009666,
  "SOPHUSDT": 0.008661,
  "BELUSDT": 0.1,
  "MEGAUSDT": 0.12221,
  "POPCATUSDT": 0.04632,
  "SUSHIUSDT": 0.1925,
  "BSVUSDT": 15.21,
  "MANTAUSDT": 0.06266,
  "ZKCUSDT": 0.0833,
  "YBUSDT": 0.1501,
  "CATIUSDT": 0.03663,
  "ACHUSDT": 0.007158,
  "FUSDT": 0.005533,
  "KERNELUSDT": 0.07238,
  "TUTUSDT": 0.00975,
  "ICNTUSDT": 0.4014,
  "ZBTUSDT": 0.06835,
  "SUPERUSDT": 0.1056,
  "ARPAUSDT": 0.0097,
  "SWARMSUSDT": 0.00642,
  "STOUSDT": 0.05486,
  "BABYUSDT": 0.01187,
  "LAYERUSDT": 0.0807,
  "MASKUSDT": 0.4076,
  "VELODROMEUSDT": 0.01374,
  "XVGUSDT": 0.005806,
  "GLMUSDT": 0.15423,
  "BLURUSDT": 0.01918,
  "NILUSDT": 0.04737,
  "TAKEUSDT": 0.02325,
  "C98USDT": 0.0255,
  "ASRUSDT": 1.352,
  "KSMUSDT": 4.578,
  "TRUTHUSDT": 0.009801,
  "CVXUSDT": 1.754,
  "SOONUSDT": 0.1584,
  "MUBARAKUSDT": 0.01393,
  "CTSIUSDT": 0.0244,
  "DRIFTUSDT": 0.0804,
  "ONTUSDT": 0.04,
  "AIXBTUSDT": 0.0183,
  "SANTOSUSDT": 1.634,
  "INUSDT": 0.06699,
  "AINUSDT": 0.03617,
  "ALTUSDT": 0.00736,
  "SOLVUSDT": 0.00417,
  "MEMEUSDT": 0.0006417,
  "EDENUSDT": 0.03128,
  "ANKRUSDT": 0.004175,
  "RAREUSDT": 0.01772,
  "RAYSOLUSDT": 0.5721,
  "CELOUSDT": 0.073,
  "FRAXUSDT": 0.5972,
  "WETUSDT": 0.08271,
  "SUNUSDT": 0.016544,
  "DAMUSDT": 0.01996,
  "SONICUSDT": 0.04256,
  "THEUSDT": 0.2393,
  "STORJUSDT": 0.0882,
  "COTIUSDT": 0.01178,
  "MELANIAUSDT": 0.1084,
  "BASUSDT": 0.005616,
  "ERAUSDT": 0.1445,
  "CRCLUSDT": 60.43,
  "AKTUSDT": 0.3014,
  "PROMUSDT": 1.264,
  "DEGOUSDT": 0.3176,
  "UMAUSDT": 0.4345,
  "SPORTFUNUSDT": 0.04619,
  "IDUSDT": 0.04304,
  "ARIAUSDT": 0.07147,
  "VTHOUSDT": 0.000624,
  "KOMAUSDT": 0.00706,
  "POLYXUSDT": 0.04079,
  "HYPERUSDT": 0.0903,