{
  "BTCUSDT": 67537.1,
  "ETHUSDT": 1957.34,
  "SOLUSDT": 84.17,
  "XRPUSDT": 1.4261,
  "BNBUSDT": 617.71,
  "BCHUSDT": 560.6,
  "DOGEUSDT": 0.10116,
  "HYPEUSDT": 30.043,
  "XAGUSDT": 81.92,
  "WLFIUSDT": 0.1166,
  "PAXGUSDT": 5057.46,
  "ZECUSDT": 260.93,
  "XAUUSDT": 5050.81,
  "TRXUSDT": 0.28617,
  "SUIUSDT": 0.9656,
  "ASTERUSDT": 0.7115,
  "LINKUSDT": 8.875,
  "ADAUSDT": 0.2889,
  "LTCUSDT": 54.97,
  "AVAXUSDT": 9.182,
  "UNIUSDT": 3.441,
  "1000PEPEUSDT": 0.0043164,
  "PUMPUSDT": 0.002121,
  "KITEUSDT": 0.27677,
  "ENAUSDT": 0.1118,
  "AAVEUSDT": 117.93,
  "NEARUSDT": 1.038,
  "PIPPINUSDT": 0.49511,
  "WLDUSDT": 0.3919,
  "LITUSDT": 1.5,
  "TRUMPUSDT": 3.546,
  "FILUSDT": 0.95,
  "TAOUSDT": 182.19,
  "XPLUSDT": 0.0951,
  "DOTUSDT": 1.351,
  "ARCUSDT": 0.07315,
  "ZROUSDT": 1.5842,
  "ATOMUSDT": 2.351,
  "APTUSDT": 0.8782,
  "TONUSDT": 1.3726,
  "1000SHIBUSDT": 0.006447,
  "HBARUSDT": 0.10067,
  "XLMUSDT": 0.16389,
  "BERAUSDT": 0.6105,
  "ARBUSDT": 0.0961,
  "OPUSDT": 0.1307,
  "ENSOUSDT": 1.915,
  "AXSUSDT": 1.28,
  "ICPUSDT": 2.157,
  "HUSDT": 0.16438,
  "RIVERUSDT": 8.037,
  "XMRUSDT": 334.28,
  "MONUSDT": 0.02105,
  "FETUSDT": 0.1678,
  "WIFUSDT": 0.2244,
  "CRVUSDT": 0.248,
  "FFUSDT": 0.07966,
  "ETCUSDT": 8.61,
  "PENGUUSDT": 0.006917,
  "BARDUSDT": 0.7606,
  "FARTCOINUSDT": 0.1875,
  "1000BONKUSDT": 0.006353,
  "IPUSDT": 1.11,
  "PARTIUSDT": 0.10563,
  "BANUSDT": 0.12666,
  "VVVUSDT": 4.775,
  "\u5e01\u5b89\u4eba\u751fUSDT": 0.08827,
  "INJUSDT": 3.419,
  "DASHUSDT": 33.48,
  "POLUSDT": 0.1067,
  "AZTECUSDT": 0.0295,
  "CHZUSDT": 0.03658,
  "BTCDOMUSDT": 5085.3,
  "POWERUSDT": 0.38222,
  "TIAUSDT": 0.3333,
  "SENTUSDT": 0.02292,
  "VIRTUALUSDT": 0.6427,
  "ONDOUSDT": 0.2692,
  "SEIUSDT": 0.0716,
  "ETHFIUSDT": 0.4741,
  "BIOUSDT": 0.03132,
  "ZAMAUSDT": 0.02279,
  "ZKUSDT": 0.02016,
  "0GUSDT": 0.6557,
  "RAVEUSDT": 0.50599,
  "JUPUSDT": 0.1583,
  "STABLEUSDT": 0.02988,
  "LYNUSDT": 0.28088,
  "MYXUSDT": 1.141,
  "RENDERUSDT": 1.505,
  "ALLOUSDT": 0.14857,
  "ALCHUSDT": 0.08195,
  "CCUSDT": 0.15818,
  "KAITOUSDT": 0.3085,
  "PENDLEUSDT": 1.208,
  "ORCAUSDT": 1.144,
  "LDOUSDT": 0.329,
  "SIRENUSDT": 0.21757,
  "1000RATSUSDT": 0.04632,
  "HOMEUSDT": 0.028289,
  "NIGHTUSDT": 0.06092,
  "OMUSDT": 0.06787,
  "JTOUSDT": 0.3122,
  "BTRUSDT": 0.1803,
  "DUSKUSDT": 0.08955,
  "QUSDT": 0.020527,
  "ZENUSDT": 5.809,
  "HANAUSDT": 0.03716,
  "ATUSDT": 0.16097,
  "SANDUSDT": 0.08462,
  "BANANAS31USDT": 0.004498,
  "UBUSDT": 0.0402,
  "ALGOUSDT": 0.0902,
  "STRKUSDT": 0.04605,
  "SKYAIUSDT": 0.03794,
  "ESPUSDT": 0.06975,
  "CAKEUSDT": 1.2788,
  "TRADOORUSDT": 1.396,
  "GPSUSDT": 0.013172,
  "GUNUSDT": 0.02814,
  "MUSDT": 1.3783,
  "PIEVERSEUSDT": 0.423,
  "MORPHOUSDT": 1.5344,
  "GALAUSDT": 0.00389,
  "SKYUSDT": 0.06302,
  "\u6211\u8e0f\u9a6c\u6765\u4e86USDT": 0.016675,
  "CYSUSDT": 0.4165,
  "USDCUSDT": 0.999789,
  "ZILUSDT": 0.0041,
  "APEUSDT": 0.1118,
  "ROSEUSDT": 0.013,
  "B2USDT": 0.7259,
  "GIGGLEUSDT": 29.09,
  "SNXUSDT": 0.364,
  "PYTHUSDT": 0.05404,
  "XPINUSDT": 0.001823,
  "METUSDT": 0.213,
  "AWEUSDT": 0.05834,
  "JELLYJELLYUSDT": 0.06914,
  "BEAMXUSDT": 0.002299,
  "AVNTUSDT": 0.1901,
  "HUMAUSDT": 0.012278,
  "NAORISUSDT": 0.04496,
  "EIGENUSDT": 0.199,
  "SYRUPUSDT": 0.22959,
  "INITUSDT": 0.10179,
  "MSTRUSDT": 132.77,
  "BUSDT": 0.1345,
  "SPACEUSDT": 0.010199,
  "XTZUSDT": 0.391,
  "COMPUSDT": 18.31,
  "MOVEUSDT": 0.02397,
  "AEROUSDT": 0.3163,
  "GUAUSDT": 0.1544,
  "DYDXUSDT": 0.097,
  "TSLAUSDT": 411.11,
  "MEUSDT": 0.128,
  "VETUSDT": 0.007913,
  "ORDIUSDT": 2.607,
  "NXPCUSDT": 0.2714,
  "AUCTIONUSDT": 5.085,
  "ZKPUSDT": 0.09102,
  "FORMUSDT": 0.2108,
  "NEOUSDT": 2.754,
  "CYBERUSDT": 0.569,
  "ENSUSDT": 6.63,
  "LAUSDT": 0.2037,
  "COLLECTUSDT": 0.05508,
  "BEATUSDT": 0.2724,
  "PNUTUSDT": 0.04909,
  "1000LUNCUSDT": 0.03657,
  "FOGOUSDT": 0.02587,
  "BULLAUSDT": 0.02462,
  "ESPORTSUSDT": 0.33172,
  "SUSDT": 0.0436,
  "SOMIUSDT": 0.2068,
  "LINEAUSDT": 0.00348,
  "RESOLVUSDT": 0.06528,
  "1000FLOKIUSDT": 0.03095,
  "STGUSDT": 0.1373,
  "OGUSDT": 3.367,
  "PLUMEUSDT": 0.01026,
  "STXUSDT": 0.2557,
  "LPTUSDT": 2.331,
  "MERLUSDT": 0.05302,
  "FHEUSDT": 0.04023,
  "CLOUSDT": 0.08666,
  "LRCUSDT": 0.03318,
  "BIRBUSDT": 0.17954,
  "TRBUSDT": 15.168,
  "VANAUSDT": 1.496,
  "EDUUSDT": 0.1256,
  "WUSDT": 0.02006,
  "GWEIUSDT": 0.027949,
  "ATHUSDT": 0.005552,
  "2ZUSDT": 0.07457,
  "MOODENGUSDT": 0.05669,
  "SPXUSDT": 0.3332,
  "MANAUSDT": 0.0982,
  "BANKUSDT": 0.03982,
  "RPLUSDT": 2.415,
  "JASMYUSDT": 0.005833,
  "WCTUSDT": 0.06118,
  "EULUSDT": 0.951,
  "CFXUSDT": 0.05198,
  "NMRUSDT": 8.223,
  "UAIUSDT": 0.2394,
  "ARUSDT": 2.038,
  "COAIUSDT": 0.3353,
  "USELESSUSDT": 0.04458,
  "MMTUSDT": 0.1302,
  "LIGHTUSDT": 0.2444,
  "TRIAUSDT": 0.0165,
  "API3USDT": 0.302,
  "TAUSDT": 0.03864,
  "ZORAUSDT": 0.02096,
  "LUNA2USDT": 0.06462,
  "AIAUSDT": 0.10592,
  "GRTUSDT": 0.02711,
  "IMXUSDT": 0.1646,
  "IOTAUSDT": 0.071,
  "FLOWUSDT": 0.03806,
  "SKRUSDT": 0.020635,
  "SPKUSDT": 0.02142,
  "TAGUSDT": 0.0003696,
  "JSTUSDT": 0.043455,
  "SFPUSDT": 0.2752,
  "4USDT": 0.0089,
  "AGTUSDT": 0.00494,
  "1INCHUSDT": 0.0931,
  "AXLUSDT": 0.05644,
  "ZRXUSDT": 0.1076,
  "ARKMUSDT": 0.1143,
  "NOMUSDT": 0.005824,
  "FOLKSUSDT": 1.371,
  "QNTUSDT": 66.84,
  "THETAUSDT": 0.1969,
  "KAIAUSDT": 0.0565,
  "PTBUSDT": 0.001336,
  "NEIROUSDT": 7.46e-05,
  "XNYUSDT": 0.005262,
  "TAKEUSDT": 0.02515,
  "ANIMEUSDT": 0.005042,
  "YFIUSDT": 2799.0,
  "MEGAUSDT": 0.13098,
  "EGLDUSDT": 4.608,
  "RUNEUSDT": 0.4079,
  "BOMEUSDT": 0.0004236,
  "KGENUSDT": 0.18132,
  "ZKCUSDT": 0.0919,
  "PROVEUSDT": 0.3154,
  "COWUSDT": 0.201,
  "BREVUSDT": 0.1316,
  "MAGICUSDT": 0.06958,
  "SAHARAUSDT": 0.01551,
  "PEOPLEUSDT": 0.00692,
  "TWTUSDT": 0.5177,
  "GASUSDT": 1.594,
  "GRASSUSDT": 0.1963,
  "BLUAIUSDT": 0.00511,
  "ACTUSDT": 0.01472,
  "MANTAUSDT": 0.07083,
  "NILUSDT": 0.05287,
  "AUSDT": 0.0819,
  "AVAAIUSDT": 0.00772,
  "TSTUSDT": 0.01048,
  "TNSRUSDT": 0.05109,
  "MINAUSDT": 0.0629,
  "KASUSDT": 0.0314,
  "OPENUSDT": 0.1562,
  "SIGNUSDT": 0.02477,
  "SANTOSUSDT": 1.934,
  "TUTUSDT": 0.01102,
  "FIGHTUSDT": 0.006648,
  "VELVETUSDT": 0.0798,
  "DOLOUSDT": 0.03987,
  "FUSDT": 0.005981,
  "TURBOUSDT": 0.0010815,
  "IOUSDT": 0.1141,
  "GMTUSDT": 0.01195,
  "BATUSDT": 0.121,
  "SUPERUSDT": 0.1199,
  "BSVUSDT": 15.99,
  "AIOUSDT": 0.07661,
  "IDOLUSDT": 0.02206,
  "YBUSDT": 0.1637,
  "MUBARAKUSDT": 0.01617,
  "SWARMSUSDT": 0.00709,
  "POPCATUSDT": 0.05183,
  "SOPHUSDT": 0.009376,
  "CATIUSDT": 0.04056,
  "ZBTUSDT": 0.07252,
  "BABYUSDT": 0.0132,
  "CVXUSDT": 1.989,
  "AKEUSDT": 0.0002709,
  "DEXEUSDT": 2.364,
  "XPTUSDT": 2143.26,
  "XVGUSDT": 0.006148,
  "RAYSOLUSDT": 0.6503,
  "ACHUSDT": 0.007529,
  "SUSHIUSDT": 0.2044,
  "C98USDT": 0.0276,
  "EDENUSDT": 0.03624,
  "ICNTUSDT": 0.3982,
  "YGGUSDT": 0.03966,
  "LAYERUSDT": 0.0852,
  "VELODROMEUSDT": 0.01441,
  "CELOUSDT": 0.077,
  "AIXBTUSDT": 0.02046,
  "TRUTHUSDT": 0.009718,
  "ALTUSDT": 0.00797,
  "BLURUSDT": 0.02055,
  "SONICUSDT": 0.05095,
  "MASKUSDT": 0.4516,
  "MEMEUSDT": 0.0006836,
  "ONTUSDT": 0.0442,
  "GLMUSDT": 0.17189,
  "SOONUSDT": 0.1719,
  "SOLVUSDT": 0.0045,
  "ASRUSDT": 1.416,
  "SUNUSDT": 0.017003,
  "MELANIAUSDT": 0.1185,
  "IRUSDT": 0.08605,
  "STOUSDT": 0.05532,
  "CTSIUSDT": 0.0255,
  "KERNELUSDT": 0.07026,
  "RAREUSDT": 0.0192,
  "ANKRUSDT": 0.004483,
  "KSMUSDT": 4.874,
  "FRAXUSDT": 0.6677,
  "THEUSDT": 0.2617,
  "UMAUSDT": 0.4709,
  "PROMUSDT": 1.345,
  "ERAUSDT": 0.158,
  "ZEREBROUSDT": 0.00795,
  "LSKUSDT": 0.1466,
  "DEGOUSDT": 0.3446,
  "DRIFTUSDT": 0.0885,
  "GMXUSDT": 6.701,
  "PLAYUSDT": 0.02122,
  "IDUSDT": 0.04857,
  "WALUSDT": 0.081,
  "KAVAUSDT": 0.0519,
  "AKTUSDT": 0.3227,
  "IRYSUSDT": 0.02459,
  "HYPERUSDT": 0.0972,
  "RSRUSDT": 0.001483,
  "POLYXUSDT": 0.04403,
  "STORJUSDT": 0.0959,
  "QTUMUSDT": 0.948,
  "ONUSDT": 0.09435,
  "STBLUSDT": 0.03732,
  "INUSDT": 0.06099,
  "KOMAUSDT": 0.00733,
  "KMNOUSDT": 0.0272,
  "AINUSDT": 0.03276,
  "SKLUSDT": 0.00672,