{
  "BTCUSDT": 68533.0,
  "ETHUSDT": 1988.64,
  "SOLUSDT": 85.69,
  "XRPUSDT": 1.4823,
  "BNBUSDT": 626.13,
  "BCHUSDT": 568.2,
  "DOGEUSDT": 0.10037,
  "HYPEUSDT": 30.69,
  "PAXGUSDT": 5000.1,
  "XAGUSDT": 76.57,
  "ZECUSDT": 289.7,
  "XAUUSDT": 4997.06,
  "TRXUSDT": 0.28403,
  "SUIUSDT": 0.9917,
  "ASTERUSDT": 0.7306,
  "1000PEPEUSDT": 0.0044724,
  "ADAUSDT": 0.2847,
  "LINKUSDT": 8.882,
  "LTCUSDT": 54.98,
  "UNIUSDT": 3.582,
  "AVAXUSDT": 9.255,
  "PIPPINUSDT": 0.64897,
  "ENAUSDT": 0.1228,
  "PUMPUSDT": 0.002228,
  "WLFIUSDT": 0.1005,
  "AAVEUSDT": 126.03,
  "NEARUSDT": 1.056,
  "LITUSDT": 1.667,
  "KITEUSDT": 0.2087,
  "TAOUSDT": 198.08,
  "TRUMPUSDT": 3.376,
  "XPLUSDT": 0.1022,
  "WLDUSDT": 0.4043,
  "FILUSDT": 0.975,
  "ARCUSDT": 0.07915,
  "DOTUSDT": 1.373,
  "ZROUSDT": 1.7467,
  "RIVERUSDT": 12.88,
  "TONUSDT": 1.4474,
  "ATOMUSDT": 2.303,
  "APTUSDT": 0.9273,
  "1000SHIBUSDT": 0.006561,
  "HUSDT": 0.18956,
  "HBARUSDT": 0.10132,
  "BERAUSDT": 0.646,
  "XLMUSDT": 0.16921,
  "AXSUSDT": 1.356,
  "MONUSDT": 0.02322,
  "ARBUSDT": 0.1148,
  "XMRUSDT": 326.04,
  "ICPUSDT": 2.402,
  "WIFUSDT": 0.2356,
  "FFUSDT": 0.0815,
  "CRVUSDT": 0.253,
  "PENGUUSDT": 0.00726,
  "FETUSDT": 0.1724,
  "FARTCOINUSDT": 0.201,
  "IPUSDT": 1.175,
  "ETCUSDT": 8.817,
  "BARDUSDT": 0.7978,
  "CHZUSDT": 0.04143,
  "DASHUSDT": 38.02,
  "PARTIUSDT": 0.10648,
  "OPUSDT": 0.1898,
  "1000BONKUSDT": 0.006555,
  "\u5e01\u5b89\u4eba\u751fUSDT": 0.09759,
  "POLUSDT": 0.10773,
  "INITUSDT": 0.12726,
  "BTCDOMUSDT": 5071.3,
  "ONDOUSDT": 0.2772,
  "TIAUSDT": 0.3452,
  "SENTUSDT": 0.02214,
  "VIRTUALUSDT": 0.6527,
  "0GUSDT": 0.6452,
  "ZKUSDT": 0.02186,
  "ZAMAUSDT": 0.02296,
  "SEIUSDT": 0.0758,
  "STABLEUSDT": 0.02999,
  "ETHFIUSDT": 0.4811,
  "BANUSDT": 0.10004,
  "VVVUSDT": 4.195,
  "JUPUSDT": 0.1618,
  "SIRENUSDT": 0.2162,
  "POWERUSDT": 0.29368,
  "PENDLEUSDT": 1.2431,
  "ALCHUSDT": 0.0835,
  "UBUSDT": 0.04768,
  "LDOUSDT": 0.3457,
  "CCUSDT": 0.15991,
  "KAITOUSDT": 0.3199,
  "BTRUSDT": 0.18243,
  "INJUSDT": 3.164,
  "CYSUSDT": 0.5204,
  "SKYUSDT": 0.0667,
  "1000RATSUSDT": 0.05013,
  "ZENUSDT": 6.279,
  "RENDERUSDT": 1.447,
  "ATUSDT": 0.16053,
  "OMUSDT": 0.06173,
  "AWEUSDT": 0.09697,
  "ENSOUSDT": 1.0945,
  "BANANAS31USDT": 0.004794,
  "SANDUSDT": 0.08795,
  "HANAUSDT": 0.03838,
  "MSTRUSDT": 134.5,
  "QUSDT": 0.020178,
  "NIGHTUSDT": 0.05653,
  "MYXUSDT": 1.88,
  "HOMEUSDT": 0.027834,
  "DUSKUSDT": 0.10835,
  "GIGGLEUSDT": 31.85,
  "SKYAIUSDT": 0.03875,
  "STRKUSDT": 0.04917,
  "\u6211\u8e0f\u9a6c\u6765\u4e86USDT": 0.02011,
  "PYTHUSDT": 0.0569,
  "ROSEUSDT": 0.01237,
  "LYNUSDT": 0.23838,
  "COMPUSDT": 19.73,
  "CAKEUSDT": 1.3222,
  "ALGOUSDT": 0.0945,
  "MUSDT": 1.4184,
  "PIEVERSEUSDT": 0.4148,
  "USDCUSDT": 0.9999,
  "SPACEUSDT": 0.011023,
  "TRADOORUSDT": 1.351,
  "MOVEUSDT": 0.0267,
  "ESPUSDT": 0.06014,
  "METUSDT": 0.2223,
  "GALAUSDT": 0.00413,
  "GPSUSDT": 0.01101,
  "RPLUSDT": 2.741,
  "ZILUSDT": 0.00436,
  "AVNTUSDT": 0.2037,
  "XPINUSDT": 0.001854,
  "HUMAUSDT": 0.014531,
  "B2USDT": 0.7105,
  "BULLAUSDT": 0.02847,
  "1000LUNCUSDT": 0.03503,
  "MORPHOUSDT": 1.3581,
  "BUSDT": 0.1449,
  "MEUSDT": 0.137,
  "BEAMXUSDT": 0.002459,
  "ENSUSDT": 6.804,
  "AUCTIONUSDT": 5.303,
  "ZKPUSDT": 0.09344,
  "GUNUSDT": 0.02278,
  "EIGENUSDT": 0.212,
  "SYRUPUSDT": 0.25026,
  "LINEAUSDT": 0.003661,
  "COLLECTUSDT": 0.0706,
  "VETUSDT": 0.008298,
  "SUSDT": 0.04858,
  "FHEUSDT": 0.04352,
  "XTZUSDT": 0.399,
  "AEROUSDT": 0.3176,
  "NEOUSDT": 2.854,
  "BIOUSDT": 0.0245,
  "PNUTUSDT": 0.05124,
  "ESPORTSUSDT": 0.371,
  "TSLAUSDT": 417.75,
  "JELLYJELLYUSDT": 0.06141,
  "FORMUSDT": 0.2214,
  "MOODENGUSDT": 0.06366,
  "DYDXUSDT": 0.109,
  "LAUSDT": 0.2029,
  "RAVEUSDT": 0.38926,
  "ORDIUSDT": 2.803,
  "GUAUSDT": 0.14656,
  "ALLOUSDT": 0.08752,
  "BIRBUSDT": 0.19501,
  "FOGOUSDT": 0.02407,
  "NXPCUSDT": 0.2752,
  "RESOLVUSDT": 0.06119,
  "OGUSDT": 3.386,
  "GWEIUSDT": 0.030349,
  "LPTUSDT": 2.474,
  "LRCUSDT": 0.03432,
  "SOMIUSDT": 0.1971,
  "MERLUSDT": 0.06187,
  "PLUMEUSDT": 0.01094,
  "STGUSDT": 0.1505,
  "BEATUSDT": 0.2516,
  "1000FLOKIUSDT": 0.03215,
  "STXUSDT": 0.2657,
  "EDUUSDT": 0.1308,
  "VANAUSDT": 1.56,
  "ATHUSDT": 0.006055,
  "TRBUSDT": 15.822,
  "JTOUSDT": 0.2698,
  "2ZUSDT": 0.07798,
  "BANKUSDT": 0.0411,
  "TRIAUSDT": 0.01684,
  "COAIUSDT": 0.3561,
  "PTBUSDT": 0.001619,
  "ARUSDT": 2.026,
  "API3USDT": 0.3157,
  "LUNA2USDT": 0.06636,
  "XNYUSDT": 0.005707,
  "EULUSDT": 1.021,
  "AIAUSDT": 0.10634,
  "WCTUSDT": 0.06279,
  "CFXUSDT": 0.05539,
  "NMRUSDT": 8.556,
  "USELESSUSDT": 0.05199,
  "JASMYUSDT": 0.005996,
  "WUSDT": 0.02053,
  "MUBARAKUSDT": 0.02012,
  "CLOUSDT": 0.07266,
  "MANAUSDT": 0.1025,
  "SPXUSDT": 0.3228,
  "FLOWUSDT": 0.04055,
  "APEUSDT": 0.1304,
  "QNTUSDT": 69.74,
  "4USDT": 0.01001,
  "IMXUSDT": 0.1703,
  "UAIUSDT": 0.244,
  "NILUSDT": 0.05913,
  "TAGUSDT": 0.0003846,
  "AZTECUSDT": 0.02264,
  "TAUSDT": 0.03709,
  "JSTUSDT": 0.042826,
  "GRTUSDT": 0.02811,
  "XVGUSDT": 0.006108,
  "KAIAUSDT": 0.058,
  "COWUSDT": 0.2081,
  "LIGHTUSDT": 0.2347,
  "TAKEUSDT": 0.03056,
  "MAGICUSDT": 0.0749,
  "UMAUSDT": 0.547,
  "ZKCUSDT": 0.0977,
  "1INCHUSDT": 0.0956,
  "FRAXUSDT": 0.6719,
  "BREVUSDT": 0.1368,
  "FIGHTUSDT": 0.007514,
  "ZRXUSDT": 0.1096,
  "SFPUSDT": 0.272,
  "SPKUSDT": 0.02131,
  "AGTUSDT": 0.004754,
  "BOMEUSDT": 0.0004403,
  "THETAUSDT": 0.2087,
  "MMTUSDT": 0.1319,
  "NEIROUSDT": 7.79e-05,
  "SUPERUSDT": 0.1331,
  "EGLDUSDT": 4.818,
  "TNSRUSDT": 0.05495,
  "YFIUSDT": 2882.0,
  "ZORAUSDT": 0.02127,
  "ACTUSDT": 0.01564,
  "MANTAUSDT": 0.08001,
  "IOTAUSDT": 0.0701,
  "NOMUSDT": 0.005565,
  "RUNEUSDT": 0.4053,
  "SNXUSDT": 0.295,
  "AXLUSDT": 0.06117,
  "GRASSUSDT": 0.2046,
  "BSVUSDT": 17.3,
  "MEGAUSDT": 0.13075,
  "TSTUSDT": 0.01148,
  "SAHARAUSDT": 0.01605,
  "SKRUSDT": 0.020244,
  "MINAUSDT": 0.06642,
  "TWTUSDT": 0.537,
  "PEOPLEUSDT": 0.00713,
  "BLUAIUSDT": 0.005938,
  "PROVEUSDT": 0.3261,
  "ANIMEUSDT": 0.005731,
  "ARKMUSDT": 0.1182,
  "C98USDT": 0.0306,
  "AUSDT": 0.0857,
  "IRYSUSDT": 0.03739,
  "SIGNUSDT": 0.02707,
  "FOLKSUSDT": 1.332,
  "TUTUSDT": 0.01221,
  "KASUSDT": 0.03202,
  "FUSDT": 0.006318,
  "SOPHUSDT": 0.009842,
  "YBUSDT": 0.177,
  "ICNTUSDT": 0.47,
  "KGENUSDT": 0.16763,
  "STORJUSDT": 0.1093,
  "POPCATUSDT": 0.05468,
  "BATUSDT": 0.1286,
  "TURBOUSDT": 0.0011244,
  "SWARMSUSDT": 0.00753,
  "CYBERUSDT": 0.5683,
  "AVAAIUSDT": 0.0077,
  "ACHUSDT": 0.007675,
  "GMTUSDT": 0.01247,
  "GASUSDT": 1.668,
  "CATIUSDT": 0.04158,
  "SANTOSUSDT": 1.903,
  "BABYUSDT": 0.01405,
  "OPENUSDT": 0.1593,
  "AIOUSDT": 0.07476,
  "AKEUSDT": 0.0002871,
  "SUSHIUSDT": 0.2124,
  "LAYERUSDT": 0.0893,
  "IDOLUSDT": 0.02114,
  "ZBTUSDT": 0.07155,
  "TRUTHUSDT": 0.015748,
  "MASKUSDT": 0.4733,
  "SOONUSDT": 0.1842,
  "MEMEUSDT": 0.000727,
  "ONTUSDT": 0.0472,
  "BLURUSDT": 0.02152,
  "YGGUSDT": 0.04146,
  "CELOUSDT": 0.084,
  "PLAYUSDT": 0.02325,
  "XPTUSDT": 2047.2,
  "IOUSDT": 0.1081,
  "ARPAUSDT": 0.01073,
  "SUNUSDT": 0.017414,
  "AIXBTUSDT": 0.02165,
  "STOUSDT": 0.05571,
  "CTSIUSDT": 0.0275,
  "VELODROMEUSDT": 0.0147,
  "ZEREBROUSDT": 0.00879,
  "DEEPUSDT": 0.02948,
  "GLMUSDT": 0.18425,
  "ALTUSDT": 0.00857,
  "SOLVUSDT": 0.00482,
  "KMNOUSDT": 0.03241,
  "ASRUSDT": 1.44,
  "SKLUSDT": 0.00715,
  "VELVETUSDT": 0.08668,
  "BROCCOLI714USDT": 0.01507,
  "THEUSDT": 0.2704,
  "KOMAUSDT": 0.00848,
  "SONICUSDT": 0.04708,
  "ARIAUSDT": 0.09102,
  "RAREUSDT": 0.02046,
  "PROMUSDT": 1.484,
  "WALUSDT": 0.0835,
  "INUSDT": 0.06424,
  "SYNUSDT": 0.05121,
  "ONUSDT": 0.09587,
  "IDUSDT": 0.05254,
  "CVXUSDT": 1.945,
  "STBLUSDT": 0.04107,
  "QTUMUSDT": 0.983,
  "DYMUSDT": 0.04751,
  "SAGAUSDT": 0.03457,
  "MELANIAUSDT": 0.1198,
  "ANKRUSDT": 0.004666,
  "DEXEUSDT": 2.339,
  "RSRUSDT": 0.00158,
  "KAVAUSDT": 0.055,
  "KERNELUSDT": 0.06811,
  "ERAUSDT": 0.1586,
  "BANANAUSDT": 4.703,
  "LISTAUSDT": 0.0949,
  "HYPERUSDT": 0.1038,
  "DEGOUSDT": 0.3431,
  "DRIFTUSDT": 0.0918,
  "AINUSDT": 0.03363,
  "ORCAUSDT": 0.795,
  "KSMUSDT": 4.811,