{
  "BTCUSDT": 68111.9,
  "ETHUSDT": 1975.07,
  "SOLUSDT": 84.8,
  "XRPUSDT": 1.3625,
  "BNBUSDT": 632.49,
  "XAUUSDT": 5078.97,
  "DOGEUSDT": 0.08991,
  "PAXGUSDT": 5094.57,
  "BCHUSDT": 440.59,
  "HYPEUSDT": 31.961,
  "XAGUSDT": 82.39,
  "WLFIUSDT": 0.1045,
  "TRXUSDT": 0.28053,
  "ZECUSDT": 216.95,
  "UNIUSDT": 3.873,
  "SUIUSDT": 0.9095,
  "ADAUSDT": 0.2665,
  "ASTERUSDT": 0.6985,
  "1000PEPEUSDT": 0.0034319,
  "AVAXUSDT": 9.195,
  "LINKUSDT": 8.793,
  "LTCUSDT": 54.54,
  "NEARUSDT": 1.388,
  "PUMPUSDT": 0.001915,
  "ENAUSDT": 0.111,
  "DOTUSDT": 1.53,
  "AAVEUSDT": 109.22,
  "XPLUSDT": 0.1134,
  "WLDUSDT": 0.3939,
  "PIPPINUSDT": 0.43274,
  "FILUSDT": 0.998,
  "1000SHIBUSDT": 0.005457,
  "LITUSDT": 1.322,
  "TRUMPUSDT": 3.415,
  "TAOUSDT": 182.3,
  "RIVERUSDT": 18.372,
  "ZROUSDT": 1.8359,
  "TONUSDT": 1.2403,
  "APTUSDT": 0.9916,
  "KITEUSDT": 0.22182,
  "ATOMUSDT": 1.806,
  "HBARUSDT": 0.0965,
  "HUSDT": 0.12504,
  "XMRUSDT": 339.33,
  "XLMUSDT": 0.15156,
  "ARBUSDT": 0.1022,
  "BERAUSDT": 0.5788,
  "CRVUSDT": 0.255,
  "ICPUSDT": 2.431,
  "WIFUSDT": 0.2017,
  "MONUSDT": 0.02045,
  "ARCUSDT": 0.03941,
  "FETUSDT": 0.1486,
  "VIRTUALUSDT": 0.742,
  "SAHARAUSDT": 0.03152,
  "AXSUSDT": 1.231,
  "FFUSDT": 0.07441,
  "OPUSDT": 0.1261,
  "CCUSDT": 0.15753,
  "PENGUUSDT": 0.006997,
  "POWERUSDT": 0.68206,
  "VVVUSDT": 6.398,
  "ETCUSDT": 8.472,
  "BARDUSDT": 1.0732,
  "POLUSDT": 0.10093,
  "BTCDOMUSDT": 5192.4,
  "FARTCOINUSDT": 0.162,
  "PARTIUSDT": 0.08727,
  "CHZUSDT": 0.03665,
  "SIRENUSDT": 0.39179,
  "ETHFIUSDT": 0.5147,
  "1000BONKUSDT": 0.005955,
  "ONDOUSDT": 0.2547,
  "DASHUSDT": 33.46,
  "IPUSDT": 0.838,
  "BANUSDT": 0.11147,
  "TIAUSDT": 0.3308,
  "SEIUSDT": 0.06773,
  "\u5e01\u5b89\u4eba\u751fUSDT": 0.06018,
  "ENSOUSDT": 1.3431,
  "ESPUSDT": 0.12117,
  "SENTUSDT": 0.0211,
  "INJUSDT": 3.043,
  "JUPUSDT": 0.1789,
  "0GUSDT": 0.6211,
  "STABLEUSDT": 0.03039,
  "JELLYJELLYUSDT": 0.08844,
  "KAITOUSDT": 0.3526,
  "SKYAIUSDT": 0.04664,
  "LDOUSDT": 0.3038,
  "ZAMAUSDT": 0.01998,
  "BANANAS31USDT": 0.00532,
  "ALCHUSDT": 0.07951,
  "BUSDT": 0.197,
  "RENDERUSDT": 1.344,
  "PENDLEUSDT": 1.2779,
  "GUAUSDT": 0.24116,
  "ZKUSDT": 0.01865,
  "FORMUSDT": 0.2732,
  "MORPHOUSDT": 1.9019,
  "QUSDT": 0.025088,
  "GWEIUSDT": 0.043344,
  "BULLAUSDT": 0.02668,
  "ATUSDT": 0.15763,
  "LYNUSDT": 0.31963,
  "PIEVERSEUSDT": 0.5264,
  "SIGNUSDT": 0.02806,
  "HOMEUSDT": 0.028969,
  "BIOUSDT": 0.02082,
  "ROBOUSDT": 0.04691,
  "CRCLUSDT": 102.14,
  "PHAUSDT": 0.03639,
  "MYXUSDT": 0.352,
  "NIGHTUSDT": 0.06101,
  "1000RATSUSDT": 0.03999,
  "ZENUSDT": 5.511,
  "CAKEUSDT": 1.3397,
  "GALAUSDT": 0.00351,
  "SANDUSDT": 0.08433,
  "ALGOUSDT": 0.0864,
  "STRKUSDT": 0.04032,
  "GIGGLEUSDT": 27.01,
  "BTRUSDT": 0.1879,
  "SKYUSDT": 0.07048,
  "TSLAUSDT": 392.23,
  "MUSDT": 1.362,
  "HANAUSDT": 0.03456,
  "STGUSDT": 0.1637,
  "ALLOUSDT": 0.10636,
  "TRADOORUSDT": 1.594,
  "USDCUSDT": 0.999455,
  "APEUSDT": 0.1018,
  "MSTRUSDT": 134.06,
  "GPSUSDT": 0.008548,
  "EIGENUSDT": 0.1853,
  "GUNUSDT": 0.02432,
  "DUSKUSDT": 0.083,
  "HUMAUSDT": 0.013319,
  "OPNUSDT": 0.4929,
  "SYRUPUSDT": 0.23201,
  "AEROUSDT": 0.3438,
  "ATHUSDT": 0.006336,
  "JTOUSDT": 0.2737,
  "B2USDT": 0.7149,
  "AZTECUSDT": 0.0209,
  "XPINUSDT": 0.001395,
  "1000LUNCUSDT": 0.04378,
  "BEAMXUSDT": 0.001919,
  "ZILUSDT": 0.00413,
  "PYTHUSDT": 0.04839,
  "NEOUSDT": 2.566,
  "XTZUSDT": 0.375,
  "ORDIUSDT": 2.468,
  "UBUSDT": 0.03241,
  "VETUSDT": 0.007153,
  "LAUSDT": 0.213,
  "FOGOUSDT": 0.02376,
  "METUSDT": 0.1704,
  "AVNTUSDT": 0.1703,
  "GRASSUSDT": 0.3146,
  "LINEAUSDT": 0.003224,
  "ROSEUSDT": 0.01174,
  "MOVEUSDT": 0.02197,
  "COMPUSDT": 17.2,
  "\u6211\u8e0f\u9a6c\u6765\u4e86USDT": 0.010961,
  "DYDXUSDT": 0.093,
  "NXPCUSDT": 0.2746,
  "TAUSDT": 0.0479,
  "BEATUSDT": 0.2579,
  "ESPORTSUSDT": 0.3097,
  "COLLECTUSDT": 0.03993,
  "SUSDT": 0.04126,
  "PNUTUSDT": 0.0452,
  "ZKPUSDT": 0.08912,
  "ENSUSDT": 5.982,
  "RAVEUSDT": 0.32962,
  "ARUSDT": 1.657,
  "1000FLOKIUSDT": 0.0284,
  "DENTUSDT": 0.000265,
  "SNXUSDT": 0.311,
  "4USDT": 0.0097,
  "TRBUSDT": 14.459,
  "AUCTIONUSDT": 4.753,
  "ORCAUSDT": 0.863,
  "AGLDUSDT": 0.217,
  "SPXUSDT": 0.3248,
  "AIXBTUSDT": 0.02634,
  "EULUSDT": 1.16,
  "SKRUSDT": 0.021248,
  "LPTUSDT": 2.304,
  "JASMYUSDT": 0.005474,
  "STXUSDT": 0.259,
  "WUSDT": 0.01861,
  "TRIAUSDT": 0.01886,
  "MEUSDT": 0.115,
  "PLUMEUSDT": 0.0093,
  "DEXEUSDT": 3.568,
  "KAVAUSDT": 0.0531,
  "MANAUSDT": 0.0963,
  "RESOLVUSDT": 0.0606,
  "SOMIUSDT": 0.1907,
  "BANKUSDT": 0.03653,
  "WETUSDT": 0.10682,
  "JSTUSDT": 0.048566,
  "CYBERUSDT": 0.5385,
  "AGTUSDT": 0.005586,
  "COAIUSDT": 0.3226,
  "GRTUSDT": 0.0261,
  "IMXUSDT": 0.1588,
  "IOTAUSDT": 0.0659,
  "INITUSDT": 0.08501,
  "USELESSUSDT": 0.04127,
  "YGGUSDT": 0.03873,
  "EDUUSDT": 0.1031,
  "CFXUSDT": 0.04797,
  "WCTUSDT": 0.05908,
  "API3USDT": 0.2816,
  "SFPUSDT": 0.2803,
  "AWEUSDT": 0.05066,
  "CYSUSDT": 0.3195,
  "2ZUSDT": 0.07367,
  "MERLUSDT": 0.04115,
  "FLOWUSDT": 0.03534,
  "CLOUSDT": 0.07102,
  "LAYERUSDT": 0.0865,
  "NMRUSDT": 7.584,
  "PTBUSDT": 0.001175,
  "NAORISUSDT": 0.03218,
  "MOODENGUSDT": 0.04842,
  "QNTUSDT": 62.44,
  "RUNEUSDT": 0.4088,
  "AIOUSDT": 0.08656,
  "AXLUSDT": 0.05287,
  "TAGUSDT": 0.0003522,
  "LIGHTUSDT": 0.1876,
  "MMTUSDT": 0.1176,
  "SPKUSDT": 0.01916,
  "EGLDUSDT": 4.241,
  "USUALUSDT": 0.01512,
  "THETAUSDT": 0.1923,
  "BIRBUSDT": 0.14589,
  "NEIROUSDT": 6.79e-05,
  "ARKMUSDT": 0.1073,
  "KASUSDT": 0.03027,
  "VANAUSDT": 1.436,
  "1INCHUSDT": 0.0939,
  "KGENUSDT": 0.19879,
  "BREVUSDT": 0.1448,
  "SUNUSDT": 0.015889,
  "IOUSDT": 0.1136,
  "ZRXUSDT": 0.1043,
  "KNCUSDT": 0.1388,
  "FOLKSUSDT": 1.231,
  "MEGAUSDT": 0.13875,
  "AIAUSDT": 0.08957,
  "SPACEUSDT": 0.007246,
  "MUBARAKUSDT": 0.0151,
  "ZORAUSDT": 0.01726,
  "GMTUSDT": 0.01121,
  "KAIAUSDT": 0.054,
  "MIRAUSDT": 0.0878,
  "YFIUSDT": 2640.0,
  "PEOPLEUSDT": 0.00634,
  "LRCUSDT": 0.03116,
  "SOPHUSDT": 0.008659,
  "COWUSDT": 0.2205,
  "TSTUSDT": 0.00958,
  "POPCATUSDT": 0.04752,
  "AKEUSDT": 0.0002357,
  "SWARMSUSDT": 0.00723,
  "ANIMEUSDT": 0.004747,
  "NILUSDT": 0.05061,
  "PROVEUSDT": 0.295,
  "AVAAIUSDT": 0.007566,
  "TWTUSDT": 0.4888,
  "VELVETUSDT": 0.0827,
  "STOUSDT": 0.06129,
  "SUSHIUSDT": 0.2039,
  "OGUSDT": 2.82,
  "FIOUSDT": 0.01033,
  "TURBOUSDT": 0.0009683,
  "BATUSDT": 0.1031,
  "AUSDT": 0.077,
  "BOMEUSDT": 0.0003918,
  "STEEMUSDT": 0.0578,
  "OPENUSDT": 0.1464,
  "ACTUSDT": 0.01365,
  "ALICEUSDT": 0.135,
  "LUNA2USDT": 0.06354,
  "CATIUSDT": 0.03979,
  "XPTUSDT": 2071.3,
  "GASUSDT": 1.6,
  "VELODROMEUSDT": 0.01572,
  "BSVUSDT": 14.97,
  "MANTAUSDT": 0.06478,
  "BLUAIUSDT": 0.004435,
  "TUTUSDT": 0.01048,
  "FHEUSDT": 0.02783,
  "SUPERUSDT": 0.1171,
  "KSMUSDT": 4.599,
  "SOONUSDT": 0.1621,
  "DAMUSDT": 0.02714,
  "ZBTUSDT": 0.07549,
  "BABYUSDT": 0.01141,
  "TNSRUSDT": 0.045,
  "KATUSDT": 0.02299,
  "HIPPOUSDT": 0.0007122,
  "AKTUSDT": 0.3341,
  "MEMEUSDT": 0.0005952,
  "UAIUSDT": 0.2123,
  "KERNELUSDT": 0.07549,
  "MAGICUSDT": 0.06099,
  "FIGHTUSDT": 0.006228,
  "ALTUSDT": 0.00727,
  "UMAUSDT": 0.4328,
  "MINAUSDT": 0.05645,
  "IOTXUSDT": 0.00528,
  "MASKUSDT": 0.4317,
  "RPLUSDT": 1.899,
  "XNYUSDT": 0.005707,
  "NOMUSDT": 0.003533,
  "YBUSDT": 0.1713,
  "FUSDT": 0.005516,
  "XVGUSDT": 0.005481,
  "NEWTUSDT": 0.06952,
  "BLURUSDT": 0.0197,
  "ASRUSDT": 1.311,
  "KMNOUSDT": 0.02369,
  "INUSDT": 0.06721,
  "CELOUSDT": 0.076,
  "1000CHEEMSUSDT": 0.0005356,
  "AINUSDT": 0.03904,
  "STBLUSDT": 0.0401,
  "ANKRUSDT": 0.004186,
  "WALUSDT": 0.0789,
  "BASUSDT": 0.007632,
  "SAPIENUSDT": 0.08167,
  "ONTUSDT": 0.0425,
  "ENJUSDT": 0.01919,
  "ZEREBROUSDT": 0.00722,
  "TRUTHUSDT": 0.0096,
  "SANTOSUSDT": 1.298,
  "TAKEUSDT": 0.01981,
  "KOMAUSDT": 0.007974,
  "ACHUSDT": 0.006746,
  "ERAUSDT": 0.1413,
  "HOLOUSDT": 0.06042,
  "SONICUSDT": 0.04596,
  "REDUSDT": 0.1427,
  "GLMUSDT": 0.12984,
  "1000SATSUSDT": 1.12e-05,
  "RAYSOLUSDT": 0.5941,
  "QTUMUSDT": 0.914,
  "C98USDT": 0.0262,
  "POLYXUSDT": 0.04162,
  "EDENUSDT": 0.03256,