{
  "BTCUSDT": 66600.0,
  "ETHUSDT": 1965.37,
  "SOLUSDT": 83.96,
  "XRPUSDT": 1.3612,
  "BNBUSDT": 622.15,
  "XAUUSDT": 5349.1,
  "XAGUSDT": 93.62,
  "DOGEUSDT": 0.09281,
  "PAXGUSDT": 5383.46,
  "HYPEUSDT": 31.062,
  "BCHUSDT": 448.3,
  "WLFIUSDT": 0.107,
  "TRXUSDT": 0.28075,
  "ZECUSDT": 216.28,
  "ADAUSDT": 0.2746,
  "UNIUSDT": 3.803,
  "SUIUSDT": 0.8976,
  "ASTERUSDT": 0.7021,
  "LINKUSDT": 8.762,
  "1000PEPEUSDT": 0.0034201,
  "AVAXUSDT": 9.063,
  "LTCUSDT": 53.77,
  "PUMPUSDT": 0.001925,
  "ENAUSDT": 0.105,
  "NEARUSDT": 1.192,
  "DOTUSDT": 1.549,
  "PIPPINUSDT": 0.54732,
  "AAVEUSDT": 114.97,
  "WLDUSDT": 0.3867,
  "FILUSDT": 0.98,
  "XPLUSDT": 0.0975,
  "LITUSDT": 1.405,
  "KITEUSDT": 0.23753,
  "TRUMPUSDT": 3.416,
  "TAOUSDT": 178.01,
  "1000SHIBUSDT": 0.005589,
  "ZROUSDT": 1.837,
  "TONUSDT": 1.2051,
  "APTUSDT": 0.9485,
  "ATOMUSDT": 1.823,
  "RIVERUSDT": 14.287,
  "POWERUSDT": 1.66082,
  "XMRUSDT": 345.01,
  "HBARUSDT": 0.09836,
  "HUSDT": 0.12533,
  "BERAUSDT": 0.6004,
  "ARBUSDT": 0.1012,
  "XLMUSDT": 0.15478,
  "WIFUSDT": 0.1928,
  "ICPUSDT": 2.385,
  "ARCUSDT": 0.04055,
  "CRVUSDT": 0.242,
  "MONUSDT": 0.02067,
  "VVVUSDT": 6.538,
  "AXSUSDT": 1.261,
  "FETUSDT": 0.1509,
  "FFUSDT": 0.07886,
  "OPUSDT": 0.1224,
  "VIRTUALUSDT": 0.6993,
  "PENGUUSDT": 0.006793,
  "ETCUSDT": 8.609,
  "CCUSDT": 0.15887,
  "PARTIUSDT": 0.09278,
  "BARDUSDT": 0.9961,
  "POLUSDT": 0.10748,
  "BTCDOMUSDT": 5096.8,
  "1000BONKUSDT": 0.005935,
  "CHZUSDT": 0.03348,
  "ETHFIUSDT": 0.5023,
  "ONDOUSDT": 0.2539,
  "BANUSDT": 0.11075,
  "TIAUSDT": 0.3243,
  "FARTCOINUSDT": 0.1542,
  "DASHUSDT": 32.13,
  "\u5e01\u5b89\u4eba\u751fUSDT": 0.06385,
  "IPUSDT": 0.861,
  "SAHARAUSDT": 0.02409,
  "ENSOUSDT": 1.2977,
  "ESPUSDT": 0.12987,
  "INJUSDT": 3.032,
  "SENTUSDT": 0.02117,
  "SEIUSDT": 0.06924,
  "STABLEUSDT": 0.032312,
  "JUPUSDT": 0.1696,
  "0GUSDT": 0.6157,
  "LYNUSDT": 0.33604,
  "KAITOUSDT": 0.3317,
  "ALCHUSDT": 0.08076,
  "BUSDT": 0.1892,
  "ZKUSDT": 0.01869,
  "PENDLEUSDT": 1.283,
  "ZAMAUSDT": 0.02023,
  "SKYAIUSDT": 0.03882,
  "BULLAUSDT": 0.02512,
  "ATUSDT": 0.15499,
  "RENDERUSDT": 1.366,
  "LDOUSDT": 0.3035,
  "QUSDT": 0.024126,
  "GWEIUSDT": 0.042559,
  "BANANAS31USDT": 0.004788,
  "GUAUSDT": 0.2194,
  "MORPHOUSDT": 1.773,
  "HOMEUSDT": 0.028794,
  "PIEVERSEUSDT": 0.5238,
  "SIRENUSDT": 0.24367,
  "MYXUSDT": 0.383,
  "NIGHTUSDT": 0.05779,
  "MUSDT": 1.5121,
  "ZENUSDT": 5.319,
  "SIGNUSDT": 0.02522,
  "CAKEUSDT": 1.315,
  "BIOUSDT": 0.02039,
  "ALGOUSDT": 0.0868,
  "SANDUSDT": 0.08332,
  "BTRUSDT": 0.18253,
  "STRKUSDT": 0.04032,
  "GALAUSDT": 0.00353,
  "USDCUSDT": 0.99954,
  "GIGGLEUSDT": 25.74,
  "STGUSDT": 0.1629,
  "GPSUSDT": 0.009171,
  "HANAUSDT": 0.03477,
  "TSLAUSDT": 394.03,
  "ALLOUSDT": 0.10646,
  "FORMUSDT": 0.217,
  "SKYUSDT": 0.068,
  "1000RATSUSDT": 0.03208,
  "DUSKUSDT": 0.0822,
  "ATHUSDT": 0.006205,
  "AZTECUSDT": 0.02202,
  "APEUSDT": 0.1003,
  "JTOUSDT": 0.2662,
  "JELLYJELLYUSDT": 0.06987,
  "GUNUSDT": 0.02629,
  "MSTRUSDT": 130.9,
  "B2USDT": 0.7275,
  "AEROUSDT": 0.341,
  "1000LUNCUSDT": 0.04288,
  "SYRUPUSDT": 0.23291,
  "TRADOORUSDT": 1.42,
  "XPINUSDT": 0.001438,
  "DENTUSDT": 0.00029,
  "ZILUSDT": 0.00414,
  "BEAMXUSDT": 0.00188,
  "HUMAUSDT": 0.012145,
  "OPNUSDT": 0.452,
  "EIGENUSDT": 0.1778,
  "UBUSDT": 0.03272,
  "ROSEUSDT": 0.01111,
  "METUSDT": 0.1788,
  "XTZUSDT": 0.373,
  "PYTHUSDT": 0.04874,
  "VETUSDT": 0.007237,
  "LAUSDT": 0.2165,
  "FOGOUSDT": 0.02549,
  "AVNTUSDT": 0.174,
  "NEOUSDT": 2.609,
  "DYDXUSDT": 0.092,
  "GRASSUSDT": 0.2862,
  "ORDIUSDT": 2.439,
  "NXPCUSDT": 0.2697,
  "MOVEUSDT": 0.02153,
  "BEATUSDT": 0.2522,
  "ZKPUSDT": 0.0893,
  "RAVEUSDT": 0.36993,
  "CRCLUSDT": 81.68,
  "ESPORTSUSDT": 0.30789,
  "\u6211\u8e0f\u9a6c\u6765\u4e86USDT": 0.010311,
  "COMPUSDT": 17.72,
  "1000FLOKIUSDT": 0.02767,
  "SUSDT": 0.03988,
  "LINEAUSDT": 0.003033,
  "KNCUSDT": 0.1636,
  "ROBOUSDT": 0.03933,
  "COLLECTUSDT": 0.04141,
  "AUCTIONUSDT": 4.756,
  "PNUTUSDT": 0.04405,
  "ORCAUSDT": 0.869,
  "AGLDUSDT": 0.2183,
  "CYBERUSDT": 0.5416,
  "ARUSDT": 1.547,
  "SKRUSDT": 0.021522,
  "ENSUSDT": 6.021,
  "SPXUSDT": 0.3185,
  "TRBUSDT": 13.967,
  "SNXUSDT": 0.311,
  "LPTUSDT": 2.287,
  "STXUSDT": 0.2534,
  "WUSDT": 0.01844,
  "ALICEUSDT": 0.157,
  "MEUSDT": 0.1151,
  "EULUSDT": 1.028,
  "JASMYUSDT": 0.005381,
  "TRIAUSDT": 0.01883,
  "TAUSDT": 0.04031,
  "FIOUSDT": 0.01037,
  "IMXUSDT": 0.1667,
  "BANKUSDT": 0.03672,
  "BIRBUSDT": 0.15319,
  "4USDT": 0.00845,
  "PLUMEUSDT": 0.009,
  "MANAUSDT": 0.0968,
  "RESOLVUSDT": 0.05859,
  "USELESSUSDT": 0.04105,
  "JSTUSDT": 0.048218,
  "WETUSDT": 0.09943,
  "IOTAUSDT": 0.0662,
  "AGTUSDT": 0.005445,
  "YGGUSDT": 0.03862,
  "SUNUSDT": 0.015199,
  "AWEUSDT": 0.05109,
  "LAYERUSDT": 0.0909,
  "SOMIUSDT": 0.1904,
  "WCTUSDT": 0.05844,
  "COAIUSDT": 0.3138,
  "AXLUSDT": 0.05296,
  "CLOUSDT": 0.0713,
  "INITUSDT": 0.07594,
  "GRTUSDT": 0.02595,
  "MERLUSDT": 0.03952,
  "CFXUSDT": 0.04761,
  "2ZUSDT": 0.0733,
  "DEXEUSDT": 3.256,
  "MIRAUSDT": 0.0957,
  "PTBUSDT": 0.00124,
  "EDUUSDT": 0.1025,
  "QNTUSDT": 62.03,
  "CYSUSDT": 0.3011,
  "API3USDT": 0.2792,
  "FLOWUSDT": 0.03551,
  "NMRUSDT": 7.471,
  "SFPUSDT": 0.2631,
  "MOODENGUSDT": 0.04869,
  "TAGUSDT": 0.0003478,
  "MMTUSDT": 0.117,
  "LIGHTUSDT": 0.1871,
  "STEEMUSDT": 0.06046,
  "SPKUSDT": 0.01916,
  "NAORISUSDT": 0.03116,
  "BREVUSDT": 0.1404,
  "FOLKSUSDT": 1.224,
  "NEIROUSDT": 6.701e-05,
  "ZRXUSDT": 0.1052,
  "ARKMUSDT": 0.1072,
  "VANAUSDT": 1.435,
  "THETAUSDT": 0.1874,
  "AIXBTUSDT": 0.02124,
  "ZORAUSDT": 0.01785,
  "RUNEUSDT": 0.3959,
  "1INCHUSDT": 0.0931,
  "ANIMEUSDT": 0.004815,
  "IOUSDT": 0.1057,
  "EGLDUSDT": 4.362,
  "KASUSDT": 0.02969,
  "SOPHUSDT": 0.009074,
  "KAIAUSDT": 0.0547,
  "KGENUSDT": 0.18549,
  "LRCUSDT": 0.03121,
  "AKEUSDT": 0.0002451,
  "MEGAUSDT": 0.13167,
  "YFIUSDT": 2640.0,
  "SPACEUSDT": 0.007174,
  "PEOPLEUSDT": 0.00625,
  "AIAUSDT": 0.08478,
  "STOUSDT": 0.06423,
  "BLUAIUSDT": 0.004918,
  "COWUSDT": 0.2159,
  "XPTUSDT": 2363.48,
  "TAKEUSDT": 0.02213,
  "PROVEUSDT": 0.2944,
  "BATUSDT": 0.1033,
  "FHEUSDT": 0.02869,
  "HIPPOUSDT": 0.000696,
  "SUSHIUSDT": 0.2015,
  "BSVUSDT": 15.23,
  "VELVETUSDT": 0.08235,
  "AUSDT": 0.0785,
  "TSTUSDT": 0.00922,
  "OGUSDT": 2.771,
  "TWTUSDT": 0.5008,
  "KERNELUSDT": 0.0762,
  "LUNA2USDT": 0.06321,
  "OPENUSDT": 0.1435,
  "AVAAIUSDT": 0.007252,
  "UAIUSDT": 0.2001,
  "GMTUSDT": 0.01147,
  "POPCATUSDT": 0.04667,
  "CATIUSDT": 0.03896,
  "TURBOUSDT": 0.0009569,
  "YBUSDT": 0.1703,
  "ACTUSDT": 0.01313,
  "MANTAUSDT": 0.06116,
  "SWARMSUSDT": 0.006818,
  "VELODROMEUSDT": 0.01533,
  "SOONUSDT": 0.1661,
  "GASUSDT": 1.602,
  "BOMEUSDT": 0.00038,
  "NOMUSDT": 0.003543,
  "FIGHTUSDT": 0.006153,
  "BABYUSDT": 0.0113,
  "SUPERUSDT": 0.1127,
  "MINAUSDT": 0.05624,
  "NILUSDT": 0.04885,
  "TNSRUSDT": 0.04524,
  "RPLUSDT": 1.83,
  "XNYUSDT": 0.005674,
  "NEWTUSDT": 0.07169,
  "TUTUSDT": 0.00974,
  "KSMUSDT": 4.719,
  "FUSDT": 0.005554,
  "XVGUSDT": 0.005437,
  "HOLOUSDT": 0.06063,
  "MEMEUSDT": 0.0005765,
  "MAGICUSDT": 0.06013,
  "ZBTUSDT": 0.07451,
  "ALTUSDT": 0.007084,
  "AINUSDT": 0.04078,
  "AIOUSDT": 0.06943,
  "UMAUSDT": 0.4204,
  "IOTXUSDT": 0.00446,
  "BLURUSDT": 0.01967,
  "BASUSDT": 0.007069,
  "MASKUSDT": 0.4252,
  "ASRUSDT": 1.314,
  "DAMUSDT": 0.02316,
  "SAPIENUSDT": 0.08096,
  "ACHUSDT": 0.006625,
  "INUSDT": 0.06812,
  "ONTUSDT": 0.0433,
  "CELOUSDT": 0.076,
  "TRUTHUSDT": 0.009531,
  "REDUSDT": 0.1481,
  "MUBARAKUSDT": 0.01306,
  "KMNOUSDT": 0.02181,
  "KOMAUSDT": 0.007879,
  "SANTOSUSDT": 1.308,
  "GLMUSDT": 0.13329,
  "STBLUSDT": 0.03793,
  "IDOLUSDT": 0.01931,
  "C98USDT": 0.0261,
  "MELANIAUSDT": 0.1086,
  "SKLUSDT": 0.00649,
  "ERAUSDT": 0.1432,
  "RAYSOLUSDT": 0.5912,
  "CTSIUSDT": 0.0241,
  "WALUSDT": 0.07666,
  "EDENUSDT": 0.0319,
  "DRIFTUSDT": 0.0844,
  "ZKCUSDT": 0.0837,
  "SONICUSDT": 0.04372,
  "ANKRUSDT": 0.00417,
  "RSRUSDT": 0.00145,
  "ZEREBROUSDT": 0.007017,
  "ICNTUSDT": 0.3731,
  "ENJUSDT": 0.019,
  "GMXUSDT": 6.736,