{
  "BTCUSDT": 66939.1,
  "ETHUSDT": 1947.5,
  "SOLUSDT": 82.05,
  "XRPUSDT": 1.4098,
  "BNBUSDT": 608.34,
  "BCHUSDT": 558.92,
  "DOGEUSDT": 0.09787,
  "HYPEUSDT": 29.142,
  "XAGUSDT": 78.24,
  "WLFIUSDT": 0.1166,
  "PAXGUSDT": 5003.14,
  "ZECUSDT": 264.02,
  "XAUUSDT": 4999.96,
  "TRXUSDT": 0.28441,
  "SUIUSDT": 0.9185,
  "ASTERUSDT": 0.7092,
  "1000PEPEUSDT": 0.0042264,
  "LINKUSDT": 8.53,
  "LTCUSDT": 52.54,
  "AVAXUSDT": 8.903,
  "ADAUSDT": 0.2726,
  "UNIUSDT": 3.365,
  "PUMPUSDT": 0.002066,
  "ENAUSDT": 0.1122,
  "KITEUSDT": 0.24129,
  "NEARUSDT": 0.999,
  "AAVEUSDT": 123.71,
  "PIPPINUSDT": 0.48491,
  "LITUSDT": 1.481,
  "WLDUSDT": 0.3714,
  "TRUMPUSDT": 3.405,
  "FILUSDT": 0.91,
  "XPLUSDT": 0.0937,
  "ARCUSDT": 0.07594,
  "TAOUSDT": 177.52,
  "DOTUSDT": 1.281,
  "ATOMUSDT": 2.283,
  "APTUSDT": 0.8614,
  "TONUSDT": 1.3659,
  "ZROUSDT": 1.4635,
  "HBARUSDT": 0.09807,
  "1000SHIBUSDT": 0.006187,
  "XLMUSDT": 0.15966,
  "BERAUSDT": 0.5689,
  "ARBUSDT": 0.0984,
  "AXSUSDT": 1.239,
  "HUSDT": 0.1712,
  "RIVERUSDT": 8.396,
  "OPUSDT": 0.139,
  "ICPUSDT": 2.139,
  "XMRUSDT": 335.23,
  "MONUSDT": 0.02035,
  "WIFUSDT": 0.2166,
  "FETUSDT": 0.1614,
  "FFUSDT": 0.07943,
  "CRVUSDT": 0.239,
  "ENSOUSDT": 1.627,
  "BARDUSDT": 0.7588,
  "PENGUUSDT": 0.006567,
  "ETCUSDT": 8.249,
  "IPUSDT": 1.096,
  "FARTCOINUSDT": 0.1813,
  "1000BONKUSDT": 0.006118,
  "INJUSDT": 3.292,
  "CHZUSDT": 0.03824,
  "PARTIUSDT": 0.10069,
  "BANUSDT": 0.12201,
  "DASHUSDT": 34.63,
  "POWERUSDT": 0.37385,
  "POLUSDT": 0.10491,
  "\u5e01\u5b89\u4eba\u751fUSDT": 0.0856,
  "BTCDOMUSDT": 5107.7,
  "SENTUSDT": 0.02079,
  "TIAUSDT": 0.3179,
  "ONDOUSDT": 0.2601,
  "VIRTUALUSDT": 0.6261,
  "ETHFIUSDT": 0.4563,
  "SEIUSDT": 0.0697,
  "ZKUSDT": 0.0198,
  "ZAMAUSDT": 0.02014,
  "JUPUSDT": 0.1512,
  "0GUSDT": 0.6066,
  "RAVEUSDT": 0.48544,
  "STABLEUSDT": 0.029404,
  "LYNUSDT": 0.28689,
  "ORCAUSDT": 1.22,
  "ALCHUSDT": 0.08212,
  "SIRENUSDT": 0.2152,
  "CCUSDT": 0.15742,
  "VVVUSDT": 3.62,
  "KAITOUSDT": 0.2939,
  "PENDLEUSDT": 1.1845,
  "ESPUSDT": 0.07285,
  "LDOUSDT": 0.3214,
  "NIGHTUSDT": 0.06188,
  "1000RATSUSDT": 0.04652,
  "OMUSDT": 0.06426,
  "RENDERUSDT": 1.393,
  "QUSDT": 0.020965,
  "DUSKUSDT": 0.08685,
  "BTRUSDT": 0.17746,
  "ATUSDT": 0.16097,
  "JTOUSDT": 0.2826,
  "HANAUSDT": 0.03681,
  "ZENUSDT": 5.795,
  "HOMEUSDT": 0.026709,
  "SANDUSDT": 0.08161,
  "STRKUSDT": 0.0445,
  "BANANAS31USDT": 0.004405,
  "SKYAIUSDT": 0.0379,
  "TRADOORUSDT": 1.447,
  "UBUSDT": 0.03774,
  "GUNUSDT": 0.02828,
  "MYXUSDT": 0.869,
  "GPSUSDT": 0.012923,
  "CYSUSDT": 0.4236,
  "CAKEUSDT": 1.2545,
  "ALGOUSDT": 0.0886,
  "MUSDT": 1.3472,
  "PIEVERSEUSDT": 0.411,
  "SKYUSDT": 0.06412,
  "APEUSDT": 0.1089,
  "\u6211\u8e0f\u9a6c\u6765\u4e86USDT": 0.015769,
  "GALAUSDT": 0.00377,
  "USDCUSDT": 0.999751,
  "JELLYJELLYUSDT": 0.07251,
  "GIGGLEUSDT": 29.14,
  "ALLOUSDT": 0.11027,
  "XPINUSDT": 0.001899,
  "ZILUSDT": 0.00396,
  "ROSEUSDT": 0.01244,
  "B2USDT": 0.7073,
  "PYTHUSDT": 0.05222,
  "METUSDT": 0.2149,
  "INITUSDT": 0.0992,
  "MORPHOUSDT": 1.4075,
  "AVNTUSDT": 0.1861,
  "HUMAUSDT": 0.012622,
  "SNXUSDT": 0.345,
  "NAORISUSDT": 0.04404,
  "MSTRUSDT": 128.86,
  "BEAMXUSDT": 0.002231,
  "CYBERUSDT": 0.5725,
  "BUSDT": 0.1347,
  "SYRUPUSDT": 0.22889,
  "MOVEUSDT": 0.02312,
  "COMPUSDT": 17.87,
  "1000LUNCUSDT": 0.03628,
  "ZKPUSDT": 0.09285,
  "GUAUSDT": 0.1535,
  "EIGENUSDT": 0.1924,
  "SPACEUSDT": 0.009263,
  "MEUSDT": 0.126,
  "XTZUSDT": 0.38,
  "BULLAUSDT": 0.02653,
  "AEROUSDT": 0.3111,
  "COLLECTUSDT": 0.0631,
  "TSLAUSDT": 411.45,
  "AUCTIONUSDT": 4.97,
  "LAUSDT": 0.2025,
  "DYDXUSDT": 0.097,
  "ENSUSDT": 6.445,
  "VETUSDT": 0.007662,
  "FORMUSDT": 0.211,
  "BIOUSDT": 0.02222,
  "NEOUSDT": 2.671,
  "ESPORTSUSDT": 0.34999,
  "NXPCUSDT": 0.2547,
  "ORDIUSDT": 2.561,
  "AWEUSDT": 0.06373,
  "PNUTUSDT": 0.04717,
  "SUSDT": 0.04268,
  "FOGOUSDT": 0.02374,
  "BEATUSDT": 0.248,
  "LINEAUSDT": 0.003272,
  "OGUSDT": 3.371,
  "CLOUSDT": 0.09145,
  "SOMIUSDT": 0.2059,
  "1000FLOKIUSDT": 0.02979,
  "FHEUSDT": 0.04031,
  "PLUMEUSDT": 0.01006,
  "LPTUSDT": 2.309,
  "BIRBUSDT": 0.173,
  "STXUSDT": 0.2475,
  "MERLUSDT": 0.0538,
  "LRCUSDT": 0.03216,
  "STGUSDT": 0.1264,
  "SPXUSDT": 0.3235,
  "EDUUSDT": 0.1236,
  "VANAUSDT": 1.394,
  "BANKUSDT": 0.04171,
  "RESOLVUSDT": 0.05703,
  "AZTECUSDT": 0.01926,
  "TRBUSDT": 14.924,
  "LIGHTUSDT": 0.2562,
  "ATHUSDT": 0.005474,
  "TRIAUSDT": 0.01615,
  "WUSDT": 0.01932,
  "GWEIUSDT": 0.027439,
  "MANAUSDT": 0.0955,
  "RPLUSDT": 2.194,
  "NMRUSDT": 8.195,
  "2ZUSDT": 0.06956,
  "UAIUSDT": 0.2407,
  "WCTUSDT": 0.05904,
  "ZORAUSDT": 0.02084,
  "MOODENGUSDT": 0.05503,
  "LUNA2USDT": 0.06509,
  "JASMYUSDT": 0.005606,
  "API3USDT": 0.299,
  "TAGUSDT": 0.0003913,
  "CFXUSDT": 0.05069,
  "EULUSDT": 0.891,
  "AIAUSDT": 0.10537,
  "ARUSDT": 1.933,
  "COAIUSDT": 0.3237,
  "MMTUSDT": 0.126,
  "SFPUSDT": 0.2787,
  "FLOWUSDT": 0.0351,
  "TAUSDT": 0.03597,
  "SPKUSDT": 0.02083,
  "GRTUSDT": 0.0263,
  "4USDT": 0.00894,
  "USELESSUSDT": 0.04075,
  "IMXUSDT": 0.1568,
  "1INCHUSDT": 0.0918,
  "TAKEUSDT": 0.02692,
  "IOTAUSDT": 0.0683,
  "QNTUSDT": 66.92,
  "JSTUSDT": 0.042001,
  "ZRXUSDT": 0.1058,
  "FOLKSUSDT": 1.417,
  "XNYUSDT": 0.005097,
  "KAIAUSDT": 0.05561,
  "YFIUSDT": 2787.0,
  "THETAUSDT": 0.1917,
  "PTBUSDT": 0.001339,
  "ARKMUSDT": 0.1086,
  "NEIROUSDT": 7.19e-05,
  "MEGAUSDT": 0.13042,
  "SKRUSDT": 0.019069,
  "ANIMEUSDT": 0.004976,
  "KGENUSDT": 0.18323,
  "AXLUSDT": 0.05446,
  "EGLDUSDT": 4.47,
  "COWUSDT": 0.1941,
  "BREVUSDT": 0.1253,
  "AGTUSDT": 0.004296,
  "RUNEUSDT": 0.3956,
  "ZKCUSDT": 0.0892,
  "GASUSDT": 1.593,
  "SAHARAUSDT": 0.01516,
  "BOMEUSDT": 0.0004111,
  "TSTUSDT": 0.01044,
  "BLUAIUSDT": 0.00513,
  "MAGICUSDT": 0.0695,
  "PEOPLEUSDT": 0.00669,
  "FUSDT": 0.005902,
  "NILUSDT": 0.05332,
  "NOMUSDT": 0.005191,
  "MANTAUSDT": 0.07111,
  "TUTUSDT": 0.01105,
  "TWTUSDT": 0.5185,
  "KASUSDT": 0.03019,
  "AVAAIUSDT": 0.0076,
  "MUBARAKUSDT": 0.01643,
  "ACTUSDT": 0.01476,
  "PROVEUSDT": 0.3014,
  "SANTOSUSDT": 1.962,
  "VELVETUSDT": 0.08015,
  "BSVUSDT": 16.15,
  "IOUSDT": 0.1084,
  "TURBOUSDT": 0.0010256,
  "AUSDT": 0.08,
  "BATUSDT": 0.1196,
  "TNSRUSDT": 0.04913,
  "MINAUSDT": 0.06192,
  "FIGHTUSDT": 0.006388,
  "GMTUSDT": 0.01185,
  "GRASSUSDT": 0.1824,
  "XPTUSDT": 2076.36,
  "OPENUSDT": 0.1528,
  "SIGNUSDT": 0.0249,
  "CATIUSDT": 0.04022,
  "IDOLUSDT": 0.02141,
  "YBUSDT": 0.1626,
  "ZBTUSDT": 0.07162,
  "SUPERUSDT": 0.1215,
  "SOPHUSDT": 0.009115,
  "SWARMSUSDT": 0.00699,
  "AIOUSDT": 0.07495,
  "RAYSOLUSDT": 0.6325,
  "BABYUSDT": 0.0134,
  "CVXUSDT": 1.973,
  "POPCATUSDT": 0.0493,
  "XVGUSDT": 0.006014,
  "C98USDT": 0.0272,
  "IRUSDT": 0.08404,
  "SONICUSDT": 0.05115,
  "SUSHIUSDT": 0.1987,
  "SUNUSDT": 0.017404,
  "AKEUSDT": 0.0002598,
  "PROMUSDT": 1.359,
  "ONTUSDT": 0.0441,
  "ACHUSDT": 0.007412,
  "ICNTUSDT": 0.3879,
  "LAYERUSDT": 0.0834,
  "MASKUSDT": 0.4429,
  "VELODROMEUSDT": 0.01405,
  "BLURUSDT": 0.02013,
  "YGGUSDT": 0.03888,
  "MEMEUSDT": 0.00067,
  "CELOUSDT": 0.076,
  "FRAXUSDT": 0.6721,
  "ALTUSDT": 0.00793,
  "GLMUSDT": 0.16752,
  "ASRUSDT": 1.417,
  "STOUSDT": 0.05456,
  "SOLVUSDT": 0.00444,
  "RAREUSDT": 0.01919,
  "SOONUSDT": 0.1637,
  "CTSIUSDT": 0.025,
  "LSKUSDT": 0.1511,
  "DOLOUSDT": 0.03937,
  "UMAUSDT": 0.4677,
  "IRYSUSDT": 0.02422,
  "TRUTHUSDT": 0.010079,
  "EDENUSDT": 0.03399,
  "DEXEUSDT": 2.272,
  "ZEREBROUSDT": 0.00791,
  "THEUSDT": 0.2632,
  "AIXBTUSDT": 0.01986,
  "KMNOUSDT": 0.02792,
  "DEGOUSDT": 0.3541,
  "ERAUSDT": 0.1542,
  "MELANIAUSDT": 0.1136,
  "KERNELUSDT": 0.0653,
  "ANKRUSDT": 0.004412,
  "GMXUSDT": 6.557,
  "STORJUSDT": 0.095,
  "BASUSDT": 0.005733,
  "DRIFTUSDT": 0.0837,
  "IDUSDT": 0.04836,
  "ARPAUSDT": 0.00978,
  "QTUMUSDT": 0.925,
  "STBLUSDT": 0.03821,
  "KSMUSDT": 4.541,
  "POLYXUSDT": 0.04351,
  "RSRUSDT": 0.001455,
  "WALUSDT": 0.0781,
  "APRUSDT": 0.10322,
  "ONUSDT": 0.0944,
  "HYPERUSDT": 0.0974,
  "ARIAUSDT": 0.07289,
  "INUSDT": 0.06024,
  "BROCCOLI714USDT": 0.01392,
  "PLAYUSDT": 0.01912,