{
  "BTCUSDT": 68940.7,
  "ETHUSDT": 2066.87,
  "SOLUSDT": 88.98,
  "XRPUSDT": 1.4608,
  "BNBUSDT": 630.93,
  "DOGEUSDT": 0.10369,
  "BCHUSDT": 513.15,
  "XAGUSDT": 91.03,
  "XAUUSDT": 5200.64,
  "HYPEUSDT": 28.654,
  "PAXGUSDT": 5207.01,
  "WLFIUSDT": 0.1166,
  "ZECUSDT": 255.53,
  "UNIUSDT": 4.102,
  "ADAUSDT": 0.2979,
  "SUIUSDT": 0.9916,
  "TRXUSDT": 0.28616,
  "LINKUSDT": 9.413,
  "AVAXUSDT": 9.708,
  "ASTERUSDT": 0.7142,
  "LTCUSDT": 58.15,
  "PIPPINUSDT": 0.74224,
  "1000PEPEUSDT": 0.0043473,
  "PUMPUSDT": 0.001907,
  "ENAUSDT": 0.1103,
  "KITEUSDT": 0.27191,
  "NEARUSDT": 1.18,
  "ARCUSDT": 0.091,
  "AAVEUSDT": 122.34,
  "WLDUSDT": 0.4307,
  "DOTUSDT": 1.584,
  "FILUSDT": 1.089,
  "TRUMPUSDT": 3.58,
  "XPLUSDT": 0.1048,
  "LITUSDT": 1.486,
  "TAOUSDT": 183.46,
  "APTUSDT": 1.0155,
  "POWERUSDT": 0.91488,
  "1000SHIBUSDT": 0.006388,
  "ZROUSDT": 1.5836,
  "HBARUSDT": 0.10329,
  "TONUSDT": 1.3323,
  "ATOMUSDT": 2.08,
  "XLMUSDT": 0.16519,
  "BERAUSDT": 0.6258,
  "ARBUSDT": 0.1031,
  "WIFUSDT": 0.221,
  "ICPUSDT": 2.438,
  "AXSUSDT": 1.388,
  "OPUSDT": 0.1271,
  "XMRUSDT": 344.55,
  "CRVUSDT": 0.26,
  "MONUSDT": 0.02196,
  "RIVERUSDT": 8.683,
  "PENGUUSDT": 0.007454,
  "ENSOUSDT": 1.9278,
  "FETUSDT": 0.1712,
  "ESPUSDT": 0.15254,
  "VIRTUALUSDT": 0.7083,
  "ETCUSDT": 9.406,
  "FFUSDT": 0.07954,
  "1000BONKUSDT": 0.006532,
  "BARDUSDT": 0.7721,
  "POLUSDT": 0.11673,
  "FARTCOINUSDT": 0.1718,
  "IPUSDT": 1.072,
  "TIAUSDT": 0.363,
  "PARTIUSDT": 0.10293,
  "ETHFIUSDT": 0.5312,
  "ONDOUSDT": 0.2802,
  "CHZUSDT": 0.03551,
  "BTCDOMUSDT": 5003.6,
  "DASHUSDT": 35.59,
  "BANUSDT": 0.1123,
  "\u5e01\u5b89\u4eba\u751fUSDT": 0.06384,
  "HUSDT": 0.13337,
  "INJUSDT": 3.331,
  "SIRENUSDT": 0.33143,
  "SENTUSDT": 0.02341,
  "SEIUSDT": 0.0719,
  "ZKUSDT": 0.0205,
  "0GUSDT": 0.6576,
  "JUPUSDT": 0.1629,
  "STABLEUSDT": 0.030675,
  "KAITOUSDT": 0.334,
  "CCUSDT": 0.16323,
  "ZAMAUSDT": 0.02189,
  "PENDLEUSDT": 1.3031,
  "LDOUSDT": 0.3328,
  "ALCHUSDT": 0.07941,
  "MORPHOUSDT": 1.8533,
  "MYXUSDT": 0.424,
  "RENDERUSDT": 1.506,
  "SANDUSDT": 0.09037,
  "GUAUSDT": 0.22066,
  "LYNUSDT": 0.31857,
  "VVVUSDT": 4.196,
  "QUSDT": 0.022355,
  "1000RATSUSDT": 0.04636,
  "SKYAIUSDT": 0.04306,
  "BIOUSDT": 0.02602,
  "HOMEUSDT": 0.028976,
  "NIGHTUSDT": 0.06076,
  "CAKEUSDT": 1.3319,
  "ATUSDT": 0.15578,
  "BANANAS31USDT": 0.004625,
  "ZENUSDT": 5.762,
  "GPSUSDT": 0.009998,
  "PIEVERSEUSDT": 0.4827,
  "UBUSDT": 0.04149,
  "AZTECUSDT": 0.02824,
  "ALGOUSDT": 0.0928,
  "ALLOUSDT": 0.11746,
  "BULLAUSDT": 0.01766,
  "STRKUSDT": 0.04614,
  "OPNUSDT": 0.6085,
  "GUNUSDT": 0.02992,
  "GALAUSDT": 0.00391,
  "DUSKUSDT": 0.08822,
  "AEROUSDT": 0.3766,
  "USDCUSDT": 0.99941,
  "BTRUSDT": 0.18766,
  "HANAUSDT": 0.03399,
  "MUSDT": 1.354,
  "APEUSDT": 0.1127,
  "JTOUSDT": 0.3003,
  "ZILUSDT": 0.00446,
  "LAUSDT": 0.2458,
  "SKYUSDT": 0.07072,
  "DENTUSDT": 0.00024,
  "COLLECTUSDT": 0.05787,
  "TRADOORUSDT": 1.485,
  "MSTRUSDT": 136.2,
  "GIGGLEUSDT": 26.33,
  "BUSDT": 0.1363,
  "SYRUPUSDT": 0.22701,
  "PYTHUSDT": 0.0555,
  "FOGOUSDT": 0.02873,
  "METUSDT": 0.1866,
  "VETUSDT": 0.00794,
  "BEAMXUSDT": 0.002114,
  "ROSEUSDT": 0.01318,
  "ORCAUSDT": 0.986,
  "SKRUSDT": 0.022916,
  "XPINUSDT": 0.001537,
  "EIGENUSDT": 0.2032,
  "HUMAUSDT": 0.012359,
  "\u6211\u8e0f\u9a6c\u6765\u4e86USDT": 0.012444,
  "ORDIUSDT": 2.632,
  "B2USDT": 0.7161,
  "DYDXUSDT": 0.105,
  "AXLUSDT": 0.06079,
  "LINEAUSDT": 0.003404,
  "SNXUSDT": 0.373,
  "TSLAUSDT": 416.04,
  "AVNTUSDT": 0.1858,
  "NEOUSDT": 2.848,
  "MOVEUSDT": 0.02263,
  "AWEUSDT": 0.05375,
  "AGLDUSDT": 0.2998,
  "SOMIUSDT": 0.2173,
  "NXPCUSDT": 0.2792,
  "SUSDT": 0.04356,
  "XTZUSDT": 0.401,
  "JELLYJELLYUSDT": 0.06159,
  "PNUTUSDT": 0.04946,
  "ZKPUSDT": 0.08661,
  "FORMUSDT": 0.2026,
  "STXUSDT": 0.272,
  "CYBERUSDT": 0.5683,
  "COMPUSDT": 19.01,
  "LPTUSDT": 2.418,
  "ARUSDT": 1.911,
  "ESPORTSUSDT": 0.31251,
  "AUCTIONUSDT": 5.07,
  "ENSUSDT": 6.769,
  "STGUSDT": 0.1384,
  "MEUSDT": 0.1242,
  "1000FLOKIUSDT": 0.03131,
  "RAVEUSDT": 0.28717,
  "1000LUNCUSDT": 0.0373,
  "TRIAUSDT": 0.02235,
  "CYSUSDT": 0.3735,
  "TRBUSDT": 15.488,
  "RESOLVUSDT": 0.0677,
  "CRCLUSDT": 81.28,
  "SPXUSDT": 0.3313,
  "YGGUSDT": 0.04319,
  "PLUMEUSDT": 0.00986,
  "WUSDT": 0.02015,
  "AKEUSDT": 0.0003674,
  "BEATUSDT": 0.2256,
  "GWEIUSDT": 0.029704,
  "DEXEUSDT": 3.362,
  "USELESSUSDT": 0.04409,
  "JASMYUSDT": 0.005977,
  "IMXUSDT": 0.1793,
  "VANAUSDT": 1.509,
  "2ZUSDT": 0.07767,
  "EDUUSDT": 0.1214,
  "MANAUSDT": 0.1005,
  "BANKUSDT": 0.03944,
  "ATHUSDT": 0.005371,
  "EULUSDT": 1.022,
  "CFXUSDT": 0.05282,
  "MERLUSDT": 0.0462,
  "UAIUSDT": 0.2414,
  "INITUSDT": 0.08495,
  "GRTUSDT": 0.0284,
  "CLOUSDT": 0.08864,
  "WCTUSDT": 0.06209,
  "MOODENGUSDT": 0.05536,
  "IOTAUSDT": 0.0718,
  "NMRUSDT": 8.107,
  "FLOWUSDT": 0.03744,
  "QNTUSDT": 66.35,
  "OGUSDT": 3.055,
  "TAUSDT": 0.03898,
  "GRASSUSDT": 0.2286,
  "API3USDT": 0.304,
  "MMTUSDT": 0.1264,
  "ZRXUSDT": 0.1162,
  "KASUSDT": 0.03155,
  "COAIUSDT": 0.3161,
  "STEEMUSDT": 0.0591,
  "LRCUSDT": 0.0358,
  "THETAUSDT": 0.2003,
  "TAGUSDT": 0.0003618,
  "SPKUSDT": 0.02129,
  "KAIAUSDT": 0.05648,
  "JSTUSDT": 0.044024,
  "SPACEUSDT": 0.008555,
  "RUNEUSDT": 0.4219,
  "SFPUSDT": 0.267,
  "ZORAUSDT": 0.02023,
  "1INCHUSDT": 0.0979,
  "LIGHTUSDT": 0.2235,
  "4USDT": 0.00834,
  "AGTUSDT": 0.004884,
  "NEIROUSDT": 7.44e-05,
  "ARKMUSDT": 0.1193,
  "IOUSDT": 0.1187,
  "KSMUSDT": 5.291,
  "EGLDUSDT": 4.726,
  "BIRBUSDT": 0.16663,
  "FHEUSDT": 0.03094,
  "BREVUSDT": 0.1369,
  "NAORISUSDT": 0.03014,
  "PTBUSDT": 0.001303,
  "COWUSDT": 0.2249,
  "HOLOUSDT": 0.06051,
  "RPLUSDT": 2.022,
  "SIGNUSDT": 0.02369,
  "XPTUSDT": 2328.28,
  "LUNA2USDT": 0.06451,
  "AIAUSDT": 0.09284,
  "OPENUSDT": 0.1539,
  "YFIUSDT": 2840.0,
  "BATUSDT": 0.1262,
  "GASUSDT": 1.661,
  "KGENUSDT": 0.18546,
  "BSVUSDT": 16.68,
  "SWARMSUSDT": 0.0073,
  "FIGHTUSDT": 0.007422,
  "POPCATUSDT": 0.05308,
  "BOMEUSDT": 0.000419,
  "ANIMEUSDT": 0.00497,
  "SUSHIUSDT": 0.2228,
  "AUSDT": 0.0843,
  "ACTUSDT": 0.01448,
  "TWTUSDT": 0.5234,
  "GMTUSDT": 0.01201,
  "IDOLUSDT": 0.0227,
  "PEOPLEUSDT": 0.00695,
  "AVAAIUSDT": 0.00786,
  "SAHARAUSDT": 0.01545,
  "BLUAIUSDT": 0.005272,
  "PROVEUSDT": 0.2972,
  "MAGICUSDT": 0.06591,
  "MEGAUSDT": 0.13285,
  "MINAUSDT": 0.0611,
  "TURBOUSDT": 0.0010817,
  "KERNELUSDT": 0.07958,
  "TSTUSDT": 0.0102,
  "VELODROMEUSDT": 0.01649,
  "VELVETUSDT": 0.0855,
  "TNSRUSDT": 0.05008,
  "MANTAUSDT": 0.06816,
  "XNYUSDT": 0.005154,
  "FOLKSUSDT": 1.202,
  "YBUSDT": 0.1626,
  "AINUSDT": 0.04547,
  "UMAUSDT": 0.4793,
  "BABYUSDT": 0.01264,
  "AIXBTUSDT": 0.02083,
  "GRIFFAINUSDT": 0.01007,
  "TUTUSDT": 0.01062,
  "SOPHUSDT": 0.009404,
  "MEMEUSDT": 0.0006758,
  "CATIUSDT": 0.03985,
  "NOMUSDT": 0.004579,
  "STOUSDT": 0.05943,
  "ZBTUSDT": 0.07327,
  "AIOUSDT": 0.07606,
  "ACHUSDT": 0.007362,
  "SUPERUSDT": 0.1163,
  "BLURUSDT": 0.02135,
  "CVXUSDT": 1.985,
  "LAYERUSDT": 0.0875,
  "SAPIENUSDT": 0.09137,
  "SOONUSDT": 0.1722,
  "FUSDT": 0.005823,
  "KMNOUSDT": 0.02534,
  "NILUSDT": 0.04875,
  "MASKUSDT": 0.453,
  "XVGUSDT": 0.006139,
  "CELOUSDT": 0.08,
  "ALTUSDT": 0.00794,
  "GLMUSDT": 0.15486,
  "DAMUSDT": 0.02555,
  "MUBARAKUSDT": 0.01458,
  "SUNUSDT": 0.01655,
  "RAREUSDT": 0.01926,
  "ASRUSDT": 1.388,
  "SOLVUSDT": 0.00457,
  "SONICUSDT": 0.04868,
  "RAYSOLUSDT": 0.6472,
  "ONTUSDT": 0.0442,
  "TAKEUSDT": 0.0205,
  "EDENUSDT": 0.03391,
  "C98USDT": 0.026,
  "TRUTHUSDT": 0.009396,
  "ZKCUSDT": 0.0874,
  "STORJUSDT": 0.0989,
  "BELUSDT": 0.1025,
  "ICNTUSDT": 0.3753,
  "ANKRUSDT": 0.004531,
  "DRIFTUSDT": 0.0871,
  "ERAUSDT": 0.1498,
  "ARPAUSDT": 0.00996,
  "KOMAUSDT": 0.00804,
  "CTSIUSDT": 0.0253,
  "MELANIAUSDT": 0.116,
  "INUSDT": 0.06712,
  "SANTOSUSDT": 1.504,
  "WETUSDT": 0.09003,
  "DEGOUSDT": 0.3355,
  "SXTUSDT": 0.02279,
  "WALUSDT": 0.0814,
  "RSRUSDT": 0.001568,
  "GMXUSDT": 7.036,
  "ENJUSDT": 0.02063,
  "WOOUSDT": 0.01769,
  "FRAXUSDT": 0.6624,
  "THEUSDT": 0.2673,
  "PROMPTUSDT": 0.04773,