{
  "BTCUSDT": 68854.8,
  "ETHUSDT": 2053.07,
  "SOLUSDT": 84.9,
  "XRPUSDT": 1.4126,
  "BNBUSDT": 617.25,
  "BCHUSDT": 562.98,
  "DOGEUSDT": 0.09684,
  "HYPEUSDT": 31.456,
  "PAXGUSDT": 5033.58,
  "ZECUSDT": 284.1,
  "XAGUSDT": 77.43,
  "XAUUSDT": 5035.69,
  "TRXUSDT": 0.28261,
  "SUIUSDT": 0.9643,
  "ASTERUSDT": 0.7188,
  "LINKUSDT": 8.849,
  "LTCUSDT": 55.3,
  "AVAXUSDT": 9.164,
  "UNIUSDT": 3.408,
  "ADAUSDT": 0.2758,
  "ENAUSDT": 0.1226,
  "PUMPUSDT": 0.002126,
  "1000PEPEUSDT": 0.0038106,
  "PIPPINUSDT": 0.61134,
  "KITEUSDT": 0.21542,
  "NEARUSDT": 1.028,
  "AAVEUSDT": 120.84,
  "WLFIUSDT": 0.1029,
  "LITUSDT": 1.64,
  "WLDUSDT": 0.4015,
  "HUSDT": 0.226,
  "FILUSDT": 0.961,
  "ARCUSDT": 0.08054,
  "TRUMPUSDT": 3.432,
  "XPLUSDT": 0.1001,
  "ZROUSDT": 1.8131,
  "TAOUSDT": 188.8,
  "DOTUSDT": 1.348,
  "TONUSDT": 1.4562,
  "HBARUSDT": 0.10146,
  "1000SHIBUSDT": 0.006372,
  "APTUSDT": 0.952,
  "BERAUSDT": 0.686,
  "ATOMUSDT": 2.128,
  "MONUSDT": 0.0233,
  "XLMUSDT": 0.16646,
  "XMRUSDT": 356.81,
  "AXSUSDT": 1.456,
  "ARBUSDT": 0.1164,
  "ICPUSDT": 2.399,
  "WIFUSDT": 0.2243,
  "RIVERUSDT": 14.224,
  "DASHUSDT": 38.39,
  "FARTCOINUSDT": 0.1913,
  "CRVUSDT": 0.254,
  "PENGUUSDT": 0.006834,
  "IPUSDT": 1.147,
  "FFUSDT": 0.08097,
  "ETCUSDT": 8.658,
  "FETUSDT": 0.1682,
  "BARDUSDT": 0.814,
  "1000BONKUSDT": 0.006426,
  "OPUSDT": 0.1918,
  "CHZUSDT": 0.04232,
  "POLUSDT": 0.10104,
  "PARTIUSDT": 0.10898,
  "\u5e01\u5b89\u4eba\u751fUSDT": 0.10089,
  "TIAUSDT": 0.3421,
  "SENTUSDT": 0.02326,
  "BTCDOMUSDT": 5091.8,
  "ONDOUSDT": 0.2744,
  "ZAMAUSDT": 0.02137,
  "JUPUSDT": 0.156,
  "VIRTUALUSDT": 0.6256,
  "ZKUSDT": 0.02246,
  "SEIUSDT": 0.0757,
  "0GUSDT": 0.6269,
  "ETHFIUSDT": 0.4751,
  "BANUSDT": 0.09286,
  "LDOUSDT": 0.3528,
  "CCUSDT": 0.16767,
  "ALCHUSDT": 0.08669,
  "UBUSDT": 0.04729,
  "ZENUSDT": 6.483,
  "BTRUSDT": 0.15754,
  "SKYUSDT": 0.06802,
  "PENDLEUSDT": 1.2417,
  "KAITOUSDT": 0.3249,
  "RENDERUSDT": 1.401,
  "INJUSDT": 3.141,
  "POWERUSDT": 0.28258,
  "ATUSDT": 0.15924,
  "ENSOUSDT": 1.164,
  "1000RATSUSDT": 0.04858,
  "AWEUSDT": 0.09792,
  "CYSUSDT": 0.4733,
  "OMUSDT": 0.05597,
  "OGUSDT": 5.006,
  "SANDUSDT": 0.08877,
  "STABLEUSDT": 0.023711,
  "GIGGLEUSDT": 32.58,
  "COMPUSDT": 20.11,
  "DUSKUSDT": 0.10933,
  "BANANAS31USDT": 0.004544,
  "NIGHTUSDT": 0.05759,
  "STRKUSDT": 0.05003,
  "HANAUSDT": 0.03773,
  "MSTRUSDT": 133.96,
  "QUSDT": 0.019494,
  "SKYAIUSDT": 0.03946,
  "ROSEUSDT": 0.01247,
  "\u6211\u8e0f\u9a6c\u6765\u4e86USDT": 0.022716,
  "HOMEUSDT": 0.026943,
  "TAKEUSDT": 0.05389,
  "GPSUSDT": 0.011345,
  "PIEVERSEUSDT": 0.4285,
  "USDCUSDT": 0.999968,
  "METUSDT": 0.2223,
  "ALGOUSDT": 0.0962,
  "CAKEUSDT": 1.302,
  "MYXUSDT": 2.578,
  "TRADOORUSDT": 1.307,
  "ZILUSDT": 0.00451,
  "GALAUSDT": 0.00415,
  "LYNUSDT": 0.20528,
  "AVNTUSDT": 0.2041,
  "VVVUSDT": 2.737,
  "MUSDT": 1.3907,
  "MEUSDT": 0.1555,
  "AUCTIONUSDT": 5.227,
  "GUNUSDT": 0.02468,
  "PYTHUSDT": 0.05172,
  "LINEAUSDT": 0.003639,
  "BUSDT": 0.1456,
  "LPTUSDT": 2.477,
  "EIGENUSDT": 0.2106,
  "B2USDT": 0.6992,
  "COLLECTUSDT": 0.07299,
  "XTZUSDT": 0.409,
  "BIRBUSDT": 0.20307,
  "ENSUSDT": 6.664,
  "VETUSDT": 0.008228,
  "ZKPUSDT": 0.0928,
  "BEAMXUSDT": 0.002419,
  "AEROUSDT": 0.3123,
  "SYRUPUSDT": 0.27658,
  "TSLAUSDT": 417.75,
  "SUSDT": 0.04716,
  "MORPHOUSDT": 1.2239,
  "HUMAUSDT": 0.013261,
  "LAUSDT": 0.22,
  "DYDXUSDT": 0.107,
  "MOVEUSDT": 0.02418,
  "BIOUSDT": 0.02493,
  "XPINUSDT": 0.001497,
  "1000LUNCUSDT": 0.03376,
  "BULLAUSDT": 0.02465,
  "NEOUSDT": 2.846,
  "RESOLVUSDT": 0.06241,
  "AIAUSDT": 0.128,
  "FORMUSDT": 0.2159,
  "PNUTUSDT": 0.04986,
  "CLOUSDT": 0.08476,
  "ESPUSDT": 0.0621,
  "RAVEUSDT": 0.37092,
  "BEATUSDT": 0.2616,
  "NAORISUSDT": 0.03576,
  "LRCUSDT": 0.03433,
  "SOMIUSDT": 0.1967,
  "COAIUSDT": 0.4267,
  "ORDIUSDT": 2.877,
  "JELLYJELLYUSDT": 0.05557,
  "MOODENGUSDT": 0.05669,
  "FOGOUSDT": 0.02254,
  "NXPCUSDT": 0.2833,
  "STXUSDT": 0.2697,
  "GUAUSDT": 0.1402,
  "BANKUSDT": 0.04256,
  "SIRENUSDT": 0.12993,
  "FHEUSDT": 0.04024,
  "VANAUSDT": 1.626,
  "ESPORTSUSDT": 0.35124,
  "STGUSDT": 0.1581,
  "ATHUSDT": 0.006488,
  "MERLUSDT": 0.05555,
  "ALLOUSDT": 0.08269,
  "PLUMEUSDT": 0.01167,
  "JTOUSDT": 0.2699,
  "TRBUSDT": 15.594,
  "XNYUSDT": 0.006106,
  "1000FLOKIUSDT": 0.03108,
  "AZTECUSDT": 0.0241,
  "WCTUSDT": 0.06502,
  "API3USDT": 0.318,
  "ARUSDT": 2.021,
  "NMRUSDT": 8.579,
  "CFXUSDT": 0.05468,
  "TRIAUSDT": 0.01928,
  "ZKCUSDT": 0.1053,
  "EDUUSDT": 0.1264,
  "2ZUSDT": 0.07983,
  "FLOWUSDT": 0.04374,
  "MANAUSDT": 0.1025,
  "WUSDT": 0.02104,
  "JASMYUSDT": 0.006057,
  "QNTUSDT": 70.88,
  "4USDT": 0.0103,
  "SPXUSDT": 0.3024,
  "GWEIUSDT": 0.026844,
  "SPACEUSDT": 0.007065,
  "EULUSDT": 0.956,
  "XVGUSDT": 0.006385,
  "TAGUSDT": 0.0003841,
  "TNSRUSDT": 0.05498,
  "IRYSUSDT": 0.04175,
  "ZORAUSDT": 0.02172,
  "KAIAUSDT": 0.05843,
  "BREVUSDT": 0.1467,
  "LIGHTUSDT": 0.243,
  "1INCHUSDT": 0.0963,
  "GRTUSDT": 0.02793,
  "TAUSDT": 0.03612,
  "THETAUSDT": 0.2188,
  "C98USDT": 0.0317,
  "APEUSDT": 0.131,
  "UAIUSDT": 0.2282,
  "SPKUSDT": 0.02288,
  "JSTUSDT": 0.041935,
  "EGLDUSDT": 5.123,
  "IMXUSDT": 0.1676,
  "MANTAUSDT": 0.08044,
  "ZRXUSDT": 0.1108,
  "MMTUSDT": 0.1353,
  "IOTAUSDT": 0.0695,
  "RUNEUSDT": 0.4164,
  "SKRUSDT": 0.02366,
  "ACTUSDT": 0.01476,
  "FRAXUSDT": 0.644,
  "AGTUSDT": 0.004659,
  "ANIMEUSDT": 0.005709,
  "SFPUSDT": 0.2513,
  "BOMEUSDT": 0.0004169,
  "NILUSDT": 0.05624,
  "AXLUSDT": 0.06163,
  "NOMUSDT": 0.005548,
  "BSVUSDT": 16.65,
  "PROVEUSDT": 0.3315,
  "MEGAUSDT": 0.12889,
  "PTBUSDT": 0.001416,
  "FUSDT": 0.006319,
  "GASUSDT": 1.68,
  "NEIROUSDT": 7.57e-05,
  "ARKMUSDT": 0.1218,
  "GRASSUSDT": 0.1988,
  "SNXUSDT": 0.298,
  "AUSDT": 0.0886,
  "FOLKSUSDT": 1.408,
  "SOPHUSDT": 0.010086,
  "BATUSDT": 0.1319,
  "MINAUSDT": 0.06852,
  "ICNTUSDT": 0.4616,
  "KGENUSDT": 0.17793,
  "TWTUSDT": 0.5065,
  "KASUSDT": 0.03239,
  "BLUAIUSDT": 0.005922,
  "YFIUSDT": 3085.0,
  "SIGNUSDT": 0.02821,
  "TSTUSDT": 0.01086,
  "DEEPUSDT": 0.02883,
  "TUTUSDT": 0.01167,
  "PEOPLEUSDT": 0.00687,
  "CYBERUSDT": 0.5903,
  "LAYERUSDT": 0.0941,
  "GMTUSDT": 0.01282,
  "POPCATUSDT": 0.05154,
  "AVAAIUSDT": 0.00778,
  "SAHARAUSDT": 0.01661,
  "TURBOUSDT": 0.0011174,
  "FIGHTUSDT": 0.00638,
  "YBUSDT": 0.1721,
  "SONICUSDT": 0.05042,
  "BASUSDT": 0.006217,
  "MAGICUSDT": 0.06976,
  "ACHUSDT": 0.008042,
  "ZBTUSDT": 0.07537,
  "IDOLUSDT": 0.02227,
  "OPENUSDT": 0.173,
  "SWARMSUSDT": 0.00752,
  "SUSHIUSDT": 0.21,
  "TOSHIUSDT": 0.000242,
  "BABYUSDT": 0.0137,
  "INUSDT": 0.06973,
  "BLURUSDT": 0.02186,
  "SKLUSDT": 0.00738,
  "TRUTHUSDT": 0.014926,
  "SANTOSUSDT": 1.93,
  "CATIUSDT": 0.04175,
  "AKEUSDT": 0.0002674,
  "AIOUSDT": 0.07851,
  "SUPERUSDT": 0.1296,
  "ONTUSDT": 0.0468,
  "YGGUSDT": 0.04299,
  "LUNA2USDT": 0.06289,
  "THEUSDT": 0.2738,
  "CELOUSDT": 0.088,
  "SOLVUSDT": 0.00501,
  "MEMEUSDT": 0.0007022,
  "SOONUSDT": 0.1848,
  "STOUSDT": 0.05609,
  "XPTUSDT": 2070.05,
  "IOUSDT": 0.1073,
  "GLMUSDT": 0.1966,
  "STBLUSDT": 0.04324,
  "ALTUSDT": 0.00889,
  "SYNUSDT": 0.04899,
  "SUNUSDT": 0.017131,
  "VELODROMEUSDT": 0.01493,
  "MUBARAKUSDT": 0.01692,
  "DYMUSDT": 0.04733,
  "ERAUSDT": 0.1676,
  "CTSIUSDT": 0.0268,
  "IDUSDT": 0.05451,
  "KERNELUSDT": 0.06912,
  "ANKRUSDT": 0.004658,
  "COWUSDT": 0.2056,
  "HYPERUSDT": 0.1068,
  "ASRUSDT": 1.436,
  "MASKUSDT": 0.4668,
  "QTUMUSDT": 0.996,
  "WALUSDT": 0.0835,
  "RAREUSDT": 0.02008,
  "GUSDT": 0.004102,
  "CVXUSDT": 1.964,
  "MELANIAUSDT": 0.1209,
  "ARPAUSDT": 0.0102,
  "AIXBTUSDT": 0.0209,
  "AINUSDT": 0.03501,
  "EDENUSDT": 0.03393,
  "VELVETUSDT": 0.07739,
  "KAVAUSDT": 0.0565,
  "INITUSDT": 0.06843,
  "KMNOUSDT": 0.02949,
  "ZEREBROUSDT": 0.00833,
  "DEXEUSDT": 2.394,
  "ELSAUSDT": 0.08369,
  "ORCAUSDT": 0.792,
  "BANANAUSDT": 4.772,
  "PLAYUSDT": 0.04172,
  "SAPIENUSDT": 0.0905,
  "XVSUSDT": 2.968,
  "KOMAUSDT": 0.0078,
  "POLYXUSDT": 0.04629,
  "ONUSDT": 0.08347,
  "KSMUSDT": 4.594,
  "NOTUSDT": 0.0004087,
  "RSRUSDT": 0.001623,