{
  "BTCUSDT": 68991.1,
  "ETHUSDT": 1997.99,
  "SOLUSDT": 87.33,
  "XRPUSDT": 1.5087,
  "BNBUSDT": 618.45,
  "DOGEUSDT": 0.10667,
  "BCHUSDT": 555.83,
  "HYPEUSDT": 30.975,
  "PAXGUSDT": 5037.07,
  "XAGUSDT": 77.74,
  "ZECUSDT": 292.66,
  "XAUUSDT": 5035.81,
  "1000PEPEUSDT": 0.0045732,
  "TRXUSDT": 0.28024,
  "SUIUSDT": 0.9843,
  "ASTERUSDT": 0.7256,
  "LINKUSDT": 8.839,
  "ADAUSDT": 0.283,
  "PIPPINUSDT": 0.71254,
  "LTCUSDT": 55.14,
  "AVAXUSDT": 9.328,
  "UNIUSDT": 3.478,
  "ENAUSDT": 0.1217,
  "PUMPUSDT": 0.002216,
  "AAVEUSDT": 125.67,
  "KITEUSDT": 0.22054,
  "WLFIUSDT": 0.1011,
  "NEARUSDT": 1.055,
  "LITUSDT": 1.584,
  "HUSDT": 0.24242,
  "WLDUSDT": 0.4071,
  "XPLUSDT": 0.0975,
  "TRUMPUSDT": 3.424,
  "FILUSDT": 0.968,
  "ARCUSDT": 0.07722,
  "TAOUSDT": 185.26,
  "DOTUSDT": 1.361,
  "ZROUSDT": 1.8157,
  "RIVERUSDT": 13.015,
  "TONUSDT": 1.4728,
  "1000SHIBUSDT": 0.006573,
  "APTUSDT": 0.9272,
  "HBARUSDT": 0.09947,
  "BERAUSDT": 0.6464,
  "AXSUSDT": 1.39,
  "ATOMUSDT": 2.125,
  "XLMUSDT": 0.1711,
  "ARBUSDT": 0.1149,
  "XMRUSDT": 337.37,
  "MONUSDT": 0.02271,
  "ICPUSDT": 2.418,
  "WIFUSDT": 0.2334,
  "FARTCOINUSDT": 0.1975,
  "PENGUUSDT": 0.007142,
  "FFUSDT": 0.07903,
  "CRVUSDT": 0.251,
  "FETUSDT": 0.1708,
  "DASHUSDT": 37.52,
  "ETCUSDT": 8.772,
  "IPUSDT": 1.123,
  "\u5e01\u5b89\u4eba\u751fUSDT": 0.10534,
  "BARDUSDT": 0.7846,
  "1000BONKUSDT": 0.006577,
  "OPUSDT": 0.1894,
  "PARTIUSDT": 0.10675,
  "CHZUSDT": 0.04045,
  "POLUSDT": 0.10738,
  "BTRUSDT": 0.21022,
  "VIRTUALUSDT": 0.6378,
  "SENTUSDT": 0.02214,
  "BTCDOMUSDT": 5084.5,
  "ONDOUSDT": 0.2775,
  "TIAUSDT": 0.3419,
  "0GUSDT": 0.6495,
  "ZKUSDT": 0.02206,
  "JUPUSDT": 0.1621,
  "SEIUSDT": 0.0749,
  "VVVUSDT": 3.931,
  "ETHFIUSDT": 0.473,
  "ZAMAUSDT": 0.0198,
  "BANUSDT": 0.09715,
  "PENDLEUSDT": 1.2444,
  "UBUSDT": 0.04794,
  "ALCHUSDT": 0.08483,
  "CCUSDT": 0.1625,
  "LDOUSDT": 0.3416,
  "KAITOUSDT": 0.317,
  "ZENUSDT": 6.275,
  "SKYUSDT": 0.06622,
  "INJUSDT": 3.132,
  "STABLEUSDT": 0.024135,
  "RENDERUSDT": 1.419,
  "BANANAS31USDT": 0.004927,
  "CYSUSDT": 0.5141,
  "\u6211\u8e0f\u9a6c\u6765\u4e86USDT": 0.027352,
  "ENSOUSDT": 1.0897,
  "ATUSDT": 0.1587,
  "1000RATSUSDT": 0.04752,
  "OMUSDT": 0.05801,
  "SANDUSDT": 0.08745,
  "QUSDT": 0.020909,
  "HANAUSDT": 0.03819,
  "COMPUSDT": 21.09,
  "NIGHTUSDT": 0.05753,
  "MYXUSDT": 1.87,
  "AWEUSDT": 0.09347,
  "DUSKUSDT": 0.10152,
  "MSTRUSDT": 134.73,
  "HOMEUSDT": 0.028015,
  "PYTHUSDT": 0.05547,
  "GIGGLEUSDT": 31.53,
  "STRKUSDT": 0.04912,
  "ROSEUSDT": 0.01246,
  "POWERUSDT": 0.19919,
  "SKYAIUSDT": 0.03759,
  "GPSUSDT": 0.012403,
  "PIEVERSEUSDT": 0.4351,
  "SPACEUSDT": 0.008675,
  "ALGOUSDT": 0.0958,
  "CAKEUSDT": 1.3025,
  "USDCUSDT": 0.999957,
  "ESPUSDT": 0.05556,
  "LYNUSDT": 0.22577,
  "TRADOORUSDT": 1.345,
  "ZKPUSDT": 0.10186,
  "METUSDT": 0.2191,
  "GALAUSDT": 0.00411,
  "MUSDT": 1.3087,
  "ZILUSDT": 0.00432,
  "COLLECTUSDT": 0.08028,
  "MORPHOUSDT": 1.3401,
  "MOVEUSDT": 0.02596,
  "1000LUNCUSDT": 0.03521,
  "AVNTUSDT": 0.2004,
  "LINEAUSDT": 0.00371,
  "ENSUSDT": 6.704,
  "B2USDT": 0.6942,
  "BUSDT": 0.1448,
  "HUMAUSDT": 0.014058,
  "XPINUSDT": 0.001707,
  "GUNUSDT": 0.02273,
  "AUCTIONUSDT": 5.164,
  "SUSDT": 0.04894,
  "EIGENUSDT": 0.2083,
  "MEUSDT": 0.1419,
  "VETUSDT": 0.008354,
  "FHEUSDT": 0.04831,
  "AEROUSDT": 0.3133,
  "XTZUSDT": 0.399,
  "BEAMXUSDT": 0.002365,
  "TSLAUSDT": 417.62,
  "SYRUPUSDT": 0.26723,
  "PNUTUSDT": 0.05056,
  "BIOUSDT": 0.02439,
  "NEOUSDT": 2.829,
  "XNYUSDT": 0.007307,
  "DYDXUSDT": 0.108,
  "FORMUSDT": 0.2178,
  "BULLAUSDT": 0.025,
  "EULUSDT": 1.12,
  "ALLOUSDT": 0.09237,
  "LAUSDT": 0.21,
  "BIRBUSDT": 0.20269,
  "RESOLVUSDT": 0.06071,
  "SIRENUSDT": 0.14023,
  "ORDIUSDT": 2.798,
  "GUAUSDT": 0.1461,
  "ESPORTSUSDT": 0.36375,
  "MERLUSDT": 0.06166,
  "LRCUSDT": 0.03351,
  "RAVEUSDT": 0.3708,
  "JELLYJELLYUSDT": 0.05622,
  "SOMIUSDT": 0.1987,
  "BEATUSDT": 0.236,
  "1000FLOKIUSDT": 0.03217,
  "LPTUSDT": 2.404,
  "NXPCUSDT": 0.2677,
  "FOGOUSDT": 0.02225,
  "OGUSDT": 3.647,
  "STXUSDT": 0.2654,
  "JTOUSDT": 0.2696,
  "MOODENGUSDT": 0.0563,
  "INITUSDT": 0.0851,
  "ATHUSDT": 0.006133,
  "PLUMEUSDT": 0.01114,
  "VANAUSDT": 1.555,
  "STGUSDT": 0.1573,
  "AIAUSDT": 0.1161,
  "TAKEUSDT": 0.0354,
  "EDUUSDT": 0.1285,
  "COWUSDT": 0.2063,
  "TRBUSDT": 15.72,
  "2ZUSDT": 0.07746,
  "BANKUSDT": 0.04083,
  "NMRUSDT": 8.408,
  "API3USDT": 0.3131,
  "WCTUSDT": 0.06226,
  "ARUSDT": 2.004,
  "COAIUSDT": 0.3785,
  "CFXUSDT": 0.05462,
  "USELESSUSDT": 0.04257,
  "MANAUSDT": 0.1029,
  "JASMYUSDT": 0.005905,
  "LUNA2USDT": 0.06839,
  "TRIAUSDT": 0.0166,
  "FLOWUSDT": 0.04239,
  "XVGUSDT": 0.006092,
  "SPXUSDT": 0.3191,
  "WUSDT": 0.02024,
  "QNTUSDT": 70.98,
  "CLOUSDT": 0.07355,
  "GWEIUSDT": 0.025942,
  "AZTECUSDT": 0.02321,
  "LIGHTUSDT": 0.2478,
  "4USDT": 0.01012,
  "FIGHTUSDT": 0.007364,
  "TAGUSDT": 0.0003861,
  "APEUSDT": 0.1307,
  "GRTUSDT": 0.02768,
  "KAIAUSDT": 0.05769,
  "UAIUSDT": 0.24,
  "TAUSDT": 0.03615,
  "ZKCUSDT": 0.0977,
  "IRYSUSDT": 0.04159,
  "JSTUSDT": 0.040578,
  "1INCHUSDT": 0.0954,
  "IMXUSDT": 0.1669,
  "BREVUSDT": 0.1422,
  "THETAUSDT": 0.2086,
  "MMTUSDT": 0.131,
  "YFIUSDT": 2859.0,
  "SFPUSDT": 0.2678,
  "ZRXUSDT": 0.1093,
  "SPKUSDT": 0.02179,
  "AXLUSDT": 0.061,
  "EGLDUSDT": 4.98,
  "C98USDT": 0.0315,
  "IOTAUSDT": 0.0695,
  "FRAXUSDT": 0.6183,
  "BOMEUSDT": 0.0004336,
  "NEIROUSDT": 7.68e-05,
  "SKRUSDT": 0.021509,
  "PTBUSDT": 0.001417,
  "ACTUSDT": 0.01516,
  "GRASSUSDT": 0.2109,
  "NOMUSDT": 0.005445,
  "RUNEUSDT": 0.4073,
  "ZORAUSDT": 0.02116,
  "PEOPLEUSDT": 0.00721,
  "MEGAUSDT": 0.1296,
  "BSVUSDT": 16.97,
  "TNSRUSDT": 0.05239,
  "ONUSDT": 0.1082,
  "TSTUSDT": 0.01127,
  "MUBARAKUSDT": 0.01751,
  "FOLKSUSDT": 1.365,
  "MINAUSDT": 0.06716,
  "NILUSDT": 0.05588,
  "ARKMUSDT": 0.1188,
  "KASUSDT": 0.03189,
  "SNXUSDT": 0.291,
  "TWTUSDT": 0.5084,
  "MANTAUSDT": 0.07631,
  "FUSDT": 0.006304,
  "ANIMEUSDT": 0.005604,
  "PROVEUSDT": 0.3217,
  "AUSDT": 0.0862,
  "TURBOUSDT": 0.0011155,
  "AGTUSDT": 0.004134,
  "KGENUSDT": 0.1722,
  "ICNTUSDT": 0.4627,
  "YBUSDT": 0.1767,
  "TUTUSDT": 0.01155,
  "ACHUSDT": 0.007706,
  "SOPHUSDT": 0.009527,
  "SAHARAUSDT": 0.01602,
  "SIGNUSDT": 0.0274,
  "POPCATUSDT": 0.05335,
  "GASUSDT": 1.661,
  "MAGICUSDT": 0.06914,
  "SWARMSUSDT": 0.00762,
  "GMTUSDT": 0.01253,
  "BATUSDT": 0.1301,
  "AVAAIUSDT": 0.00761,
  "MASKUSDT": 0.4749,
  "SANTOSUSDT": 1.901,
  "CYBERUSDT": 0.5684,
  "TRUTHUSDT": 0.015005,
  "BLUAIUSDT": 0.005433,
  "BABYUSDT": 0.01364,
  "LAYERUSDT": 0.0901,
  "CATIUSDT": 0.04056,
  "OPENUSDT": 0.1653,
  "DEEPUSDT": 0.02934,
  "ZBTUSDT": 0.07199,
  "SUSHIUSDT": 0.2085,
  "IDOLUSDT": 0.02087,
  "SUNUSDT": 0.017499,
  "AIOUSDT": 0.07891,
  "BLURUSDT": 0.0214,
  "PLAYUSDT": 0.027,
  "YGGUSDT": 0.04088,
  "SOONUSDT": 0.1822,
  "MEMEUSDT": 0.0007128,
  "CELOUSDT": 0.085,
  "AKEUSDT": 0.0002733,
  "IOUSDT": 0.1066,
  "ONTUSDT": 0.046,
  "SONICUSDT": 0.04773,
  "THEUSDT": 0.27,
  "SUPERUSDT": 0.1255,
  "GLMUSDT": 0.18965,
  "XPTUSDT": 2064.36,
  "INUSDT": 0.06506,
  "VELODROMEUSDT": 0.01444,
  "ALTUSDT": 0.00857,
  "ASRUSDT": 1.45,
  "SOLVUSDT": 0.00485,
  "STOUSDT": 0.05482,
  "CTSIUSDT": 0.0271,
  "ZEREBROUSDT": 0.00859,
  "VELVETUSDT": 0.08492,
  "AIXBTUSDT": 0.02106,
  "QTUMUSDT": 0.986,
  "SYNUSDT": 0.04654,
  "IDUSDT": 0.05261,
  "BROCCOLI714USDT": 0.01437,
  "WALUSDT": 0.0832,
  "DEXEUSDT": 2.365,
  "ANKRUSDT": 0.004597,
  "RAREUSDT": 0.0198,
  "KMNOUSDT": 0.03049,
  "BASUSDT": 0.005449,
  "KERNELUSDT": 0.06617,
  "HYPERUSDT": 0.1026,
  "DYMUSDT": 0.04621,
  "EDENUSDT": 0.0337,
  "AINUSDT": 0.03452,
  "CVXUSDT": 1.923,
  "KAVAUSDT": 0.0547,
  "ERAUSDT": 0.1568,
  "MELANIAUSDT": 0.1193,
  "ORCAUSDT": 0.788,
  "BANANAUSDT": 4.669,
  "KOMAUSDT": 0.00797,
  "DRIFTUSDT": 0.0912,
  "POLYXUSDT": 0.04452,
  "RSRUSDT": 0.001572,
  "STBLUSDT": 0.03899,
  "GUSDT": 0.004053,
  "HEMIUSDT": 0.01009,
  "NOTUSDT": 0.0004077,
  "LSKUSDT": 0.1421,
  "DEGOUSDT": 0.3326,
  "SKLUSDT": 0.00676,
  "PROMUSDT": 1.303,