{
  "BTCUSDT": 65614.0,
  "ETHUSDT": 1927.24,
  "SOLUSDT": 82.81,
  "XRPUSDT": 1.3544,
  "BNBUSDT": 612.46,
  "XAUUSDT": 5370.91,
  "XAGUSDT": 97.52,
  "DOGEUSDT": 0.09183,
  "PAXGUSDT": 5426.98,
  "HYPEUSDT": 31.626,
  "BCHUSDT": 438.38,
  "WLFIUSDT": 0.1078,
  "TRXUSDT": 0.28007,
  "ZECUSDT": 214.78,
  "ADAUSDT": 0.2726,
  "UNIUSDT": 3.721,
  "SUIUSDT": 0.8813,
  "ASTERUSDT": 0.7024,
  "1000PEPEUSDT": 0.0034222,
  "LINKUSDT": 8.61,
  "AVAXUSDT": 8.936,
  "LTCUSDT": 53.04,
  "PUMPUSDT": 0.001877,
  "ENAUSDT": 0.1024,
  "NEARUSDT": 1.131,
  "PIPPINUSDT": 0.58002,
  "DOTUSDT": 1.515,
  "AAVEUSDT": 112.13,
  "WLDUSDT": 0.3816,
  "KITEUSDT": 0.25279,
  "FILUSDT": 0.955,
  "XPLUSDT": 0.0961,
  "LITUSDT": 1.356,
  "TRUMPUSDT": 3.391,
  "TAOUSDT": 175.07,
  "1000SHIBUSDT": 0.005501,
  "ZROUSDT": 1.7665,
  "POWERUSDT": 1.76827,
  "TONUSDT": 1.1927,
  "RIVERUSDT": 14.511,
  "APTUSDT": 0.9178,
  "ATOMUSDT": 1.774,
  "HBARUSDT": 0.09702,
  "HUSDT": 0.12555,
  "XMRUSDT": 340.99,
  "BERAUSDT": 0.5949,
  "ARBUSDT": 0.0975,
  "XLMUSDT": 0.15347,
  "WIFUSDT": 0.1875,
  "ICPUSDT": 2.361,
  "ARCUSDT": 0.03993,
  "MONUSDT": 0.02085,
  "CRVUSDT": 0.24,
  "AXSUSDT": 1.249,
  "FFUSDT": 0.07831,
  "FETUSDT": 0.1496,
  "OPUSDT": 0.1202,
  "VIRTUALUSDT": 0.6813,
  "VVVUSDT": 6.067,
  "CCUSDT": 0.16099,
  "ETCUSDT": 8.408,
  "PENGUUSDT": 0.006641,
  "BARDUSDT": 0.991,
  "POLUSDT": 0.10373,
  "PARTIUSDT": 0.08869,
  "BTCDOMUSDT": 5098.5,
  "1000BONKUSDT": 0.005772,
  "ETHFIUSDT": 0.4943,
  "FARTCOINUSDT": 0.1525,
  "BANUSDT": 0.11255,
  "CHZUSDT": 0.03282,
  "ONDOUSDT": 0.2512,
  "TIAUSDT": 0.314,
  "\u5e01\u5b89\u4eba\u751fUSDT": 0.06313,
  "IPUSDT": 0.863,
  "DASHUSDT": 31.57,
  "ENSOUSDT": 1.3131,
  "INJUSDT": 2.98,
  "ESPUSDT": 0.12774,
  "SENTUSDT": 0.02083,
  "SEIUSDT": 0.06729,
  "SAHARAUSDT": 0.02276,
  "STABLEUSDT": 0.03213,
  "JUPUSDT": 0.1632,
  "0GUSDT": 0.6163,
  "KAITOUSDT": 0.3276,
  "ALCHUSDT": 0.08003,
  "SKYAIUSDT": 0.03986,
  "BUSDT": 0.1903,
  "ZKUSDT": 0.01837,
  "QUSDT": 0.025209,
  "PENDLEUSDT": 1.2492,
  "ZAMAUSDT": 0.02062,
  "LDOUSDT": 0.2973,
  "BULLAUSDT": 0.02395,
  "LYNUSDT": 0.33834,
  "GWEIUSDT": 0.041206,
  "BANANAS31USDT": 0.004741,
  "RENDERUSDT": 1.328,
  "HOMEUSDT": 0.029352,
  "GUAUSDT": 0.2139,
  "MORPHOUSDT": 1.6964,
  "SIRENUSDT": 0.25913,
  "PIEVERSEUSDT": 0.508,
  "MYXUSDT": 0.383,
  "NIGHTUSDT": 0.05684,
  "ATUSDT": 0.1372,
  "MUSDT": 1.4916,
  "SIGNUSDT": 0.02571,
  "ZENUSDT": 5.214,
  "BIOUSDT": 0.02019,
  "CAKEUSDT": 1.2902,
  "ALLOUSDT": 0.11027,
  "USDCUSDT": 0.9995,
  "GALAUSDT": 0.00345,
  "STRKUSDT": 0.03974,
  "SANDUSDT": 0.08142,
  "HANAUSDT": 0.03483,
  "GIGGLEUSDT": 25.31,
  "GPSUSDT": 0.008881,
  "STGUSDT": 0.1566,
  "FORMUSDT": 0.2116,
  "BTRUSDT": 0.17406,
  "ALGOUSDT": 0.085,
  "SKYUSDT": 0.06632,
  "JELLYJELLYUSDT": 0.0705,
  "ATHUSDT": 0.006123,
  "APEUSDT": 0.0996,
  "1000RATSUSDT": 0.03156,
  "MSTRUSDT": 129.01,
  "DUSKUSDT": 0.07963,
  "AEROUSDT": 0.3388,
  "1000LUNCUSDT": 0.04277,
  "GUNUSDT": 0.02582,
  "JTOUSDT": 0.2605,
  "AZTECUSDT": 0.02137,
  "HUMAUSDT": 0.012553,
  "B2USDT": 0.7209,
  "SYRUPUSDT": 0.2285,
  "DENTUSDT": 0.000305,
  "TSLAUSDT": 400.23,
  "TRADOORUSDT": 1.378,
  "XPINUSDT": 0.001429,
  "UBUSDT": 0.03287,
  "EIGENUSDT": 0.1753,
  "OPNUSDT": 0.4407,
  "BEAMXUSDT": 0.001844,
  "ROSEUSDT": 0.01097,
  "ZILUSDT": 0.00409,
  "METUSDT": 0.1779,
  "XTZUSDT": 0.367,
  "VETUSDT": 0.007067,
  "LAUSDT": 0.2125,
  "PYTHUSDT": 0.0475,
  "AVNTUSDT": 0.1687,
  "DYDXUSDT": 0.09,
  "NEOUSDT": 2.568,
  "FOGOUSDT": 0.02501,
  "ZKPUSDT": 0.09036,
  "CRCLUSDT": 83.18,
  "NXPCUSDT": 0.2673,
  "MOVEUSDT": 0.02135,
  "ESPORTSUSDT": 0.30506,
  "RAVEUSDT": 0.36061,
  "ORDIUSDT": 2.358,
  "GRASSUSDT": 0.2562,
  "COMPUSDT": 17.48,
  "\u6211\u8e0f\u9a6c\u6765\u4e86USDT": 0.010112,
  "1000FLOKIUSDT": 0.02693,
  "COLLECTUSDT": 0.04128,
  "LINEAUSDT": 0.002991,
  "SUSDT": 0.03882,
  "AUCTIONUSDT": 4.7,
  "BEATUSDT": 0.2375,
  "ROBOUSDT": 0.03817,
  "CYBERUSDT": 0.5298,
  "PNUTUSDT": 0.04295,
  "SKRUSDT": 0.021777,
  "ORCAUSDT": 0.863,
  "SPXUSDT": 0.3145,
  "ARUSDT": 1.517,
  "AGLDUSDT": 0.2171,
  "SNXUSDT": 0.311,
  "ENSUSDT": 5.897,
  "FIOUSDT": 0.00985,
  "ALICEUSDT": 0.15,
  "LPTUSDT": 2.269,
  "STXUSDT": 0.2524,
  "TRBUSDT": 13.676,
  "HIPPOUSDT": 0.0007509,
  "EULUSDT": 1.042,
  "JASMYUSDT": 0.005398,
  "MEUSDT": 0.1143,
  "TRIAUSDT": 0.01848,
  "WUSDT": 0.01813,
  "BANKUSDT": 0.03666,
  "TAUSDT": 0.0396,
  "PLUMEUSDT": 0.00893,
  "4USDT": 0.00847,
  "RESOLVUSDT": 0.0576,
  "BIRBUSDT": 0.1533,
  "JSTUSDT": 0.047333,
  "AWEUSDT": 0.05157,
  "MANAUSDT": 0.0946,
  "USELESSUSDT": 0.04006,
  "WETUSDT": 0.095,
  "IOTAUSDT": 0.0655,
  "IMXUSDT": 0.1588,
  "SUNUSDT": 0.015029,
  "LAYERUSDT": 0.0912,
  "YGGUSDT": 0.0376,
  "AGTUSDT": 0.005346,
  "INITUSDT": 0.07578,
  "CLOUSDT": 0.07052,
  "CYSUSDT": 0.3198,
  "SOMIUSDT": 0.1923,
  "COAIUSDT": 0.3135,
  "AXLUSDT": 0.05209,
  "DEXEUSDT": 3.29,
  "GRTUSDT": 0.02532,
  "EDUUSDT": 0.1036,
  "QNTUSDT": 62.01,
  "API3USDT": 0.2785,
  "2ZUSDT": 0.07178,
  "CFXUSDT": 0.04649,
  "FLOWUSDT": 0.03581,
  "MERLUSDT": 0.03831,
  "WCTUSDT": 0.05712,
  "NMRUSDT": 7.39,
  "NAORISUSDT": 0.03153,
  "LIGHTUSDT": 0.1893,
  "NEIROUSDT": 6.59e-05,
  "MMTUSDT": 0.1156,
  "SFPUSDT": 0.2584,
  "XPTUSDT": 2415.14,
  "STEEMUSDT": 0.06125,
  "TAGUSDT": 0.0003411,
  "SPKUSDT": 0.01893,
  "MIRAUSDT": 0.0903,
  "MOODENGUSDT": 0.04773,
  "PTBUSDT": 0.00111,
  "VANAUSDT": 1.416,
  "FOLKSUSDT": 1.212,
  "ZORAUSDT": 0.01768,
  "ARKMUSDT": 0.1035,
  "THETAUSDT": 0.1842,
  "ZRXUSDT": 0.1025,
  "SOPHUSDT": 0.009181,
  "1INCHUSDT": 0.0905,
  "RUNEUSDT": 0.3907,
  "ANIMEUSDT": 0.004772,
  "IOUSDT": 0.1046,
  "KASUSDT": 0.02951,
  "EGLDUSDT": 4.31,
  "KGENUSDT": 0.18629,
  "AIXBTUSDT": 0.02027,
  "LRCUSDT": 0.0304,
  "KAIAUSDT": 0.05371,
  "SPACEUSDT": 0.007335,
  "YFIUSDT": 2581.0,
  "AKEUSDT": 0.0002388,
  "MEGAUSDT": 0.131,
  "TAKEUSDT": 0.02188,
  "OGUSDT": 2.706,
  "BLUAIUSDT": 0.004873,
  "STOUSDT": 0.06305,
  "PEOPLEUSDT": 0.00613,
  "FHEUSDT": 0.02852,
  "VELVETUSDT": 0.08302,
  "AIAUSDT": 0.08193,
  "COWUSDT": 0.2063,
  "BSVUSDT": 15.01,
  "SUSHIUSDT": 0.1956,
  "BATUSDT": 0.101,
  "LUNA2USDT": 0.06215,
  "KERNELUSDT": 0.07608,
  "PROVEUSDT": 0.2865,
  "TSTUSDT": 0.00906,
  "AUSDT": 0.0776,
  "BREVUSDT": 0.1282,
  "AVAAIUSDT": 0.007247,
  "TWTUSDT": 0.4884,
  "GMTUSDT": 0.01133,
  "OPENUSDT": 0.1427,
  "YBUSDT": 0.1707,
  "CATIUSDT": 0.03868,
  "POPCATUSDT": 0.0455,
  "ACTUSDT": 0.01295,
  "SWARMSUSDT": 0.006778,
  "TURBOUSDT": 0.0009408,
  "VELODROMEUSDT": 0.01515,
  "SOONUSDT": 0.1645,
  "MANTAUSDT": 0.05992,
  "NOMUSDT": 0.003426,
  "BOMEUSDT": 0.0003754,
  "GASUSDT": 1.571,
  "RPLUSDT": 1.805,
  "BABYUSDT": 0.01103,
  "FIGHTUSDT": 0.006066,
  "MINAUSDT": 0.05567,
  "SUPERUSDT": 0.1109,
  "FUSDT": 0.005546,
  "UAIUSDT": 0.1911,
  "TNSRUSDT": 0.04418,
  "XNYUSDT": 0.005483,
  "TUTUSDT": 0.00966,
  "MAGICUSDT": 0.05975,
  "NEWTUSDT": 0.07004,
  "KSMUSDT": 4.669,
  "NILUSDT": 0.04655,
  "XVGUSDT": 0.005414,
  "MEMEUSDT": 0.0005732,
  "AINUSDT": 0.04055,
  "BLURUSDT": 0.01932,
  "ALTUSDT": 0.00703,
  "ZBTUSDT": 0.07373,
  "HOLOUSDT": 0.06065,
  "AIOUSDT": 0.06819,
  "INUSDT": 0.06866,
  "ASRUSDT": 1.321,
  "CELOUSDT": 0.077,
  "UMAUSDT": 0.4117,
  "BASUSDT": 0.006887,
  "REDUSDT": 0.1463,
  "STBLUSDT": 0.03886,
  "TRUTHUSDT": 0.009615,
  "MASKUSDT": 0.4146,
  "SAPIENUSDT": 0.08014,
  "ONTUSDT": 0.0427,
  "ACHUSDT": 0.006518,
  "DAMUSDT": 0.02219,
  "IDOLUSDT": 0.01966,
  "MUBARAKUSDT": 0.01315,
  "IOTXUSDT": 0.00439,
  "KMNOUSDT": 0.02147,
  "KOMAUSDT": 0.007801,
  "C98USDT": 0.0256,
  "SKLUSDT": 0.00641,
  "RAYSOLUSDT": 0.5834,
  "MELANIAUSDT": 0.1078,
  "ERAUSDT": 0.1423,
  "GLMUSDT": 0.13251,
  "WALUSDT": 0.07514,
  "CTSIUSDT": 0.0235,
  "SONICUSDT": 0.04356,
  "DRIFTUSDT": 0.0835,
  "ZKCUSDT": 0.0832,
  "EDENUSDT": 0.03126,
  "ANKRUSDT": 0.004116,
  "ICNTUSDT": 0.3675,
  "GMXUSDT": 6.689,
  "ENJUSDT": 0.01897,
  "SANTOSUSDT": 1.246,
  "KAVAUSDT": 0.0479,
  "1000SATSUSDT": 1.1e-05,
  "SOLVUSDT": 0.003769,