{
  "BTCUSDT": 68350.0,
  "ETHUSDT": 1984.5,
  "SOLUSDT": 86.51,
  "XRPUSDT": 1.3637,
  "BNBUSDT": 634.22,
  "DOGEUSDT": 0.09037,
  "XAUUSDT": 5096.51,
  "PAXGUSDT": 5119.19,
  "BCHUSDT": 444.5,
  "HYPEUSDT": 31.353,
  "XAGUSDT": 82.35,
  "WLFIUSDT": 0.1043,
  "TRXUSDT": 0.28016,
  "ZECUSDT": 220.08,
  "UNIUSDT": 3.904,
  "SUIUSDT": 0.9113,
  "ASTERUSDT": 0.694,
  "ADAUSDT": 0.2643,
  "1000PEPEUSDT": 0.0034637,
  "AVAXUSDT": 9.187,
  "LINKUSDT": 8.82,
  "LTCUSDT": 54.89,
  "NEARUSDT": 1.353,
  "PUMPUSDT": 0.001917,
  "ENAUSDT": 0.1114,
  "AAVEUSDT": 111.61,
  "DOTUSDT": 1.522,
  "WLDUSDT": 0.3945,
  "XPLUSDT": 0.1158,
  "FILUSDT": 1.0,
  "PIPPINUSDT": 0.39996,
  "1000SHIBUSDT": 0.005514,
  "LITUSDT": 1.306,
  "TRUMPUSDT": 3.412,
  "TAOUSDT": 184.23,
  "RIVERUSDT": 17.995,
  "ZROUSDT": 1.8543,
  "APTUSDT": 1.0099,
  "KITEUSDT": 0.23234,
  "TONUSDT": 1.2428,
  "HBARUSDT": 0.09705,
  "ATOMUSDT": 1.817,
  "HUSDT": 0.12443,
  "ARBUSDT": 0.1028,
  "XMRUSDT": 340.56,
  "XLMUSDT": 0.15153,
  "BERAUSDT": 0.5715,
  "ICPUSDT": 2.452,
  "CRVUSDT": 0.251,
  "WIFUSDT": 0.2048,
  "MONUSDT": 0.02069,
  "FETUSDT": 0.1487,
  "VIRTUALUSDT": 0.7418,
  "AXSUSDT": 1.216,
  "ARCUSDT": 0.03854,
  "OPUSDT": 0.1268,
  "FFUSDT": 0.07397,
  "PENGUUSDT": 0.007049,
  "CCUSDT": 0.15715,
  "ETCUSDT": 8.5,
  "VVVUSDT": 5.904,
  "BARDUSDT": 1.0801,
  "SAHARAUSDT": 0.02937,
  "POLUSDT": 0.10096,
  "BTCDOMUSDT": 5188.1,
  "FARTCOINUSDT": 0.1661,
  "ETHFIUSDT": 0.5177,
  "PARTIUSDT": 0.086,
  "SIRENUSDT": 0.40193,
  "CHZUSDT": 0.03681,
  "1000BONKUSDT": 0.005987,
  "DASHUSDT": 33.79,
  "ONDOUSDT": 0.2559,
  "IPUSDT": 0.846,
  "TIAUSDT": 0.3319,
  "BANUSDT": 0.11229,
  "SEIUSDT": 0.068,
  "\u5e01\u5b89\u4eba\u751fUSDT": 0.06207,
  "POWERUSDT": 0.18713,
  "SENTUSDT": 0.02092,
  "ENSOUSDT": 1.3414,
  "ESPUSDT": 0.11896,
  "JUPUSDT": 0.1788,
  "INJUSDT": 3.044,
  "0GUSDT": 0.6185,
  "SKYAIUSDT": 0.05163,
  "BANANAS31USDT": 0.005793,
  "KAITOUSDT": 0.3654,
  "FORMUSDT": 0.337,
  "STABLEUSDT": 0.029749,
  "LDOUSDT": 0.304,
  "ZAMAUSDT": 0.02082,
  "RENDERUSDT": 1.348,
  "BUSDT": 0.1964,
  "ALCHUSDT": 0.07783,
  "PENDLEUSDT": 1.2653,
  "ZKUSDT": 0.01864,
  "GUAUSDT": 0.2371,
  "MORPHOUSDT": 1.9983,
  "JELLYJELLYUSDT": 0.0833,
  "ROBOUSDT": 0.05027,
  "PHAUSDT": 0.03878,
  "QUSDT": 0.024973,
  "PIEVERSEUSDT": 0.5425,
  "BIOUSDT": 0.02139,
  "1000RATSUSDT": 0.04431,
  "ATUSDT": 0.15827,
  "GWEIUSDT": 0.042274,
  "SIGNUSDT": 0.02786,
  "HOMEUSDT": 0.028752,
  "BULLAUSDT": 0.02542,
  "ZENUSDT": 5.524,
  "CAKEUSDT": 1.3428,
  "LYNUSDT": 0.30188,
  "NIGHTUSDT": 0.05993,
  "SANDUSDT": 0.08459,
  "ALGOUSDT": 0.0864,
  "CRCLUSDT": 99.35,
  "GALAUSDT": 0.00353,
  "BTRUSDT": 0.19499,
  "MYXUSDT": 0.325,
  "STRKUSDT": 0.03992,
  "SKYUSDT": 0.07125,
  "GIGGLEUSDT": 27.03,
  "TSLAUSDT": 391.88,
  "MUSDT": 1.3732,
  "STGUSDT": 0.1643,
  "GPSUSDT": 0.009128,
  "USDCUSDT": 0.999456,
  "HANAUSDT": 0.03338,
  "ALLOUSDT": 0.10536,
  "MSTRUSDT": 133.0,
  "TRADOORUSDT": 1.555,
  "APEUSDT": 0.0997,
  "EIGENUSDT": 0.1921,
  "DUSKUSDT": 0.08588,
  "AEROUSDT": 0.3435,
  "SYRUPUSDT": 0.23009,
  "OPNUSDT": 0.4778,
  "HUMAUSDT": 0.012932,
  "JTOUSDT": 0.2758,
  "B2USDT": 0.7166,
  "ATHUSDT": 0.006234,
  "BEAMXUSDT": 0.001914,
  "XPINUSDT": 0.001371,
  "1000LUNCUSDT": 0.04344,
  "AZTECUSDT": 0.02067,
  "GUNUSDT": 0.02093,
  "PYTHUSDT": 0.04866,
  "ZILUSDT": 0.00411,
  "NEOUSDT": 2.569,
  "XTZUSDT": 0.378,
  "ORDIUSDT": 2.478,
  "UBUSDT": 0.03174,
  "VETUSDT": 0.007125,
  "ROSEUSDT": 0.01188,
  "METUSDT": 0.1727,
  "AVNTUSDT": 0.1705,
  "FOGOUSDT": 0.02359,
  "MOVEUSDT": 0.0222,
  "AIXBTUSDT": 0.02833,
  "LAUSDT": 0.2098,
  "DYDXUSDT": 0.095,
  "COMPUSDT": 17.18,
  "LINEAUSDT": 0.00319,
  "NXPCUSDT": 0.2706,
  "\u6211\u8e0f\u9a6c\u6765\u4e86USDT": 0.01076,
  "GRASSUSDT": 0.2947,
  "BEATUSDT": 0.2534,
  "TAUSDT": 0.04693,
  "ESPORTSUSDT": 0.30671,
  "PNUTUSDT": 0.04576,
  "COLLECTUSDT": 0.04076,
  "SUSDT": 0.04128,
  "ZKPUSDT": 0.08849,
  "ENSUSDT": 5.974,
  "ARUSDT": 1.672,
  "SKRUSDT": 0.022564,
  "RAVEUSDT": 0.3285,
  "1000FLOKIUSDT": 0.02822,
  "TRBUSDT": 14.484,
  "AUCTIONUSDT": 4.705,
  "SNXUSDT": 0.311,
  "ORCAUSDT": 0.876,
  "4USDT": 0.00962,
  "AGLDUSDT": 0.2173,
  "DENTUSDT": 0.000262,
  "SPXUSDT": 0.3275,
  "JASMYUSDT": 0.005577,
  "LPTUSDT": 2.298,
  "EULUSDT": 1.144,
  "PLUMEUSDT": 0.00939,
  "STXUSDT": 0.2574,
  "MANAUSDT": 0.0967,
  "WUSDT": 0.01859,
  "MEUSDT": 0.1146,
  "SOMIUSDT": 0.1922,
  "RESOLVUSDT": 0.06021,
  "WETUSDT": 0.10808,
  "BANKUSDT": 0.03666,
  "TRIAUSDT": 0.01777,
  "KAVAUSDT": 0.0533,
  "CYBERUSDT": 0.5429,
  "JSTUSDT": 0.048361,
  "DEXEUSDT": 3.45,
  "GRTUSDT": 0.02613,
  "AGTUSDT": 0.005498,
  "IMXUSDT": 0.1595,
  "COAIUSDT": 0.3183,
  "IOTAUSDT": 0.0657,
  "USELESSUSDT": 0.04229,
  "YGGUSDT": 0.0388,
  "CFXUSDT": 0.0483,
  "API3USDT": 0.2815,
  "WCTUSDT": 0.05933,
  "EDUUSDT": 0.1029,
  "TAGUSDT": 0.0003734,
  "INITUSDT": 0.08358,
  "AWEUSDT": 0.05077,
  "SFPUSDT": 0.2746,
  "NMRUSDT": 7.62,
  "MERLUSDT": 0.04132,
  "CYSUSDT": 0.3178,
  "LAYERUSDT": 0.0867,
  "FLOWUSDT": 0.03526,
  "QNTUSDT": 62.71,
  "MOODENGUSDT": 0.04874,
  "2ZUSDT": 0.07281,
  "PTBUSDT": 0.00116,
  "USUALUSDT": 0.01588,
  "AXLUSDT": 0.05302,
  "RUNEUSDT": 0.409,
  "NEIROUSDT": 6.852e-05,
  "CLOUSDT": 0.07121,
  "KASUSDT": 0.03064,
  "LIGHTUSDT": 0.1857,
  "MMTUSDT": 0.1169,
  "SPKUSDT": 0.01913,
  "EGLDUSDT": 4.204,
  "THETAUSDT": 0.1932,
  "NAORISUSDT": 0.03043,
  "1INCHUSDT": 0.094,
  "ARKMUSDT": 0.1086,
  "KGENUSDT": 0.20271,
  "BREVUSDT": 0.1462,
  "BIRBUSDT": 0.14461,
  "VANAUSDT": 1.434,
  "AIOUSDT": 0.08468,
  "ZRXUSDT": 0.1043,
  "FOLKSUSDT": 1.205,
  "SUNUSDT": 0.015809,
  "IOUSDT": 0.1134,
  "KNCUSDT": 0.138,
  "MUBARAKUSDT": 0.01531,
  "MEGAUSDT": 0.13598,
  "PEOPLEUSDT": 0.00658,
  "SPACEUSDT": 0.007362,
  "ZORAUSDT": 0.01697,
  "AIAUSDT": 0.08763,
  "GMTUSDT": 0.0113,
  "KAIAUSDT": 0.05425,
  "AKEUSDT": 0.0002397,
  "TSTUSDT": 0.00972,
  "LRCUSDT": 0.0309,
  "YFIUSDT": 2636.0,
  "COWUSDT": 0.2205,
  "POPCATUSDT": 0.04784,
  "SOPHUSDT": 0.008606,
  "MIRAUSDT": 0.0874,
  "SWARMSUSDT": 0.00726,
  "PROVEUSDT": 0.2897,
  "AVAAIUSDT": 0.007575,
  "ANIMEUSDT": 0.004723,
  "TWTUSDT": 0.4828,
  "AUSDT": 0.0769,
  "NILUSDT": 0.05012,
  "BATUSDT": 0.1042,
  "BOMEUSDT": 0.0003987,
  "TURBOUSDT": 0.0009691,
  "VELVETUSDT": 0.08141,
  "STEEMUSDT": 0.05802,
  "TUTUSDT": 0.01085,
  "MEMEUSDT": 0.0006415,
  "ACTUSDT": 0.01377,
  "OPENUSDT": 0.146,
  "STOUSDT": 0.06025,
  "OGUSDT": 2.81,
  "LUNA2USDT": 0.06323,
  "SUSHIUSDT": 0.2039,
  "GASUSDT": 1.602,
  "CATIUSDT": 0.03979,
  "FIOUSDT": 0.01021,
  "VELODROMEUSDT": 0.01568,
  "MANTAUSDT": 0.06408,
  "BSVUSDT": 14.95,
  "ALICEUSDT": 0.132,
  "HIPPOUSDT": 0.0007252,
  "BLUAIUSDT": 0.004288,
  "SUPERUSDT": 0.1165,
  "FHEUSDT": 0.02734,
  "AKTUSDT": 0.3391,
  "SOONUSDT": 0.1623,
  "BABYUSDT": 0.01141,
  "KSMUSDT": 4.644,
  "TNSRUSDT": 0.04502,
  "DAMUSDT": 0.02736,
  "ZBTUSDT": 0.07434,
  "MAGICUSDT": 0.06112,
  "MINAUSDT": 0.05669,
  "KMNOUSDT": 0.02496,
  "UAIUSDT": 0.2108,
  "XPTUSDT": 2085.46,
  "UMAUSDT": 0.4372,
  "ALTUSDT": 0.007396,
  "XNYUSDT": 0.005728,
  "KERNELUSDT": 0.07442,
  "FIGHTUSDT": 0.006182,
  "FUSDT": 0.0055,
  "MASKUSDT": 0.4302,
  "IOTXUSDT": 0.00522,
  "NOMUSDT": 0.003524,
  "YBUSDT": 0.1685,
  "XVGUSDT": 0.005468,
  "ASRUSDT": 1.31,
  "NEWTUSDT": 0.06915,
  "BLURUSDT": 0.01956,
  "RPLUSDT": 1.885,
  "ZEREBROUSDT": 0.007405,
  "KATUSDT": 0.01773,
  "STBLUSDT": 0.04133,
  "CELOUSDT": 0.076,
  "INUSDT": 0.06637,
  "ENJUSDT": 0.01905,
  "WALUSDT": 0.07861,
  "ONTUSDT": 0.0425,
  "SAPIENUSDT": 0.08188,
  "HOLOUSDT": 0.06052,
  "ANKRUSDT": 0.004122,
  "AINUSDT": 0.03797,
  "SKLUSDT": 0.00675,
  "KOMAUSDT": 0.007872,
  "TRUTHUSDT": 0.009455,
  "SANTOSUSDT": 1.293,
  "1000CHEEMSUSDT": 0.000536,
  "ERAUSDT": 0.1409,
  "GLMUSDT": 0.12948,
  "GMXUSDT": 7.139,
  "QTUMUSDT": 0.914,
  "ACHUSDT": 0.006713,
  "REDUSDT": 0.1438,
  "SAGAUSDT": 0.03269,
  "POLYXUSDT": 0.04157,
  "C98USDT": 0.0258,
  "ZKCUSDT": 0.0824,
  "EDENUSDT": 0.03251,
  "SONICUSDT": 0.04582,