{
  "BTCUSDT": 67142.2,
  "ETHUSDT": 2002.09,
  "SOLUSDT": 85.18,
  "BTC/USDCUSDT": 66485.0,
  "ETH/USDCUSDT": 1984.58,
  "XRPUSDT": 1.3781,
  "BTC/USDUSDT": 67117.5,
  "XAUUSDT": 5296.05,
  "ETH/USDUSDT": 2001.93,
  "DOGEUSDT": 0.09354,
  "POWERUSDT": 1.93573,
  "BNBUSDT": 623.87,
  "HYPEUSDT": 31.068,
  "XAGUSDT": 94.04,
  "PAXGUSDT": 5376.84,
  "1000PEPEUSDT": 0.0035494,
  "SOL/USDCUSDT": 85.17,
  "ZECUSDT": 223.22,
  "SUIUSDT": 0.9039,
  "RIVERUSDT": 13.501,
  "FIOUSDT": 0.01137,
  "SAHARAUSDT": 0.02476,
  "ADAUSDT": 0.2782,
  "DOTUSDT": 1.569,
  "XRP/USDCUSDT": 1.3781,
  "BCHUSDT": 446.73,
  "BULLAUSDT": 0.02518,
  "PIPPINUSDT": 0.59912,
  "NEARUSDT": 1.15,
  "AVAXUSDT": 9.153,
  "LINKUSDT": 8.88,
  "VVVUSDT": 5.569,
  "FILUSDT": 0.976,
  "GWEIUSDT": 0.043683,
  "SOL/USDUSDT": 84.51,
  "ARCUSDT": 0.03859,
  "DENTUSDT": 0.000324,
  "BARDUSDT": 0.9924,
  "ESPUSDT": 0.13492,
  "ASTERUSDT": 0.7146,
  "PUMPUSDT": 0.001907,
  "ZROUSDT": 1.8304,
  "TAOUSDT": 180.07,
  "LTCUSDT": 54.03,
  "GRASSUSDT": 0.2748,
  "XRP/USDUSDT": 1.379,
  "UNIUSDT": 3.775,
  "ENAUSDT": 0.1043,
  "WIFUSDT": 0.1953,
  "AAVEUSDT": 113.15,
  "SIRENUSDT": 0.25458,
  "ARBUSDT": 0.1005,
  "ROBOUSDT": 0.03716,
  "TRUMPUSDT": 3.471,
  "ETH/BTCUSDT": 1984.6296196,
  "1000SHIBUSDT": 0.005662,
  "WLDUSDT": 0.3899,
  "BNB/USDCUSDT": 624.02,
  "KITEUSDT": 0.26459,
  "VIRTUALUSDT": 0.7032,
  "DOGE/USDUSDT": 0.09358,
  "FARTCOINUSDT": 0.157,
  "ENSOUSDT": 1.3344,
  "OPUSDT": 0.1229,
  "PENGUUSDT": 0.006833,
  "APTUSDT": 0.9451,
  "DOGE/USDCUSDT": 0.09354,
  "XLMUSDT": 0.15727,
  "XPLUSDT": 0.0983,
  "WLFIUSDT": 0.1113,
  "SIGNUSDT": 0.0262,
  "BNB/USDUSDT": 625.38,
  "SKYAIUSDT": 0.04068,
  "HBARUSDT": 0.09913,
  "DASHUSDT": 33.08,
  "LAYERUSDT": 0.0974,
  "ICPUSDT": 2.41,
  "1000LUNCUSDT": 0.04518,
  "TRXUSDT": 0.28074,
  "ETCUSDT": 8.602,
  "STEEMUSDT": 0.06308,
  "CRVUSDT": 0.247,
  "1000BONKUSDT": 0.005881,
  "ALICEUSDT": 0.127,
  "GALAUSDT": 0.00352,
  "\u5e01\u5b89\u4eba\u751fUSDT": 0.06722,
  "XMRUSDT": 342.19,
  "TAKEUSDT": 0.02097,
  "INJUSDT": 3.068,
  "AXSUSDT": 1.301,
  "SUI/USDCUSDT": 0.9035,
  "ONDOUSDT": 0.2587,
  "ATOMUSDT": 1.828,
  "JUPUSDT": 0.1682,
  "SEIUSDT": 0.06894,
  "COSUSDT": 0.001178,
  "HUSDT": 0.1234,
  "TIAUSDT": 0.3229,
  "TONUSDT": 1.2474,
  "STGUSDT": 0.1612,
  "LYNUSDT": 0.26202,
  "GIGGLEUSDT": 26.74,
  "STABLEUSDT": 0.033132,
  "ATHUSDT": 0.006353,
  "XTZUSDT": 0.386,
  "BERAUSDT": 0.6081,
  "ADA/USDUSDT": 0.2784,
  "RAVEUSDT": 0.35735,
  "BEATUSDT": 0.2311,
  "BIRBUSDT": 0.15685,
  "FETUSDT": 0.1551,
  "RENDERUSDT": 1.369,
  "SKRUSDT": 0.023056,
  "MYXUSDT": 0.399,
  "LITUSDT": 1.411,
  "POLUSDT": 0.10646,
  "TRUTHUSDT": 0.009926,
  "CHZUSDT": 0.03394,
  "SPXUSDT": 0.3385,
  "AZTECUSDT": 0.02204,
  "ZEC/USDCUSDT": 223.17,
  "PENDLEUSDT": 1.296,
  "EULUSDT": 1.09,
  "RAREUSDT": 0.01648,
  "OPNUSDT": 0.4671,
  "1000PEPE/USDCUSDT": 0.003549,
  "LDOUSDT": 0.3037,
  "SANDUSDT": 0.08422,
  "BCH/USDCUSDT": 446.64,
  "ZENUSDT": 5.392,
  "DUSKUSDT": 0.08268,
  "NEIROUSDT": 6.71e-05,
  "ZAMAUSDT": 0.02179,
  "SUI/USDUSDT": 0.9038,
  "ALGOUSDT": 0.0869,
  "FIL/USDCUSDT": 0.976,
  "0GUSDT": 0.6456,
  "VICUSDT": 0.05227,
  "WETUSDT": 0.10596,
  "ADA/USDCUSDT": 0.2783,
  "HOLOUSDT": 0.06281,
  "MONUSDT": 0.02134,
  "AVAX/USDCUSDT": 9.152,
  "1000FLOKIUSDT": 0.02779,
  "BIOUSDT": 0.02079,
  "MORPHOUSDT": 1.7038,
  "ROSEUSDT": 0.01142,
  "CRCLUSDT": 83.42,
  "AGLDUSDT": 0.2256,
  "CAKEUSDT": 1.3156,
  "ORDIUSDT": 2.429,
  "MSTRUSDT": 130.1,
  "IPUSDT": 0.899,
  "EIGENUSDT": 0.1851,
  "GPSUSDT": 0.009285,
  "JELLYJELLYUSDT": 0.06807,
  "LINK/USDUSDT": 8.881,
  "FORMUSDT": 0.2133,
  "SOPHUSDT": 0.009311,
  "ACEUSDT": 0.1469,
  "ETHFIUSDT": 0.5028,
  "MIRAUSDT": 0.0913,
  "SENTUSDT": 0.0212,
  "USELESSUSDT": 0.04185,
  "SPACEUSDT": 0.007854,
  "ARUSDT": 1.534,
  "TSLAUSDT": 401.78,
  "VETUSDT": 0.00721,
  "APEUSDT": 0.1018,
  "LINK/USDCUSDT": 8.88,
  "JTOUSDT": 0.2659,
  "ZKPUSDT": 0.08933,
  "BASUSDT": 0.006598,
  "STRKUSDT": 0.04115,
  "KAITOUSDT": 0.3367,
  "SYRUPUSDT": 0.24235,
  "SNXUSDT": 0.321,
  "LUNA2USDT": 0.06533,
  "TRBUSDT": 14.043,
  "DYDXUSDT": 0.093,
  "ZILUSDT": 0.00426,
  "COLLECTUSDT": 0.04366,
  "MOODENGUSDT": 0.0498,
  "CCUSDT": 0.16596,
  "FOGOUSDT": 0.02617,
  "CYBERUSDT": 0.5342,
  "NEAR/USDCUSDT": 1.15,
  "ZKUSDT": 0.01891,
  "SPORTFUNUSDT": 0.04997,
  "PYTHUSDT": 0.04927,
  "AEROUSDT": 0.3523,
  "DOT/USDUSDT": 1.569,
  "SUSHIUSDT": 0.2021,
  "ORCAUSDT": 0.88,
  "PNUTUSDT": 0.04454,
  "ENSUSDT": 6.066,
  "HUMAUSDT": 0.012276,
  "SUSDT": 0.03989,
  "\u6211\u8e0f\u9a6c\u6765\u4e86USDT": 0.011734,
  "UAIUSDT": 0.1629,
  "LINEAUSDT": 0.003122,
  "CLOUSDT": 0.07061,
  "TURBOUSDT": 0.000983,
  "TRIAUSDT": 0.0181,
  "LTC/USDCUSDT": 54.02,
  "KSMUSDT": 4.88,
  "AIXBTUSDT": 0.02175,
  "ALLOUSDT": 0.11349,
  "FOLKSUSDT": 1.31,
  "ATUSDT": 0.15807,
  "ARKMUSDT": 0.1076,
  "JASMYUSDT": 0.005491,
  "MANAUSDT": 0.0963,
  "ENA/USDCUSDT": 0.1043,
  "NEWTUSDT": 0.07194,
  "PIEVERSEUSDT": 0.5295,
  "GLMUSDT": 0.13466,
  "BUSDT": 0.1751,
  "BOMEUSDT": 0.0003882,
  "KASUSDT": 0.02957,
  "C98USDT": 0.0265,
  "ARB/USDCUSDT": 0.1004,
  "AXLUSDT": 0.05371,
  "GMTUSDT": 0.01197,
  "CELOUSDT": 0.079,
  "WIF/USDCUSDT": 0.1952,
  "AVNTUSDT": 0.1753,
  "FIL/USDUSDT": 0.976,
  "GRTUSDT": 0.02609,
  "LTC/USDUSDT": 54.03,
  "COINUSDT": 175.54,
  "MEUSDT": 0.1174,
  "REDUSDT": 0.1511,
  "INITUSDT": 0.07748,
  "STXUSDT": 0.2572,
  "IOTAUSDT": 0.0671,
  "THETAUSDT": 0.192,
  "MOVEUSDT": 0.02197,
  "MAGMAUSDT": 0.11109,
  "FFUSDT": 0.07913,
  "LPTUSDT": 2.333,
  "YGGUSDT": 0.03805,
  "SOMIUSDT": 0.2027,
  "CGPTUSDT": 0.0217,
  "SUNUSDT": 0.01482,
  "COMPUSDT": 17.98,
  "BCH/USDUSDT": 446.91,
  "COAIUSDT": 0.3247,
  "WUSDT": 0.01881,
  "AAVE/USDCUSDT": 113.16,
  "NEOUSDT": 2.705,
  "QUSDT": 0.025132,
  "RUNEUSDT": 0.398,
  "BTCDOMUSDT": 5040.7,
  "LAUSDT": 0.2186,
  "1INCHUSDT": 0.0931,
  "MEMEUSDT": 0.0005936,
  "AAVE/USDUSDT": 113.18,
  "BDXNUSDT": 0.00788,
  "CFXUSDT": 0.04828,
  "IMXUSDT": 0.1632,
  "WCTUSDT": 0.05935,
  "CRV/USDCUSDT": 0.247,
  "NOTUSDT": 0.0003598,
  "DEXEUSDT": 3.346,
  "SKYUSDT": 0.06861,
  "UNI/USDUSDT": 3.776,
  "HOTUSDT": 0.000391,
  "PEOPLEUSDT": 0.00634,
  "MASKUSDT": 0.4299,
  "INXUSDT": 0.011803,
  "TNSRUSDT": 0.04531,
  "BREVUSDT": 0.1341,
  "FIGHTUSDT": 0.006372,
  "XPTUSDT": 2378.95,
  "PARTIUSDT": 0.09366,
  "UBUSDT": 0.0354,
  "MUSDT": 1.5099,
  "LIGHTUSDT": 0.1912,
  "IOTXUSDT": 0.00467,
  "RAYSOLUSDT": 0.6012,
  "MERLUSDT": 0.04154,
  "PLUMEUSDT": 0.0093,
  "QNTUSDT": 62.96,
  "EGLDUSDT": 4.452,
  "1000SATSUSDT": 1.1e-05,
  "BATUSDT": 0.104,
  "KERNELUSDT": 0.08031,
  "METUSDT": 0.1826,
  "NIGHTUSDT": 0.05842,
  "AVAX/USDUSDT": 9.15,
  "TRUMP/USDCUSDT": 3.47,
  "HOODUSDT": 75.43,
  "ZBTUSDT": 0.0739,
  "ANIMEUSDT": 0.004881,
  "AWEUSDT": 0.05206,
  "XNYUSDT": 0.005661,
  "1000SHIB/USDCUSDT": 0.005664,
  "JSTUSDT": 0.046931,
  "2ZUSDT": 0.07438,
  "GUAUSDT": 0.22432,
  "USTCUSDT": 0.005103,
  "NOMUSDT": 0.00356,
  "ACHUSDT": 0.006801,
  "KAVAUSDT": 0.0499,
  "ZORAUSDT": 0.01822,
  "USDCUSDT": 0.999499,
  "HBAR/USDCUSDT": 0.09913,
  "FLOWUSDT": 0.03813,
  "NAORISUSDT": 0.03128,
  "ZRXUSDT": 0.1057,
  "BTRUSDT": 0.18002,
  "SUPERUSDT": 0.1156,
  "YBUSDT": 0.1658,
  "GUNUSDT": 0.02598,
  "KAIAUSDT": 0.05495,
  "XANUSDT": 0.007075,
  "UNI/USDCUSDT": 3.772,
  "MUBARAKUSDT": 0.01369,
  "FHEUSDT": 0.02864,
  "PENGU/USDCUSDT": 0.00683,
  "XLM/USDUSDT": 0.15724,
  "POPCATUSDT": 0.04727,
  "YFIUSDT": 2658.0,
  "PORTALUSDT": 0.01202,
  "XPDUSDT": 1789.1,
  "TIA/USDCUSDT": 0.3228,
  "PLTRUSDT": 138.07,
  "AUCTIONUSDT": 4.811,
  "NEAR/USDUSDT": 1.15,
  "WLFI/USDCUSDT": 0.1112,
  "DOLOUSDT": 0.03446,
  "ZKCUSDT": 0.0852,
  "FRAXUSDT": 0.5809,
  "1MBABYDOGEUSDT": 0.0003869,
  "SYSUSDT": 0.01101,
  "PROVEUSDT": 0.2961,
  "RSRUSDT": 0.001502,
  "ACTUSDT": 0.01354,
  "OP/USDUSDT": 0.123,
  "OGUSDT": 2.987,
  "PTBUSDT": 0.001142,
  "SANTOSUSDT": 1.264,
  "WALUSDT": 0.07766,
  "API3USDT": 0.2843,
  "ACUUSDT": 0.10365,
  "XVGUSDT": 0.005651,