{
  "BTCUSDT": 72648.4,
  "ETHUSDT": 2128.84,
  "SOLUSDT": 91.26,
  "XRPUSDT": 1.4332,
  "BNBUSDT": 657.46,
  "DOGEUSDT": 0.09921,
  "XAUUSDT": 5146.86,
  "BCHUSDT": 465.94,
  "PAXGUSDT": 5156.57,
  "HYPEUSDT": 31.777,
  "ZECUSDT": 246.22,
  "XAGUSDT": 83.76,
  "WLFIUSDT": 0.1068,
  "TRXUSDT": 0.28716,
  "UNIUSDT": 3.96,
  "SUIUSDT": 0.9628,
  "ADAUSDT": 0.2765,
  "AVAXUSDT": 9.489,
  "1000PEPEUSDT": 0.0036459,
  "LINKUSDT": 9.358,
  "ASTERUSDT": 0.717,
  "LTCUSDT": 56.79,
  "PUMPUSDT": 0.002068,
  "NEARUSDT": 1.311,
  "ENAUSDT": 0.1179,
  "AAVEUSDT": 115.41,
  "WLDUSDT": 0.4214,
  "DOTUSDT": 1.531,
  "XPLUSDT": 0.1141,
  "FILUSDT": 1.025,
  "RIVERUSDT": 21.434,
  "LITUSDT": 1.367,
  "TAOUSDT": 187.53,
  "1000SHIBUSDT": 0.00568,
  "TRUMPUSDT": 3.441,
  "ZROUSDT": 1.9537,
  "KITEUSDT": 0.2264,
  "PIPPINUSDT": 0.34336,
  "APTUSDT": 1.0071,
  "TONUSDT": 1.3127,
  "HBARUSDT": 0.10101,
  "HUSDT": 0.12472,
  "ATOMUSDT": 1.878,
  "XMRUSDT": 358.61,
  "XLMUSDT": 0.16025,
  "ARBUSDT": 0.1048,
  "MONUSDT": 0.02288,
  "BERAUSDT": 0.5476,
  "WIFUSDT": 0.2144,
  "ICPUSDT": 2.518,
  "CRVUSDT": 0.256,
  "VIRTUALUSDT": 0.7524,
  "FETUSDT": 0.1553,
  "PENGUUSDT": 0.007233,
  "FFUSDT": 0.07326,
  "AXSUSDT": 1.224,
  "OPUSDT": 0.129,
  "ARCUSDT": 0.04033,
  "CCUSDT": 0.15495,
  "ETCUSDT": 8.834,
  "POLUSDT": 0.10386,
  "VVVUSDT": 6.344,
  "1000BONKUSDT": 0.006267,
  "ONDOUSDT": 0.2694,
  "BTCDOMUSDT": 5210.6,
  "ETHFIUSDT": 0.541,
  "SAHARAUSDT": 0.02868,
  "BARDUSDT": 1.0386,
  "FARTCOINUSDT": 0.1745,
  "PARTIUSDT": 0.08607,
  "IPUSDT": 0.86,
  "TIAUSDT": 0.339,
  "POWERUSDT": 0.16123,
  "CHZUSDT": 0.03696,
  "BANUSDT": 0.11059,
  "SEIUSDT": 0.06969,
  "\u5e01\u5b89\u4eba\u751fUSDT": 0.06181,
  "DASHUSDT": 35.21,
  "SIRENUSDT": 0.37107,
  "ENSOUSDT": 1.3016,
  "SENTUSDT": 0.0211,
  "JUPUSDT": 0.1906,
  "INJUSDT": 3.115,
  "PHAUSDT": 0.04877,
  "BUSDT": 0.2262,
  "KAITOUSDT": 0.3608,
  "0GUSDT": 0.6162,
  "ESPUSDT": 0.11954,
  "1000RATSUSDT": 0.05037,
  "RENDERUSDT": 1.414,
  "GUAUSDT": 0.26785,
  "STABLEUSDT": 0.028784,
  "FORMUSDT": 0.3121,
  "LDOUSDT": 0.3185,
  "BANANAS31USDT": 0.005157,
  "SIGNUSDT": 0.03049,
  "PENDLEUSDT": 1.3024,
  "ALCHUSDT": 0.07892,
  "ZKUSDT": 0.01901,
  "ZAMAUSDT": 0.0192,
  "ROBOUSDT": 0.04249,
  "MANTRAUSDT": 0.02312,
  "GIGGLEUSDT": 31.75,
  "MORPHOUSDT": 1.8643,
  "JELLYJELLYUSDT": 0.08479,
  "SKYAIUSDT": 0.03842,
  "PIEVERSEUSDT": 0.5398,
  "ATUSDT": 0.15655,
  "BIOUSDT": 0.02147,
  "GWEIUSDT": 0.041629,
  "CAKEUSDT": 1.4074,
  "SANDUSDT": 0.0869,
  "HOMEUSDT": 0.028969,
  "ZENUSDT": 5.822,
  "SKYUSDT": 0.0759,
  "CRCLUSDT": 104.53,
  "ALLOUSDT": 0.11867,
  "NIGHTUSDT": 0.0621,
  "BULLAUSDT": 0.02563,
  "GALAUSDT": 0.00363,
  "STRKUSDT": 0.04102,
  "ALGOUSDT": 0.0889,
  "MYXUSDT": 0.327,
  "LYNUSDT": 0.29731,
  "STGUSDT": 0.1737,
  "MSTRUSDT": 145.6,
  "MUSDT": 1.3709,
  "HANAUSDT": 0.03473,
  "EIGENUSDT": 0.1978,
  "BTRUSDT": 0.17978,
  "AEROUSDT": 0.3636,
  "OPNUSDT": 0.5176,
  "TSLAUSDT": 405.45,
  "APEUSDT": 0.1044,
  "AZTECUSDT": 0.02346,
  "HUMAUSDT": 0.013863,
  "GPSUSDT": 0.0088,
  "USDCUSDT": 0.999328,
  "TRADOORUSDT": 1.538,
  "SYRUPUSDT": 0.24646,
  "GUNUSDT": 0.02028,
  "ATHUSDT": 0.006534,
  "ZILUSDT": 0.00434,
  "BEAMXUSDT": 0.001951,
  "DUSKUSDT": 0.08791,
  "NEOUSDT": 2.679,
  "JTOUSDT": 0.2758,
  "B2USDT": 0.6985,
  "XPINUSDT": 0.001361,
  "ORDIUSDT": 2.554,
  "1000LUNCUSDT": 0.04481,
  "PYTHUSDT": 0.05077,
  "XTZUSDT": 0.389,
  "VETUSDT": 0.007449,
  "DYDXUSDT": 0.099,
  "METUSDT": 0.1768,
  "UBUSDT": 0.03352,
  "TAUSDT": 0.04927,
  "BEATUSDT": 0.278,
  "NXPCUSDT": 0.2763,
  "AVNTUSDT": 0.1749,
  "MOVEUSDT": 0.02275,
  "QUSDT": 0.013164,
  "COMPUSDT": 18.18,
  "CYSUSDT": 0.3804,
  "LAUSDT": 0.2133,
  "ROSEUSDT": 0.0122,
  "1000FLOKIUSDT": 0.02949,
  "PNUTUSDT": 0.04816,
  "FOGOUSDT": 0.02271,
  "\u6211\u8e0f\u9a6c\u6765\u4e86USDT": 0.010929,
  "ENSUSDT": 6.314,
  "SUSDT": 0.0424,
  "AIXBTUSDT": 0.02978,
  "LINEAUSDT": 0.003239,
  "ESPORTSUSDT": 0.30482,
  "COLLECTUSDT": 0.03949,
  "SPXUSDT": 0.3547,
  "SNXUSDT": 0.331,
  "RESOLVUSDT": 0.06494,
  "TRBUSDT": 15.017,
  "ZKPUSDT": 0.08846,
  "KAVAUSDT": 0.0588,
  "TAGUSDT": 0.0004208,
  "LPTUSDT": 2.376,
  "USELESSUSDT": 0.0476,
  "RAVEUSDT": 0.36586,
  "ARUSDT": 1.694,
  "WETUSDT": 0.11837,
  "AGLDUSDT": 0.2324,
  "TRIAUSDT": 0.01841,
  "GRASSUSDT": 0.2904,
  "AUCTIONUSDT": 4.81,
  "ORCAUSDT": 0.892,
  "BANKUSDT": 0.04092,
  "4USDT": 0.0094,
  "SKRUSDT": 0.022234,
  "EULUSDT": 1.15,
  "STXUSDT": 0.2676,
  "JASMYUSDT": 0.005792,
  "PLUMEUSDT": 0.00967,
  "MANAUSDT": 0.0997,
  "WUSDT": 0.01903,
  "CFXUSDT": 0.05071,
  "AGTUSDT": 0.005928,
  "IOTAUSDT": 0.0682,
  "IMXUSDT": 0.1595,
  "DEXEUSDT": 3.571,
  "MOODENGUSDT": 0.05186,
  "DENTUSDT": 0.000257,
  "MEUSDT": 0.1156,
  "JSTUSDT": 0.045704,
  "COAIUSDT": 0.3244,
  "CYBERUSDT": 0.5585,
  "FLOWUSDT": 0.03482,
  "SOMIUSDT": 0.1953,
  "PEOPLEUSDT": 0.00711,
  "RUNEUSDT": 0.436,
  "GRTUSDT": 0.02675,
  "YGGUSDT": 0.03945,
  "EDUUSDT": 0.104,
  "WCTUSDT": 0.06029,
  "NMRUSDT": 7.77,
  "PTBUSDT": 0.00118,
  "SFPUSDT": 0.2772,
  "THETAUSDT": 0.1987,
  "AWEUSDT": 0.05152,
  "KGENUSDT": 0.22066,
  "SPKUSDT": 0.02004,
  "QNTUSDT": 65.2,
  "MERLUSDT": 0.0416,
  "NEIROUSDT": 7.122e-05,
  "API3USDT": 0.2873,
  "MMTUSDT": 0.118,
  "INITUSDT": 0.07898,
  "2ZUSDT": 0.07374,
  "1INCHUSDT": 0.0995,
  "MEMEUSDT": 0.0006382,
  "LIGHTUSDT": 0.1854,
  "LAYERUSDT": 0.089,
  "AXLUSDT": 0.05504,
  "ZRXUSDT": 0.1076,
  "CLOUSDT": 0.07107,
  "NAORISUSDT": 0.03076,
  "COWUSDT": 0.2417,
  "KASUSDT": 0.03104,
  "ARKMUSDT": 0.1111,
  "FOLKSUSDT": 1.202,
  "EGLDUSDT": 4.288,
  "SPACEUSDT": 0.007379,
  "BIRBUSDT": 0.14749,
  "USUALUSDT": 0.01612,
  "VANAUSDT": 1.454,
  "IOUSDT": 0.1137,
  "BREVUSDT": 0.1451,
  "ZORAUSDT": 0.01734,
  "KAIAUSDT": 0.05493,
  "AKEUSDT": 0.0002509,
  "POPCATUSDT": 0.0519,
  "SWARMSUSDT": 0.007371,
  "STEEMUSDT": 0.05881,
  "BOMEUSDT": 0.0004207,
  "YFIUSDT": 2719.0,
  "TSTUSDT": 0.00997,
  "PROVEUSDT": 0.2797,
  "AVAAIUSDT": 0.008016,
  "GMTUSDT": 0.01187,
  "TWTUSDT": 0.502,
  "SUNUSDT": 0.016011,
  "SOPHUSDT": 0.008671,
  "SUSHIUSDT": 0.2089,
  "LRCUSDT": 0.03172,
  "TURBOUSDT": 0.0010136,
  "AUSDT": 0.0795,
  "HIPPOUSDT": 0.0008302,
  "AIAUSDT": 0.08515,
  "COOKIEUSDT": 0.02235,
  "ACTUSDT": 0.01388,
  "LUNA2USDT": 0.0653,
  "OPENUSDT": 0.1464,
  "ANIMEUSDT": 0.004791,
  "VELVETUSDT": 0.08573,
  "MEGAUSDT": 0.13532,
  "OGUSDT": 2.831,
  "VELODROMEUSDT": 0.01666,
  "NILUSDT": 0.05185,
  "MIRAUSDT": 0.0902,
  "BATUSDT": 0.1044,
  "CATIUSDT": 0.03969,
  "MUBARAKUSDT": 0.01458,
  "KNCUSDT": 0.1404,
  "DAMUSDT": 0.03059,
  "TUTUSDT": 0.01068,
  "STOUSDT": 0.05965,
  "GASUSDT": 1.644,
  "FHEUSDT": 0.02855,
  "MANTAUSDT": 0.06607,
  "BLUAIUSDT": 0.004404,
  "BABYUSDT": 0.01153,
  "AIOUSDT": 0.08117,
  "BSVUSDT": 15.38,
  "SUPERUSDT": 0.1194,
  "ZBTUSDT": 0.07518,
  "TNSRUSDT": 0.0455,
  "AKTUSDT": 0.3355,
  "SOONUSDT": 0.163,
  "ALICEUSDT": 0.131,
  "MASKUSDT": 0.4659,
  "MAGICUSDT": 0.06214,
  "MINAUSDT": 0.05794,
  "RPLUSDT": 1.969,
  "FIGHTUSDT": 0.006193,
  "UMAUSDT": 0.4371,
  "KSMUSDT": 4.829,
  "FIOUSDT": 0.00977,
  "KERNELUSDT": 0.07563,
  "XVGUSDT": 0.005677,
  "SAPIENUSDT": 0.08386,
  "FUSDT": 0.005605,
  "ALTUSDT": 0.007403,
  "BLURUSDT": 0.02004,
  "KMNOUSDT": 0.02343,
  "ASRUSDT": 1.325,
  "INUSDT": 0.07233,
  "NOMUSDT": 0.003586,
  "ONTUSDT": 0.0441,
  "GMXUSDT": 7.449,
  "ZEREBROUSDT": 0.007389,
  "CELOUSDT": 0.079,
  "ENJUSDT": 0.01937,
  "1000SATSUSDT": 1.17e-05,
  "ANKRUSDT": 0.004261,
  "YBUSDT": 0.1724,
  "IOTXUSDT": 0.00533,
  "REDUSDT": 0.1414,
  "EDENUSDT": 0.03424,
  "KOMAUSDT": 0.008118,
  "STBLUSDT": 0.04016,
  "TRUTHUSDT": 0.009472,
  "POLYXUSDT": 0.04228,
  "RSRUSDT": 0.001624,
  "TAKEUSDT": 0.01915,
  "GLMUSDT": 0.13312,
  "XNYUSDT": 0.005718,
  "SKLUSDT": 0.00676,
  "XPTUSDT": 2162.76,
  "RAYSOLUSDT": 0.6245,
  "WALUSDT": 0.07988,
  "DRIFTUSDT": 0.0887,
  "NEWTUSDT": 0.0691,
  "AINUSDT": 0.03675,
  "QTUMUSDT": 0.942,
  "UAIUSDT": 0.2015,
  "ERAUSDT": 0.1425,
  "HOLOUSDT": 0.0602,