{
  "BTCUSDT": 67699.6,
  "ETHUSDT": 2040.12,
  "SOLUSDT": 87.47,
  "XRPUSDT": 1.4089,
  "BNBUSDT": 631.54,
  "DOGEUSDT": 0.09855,
  "BCHUSDT": 484.14,
  "XAGUSDT": 90.03,
  "HYPEUSDT": 29.083,
  "XAUUSDT": 5195.7,
  "PAXGUSDT": 5206.45,
  "WLFIUSDT": 0.1158,
  "ADAUSDT": 0.2943,
  "ZECUSDT": 241.54,
  "UNIUSDT": 3.927,
  "TRXUSDT": 0.28494,
  "SUIUSDT": 0.9519,
  "AVAXUSDT": 9.405,
  "LINKUSDT": 9.183,
  "ASTERUSDT": 0.7068,
  "LTCUSDT": 56.02,
  "PIPPINUSDT": 0.77566,
  "1000PEPEUSDT": 0.0038809,
  "PUMPUSDT": 0.001895,
  "ENAUSDT": 0.1065,
  "DOTUSDT": 1.606,
  "NEARUSDT": 1.138,
  "AAVEUSDT": 119.0,
  "WLDUSDT": 0.4068,
  "KITEUSDT": 0.24849,
  "FILUSDT": 1.029,
  "TRUMPUSDT": 3.408,
  "TAOUSDT": 187.56,
  "XPLUSDT": 0.0989,
  "LITUSDT": 1.398,
  "POWERUSDT": 1.73023,
  "1000SHIBUSDT": 0.006023,
  "HBARUSDT": 0.10413,
  "ZROUSDT": 1.6928,
  "ATOMUSDT": 1.908,
  "TONUSDT": 1.3028,
  "APTUSDT": 0.9912,
  "ARBUSDT": 0.1032,
  "BERAUSDT": 0.632,
  "XLMUSDT": 0.16456,
  "RIVERUSDT": 11.125,
  "ICPUSDT": 2.643,
  "XMRUSDT": 354.16,
  "AXSUSDT": 1.382,
  "WIFUSDT": 0.2137,
  "CRVUSDT": 0.255,
  "MONUSDT": 0.02115,
  "OPUSDT": 0.122,
  "FETUSDT": 0.165,
  "PENGUUSDT": 0.007132,
  "ETCUSDT": 8.965,
  "FFUSDT": 0.08163,
  "HUSDT": 0.12736,
  "VIRTUALUSDT": 0.7071,
  "FARTCOINUSDT": 0.1819,
  "1000BONKUSDT": 0.006221,
  "ARCUSDT": 0.03178,
  "POLUSDT": 0.11464,
  "ESPUSDT": 0.14844,
  "\u5e01\u5b89\u4eba\u751fUSDT": 0.07016,
  "IPUSDT": 1.012,
  "CCUSDT": 0.17472,
  "PARTIUSDT": 0.09601,
  "ENSOUSDT": 1.5405,
  "STABLEUSDT": 0.036619,
  "ETHFIUSDT": 0.5157,
  "ONDOUSDT": 0.2697,
  "BANUSDT": 0.1145,
  "TIAUSDT": 0.3381,
  "INJUSDT": 3.231,
  "BTCDOMUSDT": 4997.2,
  "SENTUSDT": 0.02381,
  "CHZUSDT": 0.03342,
  "BARDUSDT": 0.869,
  "DASHUSDT": 35.39,
  "0GUSDT": 0.6762,
  "SEIUSDT": 0.0712,
  "JUPUSDT": 0.1593,
  "ZKUSDT": 0.01985,
  "ZAMAUSDT": 0.02389,
  "KAITOUSDT": 0.334,
  "VVVUSDT": 4.878,
  "SIRENUSDT": 0.37101,
  "GUAUSDT": 0.24268,
  "PENDLEUSDT": 1.3116,
  "LDOUSDT": 0.3145,
  "ALCHUSDT": 0.07879,
  "SKYAIUSDT": 0.04507,
  "MORPHOUSDT": 1.8676,
  "DENTUSDT": 0.000346,
  "QUSDT": 0.023142,
  "MYXUSDT": 0.481,
  "LYNUSDT": 0.32585,
  "BANANAS31USDT": 0.004792,
  "RENDERUSDT": 1.479,
  "ATUSDT": 0.1623,
  "NIGHTUSDT": 0.06017,
  "CAKEUSDT": 1.3264,
  "HOMEUSDT": 0.028585,
  "1000LUNCUSDT": 0.04579,
  "PIEVERSEUSDT": 0.5205,
  "1000RATSUSDT": 0.04244,
  "SANDUSDT": 0.08735,
  "ZENUSDT": 5.73,
  "BIOUSDT": 0.02293,
  "GPSUSDT": 0.00982,
  "GALAUSDT": 0.00381,
  "ALGOUSDT": 0.0893,
  "GUNUSDT": 0.03096,
  "GIGGLEUSDT": 27.54,
  "AZTECUSDT": 0.02393,
  "ALLOUSDT": 0.11275,
  "MUSDT": 1.44,
  "HANAUSDT": 0.03608,
  "BUSDT": 0.1535,
  "STRKUSDT": 0.04278,
  "DUSKUSDT": 0.09171,
  "USDCUSDT": 0.999424,
  "JTOUSDT": 0.2855,
  "APEUSDT": 0.1092,
  "BTRUSDT": 0.18518,
  "UBUSDT": 0.03768,
  "SKYUSDT": 0.06844,
  "OPNUSDT": 0.5549,
  "AEROUSDT": 0.3658,
  "CRCLUSDT": 87.7,
  "BULLAUSDT": 0.01581,
  "MSTRUSDT": 134.67,
  "SYRUPUSDT": 0.24015,
  "TRADOORUSDT": 1.417,
  "LAUSDT": 0.2371,
  "METUSDT": 0.1876,
  "FOGOUSDT": 0.02991,
  "RAVEUSDT": 0.35731,
  "XPINUSDT": 0.001535,
  "ZILUSDT": 0.0043,
  "GWEIUSDT": 0.033841,
  "TSLAUSDT": 407.48,
  "B2USDT": 0.729,
  "PYTHUSDT": 0.05313,
  "BEAMXUSDT": 0.001977,
  "EIGENUSDT": 0.1984,
  "HUMAUSDT": 0.01172,
  "ROSEUSDT": 0.01335,
  "\u6211\u8e0f\u9a6c\u6765\u4e86USDT": 0.012743,
  "AVNTUSDT": 0.186,
  "VETUSDT": 0.007681,
  "NEOUSDT": 2.836,
  "ORDIUSDT": 2.556,
  "JELLYJELLYUSDT": 0.06371,
  "SKRUSDT": 0.021832,
  "MOVEUSDT": 0.02216,
  "LINEAUSDT": 0.003242,
  "DYDXUSDT": 0.101,
  "COLLECTUSDT": 0.04082,
  "NXPCUSDT": 0.2791,
  "COMPUSDT": 19.19,
  "ORCAUSDT": 0.908,
  "XTZUSDT": 0.398,
  "WETUSDT": 0.1176,
  "FORMUSDT": 0.1966,
  "ZKPUSDT": 0.08417,
  "LPTUSDT": 2.408,
  "CYBERUSDT": 0.5461,
  "SUSDT": 0.04196,
  "ESPORTSUSDT": 0.31226,
  "MIRAUSDT": 0.1116,
  "STGUSDT": 0.1476,
  "PNUTUSDT": 0.0473,
  "SNXUSDT": 0.349,
  "AUCTIONUSDT": 4.913,
  "TRIAUSDT": 0.02149,
  "SOMIUSDT": 0.2152,
  "AWEUSDT": 0.05443,
  "ARUSDT": 1.7,
  "1000FLOKIUSDT": 0.03008,
  "STXUSDT": 0.2651,
  "MEUSDT": 0.1215,
  "BEATUSDT": 0.2091,
  "YGGUSDT": 0.04011,
  "ENSUSDT": 6.386,
  "WUSDT": 0.01949,
  "AGLDUSDT": 0.2706,
  "AXLUSDT": 0.05676,
  "TRBUSDT": 14.904,
  "JASMYUSDT": 0.00579,
  "API3USDT": 0.2983,
  "PLUMEUSDT": 0.00967,
  "RESOLVUSDT": 0.06224,
  "SPXUSDT": 0.3226,
  "BANKUSDT": 0.03911,
  "FLOWUSDT": 0.03908,
  "IMXUSDT": 0.1716,
  "INITUSDT": 0.08285,
  "STEEMUSDT": 0.06752,
  "2ZUSDT": 0.08024,
  "DEXEUSDT": 3.568,
  "MERLUSDT": 0.0453,
  "USELESSUSDT": 0.04207,
  "CYSUSDT": 0.3495,
  "CLOUSDT": 0.08172,
  "VANAUSDT": 1.478,
  "UAIUSDT": 0.2502,
  "EDUUSDT": 0.1123,
  "EULUSDT": 0.987,
  "CFXUSDT": 0.05053,
  "ATHUSDT": 0.005137,
  "GRASSUSDT": 0.2323,
  "SPACEUSDT": 0.009371,
  "MANAUSDT": 0.0998,
  "JSTUSDT": 0.046205,
  "IOTAUSDT": 0.0701,
  "TAUSDT": 0.03816,
  "NMRUSDT": 7.92,
  "OGUSDT": 3.037,
  "MMTUSDT": 0.1236,
  "COAIUSDT": 0.3168,
  "HOTUSDT": 0.000441,
  "WCTUSDT": 0.0606,
  "BIRBUSDT": 0.16959,
  "QNTUSDT": 64.31,
  "LUNA2USDT": 0.07003,
  "4USDT": 0.00853,
  "GRTUSDT": 0.02712,
  "MOODENGUSDT": 0.05372,
  "LIGHTUSDT": 0.2043,
  "AKEUSDT": 0.000291,
  "SPKUSDT": 0.02059,
  "XPTUSDT": 2408.24,
  "AGTUSDT": 0.004995,
  "SFPUSDT": 0.2659,
  "NAORISUSDT": 0.0314,
  "KASUSDT": 0.0315,
  "ZRXUSDT": 0.1094,
  "RUNEUSDT": 0.4083,
  "TAGUSDT": 0.0003428,
  "KERNELUSDT": 0.08726,
  "1INCHUSDT": 0.0962,
  "NOMUSDT": 0.003844,
  "BREVUSDT": 0.1447,
  "LRCUSDT": 0.0334,
  "ZORAUSDT": 0.0192,
  "FOLKSUSDT": 1.404,
  "KAIAUSDT": 0.05727,
  "THETAUSDT": 0.1955,
  "NEIROUSDT": 7.24e-05,
  "IOUSDT": 0.1163,
  "YBUSDT": 0.1782,
  "BATUSDT": 0.1079,
  "SAHARAUSDT": 0.01599,
  "SIGNUSDT": 0.02388,
  "ARKMUSDT": 0.1111,
  "FHEUSDT": 0.02992,
  "EGLDUSDT": 4.586,
  "PTBUSDT": 0.001124,
  "YFIUSDT": 2808.0,
  "COWUSDT": 0.2175,
  "ZBTUSDT": 0.0784,
  "RPLUSDT": 1.966,
  "KGENUSDT": 0.18786,
  "GMTUSDT": 0.01235,
  "ANIMEUSDT": 0.004998,
  "REDUSDT": 0.178,
  "AUSDT": 0.0821,
  "PEOPLEUSDT": 0.00678,
  "BLUAIUSDT": 0.005177,
  "AIAUSDT": 0.08781,
  "POPCATUSDT": 0.05015,
  "OPENUSDT": 0.1538,
  "PROVEUSDT": 0.2975,
  "MEGAUSDT": 0.13272,
  "BSVUSDT": 16.1,
  "TWTUSDT": 0.5031,
  "VELVETUSDT": 0.08571,
  "KSMUSDT": 5.148,
  "STBLUSDT": 0.0464,
  "SUSHIUSDT": 0.2129,
  "SWARMSUSDT": 0.00744,
  "BOMEUSDT": 0.0003974,
  "MAGICUSDT": 0.06506,
  "ACTUSDT": 0.01427,
  "GASUSDT": 1.602,
  "STOUSDT": 0.06211,
  "AVAAIUSDT": 0.00767,
  "MINAUSDT": 0.06006,
  "FIGHTUSDT": 0.006661,
  "VELODROMEUSDT": 0.0168,
  "AINUSDT": 0.04756,
  "TSTUSDT": 0.00983,
  "MEMEUSDT": 0.000638,
  "NILUSDT": 0.05041,
  "AIXBTUSDT": 0.02054,
  "TNSRUSDT": 0.04866,
  "TURBOUSDT": 0.0010282,
  "MANTAUSDT": 0.06488,
  "CATIUSDT": 0.03876,
  "TUTUSDT": 0.01042,
  "SUPERUSDT": 0.1193,
  "BABYUSDT": 0.01252,
  "AIOUSDT": 0.07707,
  "SOPHUSDT": 0.009256,
  "LAYERUSDT": 0.0872,
  "BLURUSDT": 0.02056,
  "EDENUSDT": 0.03504,
  "SOONUSDT": 0.1683,
  "ACHUSDT": 0.007079,
  "FUSDT": 0.00586,
  "UMAUSDT": 0.4548,
  "XVGUSDT": 0.005959,
  "MASKUSDT": 0.4433,
  "SUNUSDT": 0.016178,
  "MUBARAKUSDT": 0.01364,
  "HOLOUSDT": 0.05786,
  "IDUSDT": 0.04612,
  "TRUTHUSDT": 0.009735,
  "SAPIENUSDT": 0.08975,
  "ALTUSDT": 0.00758,
  "XNYUSDT": 0.004621,
  "ASRUSDT": 1.365,
  "TAKEUSDT": 0.0196,
  "ARPAUSDT": 0.00998,
  "CELOUSDT": 0.078,
  "KMNOUSDT": 0.02226,
  "WALUSDT": 0.0788,
  "SONICUSDT": 0.04932,
  "ZKCUSDT": 0.0894,
  "SOLVUSDT": 0.00426,
  "C98USDT": 0.0245,
  "RAREUSDT": 0.01872,
  "ICNTUSDT": 0.3954,
  "CTSIUSDT": 0.0251,
  "IDOLUSDT": 0.01893,
  "BELUSDT": 0.1006,
  "ANKRUSDT": 0.004379,
  "INUSDT": 0.06787,
  "MELANIAUSDT": 0.1108,
  "RAYSOLUSDT": 0.6199,
  "GLMUSDT": 0.13876,
  "ERAUSDT": 0.1478,
  "ONTUSDT": 0.0436,
  "KOMAUSDT": 0.0078,
  "DRIFTUSDT": 0.0852,
  "DEGOUSDT": 0.3195,
  "STORJUSDT": 0.0969,
  "CVXUSDT": 1.72,
  "SANTOSUSDT": 1.402,
  "DAMUSDT": 0.02332,
  "SKLUSDT": 0.00676,
  "GMXUSDT": 6.872,
  "POLYXUSDT": 0.04373,
  "ARIAUSDT": 0.07886,
  "THEUSDT": 0.2667,