{
  "AKTUSDT": 0.3034,
  "AIOUSDT": 0.09853,
  "JELLYJELLYUSDT": 0.08043,
  "XPDUSDT": 1709.6,
  "4USDT": 0.00965,
  "MAGMAUSDT": 0.11808,
  "PHAUSDT": 0.03484,
  "BIO/USDCUSDT": 0.02025,
  "INXUSDT": 0.012136,
  "PYTHUSDT": 0.04697,
  "TRUTHUSDT": 0.009816,
  "FRAXUSDT": 0.6092,
  "ZBTUSDT": 0.0757,
  "EPICUSDT": 0.2955,
  "POWERUSDT": 1.84726,
  "BULLAUSDT": 0.02649,
  "XLM/USDUSDT": 0.14971,
  "XAGUSDT": 84.04,
  "BIRBUSDT": 0.14385,
  "ZKPUSDT": 0.08752
}