{
  "BTCUSDT": 67388.8,
  "ETHUSDT": 2016.96,
  "SOLUSDT": 87.74,
  "XRPUSDT": 1.4158,
  "BNBUSDT": 630.88,
  "DOGEUSDT": 0.09642,
  "XAUUSDT": 5290.66,
  "XAGUSDT": 93.95,
  "HYPEUSDT": 30.903,
  "BCHUSDT": 458.59,
  "PAXGUSDT": 5336.31,
  "WLFIUSDT": 0.1139,
  "ZECUSDT": 230.5,
  "TRXUSDT": 0.28214,
  "ADAUSDT": 0.2862,
  "UNIUSDT": 3.834,
  "ASTERUSDT": 0.7296,
  "SUIUSDT": 0.9353,
  "LINKUSDT": 9.067,
  "AVAXUSDT": 9.276,
  "LTCUSDT": 54.88,
  "1000PEPEUSDT": 0.0036686,
  "PUMPUSDT": 0.001948,
  "ENAUSDT": 0.106,
  "NEARUSDT": 1.154,
  "DOTUSDT": 1.602,
  "PIPPINUSDT": 0.59515,
  "AAVEUSDT": 115.79,
  "WLDUSDT": 0.4004,
  "KITEUSDT": 0.26375,
  "XPLUSDT": 0.1012,
  "FILUSDT": 0.997,
  "TRUMPUSDT": 3.575,
  "LITUSDT": 1.424,
  "POWERUSDT": 1.90157,
  "TAOUSDT": 184.22,
  "1000SHIBUSDT": 0.005845,
  "ZROUSDT": 1.8066,
  "APTUSDT": 0.9634,
  "TONUSDT": 1.2827,
  "ATOMUSDT": 1.855,
  "HBARUSDT": 0.10157,
  "BERAUSDT": 0.6153,
  "RIVERUSDT": 12.688,
  "XLMUSDT": 0.16219,
  "XMRUSDT": 344.13,
  "WIFUSDT": 0.1985,
  "ARBUSDT": 0.1023,
  "ICPUSDT": 2.494,
  "HUSDT": 0.12516,
  "MONUSDT": 0.02217,
  "CRVUSDT": 0.252,
  "AXSUSDT": 1.33,
  "VIRTUALUSDT": 0.7254,
  "FETUSDT": 0.1598,
  "FFUSDT": 0.07996,
  "OPUSDT": 0.1239,
  "PENGUUSDT": 0.00708,
  "ETCUSDT": 8.783,
  "CCUSDT": 0.16797,
  "PARTIUSDT": 0.09693,
  "ARCUSDT": 0.03377,
  "POLUSDT": 0.11033,
  "BARDUSDT": 1.008,
  "1000BONKUSDT": 0.006108,
  "CHZUSDT": 0.03462,
  "\u5e01\u5b89\u4eba\u751fUSDT": 0.0695,
  "FARTCOINUSDT": 0.1627,
  "ETHFIUSDT": 0.5151,
  "BTCDOMUSDT": 5011.6,
  "DASHUSDT": 33.91,
  "IPUSDT": 0.931,
  "TIAUSDT": 0.332,
  "ONDOUSDT": 0.2665,
  "VVVUSDT": 5.584,
  "BANUSDT": 0.10995,
  "INJUSDT": 3.114,
  "ESPUSDT": 0.1295,
  "SEIUSDT": 0.06945,
  "ENSOUSDT": 1.3692,
  "0GUSDT": 0.6482,
  "SENTUSDT": 0.0218,
  "STABLEUSDT": 0.03389,
  "JUPUSDT": 0.1736,
  "BULLAUSDT": 0.02684,
  "GWEIUSDT": 0.0476,
  "SAHARAUSDT": 0.02164,
  "KAITOUSDT": 0.3415,
  "ALCHUSDT": 0.08249,
  "ZKUSDT": 0.01933,
  "PENDLEUSDT": 1.3336,
  "SKYAIUSDT": 0.04117,
  "ZAMAUSDT": 0.02222,
  "LDOUSDT": 0.3127,
  "QUSDT": 0.02419,
  "RENDERUSDT": 1.427,
  "GUAUSDT": 0.2236,
  "BANANAS31USDT": 0.004798,
  "BUSDT": 0.1772,
  "SIRENUSDT": 0.25989,
  "ATUSDT": 0.15812,
  "HOMEUSDT": 0.029266,
  "MORPHOUSDT": 1.739,
  "PIEVERSEUSDT": 0.5333,
  "ZENUSDT": 5.616,
  "NIGHTUSDT": 0.05923,
  "CAKEUSDT": 1.3407,
  "MYXUSDT": 0.403,
  "SIGNUSDT": 0.02603,
  "BIOUSDT": 0.02143,
  "MUSDT": 1.4771,
  "STRKUSDT": 0.04225,
  "ALLOUSDT": 0.11384,
  "1000RATSUSDT": 0.0379,
  "SANDUSDT": 0.08604,
  "BTRUSDT": 0.18458,
  "MSTRUSDT": 130.53,
  "GALAUSDT": 0.00363,
  "HANAUSDT": 0.03516,
  "ALGOUSDT": 0.0892,
  "USDCUSDT": 0.9995,
  "GPSUSDT": 0.009469,
  "SKYUSDT": 0.0694,
  "1000LUNCUSDT": 0.04446,
  "GIGGLEUSDT": 25.77,
  "APEUSDT": 0.1057,
  "AEROUSDT": 0.3605,
  "DUSKUSDT": 0.08538,
  "STGUSDT": 0.1588,
  "JTOUSDT": 0.2729,
  "ATHUSDT": 0.006193,
  "LYNUSDT": 0.25364,
  "GUNUSDT": 0.02697,
  "AZTECUSDT": 0.02161,
  "HUMAUSDT": 0.012736,
  "SYRUPUSDT": 0.23841,
  "JELLYJELLYUSDT": 0.06821,
  "OPNUSDT": 0.4654,
  "DENTUSDT": 0.000314,
  "UBUSDT": 0.03459,
  "TRADOORUSDT": 1.363,
  "B2USDT": 0.7216,
  "TSLAUSDT": 402.65,
  "ZILUSDT": 0.00426,
  "CRCLUSDT": 83.6,
  "EIGENUSDT": 0.1887,
  "PYTHUSDT": 0.05083,
  "METUSDT": 0.186,
  "XPINUSDT": 0.001407,
  "XTZUSDT": 0.39,
  "BEAMXUSDT": 0.001918,
  "FOGOUSDT": 0.02702,
  "ROSEUSDT": 0.01181,
  "VETUSDT": 0.007418,
  "NEOUSDT": 2.799,
  "\u6211\u8e0f\u9a6c\u6765\u4e86USDT": 0.012245,
  "DYDXUSDT": 0.095,
  "COLLECTUSDT": 0.04574,
  "AVNTUSDT": 0.1794,
  "LAUSDT": 0.2227,
  "ORDIUSDT": 2.48,
  "FIOUSDT": 0.01164,
  "ZKPUSDT": 0.09002,
  "NXPCUSDT": 0.2763,
  "MOVEUSDT": 0.02218,
  "LINEAUSDT": 0.003214,
  "GRASSUSDT": 0.2713,
  "SKRUSDT": 0.022738,
  "COMPUSDT": 18.4,
  "SUSDT": 0.04096,
  "FORMUSDT": 0.1928,
  "RAVEUSDT": 0.35057,
  "PNUTUSDT": 0.04579,
  "AUCTIONUSDT": 4.866,
  "ESPORTSUSDT": 0.30216,
  "1000FLOKIUSDT": 0.02829,
  "ORCAUSDT": 0.904,
  "EULUSDT": 1.112,
  "CYBERUSDT": 0.5421,
  "LAYERUSDT": 0.1009,
  "ROBOUSDT": 0.03747,
  "BEATUSDT": 0.2276,
  "LPTUSDT": 2.367,
  "STXUSDT": 0.2643,
  "ENSUSDT": 6.257,
  "SNXUSDT": 0.327,
  "WUSDT": 0.01934,
  "TRBUSDT": 14.459,
  "BIRBUSDT": 0.15879,
  "JASMYUSDT": 0.005711,
  "ARUSDT": 1.594,
  "MEUSDT": 0.1197,
  "PLUMEUSDT": 0.00962,
  "SOMIUSDT": 0.2078,
  "AGLDUSDT": 0.23,
  "USELESSUSDT": 0.04366,
  "SPXUSDT": 0.3262,
  "WETUSDT": 0.10214,
  "AWEUSDT": 0.05305,
  "RESOLVUSDT": 0.06007,
  "TAUSDT": 0.04034,
  "JSTUSDT": 0.047868,
  "TRIAUSDT": 0.01863,
  "IOTAUSDT": 0.0692,
  "BANKUSDT": 0.03638,
  "AXLUSDT": 0.05508,
  "MANAUSDT": 0.0991,
  "IMXUSDT": 0.1681,
  "COAIUSDT": 0.3311,
  "FLOWUSDT": 0.03875,
  "DEXEUSDT": 3.439,
  "AGTUSDT": 0.005515,
  "YGGUSDT": 0.03872,
  "STEEMUSDT": 0.06474,
  "GRTUSDT": 0.02686,
  "2ZUSDT": 0.07652,
  "CFXUSDT": 0.0494,
  "API3USDT": 0.289,
  "EDUUSDT": 0.109,
  "MERLUSDT": 0.04156,
  "WCTUSDT": 0.06016,
  "CLOUSDT": 0.07073,
  "OGUSDT": 3.014,
  "CYSUSDT": 0.314,
  "NMRUSDT": 7.705,
  "QNTUSDT": 64.02,
  "INITUSDT": 0.07859,
  "MOODENGUSDT": 0.05127,
  "MMTUSDT": 0.1209,
  "SPKUSDT": 0.01967,
  "TAGUSDT": 0.0003529,
  "SFPUSDT": 0.267,
  "FOLKSUSDT": 1.397,
  "THETAUSDT": 0.1977,
  "VANAUSDT": 1.474,
  "NEIROUSDT": 6.749e-05,
  "ZRXUSDT": 0.1078,
  "LIGHTUSDT": 0.1907,
  "4USDT": 0.00782,
  "ZORAUSDT": 0.01853,
  "ARKMUSDT": 0.1115,
  "SOPHUSDT": 0.009449,
  "1INCHUSDT": 0.0951,
  "NAORISUSDT": 0.03101,
  "PTBUSDT": 0.001156,
  "AIXBTUSDT": 0.02187,
  "TAKEUSDT": 0.02282,
  "RUNEUSDT": 0.4053,
  "IOUSDT": 0.1116,
  "KAIAUSDT": 0.05599,
  "ANIMEUSDT": 0.004984,
  "EGLDUSDT": 4.59,
  "SPACEUSDT": 0.00819,
  "YFIUSDT": 2723.0,
  "KASUSDT": 0.0301,
  "XPTUSDT": 2372.71,
  "ALICEUSDT": 0.127,
  "PEOPLEUSDT": 0.00654,
  "LRCUSDT": 0.03173,
  "KGENUSDT": 0.18696,
  "LUNA2USDT": 0.06542,
  "GMTUSDT": 0.01207,
  "PROVEUSDT": 0.3021,
  "BATUSDT": 0.1066,
  "BLUAIUSDT": 0.005092,
  "BREVUSDT": 0.1374,
  "VELVETUSDT": 0.08437,
  "AUSDT": 0.0819,
  "MIRAUSDT": 0.0882,
  "TSTUSDT": 0.00976,
  "AKEUSDT": 0.000241,
  "BSVUSDT": 15.84,
  "COWUSDT": 0.2166,
  "TWTUSDT": 0.5135,
  "OPENUSDT": 0.1487,
  "AIAUSDT": 0.08434,
  "MEGAUSDT": 0.13224,
  "FHEUSDT": 0.02854,
  "KERNELUSDT": 0.08044,
  "AVAAIUSDT": 0.007535,
  "SUNUSDT": 0.015557,
  "POPCATUSDT": 0.04838,
  "TURBOUSDT": 0.0010126,
  "BOMEUSDT": 0.0003974,
  "UAIUSDT": 0.1693,
  "ACTUSDT": 0.01378,
  "SWARMSUSDT": 0.007319,
  "SUSHIUSDT": 0.2081,
  "STOUSDT": 0.06208,
  "CATIUSDT": 0.04018,
  "SOONUSDT": 0.1685,
  "NOMUSDT": 0.003637,
  "VELODROMEUSDT": 0.01602,
  "RPLUSDT": 1.881,
  "TUTUSDT": 0.01035,
  "MANTAUSDT": 0.06276,
  "GASUSDT": 1.623,
  "BABYUSDT": 0.0118,
  "MINAUSDT": 0.05841,
  "SUPERUSDT": 0.1177,
  "TRUTHUSDT": 0.010777,
  "KSMUSDT": 4.97,
  "XVGUSDT": 0.005804,
  "FUSDT": 0.005794,
  "MAGICUSDT": 0.0636,
  "MEMEUSDT": 0.0006208,
  "FIGHTUSDT": 0.006342,
  "XNYUSDT": 0.005657,
  "TNSRUSDT": 0.04701,
  "YBUSDT": 0.1655,
  "ALTUSDT": 0.007462,
  "HOLOUSDT": 0.06127,
  "BLURUSDT": 0.02041,
  "NILUSDT": 0.04972,
  "STBLUSDT": 0.04281,
  "IOTXUSDT": 0.00485,
  "AINUSDT": 0.04089,
  "MASKUSDT": 0.4364,
  "AIOUSDT": 0.07069,
  "ZBTUSDT": 0.07524,
  "CELOUSDT": 0.082,
  "ACHUSDT": 0.006998,
  "KOMAUSDT": 0.008291,
  "REDUSDT": 0.1518,
  "RAYSOLUSDT": 0.6207,
  "ASRUSDT": 1.339,
  "MUBARAKUSDT": 0.01386,
  "ONTUSDT": 0.0438,
  "UMAUSDT": 0.4307,
  "NEWTUSDT": 0.06938,
  "MELANIAUSDT": 0.1141,
  "INUSDT": 0.06964,
  "BASUSDT": 0.006705,
  "DRIFTUSDT": 0.0897,
  "C98USDT": 0.0271,
  "WALUSDT": 0.07997,
  "IDOLUSDT": 0.01981,
  "EDENUSDT": 0.03314,
  "GLMUSDT": 0.13777,
  "SAPIENUSDT": 0.08612,
  "KMNOUSDT": 0.02167,
  "ERAUSDT": 0.1487,
  "ANKRUSDT": 0.00433,
  "CTSIUSDT": 0.0248,
  "SKLUSDT": 0.00667,
  "ZEREBROUSDT": 0.007285,
  "SOLVUSDT": 0.004029,
  "ZKCUSDT": 0.0864,
  "DAMUSDT": 0.02325,
  "RSRUSDT": 0.001526,
  "SONICUSDT": 0.0453,
  "DEGOUSDT": 0.3185,
  "KAVAUSDT": 0.0505,
  "HOTUSDT": 0.000401,
  "ICNTUSDT": 0.3779,
  "ENJUSDT": 0.02,