{
  "BTCUSDT": 67986.5,
  "ETHUSDT": 1974.51,
  "SOLUSDT": 84.94,
  "XRPUSDT": 1.4186,
  "BNBUSDT": 623.49,
  "BCHUSDT": 571.68,
  "DOGEUSDT": 0.09714,
  "HYPEUSDT": 29.44,
  "XAGUSDT": 84.69,
  "PAXGUSDT": 5124.61,
  "XAUUSDT": 5112.38,
  "WLFIUSDT": 0.118,
  "ZECUSDT": 250.53,
  "TRXUSDT": 0.28898,
  "SUIUSDT": 0.9331,
  "ASTERUSDT": 0.7118,
  "LINKUSDT": 8.801,
  "UNIUSDT": 3.55,
  "ADAUSDT": 0.2759,
  "LTCUSDT": 54.62,
  "AVAXUSDT": 8.996,
  "PUMPUSDT": 0.002084,
  "1000PEPEUSDT": 0.0040962,
  "PIPPINUSDT": 0.59264,
  "ENAUSDT": 0.1044,
  "AAVEUSDT": 119.08,
  "NEARUSDT": 1.028,
  "KITEUSDT": 0.23875,
  "WLDUSDT": 0.3815,
  "LITUSDT": 1.495,
  "TRUMPUSDT": 3.413,
  "ARCUSDT": 0.08205,
  "FILUSDT": 0.942,
  "TAOUSDT": 177.8,
  "XPLUSDT": 0.0936,
  "DOTUSDT": 1.331,
  "ENSOUSDT": 1.9986,
  "ZROUSDT": 1.7096,
  "ATOMUSDT": 2.295,
  "APTUSDT": 0.8528,
  "TONUSDT": 1.3291,
  "XLMUSDT": 0.1563,
  "BERAUSDT": 0.596,
  "HBARUSDT": 0.09786,
  "1000SHIBUSDT": 0.006216,
  "AXSUSDT": 1.309,
  "ARBUSDT": 0.0961,
  "ICPUSDT": 2.194,
  "RIVERUSDT": 8.237,
  "OPUSDT": 0.125,
  "HUSDT": 0.16269,
  "XMRUSDT": 324.41,
  "POWERUSDT": 0.45224,
  "ETCUSDT": 8.786,
  "MONUSDT": 0.02014,
  "WIFUSDT": 0.2166,
  "FETUSDT": 0.1624,
  "BARDUSDT": 0.7866,
  "FFUSDT": 0.07898,
  "CRVUSDT": 0.232,
  "PENGUUSDT": 0.006716,
  "FARTCOINUSDT": 0.1807,
  "RAVEUSDT": 0.64601,
  "BANUSDT": 0.13635,
  "INJUSDT": 3.597,
  "\u5e01\u5b89\u4eba\u751fUSDT": 0.08426,
  "1000BONKUSDT": 0.006149,
  "PARTIUSDT": 0.1069,
  "IPUSDT": 1.087,
  "POLUSDT": 0.10708,
  "DASHUSDT": 33.97,
  "SIRENUSDT": 0.28288,
  "BTCDOMUSDT": 5109.5,
  "CHZUSDT": 0.03419,
  "AZTECUSDT": 0.03104,
  "TIAUSDT": 0.3227,
  "SENTUSDT": 0.02147,
  "ONDOUSDT": 0.2633,
  "0GUSDT": 0.6464,
  "VIRTUALUSDT": 0.6328,
  "ETHFIUSDT": 0.4528,
  "SEIUSDT": 0.0702,
  "ZKUSDT": 0.01951,
  "LYNUSDT": 0.30871,
  "JUPUSDT": 0.1546,
  "ZAMAUSDT": 0.02311,
  "VVVUSDT": 4.139,
  "OPNUSDT": 0.5714,
  "STABLEUSDT": 0.028677,
  "MYXUSDT": 0.903,
  "ALCHUSDT": 0.07998,
  "CCUSDT": 0.15908,
  "QUSDT": 0.023375,
  "BIOUSDT": 0.0272,
  "PENDLEUSDT": 1.2021,
  "KAITOUSDT": 0.3008,
  "LDOUSDT": 0.32,
  "BTRUSDT": 0.20055,
  "1000RATSUSDT": 0.04626,
  "HOMEUSDT": 0.029854,
  "DUSKUSDT": 0.08121,
  "RENDERUSDT": 1.429,
  "ATUSDT": 0.16479,
  "TRADOORUSDT": 1.491,
  "BANANAS31USDT": 0.004599,
  "NIGHTUSDT": 0.05818,
  "ALGOUSDT": 0.0879,
  "AGLDUSDT": 0.3594,
  "JTOUSDT": 0.3178,
  "ZENUSDT": 5.761,
  "ESPUSDT": 0.07412,
  "HANAUSDT": 0.03629,
  "SANDUSDT": 0.08287,
  "SKYAIUSDT": 0.03854,
  "STRKUSDT": 0.0441,
  "MORPHOUSDT": 1.6269,
  "CAKEUSDT": 1.3114,
  "OMUSDT": 0.06621,
  "ALLOUSDT": 0.11852,
  "MUSDT": 1.3923,
  "ORCAUSDT": 1.034,
  "GUNUSDT": 0.0285,
  "ZILUSDT": 0.00407,
  "UBUSDT": 0.03542,
  "GPSUSDT": 0.013222,
  "SNXUSDT": 0.412,
  "PIEVERSEUSDT": 0.4099,
  "SKYUSDT": 0.06498,
  "USDCUSDT": 0.999826,
  "GALAUSDT": 0.00379,
  "GIGGLEUSDT": 28.6,
  "APEUSDT": 0.1065,
  "\u6211\u8e0f\u9a6c\u6765\u4e86USDT": 0.015189,
  "B2USDT": 0.7205,
  "ROSEUSDT": 0.01343,
  "AWEUSDT": 0.05355,
  "PYTHUSDT": 0.05318,
  "CYBERUSDT": 0.6043,
  "HUMAUSDT": 0.012998,
  "BEAMXUSDT": 0.002262,
  "XPINUSDT": 0.001682,
  "METUSDT": 0.2056,
  "BULLAUSDT": 0.02759,
  "AVNTUSDT": 0.1852,
  "JELLYJELLYUSDT": 0.06563,
  "YGGUSDT": 0.04605,
  "BUSDT": 0.1331,
  "NAORISUSDT": 0.04596,
  "GUAUSDT": 0.1588,
  "AEROUSDT": 0.3272,
  "SYRUPUSDT": 0.22645,
  "MSTRUSDT": 131.49,
  "CYSUSDT": 0.3751,
  "EIGENUSDT": 0.1848,
  "ESPORTSUSDT": 0.34476,
  "NXPCUSDT": 0.2739,
  "ORDIUSDT": 2.578,
  "SPACEUSDT": 0.010827,
  "XTZUSDT": 0.382,
  "INITUSDT": 0.09203,
  "TSLAUSDT": 411.59,
  "DYDXUSDT": 0.097,
  "MEUSDT": 0.1262,
  "MOVEUSDT": 0.02342,
  "VETUSDT": 0.007595,
  "FORMUSDT": 0.2099,
  "ZKPUSDT": 0.08881,
  "NEOUSDT": 2.72,
  "COMPUSDT": 17.6,
  "FOGOUSDT": 0.02637,
  "COLLECTUSDT": 0.04843,
  "AUCTIONUSDT": 5.026,
  "LINEAUSDT": 0.003446,
  "ENSUSDT": 6.534,
  "SOMIUSDT": 0.2177,
  "PNUTUSDT": 0.04728,
  "SUSDT": 0.04267,
  "LAUSDT": 0.2086,
  "RESOLVUSDT": 0.0653,
  "1000LUNCUSDT": 0.03595,
  "VANAUSDT": 1.558,
  "BEATUSDT": 0.2406,
  "1000FLOKIUSDT": 0.02961,
  "OGUSDT": 3.321,
  "STGUSDT": 0.1484,
  "PLUMEUSDT": 0.0098,
  "STXUSDT": 0.2493,
  "MERLUSDT": 0.05126,
  "CLOUSDT": 0.08926,
  "LPTUSDT": 2.313,
  "GWEIUSDT": 0.029816,
  "FHEUSDT": 0.0398,
  "AGTUSDT": 0.005491,
  "BIRBUSDT": 0.16704,
  "EDUUSDT": 0.1247,
  "TRBUSDT": 15.002,
  "EULUSDT": 0.949,
  "UAIUSDT": 0.2486,
  "TRIAUSDT": 0.01518,
  "ARUSDT": 1.996,
  "ATHUSDT": 0.005396,
  "BANKUSDT": 0.03925,
  "WUSDT": 0.01933,
  "SAPIENUSDT": 0.09881,
  "NMRUSDT": 8.107,
  "CFXUSDT": 0.05228,
  "MANAUSDT": 0.0954,
  "LRCUSDT": 0.03246,
  "WCTUSDT": 0.06057,
  "JASMYUSDT": 0.005694,
  "2ZUSDT": 0.07117,
  "API3USDT": 0.2983,
  "USELESSUSDT": 0.03843,
  "TAUSDT": 0.03869,
  "SPXUSDT": 0.3149,
  "MMTUSDT": 0.1284,
  "ZORAUSDT": 0.02047,
  "LIGHTUSDT": 0.2386,
  "MOODENGUSDT": 0.05577,
  "GRTUSDT": 0.02717,
  "TAGUSDT": 0.0003769,
  "COAIUSDT": 0.3193,
  "AIAUSDT": 0.1029,
  "IMXUSDT": 0.1642,
  "FLOWUSDT": 0.03827,
  "PTBUSDT": 0.001404,
  "RPLUSDT": 2.309,
  "IOTAUSDT": 0.0681,
  "LUNA2USDT": 0.06274,
  "IOUSDT": 0.1173,
  "AXLUSDT": 0.05548,
  "THETAUSDT": 0.1975,
  "ZRXUSDT": 0.1084,
  "1INCHUSDT": 0.0927,
  "QNTUSDT": 65.2,
  "SFPUSDT": 0.2639,
  "4USDT": 0.00859,
  "SPKUSDT": 0.02048,
  "JSTUSDT": 0.04279,
  "BREVUSDT": 0.1332,
  "NEIROUSDT": 7.15e-05,
  "KAIAUSDT": 0.0561,
  "SKRUSDT": 0.019347,
  "ARKMUSDT": 0.1101,
  "KGENUSDT": 0.18342,
  "FOLKSUSDT": 1.326,
  "YFIUSDT": 2808.0,
  "MEGAUSDT": 0.13215,
  "RUNEUSDT": 0.4041,
  "ANIMEUSDT": 0.005,
  "EGLDUSDT": 4.494,
  "TAKEUSDT": 0.02615,
  "MAGICUSDT": 0.06896,
  "COWUSDT": 0.2132,
  "BLUAIUSDT": 0.005264,
  "BOMEUSDT": 0.0004012,
  "NOMUSDT": 0.005092,
  "TWTUSDT": 0.517,
  "PROVEUSDT": 0.2964,
  "PEOPLEUSDT": 0.00659,
  "MANTAUSDT": 0.07085,
  "SAHARAUSDT": 0.01548,
  "AIOUSDT": 0.0822,
  "SIGNUSDT": 0.02583,
  "KASUSDT": 0.03075,
  "OPENUSDT": 0.1505,
  "ZKCUSDT": 0.0887,
  "FIGHTUSDT": 0.006993,
  "MINAUSDT": 0.0612,
  "TSTUSDT": 0.0103,
  "AUSDT": 0.0814,
  "AVAAIUSDT": 0.00756,
  "GASUSDT": 1.577,
  "ACTUSDT": 0.01419,
  "GMTUSDT": 0.01176,
  "XNYUSDT": 0.004382,
  "TNSRUSDT": 0.04801,
  "TUTUSDT": 0.01083,
  "BATUSDT": 0.1198,
  "TURBOUSDT": 0.0010326,
  "SUPERUSDT": 0.117,
  "SANTOSUSDT": 1.903,
  "VELVETUSDT": 0.07975,
  "GRASSUSDT": 0.1831,
  "VTHOUSDT": 0.0006168,
  "IDOLUSDT": 0.02178,
  "SOPHUSDT": 0.009102,
  "XPTUSDT": 2162.14,
  "SWARMSUSDT": 0.00698,
  "BSVUSDT": 15.81,
  "CATIUSDT": 0.03958,
  "NILUSDT": 0.04994,
  "TRUTHUSDT": 0.010231,
  "ZBTUSDT": 0.07201,
  "SUSHIUSDT": 0.2049,
  "FUSDT": 0.005791,
  "YBUSDT": 0.1561,
  "POPCATUSDT": 0.05032,
  "AKEUSDT": 0.0002699,
  "VELODROMEUSDT": 0.01496,
  "C98USDT": 0.0268,
  "LAYERUSDT": 0.0867,
  "BABYUSDT": 0.01282,
  "ACHUSDT": 0.00736,
  "MUBARAKUSDT": 0.01475,
  "CTSIUSDT": 0.0256,
  "ICNTUSDT": 0.4043,
  "XVGUSDT": 0.00607,
  "STOUSDT": 0.05804,
  "CVXUSDT": 1.872,
  "SOONUSDT": 0.1706,
  "KSMUSDT": 4.835,
  "ASRUSDT": 1.435,
  "DEXEUSDT": 2.439,
  "RAREUSDT": 0.01941,
  "ARPAUSDT": 0.01071,
  "BLURUSDT": 0.02043,
  "ALTUSDT": 0.00778,
  "MASKUSDT": 0.4425,
  "PLAYUSDT": 0.02107,
  "RAYSOLUSDT": 0.6334,
  "GLMUSDT": 0.16562,
  "AIXBTUSDT": 0.01962,
  "SOLVUSDT": 0.00435,
  "EDENUSDT": 0.03466,
  "FRAXUSDT": 0.6699,
  "ONTUSDT": 0.0431,
  "ANKRUSDT": 0.004438,
  "IRUSDT": 0.0942,
  "UMAUSDT": 0.465,
  "MEMEUSDT": 0.0006692,
  "CELOUSDT": 0.076,
  "DOLOUSDT": 0.04043,
  "DRIFTUSDT": 0.089,
  "THEUSDT": 0.2556,
  "SONICUSDT": 0.04685,
  "ZEREBROUSDT": 0.00766,
  "DEGOUSDT": 0.3397,
  "SUNUSDT": 0.01699,
  "WOOUSDT": 0.01816,
  "MELANIAUSDT": 0.1147,
  "ERAUSDT": 0.1517,
  "IDUSDT": 0.04718,
  "KERNELUSDT": 0.06687,
  "IOTXUSDT": 0.00464,
  "APRUSDT": 0.10228,
  "ONUSDT": 0.09498,
  "KAVAUSDT": 0.0512,
  "BASUSDT": 0.005212,
  "RSRUSDT": 0.001447,
  "WALUSDT": 0.0777,
  "HYPERUSDT": 0.0957,
  "SKLUSDT": 0.00669,
  "STORJUSDT": 0.0948,
  "POLYXUSDT": 0.04262,
  "GMXUSDT": 6.431,