{
  "BTCUSDT": 67640.5,
  "ETHUSDT": 1963.42,
  "SOLUSDT": 84.68,
  "XRPUSDT": 1.423,
  "BNBUSDT": 626.61,
  "BCHUSDT": 559.96,
  "DOGEUSDT": 0.10016,
  "HYPEUSDT": 30.002,
  "XAGUSDT": 83.29,
  "WLFIUSDT": 0.1162,
  "PAXGUSDT": 5084.34,
  "ZECUSDT": 257.56,
  "XAUUSDT": 5077.59,
  "TRXUSDT": 0.28493,
  "SUIUSDT": 0.9547,
  "ASTERUSDT": 0.7195,
  "ADAUSDT": 0.2822,
  "LINKUSDT": 8.884,
  "LTCUSDT": 54.95,
  "UNIUSDT": 3.455,
  "AVAXUSDT": 9.13,
  "1000PEPEUSDT": 0.0042106,
  "PUMPUSDT": 0.002091,
  "KITEUSDT": 0.27795,
  "ENAUSDT": 0.1108,
  "AAVEUSDT": 117.32,
  "NEARUSDT": 1.039,
  "PIPPINUSDT": 0.48108,
  "WLDUSDT": 0.3887,
  "TRUMPUSDT": 3.559,
  "LITUSDT": 1.463,
  "FILUSDT": 0.952,
  "TAOUSDT": 178.85,
  "XPLUSDT": 0.0952,
  "ARCUSDT": 0.07396,
  "DOTUSDT": 1.334,
  "ZROUSDT": 1.6082,
  "ATOMUSDT": 2.341,
  "APTUSDT": 0.8731,
  "TONUSDT": 1.3546,
  "1000SHIBUSDT": 0.006346,
  "HBARUSDT": 0.10006,
  "XLMUSDT": 0.16168,
  "AXSUSDT": 1.285,
  "ARBUSDT": 0.0961,
  "BERAUSDT": 0.5961,
  "OPUSDT": 0.1284,
  "ENSOUSDT": 1.9007,
  "ICPUSDT": 2.177,
  "RIVERUSDT": 8.162,
  "HUSDT": 0.16207,
  "XMRUSDT": 327.93,
  "MONUSDT": 0.02097,
  "FETUSDT": 0.1677,
  "WIFUSDT": 0.224,
  "CRVUSDT": 0.246,
  "FFUSDT": 0.07891,
  "ETCUSDT": 8.644,
  "PENGUUSDT": 0.006846,
  "BARDUSDT": 0.7628,
  "FARTCOINUSDT": 0.1854,
  "1000BONKUSDT": 0.006369,
  "IPUSDT": 1.113,
  "PARTIUSDT": 0.10711,
  "BANUSDT": 0.12626,
  "\u5e01\u5b89\u4eba\u751fUSDT": 0.08848,
  "DASHUSDT": 33.73,
  "INJUSDT": 3.369,
  "POLUSDT": 0.10534,
  "AZTECUSDT": 0.03061,
  "CHZUSDT": 0.03566,
  "BTCDOMUSDT": 5080.5,
  "VVVUSDT": 4.384,
  "SENTUSDT": 0.02303,
  "POWERUSDT": 0.37774,
  "VIRTUALUSDT": 0.6507,
  "TIAUSDT": 0.3321,
  "RAVEUSDT": 0.58944,
  "BIOUSDT": 0.03229,
  "ONDOUSDT": 0.2667,
  "ZAMAUSDT": 0.0236,
  "SEIUSDT": 0.0712,
  "ETHFIUSDT": 0.4697,
  "ZKUSDT": 0.02026,
  "JUPUSDT": 0.1615,
  "0GUSDT": 0.652,
  "STABLEUSDT": 0.029832,
  "LYNUSDT": 0.28677,
  "ALLOUSDT": 0.14966,
  "RENDERUSDT": 1.482,
  "CCUSDT": 0.16301,
  "ALCHUSDT": 0.08159,
  "MYXUSDT": 1.009,
  "KAITOUSDT": 0.3049,
  "PENDLEUSDT": 1.214,
  "LDOUSDT": 0.3291,
  "ORCAUSDT": 1.155,
  "1000RATSUSDT": 0.04716,
  "SIRENUSDT": 0.21521,
  "HOMEUSDT": 0.028371,
  "NIGHTUSDT": 0.06043,
  "BTRUSDT": 0.18113,
  "JTOUSDT": 0.3181,
  "ZENUSDT": 5.749,
  "DUSKUSDT": 0.08907,
  "QUSDT": 0.02044,
  "OMUSDT": 0.06762,
  "BANANAS31USDT": 0.004516,
  "SANDUSDT": 0.08369,
  "ATUSDT": 0.15976,
  "UBUSDT": 0.04022,
  "SKYAIUSDT": 0.0381,
  "STRKUSDT": 0.04591,
  "ALGOUSDT": 0.0903,
  "HANAUSDT": 0.03483,
  "CAKEUSDT": 1.292,
  "GPSUSDT": 0.013348,
  "ESPUSDT": 0.06746,
  "TRADOORUSDT": 1.372,
  "GUNUSDT": 0.02821,
  "MORPHOUSDT": 1.5289,
  "PIEVERSEUSDT": 0.4158,
  "MUSDT": 1.3448,
  "\u6211\u8e0f\u9a6c\u6765\u4e86USDT": 0.016764,
  "SKYUSDT": 0.06343,
  "ZILUSDT": 0.00411,
  "USDCUSDT": 0.999783,
  "GALAUSDT": 0.0039,
  "CYSUSDT": 0.4111,
  "APEUSDT": 0.1108,
  "SNXUSDT": 0.383,
  "GIGGLEUSDT": 29.46,
  "ROSEUSDT": 0.01287,
  "B2USDT": 0.7218,
  "PYTHUSDT": 0.05406,
  "METUSDT": 0.2127,
  "AWEUSDT": 0.06014,
  "JELLYJELLYUSDT": 0.06702,
  "BEAMXUSDT": 0.002301,
  "XPINUSDT": 0.001706,
  "NAORISUSDT": 0.04691,
  "HUMAUSDT": 0.012295,
  "AVNTUSDT": 0.1893,
  "EIGENUSDT": 0.1977,
  "MSTRUSDT": 131.54,
  "INITUSDT": 0.10093,
  "COMPUSDT": 18.18,
  "BUSDT": 0.1315,
  "SYRUPUSDT": 0.22443,
  "XTZUSDT": 0.391,
  "MOVEUSDT": 0.02398,
  "GUAUSDT": 0.15459,
  "TSLAUSDT": 410.89,
  "DYDXUSDT": 0.098,
  "AEROUSDT": 0.3124,
  "FOGOUSDT": 0.02708,
  "MEUSDT": 0.1279,
  "VETUSDT": 0.00778,
  "ZKPUSDT": 0.09235,
  "ORDIUSDT": 2.611,
  "FORMUSDT": 0.2125,
  "NXPCUSDT": 0.2723,
  "CYBERUSDT": 0.5652,
  "NEOUSDT": 2.76,
  "LAUSDT": 0.2058,
  "SPACEUSDT": 0.00983,
  "AUCTIONUSDT": 5.069,
  "ENSUSDT": 6.619,
  "1000LUNCUSDT": 0.0367,
  "PNUTUSDT": 0.04883,
  "COLLECTUSDT": 0.05405,
  "BULLAUSDT": 0.02467,
  "SOMIUSDT": 0.2125,
  "ESPORTSUSDT": 0.32551,
  "SUSDT": 0.04345,
  "LINEAUSDT": 0.003512,
  "BEATUSDT": 0.2626,
  "STGUSDT": 0.139,
  "RESOLVUSDT": 0.06526,
  "1000FLOKIUSDT": 0.03059,
  "OGUSDT": 3.361,
  "PLUMEUSDT": 0.01024,
  "STXUSDT": 0.256,
  "LPTUSDT": 2.321,
  "RPLUSDT": 2.562,
  "MERLUSDT": 0.05286,
  "TRBUSDT": 15.126,
  "VANAUSDT": 1.521,
  "FHEUSDT": 0.03976,
  "BIRBUSDT": 0.17843,
  "LRCUSDT": 0.03312,
  "EDUUSDT": 0.1253,
  "CLOUSDT": 0.08453,
  "2ZUSDT": 0.07535,
  "ATHUSDT": 0.005596,
  "GWEIUSDT": 0.027996,
  "WUSDT": 0.01988,
  "SPXUSDT": 0.3281,
  "MOODENGUSDT": 0.05629,
  "BANKUSDT": 0.0396,
  "MANAUSDT": 0.0979,
  "JASMYUSDT": 0.005761,
  "WCTUSDT": 0.06175,
  "EULUSDT": 0.959,
  "NMRUSDT": 8.192,
  "CFXUSDT": 0.05167,
  "UAIUSDT": 0.2393,
  "ARUSDT": 2.026,
  "MMTUSDT": 0.1293,
  "TRIAUSDT": 0.01684,
  "USELESSUSDT": 0.04399,
  "API3USDT": 0.3027,
  "TAUSDT": 0.03847,
  "ZORAUSDT": 0.02082,
  "COAIUSDT": 0.3279,
  "LIGHTUSDT": 0.2363,
  "AIAUSDT": 0.10647,
  "LUNA2USDT": 0.06448,
  "GRTUSDT": 0.02699,
  "IOTAUSDT": 0.0707,
  "IMXUSDT": 0.165,
  "SKRUSDT": 0.021013,
  "NOMUSDT": 0.005911,
  "FLOWUSDT": 0.03782,
  "SFPUSDT": 0.277,
  "SPKUSDT": 0.02124,
  "4USDT": 0.00903,
  "JSTUSDT": 0.043254,
  "TAGUSDT": 0.000347,
  "AXLUSDT": 0.05607,
  "RUNEUSDT": 0.4139,
  "1INCHUSDT": 0.0931,
  "ZRXUSDT": 0.1081,
  "FOLKSUSDT": 1.359,
  "ARKMUSDT": 0.1144,
  "PTBUSDT": 0.001334,
  "THETAUSDT": 0.1974,
  "KAIAUSDT": 0.05621,
  "QNTUSDT": 66.71,
  "BREVUSDT": 0.1372,
  "NEIROUSDT": 7.46e-05,
  "AGTUSDT": 0.004643,
  "XNYUSDT": 0.005283,
  "YFIUSDT": 2824.0,
  "MEGAUSDT": 0.13152,
  "ANIMEUSDT": 0.005016,
  "EGLDUSDT": 4.564,
  "BOMEUSDT": 0.0004235,
  "KGENUSDT": 0.17776,
  "ZKCUSDT": 0.0922,
  "MAGICUSDT": 0.0695,
  "COWUSDT": 0.2033,
  "PROVEUSDT": 0.3163,
  "SAHARAUSDT": 0.01559,
  "TAKEUSDT": 0.02408,
  "TWTUSDT": 0.5247,
  "GASUSDT": 1.603,
  "BLUAIUSDT": 0.005147,
  "PEOPLEUSDT": 0.00689,
  "ACTUSDT": 0.01484,
  "MANTAUSDT": 0.07095,
  "AUSDT": 0.0812,
  "TSTUSDT": 0.01051,
  "MINAUSDT": 0.06283,
  "AVAAIUSDT": 0.00767,
  "NILUSDT": 0.05257,
  "TNSRUSDT": 0.05025,
  "SIGNUSDT": 0.0251,
  "TUTUSDT": 0.01108,
  "SANTOSUSDT": 1.935,
  "FIGHTUSDT": 0.006708,
  "KASUSDT": 0.03113,
  "OPENUSDT": 0.1552,
  "SUPERUSDT": 0.1195,
  "TURBOUSDT": 0.0010726,
  "GRASSUSDT": 0.1889,
  "DOLOUSDT": 0.04031,
  "SWARMSUSDT": 0.00717,
  "FUSDT": 0.005935,
  "BATUSDT": 0.1214,
  "GMTUSDT": 0.01193,
  "BSVUSDT": 16.0,
  "VELVETUSDT": 0.07889,
  "IOUSDT": 0.1142,
  "MUBARAKUSDT": 0.01612,
  "AIOUSDT": 0.07593,
  "YBUSDT": 0.1644,
  "SOPHUSDT": 0.009366,
  "IDOLUSDT": 0.02179,
  "CATIUSDT": 0.0403,
  "POPCATUSDT": 0.05177,
  "ZBTUSDT": 0.07162,
  "BABYUSDT": 0.01333,
  "DEXEUSDT": 2.415,
  "AKEUSDT": 0.0002693,
  "CVXUSDT": 1.979,
  "XPTUSDT": 2164.62,
  "XVGUSDT": 0.006112,
  "RAYSOLUSDT": 0.6515,
  "ICNTUSDT": 0.4037,
  "C98USDT": 0.0278,
  "SUSHIUSDT": 0.2033,
  "LAYERUSDT": 0.0857,
  "PLAYUSDT": 0.02229,
  "EDENUSDT": 0.03615,
  "YGGUSDT": 0.03969,
  "VELODROMEUSDT": 0.01441,
  "ALTUSDT": 0.0081,
  "ACHUSDT": 0.007489,
  "TRUTHUSDT": 0.009755,
  "MASKUSDT": 0.4539,
  "CELOUSDT": 0.078,
  "AIXBTUSDT": 0.02053,
  "ONTUSDT": 0.0444,
  "SONICUSDT": 0.05135,
  "SOLVUSDT": 0.00453,
  "BLURUSDT": 0.02053,
  "KSMUSDT": 4.959,
  "SOONUSDT": 0.1717,
  "MEMEUSDT": 0.0006829,
  "GLMUSDT": 0.16965,
  "ASRUSDT": 1.413,
  "MELANIAUSDT": 0.1192,
  "IRUSDT": 0.08751,
  "SUNUSDT": 0.016961,
  "CTSIUSDT": 0.0257,
  "SAPIENUSDT": 0.08721,
  "DRIFTUSDT": 0.0925,
  "STOUSDT": 0.05529,
  "KERNELUSDT": 0.07052,
  "ANKRUSDT": 0.004521,
  "RAREUSDT": 0.01916,
  "THEUSDT": 0.2618,
  "ZEREBROUSDT": 0.00804,
  "UMAUSDT": 0.4672,
  "DEGOUSDT": 0.3491,
  "ERAUSDT": 0.1574,
  "FRAXUSDT": 0.6578,
  "GMXUSDT": 6.833,
  "PROMUSDT": 1.351,
  "LSKUSDT": 0.1458,
  "AKTUSDT": 0.3266,
  "IDUSDT": 0.04835,
  "WALUSDT": 0.0809,
  "KAVAUSDT": 0.0518,
  "IRYSUSDT": 0.02459,
  "HYPERUSDT": 0.0978,
  "POLYXUSDT": 0.04425,
  "KMNOUSDT": 0.02777,
  "STORJUSDT": 0.0962,
  "STBLUSDT": 0.03748,
  "RSRUSDT": 0.001489,
  "AINUSDT": 0.03314,
  "QTUMUSDT": 0.95,
  "ONUSDT": 0.09329,
  "INUSDT": 0.06122,