{
  "BTCUSDT": 67087.5,
  "ETHUSDT": 2010.48,
  "SOLUSDT": 86.28,
  "XRPUSDT": 1.3842,
  "BNBUSDT": 628.77,
  "XAUUSDT": 5307.21,
  "XAGUSDT": 94.53,
  "DOGEUSDT": 0.09428,
  "HYPEUSDT": 31.242,
  "PAXGUSDT": 5394.77,
  "BCHUSDT": 448.22,
  "WLFIUSDT": 0.1104,
  "TRXUSDT": 0.28148,
  "ZECUSDT": 220.93,
  "ADAUSDT": 0.2808,
  "UNIUSDT": 3.797,
  "SUIUSDT": 0.9122,
  "ASTERUSDT": 0.7139,
  "LINKUSDT": 8.969,
  "AVAXUSDT": 9.168,
  "1000PEPEUSDT": 0.0035281,
  "LTCUSDT": 54.39,
  "PUMPUSDT": 0.001952,
  "ENAUSDT": 0.1055,
  "NEARUSDT": 1.156,
  "PIPPINUSDT": 0.60162,
  "DOTUSDT": 1.556,
  "AAVEUSDT": 115.59,
  "KITEUSDT": 0.27573,
  "WLDUSDT": 0.3912,
  "POWERUSDT": 1.79993,
  "FILUSDT": 0.98,
  "XPLUSDT": 0.1006,
  "LITUSDT": 1.396,
  "TRUMPUSDT": 3.491,
  "TAOUSDT": 181.28,
  "1000SHIBUSDT": 0.005655,
  "ZROUSDT": 1.7837,
  "TONUSDT": 1.232,
  "APTUSDT": 0.9425,
  "RIVERUSDT": 13.77,
  "ATOMUSDT": 1.817,
  "HBARUSDT": 0.09962,
  "BERAUSDT": 0.6074,
  "XMRUSDT": 346.62,
  "ARBUSDT": 0.1014,
  "WIFUSDT": 0.1972,
  "HUSDT": 0.12505,
  "XLMUSDT": 0.15863,
  "ICPUSDT": 2.435,
  "MONUSDT": 0.02165,
  "CRVUSDT": 0.249,
  "AXSUSDT": 1.305,
  "OPUSDT": 0.1237,
  "FETUSDT": 0.1561,
  "ARCUSDT": 0.03668,
  "VIRTUALUSDT": 0.7076,
  "FFUSDT": 0.07771,
  "PENGUUSDT": 0.006888,
  "ETCUSDT": 8.649,
  "CCUSDT": 0.16556,
  "BARDUSDT": 0.9898,
  "VVVUSDT": 5.868,
  "PARTIUSDT": 0.09223,
  "POLUSDT": 0.10684,
  "1000BONKUSDT": 0.005968,
  "BTCDOMUSDT": 5045.7,
  "FARTCOINUSDT": 0.158,
  "\u5e01\u5b89\u4eba\u751fUSDT": 0.06799,
  "CHZUSDT": 0.03387,
  "BANUSDT": 0.11391,
  "ETHFIUSDT": 0.5033,
  "ONDOUSDT": 0.2602,
  "IPUSDT": 0.9,
  "TIAUSDT": 0.3213,
  "DASHUSDT": 32.58,
  "SAHARAUSDT": 0.02429,
  "INJUSDT": 3.06,
  "ENSOUSDT": 1.3285,
  "ESPUSDT": 0.13154,
  "SEIUSDT": 0.06891,
  "SENTUSDT": 0.02125,
  "STABLEUSDT": 0.032889,
  "JUPUSDT": 0.1677,
  "0GUSDT": 0.6386,
  "KAITOUSDT": 0.3375,
  "ALCHUSDT": 0.08198,
  "BULLAUSDT": 0.02474,
  "SKYAIUSDT": 0.04028,
  "GWEIUSDT": 0.044865,
  "QUSDT": 0.025632,
  "ZKUSDT": 0.01886,
  "PENDLEUSDT": 1.2902,
  "ZAMAUSDT": 0.02145,
  "BUSDT": 0.1845,
  "LDOUSDT": 0.3045,
  "RENDERUSDT": 1.381,
  "BANANAS31USDT": 0.004828,
  "GUAUSDT": 0.22234,
  "SIRENUSDT": 0.25257,
  "ATUSDT": 0.15548,
  "HOMEUSDT": 0.029249,
  "MORPHOUSDT": 1.7199,
  "PIEVERSEUSDT": 0.5231,
  "SIGNUSDT": 0.02776,
  "MYXUSDT": 0.39,
  "NIGHTUSDT": 0.05802,
  "ZENUSDT": 5.412,
  "CAKEUSDT": 1.322,
  "MUSDT": 1.4907,
  "BIOUSDT": 0.02076,
  "GIGGLEUSDT": 26.67,
  "GALAUSDT": 0.00356,
  "SANDUSDT": 0.08405,
  "STRKUSDT": 0.04089,
  "ALLOUSDT": 0.11041,
  "USDCUSDT": 0.9995,
  "HANAUSDT": 0.03539,
  "DENTUSDT": 0.000333,
  "STGUSDT": 0.1574,
  "ATHUSDT": 0.006386,
  "ALGOUSDT": 0.0873,
  "GPSUSDT": 0.009111,
  "MSTRUSDT": 130.91,
  "BTRUSDT": 0.17612,
  "1000RATSUSDT": 0.03435,
  "SKYUSDT": 0.06815,
  "1000LUNCUSDT": 0.04462,
  "APEUSDT": 0.1028,
  "AEROUSDT": 0.3525,
  "JTOUSDT": 0.2677,
  "AZTECUSDT": 0.02198,
  "JELLYJELLYUSDT": 0.0702,
  "FORMUSDT": 0.2071,
  "DUSKUSDT": 0.0813,
  "SYRUPUSDT": 0.23996,
  "LYNUSDT": 0.2665,
  "GUNUSDT": 0.02584,
  "B2USDT": 0.7388,
  "TRADOORUSDT": 1.401,
  "OPNUSDT": 0.4737,
  "HUMAUSDT": 0.012309,
  "UBUSDT": 0.03432,
  "TSLAUSDT": 401.26,
  "ZILUSDT": 0.00424,
  "XPINUSDT": 0.00142,
  "GRASSUSDT": 0.2618,
  "EIGENUSDT": 0.1852,
  "BEAMXUSDT": 0.001894,
  "ROSEUSDT": 0.01138,
  "METUSDT": 0.1821,
  "CRCLUSDT": 83.92,
  "PYTHUSDT": 0.04915,
  "FOGOUSDT": 0.02613,
  "FIOUSDT": 0.01123,
  "XTZUSDT": 0.378,
  "AVNTUSDT": 0.1752,
  "NEOUSDT": 2.682,
  "VETUSDT": 0.007247,
  "DYDXUSDT": 0.092,
  "LAUSDT": 0.217,
  "COLLECTUSDT": 0.04619,
  "\u6211\u8e0f\u9a6c\u6765\u4e86USDT": 0.011269,
  "NXPCUSDT": 0.2733,
  "MOVEUSDT": 0.02185,
  "ORDIUSDT": 2.432,
  "SPXUSDT": 0.3435,
  "LINEAUSDT": 0.0031,
  "ZKPUSDT": 0.09004,
  "ESPORTSUSDT": 0.30423,
  "RAVEUSDT": 0.35774,
  "COMPUSDT": 17.99,
  "1000FLOKIUSDT": 0.02803,
  "SUSDT": 0.04032,
  "AUCTIONUSDT": 4.794,
  "ROBOUSDT": 0.03693,
  "SKRUSDT": 0.022444,
  "EULUSDT": 1.159,
  "PNUTUSDT": 0.04463,
  "BEATUSDT": 0.2303,
  "ORCAUSDT": 0.886,
  "CYBERUSDT": 0.5448,
  "ARUSDT": 1.558,
  "ENSUSDT": 6.118,
  "SNXUSDT": 0.318,
  "LPTUSDT": 2.338,
  "AGLDUSDT": 0.2253,
  "STXUSDT": 0.2582,
  "TRBUSDT": 14.132,
  "WUSDT": 0.01876,
  "JASMYUSDT": 0.005488,
  "MEUSDT": 0.1174,
  "BIRBUSDT": 0.15694,
  "WETUSDT": 0.10271,
  "SOMIUSDT": 0.2032,
  "LAYERUSDT": 0.0971,
  "TRIAUSDT": 0.01831,
  "PLUMEUSDT": 0.0092,
  "SUNUSDT": 0.015323,
  "USELESSUSDT": 0.04174,
  "TAUSDT": 0.03971,
  "RESOLVUSDT": 0.05911,
  "AWEUSDT": 0.05202,
  "MANAUSDT": 0.097,
  "JSTUSDT": 0.047639,
  "BANKUSDT": 0.03521,
  "IMXUSDT": 0.1636,
  "COAIUSDT": 0.327,
  "YGGUSDT": 0.03888,
  "AXLUSDT": 0.05407,
  "AGTUSDT": 0.005459,
  "IOTAUSDT": 0.0673,
  "FLOWUSDT": 0.03796,
  "INITUSDT": 0.07651,
  "GRTUSDT": 0.0261,
  "DEXEUSDT": 3.356,
  "MERLUSDT": 0.04074,
  "2ZUSDT": 0.07458,
  "EDUUSDT": 0.1058,
  "CFXUSDT": 0.04824,
  "API3USDT": 0.2841,
  "CYSUSDT": 0.3164,
  "CLOUSDT": 0.06934,
  "OGUSDT": 2.977,
  "QNTUSDT": 62.87,
  "NMRUSDT": 7.604,
  "MIRAUSDT": 0.0949,
  "WCTUSDT": 0.05911,
  "MMTUSDT": 0.1192,
  "SFPUSDT": 0.268,
  "MOODENGUSDT": 0.04964,
  "SPKUSDT": 0.0195,
  "STEEMUSDT": 0.06093,
  "NAORISUSDT": 0.03131,
  "TAGUSDT": 0.0003463,
  "LIGHTUSDT": 0.1906,
  "THETAUSDT": 0.1928,
  "4USDT": 0.00765,
  "NEIROUSDT": 6.792e-05,
  "ZRXUSDT": 0.1056,
  "SPACEUSDT": 0.007775,
  "VANAUSDT": 1.449,
  "PTBUSDT": 0.001148,
  "ZORAUSDT": 0.01822,
  "1INCHUSDT": 0.0936,
  "FOLKSUSDT": 1.273,
  "SOPHUSDT": 0.009264,
  "RUNEUSDT": 0.401,
  "ARKMUSDT": 0.1077,
  "EGLDUSDT": 4.44,
  "IOUSDT": 0.1082,
  "XPTUSDT": 2380.6,
  "KAIAUSDT": 0.0552,
  "HIPPOUSDT": 0.0006946,
  "ANIMEUSDT": 0.004871,
  "AIXBTUSDT": 0.02115,
  "KASUSDT": 0.02977,
  "KGENUSDT": 0.18765,
  "TAKEUSDT": 0.02146,
  "YFIUSDT": 2661.0,
  "AKEUSDT": 0.0002435,
  "LRCUSDT": 0.03099,
  "LUNA2USDT": 0.066,
  "PEOPLEUSDT": 0.00637,
  "AIAUSDT": 0.08519,
  "FHEUSDT": 0.02892,
  "STOUSDT": 0.06521,
  "GMTUSDT": 0.01183,
  "KERNELUSDT": 0.08056,
  "ALICEUSDT": 0.128,
  "MEGAUSDT": 0.13119,
  "BLUAIUSDT": 0.00497,
  "PROVEUSDT": 0.2943,
  "VELVETUSDT": 0.08307,
  "BSVUSDT": 15.48,
  "BATUSDT": 0.1033,
  "AUSDT": 0.0803,
  "COWUSDT": 0.2147,
  "BREVUSDT": 0.1323,
  "TWTUSDT": 0.4986,
  "AVAAIUSDT": 0.007393,
  "TSTUSDT": 0.00929,
  "OPENUSDT": 0.1468,
  "SUSHIUSDT": 0.2031,
  "POPCATUSDT": 0.04729,
  "TURBOUSDT": 0.0009805,
  "CATIUSDT": 0.03937,
  "ACTUSDT": 0.01346,
  "SWARMSUSDT": 0.007063,
  "SOONUSDT": 0.167,
  "NOMUSDT": 0.003499,
  "VELODROMEUSDT": 0.0155,
  "BOMEUSDT": 0.0003872,
  "FIGHTUSDT": 0.00629,
  "GASUSDT": 1.599,
  "BABYUSDT": 0.01145,
  "RPLUSDT": 1.85,
  "MANTAUSDT": 0.06115,
  "SUPERUSDT": 0.115,
  "UAIUSDT": 0.1895,
  "MINAUSDT": 0.05695,
  "YBUSDT": 0.1662,
  "KSMUSDT": 4.887,
  "HOLOUSDT": 0.06238,
  "FUSDT": 0.005699,
  "TUTUSDT": 0.00995,
  "NEWTUSDT": 0.07277,
  "XNYUSDT": 0.005548,
  "MAGICUSDT": 0.06094,
  "TNSRUSDT": 0.04513,
  "BLURUSDT": 0.02006,
  "TRUTHUSDT": 0.00995,
  "XVGUSDT": 0.005606,
  "MEMEUSDT": 0.000588,
  "ALTUSDT": 0.00723,
  "INUSDT": 0.07205,
  "ZBTUSDT": 0.07578,
  "NILUSDT": 0.04701,
  "CELOUSDT": 0.08,
  "IOTXUSDT": 0.00462,
  "REDUSDT": 0.1512,
  "AINUSDT": 0.04041,
  "AIOUSDT": 0.06913,
  "MASKUSDT": 0.4274,
  "STBLUSDT": 0.04112,
  "ASRUSDT": 1.311,
  "UMAUSDT": 0.4211,
  "ACHUSDT": 0.006766,
  "SAPIENUSDT": 0.08517,
  "ONTUSDT": 0.0435,
  "MELANIAUSDT": 0.1115,
  "MUBARAKUSDT": 0.0136,
  "KOMAUSDT": 0.007893,
  "KMNOUSDT": 0.02182,
  "C98USDT": 0.0264,
  "WALUSDT": 0.07808,
  "RAYSOLUSDT": 0.6014,
  "EDENUSDT": 0.03218,
  "ERAUSDT": 0.1465,
  "IDOLUSDT": 0.01942,
  "SKLUSDT": 0.00657,
  "DRIFTUSDT": 0.0865,
  "DAMUSDT": 0.02286,
  "SONICUSDT": 0.04462,
  "ANKRUSDT": 0.004242,
  "CTSIUSDT": 0.0242,
  "GLMUSDT": 0.13352,
  "RSRUSDT": 0.00149,
  "KAVAUSDT": 0.0503,
  "ICNTUSDT": 0.3784,
  "BASUSDT": 0.006437,
  "ZKCUSDT": 0.0855,
  "SOLVUSDT": 0.003871,
  "SANTOSUSDT": 1.279,
  "ZEREBROUSDT": 0.006987,
  "ENJUSDT": 0.01947,