{
  "BTCUSDT": 64751.8,
  "ETHUSDT": 1867.35,
  "BTC/USDCUSDT": 64043.8,
  "ETH/USDCUSDT": 1850.93,
  "SOLUSDT": 77.81,
  "XAGUSDT": 87.92,
  "BTC/USDUSDT": 64676.1,
  "XAUUSDT": 5149.55,
  "ETH/USDUSDT": 1866.67,
  "ESPUSDT": 0.16245,
  "XRPUSDT": 1.3539,
  "PIPPINUSDT": 0.77551,
  "BNBUSDT": 586.38,
  "DOGEUSDT": 0.09202,
  "POWERUSDT": 0.45695,
  "SOL/USDCUSDT": 77.81,
  "BULLAUSDT": 0.02385,
  "BCHUSDT": 473.65,
  "HYPEUSDT": 27.15,
  "PAXGUSDT": 5162.42,
  "1000PEPEUSDT": 0.0039599,
  "ENSOUSDT": 2.6339,
  "ZECUSDT": 243.05,
  "SKRUSDT": 0.023588,
  "RIVERUSDT": 9.129,
  "SUIUSDT": 0.8675,
  "XRP/USDCUSDT": 1.3538,
  "ADAUSDT": 0.2611,
  "STEEMUSDT": 0.05192,
  "SIRENUSDT": 0.32408,
  "AVAXUSDT": 8.362,
  "LINKUSDT": 8.236,
  "KITEUSDT": 0.25177,
  "OPNUSDT": 0.4884,
  "AGLDUSDT": 0.2839,
  "LTCUSDT": 51.28,
  "SOL/USDUSDT": 77.47,
  "ASTERUSDT": 0.6991,
  "FILUSDT": 0.879,
  "PUMPUSDT": 0.001787,
  "RAVEUSDT": 0.2558,
  "WLFIUSDT": 0.1105,
  "ENAUSDT": 0.0985,
  "TAOUSDT": 170.47,
  "DOTUSDT": 1.253,
  "NEARUSDT": 0.983,
  "MYXUSDT": 0.457,
  "GPSUSDT": 0.011015,
  "BNB/USDCUSDT": 586.8,
  "UNIUSDT": 3.368,
  "FOGOUSDT": 0.02801,
  "SENTUSDT": 0.02292,
  "BNB/USDUSDT": 587.03,
  "AAVEUSDT": 114.91,
  "WLDUSDT": 0.38,
  "FARTCOINUSDT": 0.147,
  "OPUSDT": 0.1179,
  "AZTECUSDT": 0.0256,
  "BERAUSDT": 0.5901,
  "WIFUSDT": 0.2004,
  "ARBUSDT": 0.0929,
  "\u5e01\u5b89\u4eba\u751fUSDT": 0.06271,
  "ETH/BTCUSDT": 1851.1749272,
  "XRP/USDUSDT": 1.3592,
  "TRXUSDT": 0.28198,
  "TSLAUSDT": 403.18,
  "TRIAUSDT": 0.01891,
  "LAUSDT": 0.2163,
  "VVVUSDT": 3.642,
  "INJUSDT": 3.187,
  "HUSDT": 0.13514,
  "APTUSDT": 0.83,
  "TRUMPUSDT": 3.37,
  "DOGE/USDUSDT": 0.09203,
  "XMRUSDT": 324.4,
  "1000SHIBUSDT": 0.005971,
  "ZAMAUSDT": 0.02339,
  "AXSUSDT": 1.236,
  "XLMUSDT": 0.15023,
  "HBARUSDT": 0.09536,
  "ORCAUSDT": 0.928,
  "DEXEUSDT": 3.436,
  "ZROUSDT": 1.5264,
  "ONDOUSDT": 0.2502,
  "DOGE/USDCUSDT": 0.09201,
  "SPACEUSDT": 0.008803,
  "VIRTUALUSDT": 0.6025,
  "PENGUUSDT": 0.006454,
  "SNXUSDT": 0.369,
  "COLLECTUSDT": 0.05482,
  "ETCUSDT": 8.392,
  "CRVUSDT": 0.224,
  "XPLUSDT": 0.0871,
  "BCH/USDCUSDT": 473.6,
  "ARCUSDT": 0.09437,
  "UMAUSDT": 0.4478,
  "DASHUSDT": 32.87,
  "MONUSDT": 0.02045,
  "PROMPTUSDT": 0.04388,
  "TONUSDT": 1.314,
  "ICPUSDT": 2.125,
  "1000BONKUSDT": 0.005883,
  "LPTUSDT": 2.236,
  "LITUSDT": 1.432,
  "POLUSDT": 0.11027,
  "SEIUSDT": 0.066,
  "ATOMUSDT": 2.049,
  "ETHFIUSDT": 0.5053,
  "GALAUSDT": 0.00351,
  "SXTUSDT": 0.0226,
  "BIOUSDT": 0.02501,
  "SUI/USDCUSDT": 0.8672,
  "IPUSDT": 1.012,
  "JTOUSDT": 0.2843,
  "ZKUSDT": 0.01908,
  "TIAUSDT": 0.3015,
  "\u6211\u8e0f\u9a6c\u6765\u4e86USDT": 0.012232,
  "PENDLEUSDT": 1.2044,
  "HOODUSDT": 72.21,
  "YGGUSDT": 0.04071,
  "EIGENUSDT": 0.1897,
  "DUSKUSDT": 0.08255,
  "STABLEUSDT": 0.028766,
  "CLOUSDT": 0.08696,
  "ZEC/USDCUSDT": 242.85,
  "1000PEPE/USDCUSDT": 0.0039583,
  "SOMIUSDT": 0.2137,
  "FLOCKUSDT": 0.06363,
  "RENDERUSDT": 1.387,
  "OGNUSDT": 0.0212,
  "FETUSDT": 0.1548,
  "LYNUSDT": 0.30701,
  "METUSDT": 0.1781,
  "ALGOUSDT": 0.0842,
  "0GUSDT": 0.6334,
  "BEATUSDT": 0.2232,
  "ALLOUSDT": 0.09014,
  "ADA/USDUSDT": 0.261,
  "BCH/USDUSDT": 473.61,
  "NEIROUSDT": 6.69e-05,
  "LINEAUSDT": 0.003081,
  "CHZUSDT": 0.03418,
  "DYDXUSDT": 0.092,
  "ZILUSDT": 0.00404,
  "LDOUSDT": 0.3003,
  "SANDUSDT": 0.07938,
  "CAKEUSDT": 1.208,
  "AWEUSDT": 0.0514,
  "SPORTFUNUSDT": 0.04478,
  "ADA/USDCUSDT": 0.261,
  "FIGHTUSDT": 0.007072,
  "MORPHOUSDT": 1.5828,
  "STRKUSDT": 0.04174,
  "ORDIUSDT": 2.37,
  "XPTUSDT": 2163.66,
  "SUI/USDUSDT": 0.8672,
  "JUPUSDT": 0.1452,
  "GASUSDT": 1.538,
  "LUNA2USDT": 0.06105,
  "CYBERUSDT": 0.5421,
  "AKEUSDT": 0.00032,
  "SPXUSDT": 0.2897,
  "TNSRUSDT": 0.04852,
  "AINUSDT": 0.04296,
  "INTCUSDT": 45.49,
  "ROSEUSDT": 0.01241,
  "ZENUSDT": 5.427,
  "NAORISUSDT": 0.03579,
  "VETUSDT": 0.007207,
  "COTIUSDT": 0.01126,
  "EULUSDT": 0.968,
  "FLOWUSDT": 0.03561,
  "USELESSUSDT": 0.03831,
  "MSTRUSDT": 122.99,
  "XPDUSDT": 1766.9,
  "AVNTUSDT": 0.1765,
  "GIGGLEUSDT": 25.11,
  "INITUSDT": 0.0823,
  "KSMUSDT": 4.642,
  "GWEIUSDT": 0.031023,
  "BANUSDT": 0.12282,
  "1000FLOKIUSDT": 0.02813,
  "PIEVERSEUSDT": 0.4792,
  "FHEUSDT": 0.02856,
  "AVAX/USDCUSDT": 8.362,
  "ZKPUSDT": 0.08473,
  "VELVETUSDT": 0.09036,
  "MOODENGUSDT": 0.05104,
  "FIL/USDCUSDT": 0.878,
  "LINK/USDUSDT": 8.236,
  "PUNDIXUSDT": 0.1551,
  "STGUSDT": 0.1332,
  "ELSAUSDT": 0.07952,
  "RESOLVUSDT": 0.06812,
  "VTHOUSDT": 0.0005924,
  "GUAUSDT": 0.18346,
  "ENA/USDCUSDT": 0.0985,
  "CRCLUSDT": 61.44,
  "COWUSDT": 0.2186,
  "TRBUSDT": 14.14,
  "LINK/USDCUSDT": 8.236,
  "ENSUSDT": 6.087,
  "BTRUSDT": 0.1914,
  "STORJUSDT": 0.0928,
  "SYRUPUSDT": 0.20395,
  "XTZUSDT": 0.37,
  "LTC/USDCUSDT": 51.29,
  "BIRBUSDT": 0.15934,
  "JASMYUSDT": 0.005596,
  "APEUSDT": 0.1034,
  "COINUSDT": 158.53,
  "KERNELUSDT": 0.0768,
  "UBUSDT": 0.04075,
  "ARUSDT": 1.874,
  "MEUSDT": 0.1166,
  "ATUSDT": 0.15842,
  "ONTUSDT": 0.0399,
  "AEROUSDT": 0.3202,
  "TAKEUSDT": 0.022,
  "ARB/USDCUSDT": 0.0929,
  "RAYSOLUSDT": 0.5902,
  "CCUSDT": 0.16015,
  "BARDUSDT": 0.7612,
  "SAPIENUSDT": 0.08871,
  "COMPUSDT": 17.84,
  "PNUTUSDT": 0.04428,
  "JELLYJELLYUSDT": 0.0636,
  "SUSDT": 0.03967,
  "MERLUSDT": 0.04513,
  "PARTIUSDT": 0.09846,
  "BREVUSDT": 0.1298,
  "TURBOUSDT": 0.0009792,
  "PYTHUSDT": 0.05095,
  "GRTUSDT": 0.02609,
  "1000LUNCUSDT": 0.0351,
  "WUSDT": 0.01882,
  "LTC/USDUSDT": 51.29,
  "ARKMUSDT": 0.1062,
  "FFUSDT": 0.07977,
  "SKYUSDT": 0.06433,
  "LRCUSDT": 0.03305,
  "MANAUSDT": 0.0916,
  "AVAX/USDUSDT": 8.36,
  "INUSDT": 0.06681,
  "SONICUSDT": 0.04566,
  "C98USDT": 0.025,
  "CFXUSDT": 0.04868,
  "XNYUSDT": 0.005208,
  "STXUSDT": 0.2388,
  "GUNUSDT": 0.02707,
  "RPLUSDT": 1.96,
  "TRUTHUSDT": 0.009313,
  "FIL/USDUSDT": 0.879,
  "BELUSDT": 0.0963,
  "NIGHTUSDT": 0.05665,
  "NOMUSDT": 0.004529,
  "WLFI/USDCUSDT": 0.1104,
  "BASUSDT": 0.005869,
  "ACHUSDT": 0.007029,
  "AMZNUSDT": 209.02,
  "MEMEUSDT": 0.0006379,
  "LIGHTUSDT": 0.2176,
  "KAITOUSDT": 0.2987,
  "BOMEUSDT": 0.0003765,
  "KASUSDT": 0.02928,
  "CYSUSDT": 0.3778,
  "INXUSDT": 0.01201,
  "RUNEUSDT": 0.3875,
  "THETAUSDT": 0.1864,
  "1INCHUSDT": 0.0877,
  "VANAUSDT": 1.403,
  "MOVEUSDT": 0.02128,
  "QNTUSDT": 62.97,
  "FRAXUSDT": 0.6598,
  "JSTUSDT": 0.045831,
  "MUBARAKUSDT": 0.01374,
  "1000RATSUSDT": 0.04863,
  "NEAR/USDCUSDT": 0.982,
  "GMTUSDT": 0.01096,
  "WETUSDT": 0.08182,
  "PLTRUSDT": 129.08,
  "CRV/USDCUSDT": 0.2243,
  "ZORAUSDT": 0.01899,
  "UNI/USDCUSDT": 3.366,
  "BTCDOMUSDT": 5120.6,
  "IMXUSDT": 0.1595,
  "HUMAUSDT": 0.011754,
  "UNI/USDUSDT": 3.366,
  "NEOUSDT": 2.628,
  "IOTAUSDT": 0.0661,
  "AUCTIONUSDT": 4.834,
  "DAMUSDT": 0.02247,
  "BEAMXUSDT": 0.001942,
  "BANANAS31USDT": 0.004699,
  "PTBUSDT": 0.001238,
  "AIAUSDT": 0.08448,
  "HIVEUSDT": 0.0637,
  "EGLDUSDT": 4.245,
  "JCTUSDT": 0.001636,
  "MASKUSDT": 0.4107,
  "ARPAUSDT": 0.00956,
  "USDCUSDT": 0.99965,
  "ZKCUSDT": 0.0829,
  "UAIUSDT": 0.2433,
  "GLMUSDT": 0.14895,
  "POPCATUSDT": 0.04666,
  "PEOPLEUSDT": 0.00628,
  "SOLVUSDT": 0.00428,
  "AIXBTUSDT": 0.01856,
  "MUSDT": 1.4191,
  "WOOUSDT": 0.01543,
  "WCTUSDT": 0.05762,
  "TRADOORUSDT": 1.486,
  "SUSHIUSDT": 0.194,
  "OGUSDT": 2.941,
  "1000SATSUSDT": 1.07e-05,
  "PLAYUSDT": 0.0173,
  "FUNUSDT": 0.001338,
  "ZRXUSDT": 0.1033,
  "WIF/USDCUSDT": 0.2004,
  "YFIUSDT": 2636.0,
  "KAIAUSDT": 0.05311,
  "MINAUSDT": 0.05808,
  "DOLOUSDT": 0.03752,
  "RAREUSDT": 0.01792,
  "ZBTUSDT": 0.06954,
  "EDENUSDT": 0.03174,
  "CELOUSDT": 0.074,
  "KGENUSDT": 0.18341,
  "DOT/USDUSDT": 1.252,
  "ACUUSDT": 0.10618,
  "ANIMEUSDT": 0.004706,
  "FIDAUSDT": 0.01565,
  "AAVE/USDCUSDT": 114.82,
  "DRIFTUSDT": 0.0814,
  "PLUMEUSDT": 0.00905,
  "RIFUSDT": 0.03428,
  "MAGICUSDT": 0.06332,
  "FOLKSUSDT": 1.206,
  "IOTXUSDT": 0.00465,
  "BATUSDT": 0.1164,
  "AXLUSDT": 0.05078,
  "NXPCUSDT": 0.263,
  "FORMUSDT": 0.1915,
  "IOUSDT": 0.1102,
  "AAVE/USDUSDT": 114.92,
  "IRUSDT": 0.07282,
  "ALICEUSDT": 0.101,
  "SUPERUSDT": 0.1081,
  "AKTUSDT": 0.3011,