{
  "BTCUSDT": 66939.5,
  "ETHUSDT": 2001.29,
  "SOLUSDT": 85.92,
  "XRPUSDT": 1.3809,
  "BNBUSDT": 628.17,
  "XAUUSDT": 5306.02,
  "XAGUSDT": 94.37,
  "DOGEUSDT": 0.0941,
  "HYPEUSDT": 31.357,
  "PAXGUSDT": 5399.39,
  "BCHUSDT": 448.06,
  "WLFIUSDT": 0.1103,
  "TRXUSDT": 0.28145,
  "ZECUSDT": 220.91,
  "ADAUSDT": 0.2809,
  "UNIUSDT": 3.793,
  "SUIUSDT": 0.9143,
  "ASTERUSDT": 0.7162,
  "LINKUSDT": 8.946,
  "AVAXUSDT": 9.157,
  "1000PEPEUSDT": 0.0035354,
  "LTCUSDT": 54.39,
  "PUMPUSDT": 0.001944,
  "ENAUSDT": 0.1054,
  "NEARUSDT": 1.157,
  "PIPPINUSDT": 0.5902,
  "DOTUSDT": 1.553,
  "AAVEUSDT": 115.45,
  "KITEUSDT": 0.27244,
  "WLDUSDT": 0.391,
  "FILUSDT": 0.978,
  "POWERUSDT": 1.82981,
  "XPLUSDT": 0.0995,
  "TRUMPUSDT": 3.496,
  "LITUSDT": 1.388,
  "TAOUSDT": 181.11,
  "1000SHIBUSDT": 0.005648,
  "ZROUSDT": 1.7879,
  "TONUSDT": 1.2327,
  "APTUSDT": 0.9405,
  "ATOMUSDT": 1.815,
  "RIVERUSDT": 13.447,
  "HBARUSDT": 0.09976,
  "BERAUSDT": 0.6087,
  "XMRUSDT": 347.56,
  "ARBUSDT": 0.1007,
  "WIFUSDT": 0.1976,
  "HUSDT": 0.12367,
  "XLMUSDT": 0.15833,
  "ICPUSDT": 2.435,
  "MONUSDT": 0.02174,
  "CRVUSDT": 0.247,
  "AXSUSDT": 1.3,
  "FETUSDT": 0.156,
  "ARCUSDT": 0.03739,
  "OPUSDT": 0.1232,
  "FFUSDT": 0.07793,
  "VIRTUALUSDT": 0.7081,
  "PENGUUSDT": 0.006891,
  "ETCUSDT": 8.646,
  "CCUSDT": 0.16424,
  "VVVUSDT": 5.888,
  "BARDUSDT": 0.99,
  "POLUSDT": 0.10646,
  "PARTIUSDT": 0.0913,
  "1000BONKUSDT": 0.005979,
  "BTCDOMUSDT": 5048.2,
  "FARTCOINUSDT": 0.158,
  "\u5e01\u5b89\u4eba\u751fUSDT": 0.06789,
  "CHZUSDT": 0.03388,
  "BANUSDT": 0.11394,
  "ETHFIUSDT": 0.5022,
  "ONDOUSDT": 0.2596,
  "TIAUSDT": 0.3219,
  "IPUSDT": 0.901,
  "DASHUSDT": 32.64,
  "ENSOUSDT": 1.333,
  "SAHARAUSDT": 0.02408,
  "INJUSDT": 3.055,
  "SEIUSDT": 0.0689,
  "SENTUSDT": 0.0213,
  "ESPUSDT": 0.12958,
  "STABLEUSDT": 0.032738,
  "JUPUSDT": 0.1673,
  "0GUSDT": 0.6367,
  "BULLAUSDT": 0.02545,
  "KAITOUSDT": 0.3362,
  "ALCHUSDT": 0.08191,
  "SKYAIUSDT": 0.04,
  "QUSDT": 0.025681,
  "ZKUSDT": 0.01881,
  "GWEIUSDT": 0.044616,
  "PENDLEUSDT": 1.2895,
  "ZAMAUSDT": 0.02149,
  "BUSDT": 0.1879,
  "LDOUSDT": 0.3044,
  "RENDERUSDT": 1.381,
  "BANANAS31USDT": 0.004806,
  "GUAUSDT": 0.22191,
  "ATUSDT": 0.15521,
  "SIRENUSDT": 0.25273,
  "HOMEUSDT": 0.0294,
  "MORPHOUSDT": 1.7253,
  "PIEVERSEUSDT": 0.5234,
  "SIGNUSDT": 0.02747,
  "MYXUSDT": 0.396,
  "NIGHTUSDT": 0.05783,
  "ZENUSDT": 5.422,
  "CAKEUSDT": 1.3206,
  "MUSDT": 1.4891,
  "BIOUSDT": 0.02073,
  "GIGGLEUSDT": 26.59,
  "GALAUSDT": 0.00358,
  "STRKUSDT": 0.04069,
  "SANDUSDT": 0.08384,
  "ALLOUSDT": 0.11033,
  "USDCUSDT": 0.999499,
  "HANAUSDT": 0.03534,
  "STGUSDT": 0.158,
  "DENTUSDT": 0.000332,
  "GPSUSDT": 0.009121,
  "ATHUSDT": 0.006375,
  "MSTRUSDT": 130.47,
  "BTRUSDT": 0.17764,
  "ALGOUSDT": 0.0872,
  "SKYUSDT": 0.06778,
  "1000LUNCUSDT": 0.04428,
  "1000RATSUSDT": 0.03293,
  "APEUSDT": 0.1026,
  "AEROUSDT": 0.3514,
  "AZTECUSDT": 0.02209,
  "JTOUSDT": 0.2683,
  "JELLYJELLYUSDT": 0.07043,
  "FORMUSDT": 0.2097,
  "DUSKUSDT": 0.08106,
  "SYRUPUSDT": 0.23923,
  "GUNUSDT": 0.02574,
  "OPNUSDT": 0.4858,
  "LYNUSDT": 0.26261,
  "TRADOORUSDT": 1.404,
  "B2USDT": 0.7237,
  "HUMAUSDT": 0.012332,
  "TSLAUSDT": 401.37,
  "UBUSDT": 0.03389,
  "XPINUSDT": 0.001422,
  "ZILUSDT": 0.00424,
  "GRASSUSDT": 0.2649,
  "EIGENUSDT": 0.1841,
  "ROSEUSDT": 0.01139,
  "BEAMXUSDT": 0.001898,
  "METUSDT": 0.1818,
  "PYTHUSDT": 0.04916,
  "CRCLUSDT": 83.82,
  "FOGOUSDT": 0.02597,
  "XTZUSDT": 0.376,
  "FIOUSDT": 0.01112,
  "NEOUSDT": 2.676,
  "AVNTUSDT": 0.1748,
  "DYDXUSDT": 0.093,
  "VETUSDT": 0.007237,
  "LAUSDT": 0.2157,
  "COLLECTUSDT": 0.04564,
  "\u6211\u8e0f\u9a6c\u6765\u4e86USDT": 0.011258,
  "NXPCUSDT": 0.2726,
  "MOVEUSDT": 0.02184,
  "ORDIUSDT": 2.428,
  "ZKPUSDT": 0.09198,
  "SPXUSDT": 0.3402,
  "RAVEUSDT": 0.36705,
  "LINEAUSDT": 0.003107,
  "COMPUSDT": 17.98,
  "ESPORTSUSDT": 0.30439,
  "1000FLOKIUSDT": 0.02804,
  "ROBOUSDT": 0.03781,
  "SUSDT": 0.04025,
  "AUCTIONUSDT": 4.786,
  "EULUSDT": 1.164,
  "BEATUSDT": 0.2339,
  "SKRUSDT": 0.022501,
  "PNUTUSDT": 0.04471,
  "ORCAUSDT": 0.886,
  "CYBERUSDT": 0.5415,
  "SNXUSDT": 0.318,
  "ARUSDT": 1.556,
  "ENSUSDT": 6.109,
  "LPTUSDT": 2.335,
  "STXUSDT": 0.2572,
  "TRBUSDT": 14.055,
  "AGLDUSDT": 0.2246,
  "WUSDT": 0.01873,
  "MEUSDT": 0.117,
  "JASMYUSDT": 0.00549,
  "BIRBUSDT": 0.15818,
  "WETUSDT": 0.10289,
  "SOMIUSDT": 0.2025,
  "LAYERUSDT": 0.0966,
  "TRIAUSDT": 0.01826,
  "PLUMEUSDT": 0.00915,
  "TAUSDT": 0.03979,
  "USELESSUSDT": 0.04185,
  "RESOLVUSDT": 0.05892,
  "SUNUSDT": 0.015253,
  "AWEUSDT": 0.05204,
  "MANAUSDT": 0.0966,
  "JSTUSDT": 0.04776,
  "IMXUSDT": 0.1632,
  "BANKUSDT": 0.03501,
  "COAIUSDT": 0.3255,
  "AGTUSDT": 0.005477,
  "YGGUSDT": 0.03859,
  "IOTAUSDT": 0.0672,
  "AXLUSDT": 0.0538,
  "FLOWUSDT": 0.03791,
  "INITUSDT": 0.07683,
  "CYSUSDT": 0.3195,
  "DEXEUSDT": 3.367,
  "GRTUSDT": 0.026,
  "MERLUSDT": 0.04072,
  "2ZUSDT": 0.07428,
  "CFXUSDT": 0.04818,
  "MIRAUSDT": 0.0958,
  "EDUUSDT": 0.1053,
  "API3USDT": 0.2834,
  "OGUSDT": 2.965,
  "NEIROUSDT": 6.963e-05,
  "CLOUSDT": 0.06872,
  "QNTUSDT": 62.97,
  "NMRUSDT": 7.608,
  "WCTUSDT": 0.05895,
  "MMTUSDT": 0.1189,
  "SFPUSDT": 0.2668,
  "MOODENGUSDT": 0.04961,
  "4USDT": 0.00785,
  "NAORISUSDT": 0.03144,
  "SPKUSDT": 0.01941,
  "TAGUSDT": 0.0003462,
  "STEEMUSDT": 0.06056,
  "LIGHTUSDT": 0.1904,
  "THETAUSDT": 0.1922,
  "HIPPOUSDT": 0.0006952,
  "VANAUSDT": 1.45,
  "ZRXUSDT": 0.1052,
  "SPACEUSDT": 0.007712,
  "PTBUSDT": 0.001143,
  "FOLKSUSDT": 1.272,
  "ZORAUSDT": 0.01821,
  "1INCHUSDT": 0.0932,
  "SOPHUSDT": 0.009264,
  "RUNEUSDT": 0.3997,
  "ARKMUSDT": 0.1072,
  "IOUSDT": 0.108,
  "XPTUSDT": 2382.46,
  "EGLDUSDT": 4.42,
  "KAIAUSDT": 0.05501,
  "KASUSDT": 0.03007,
  "ANIMEUSDT": 0.004862,
  "AIXBTUSDT": 0.02114,
  "TAKEUSDT": 0.02191,
  "KGENUSDT": 0.18674,
  "AKEUSDT": 0.0002456,
  "YFIUSDT": 2653.0,
  "PEOPLEUSDT": 0.00636,
  "LUNA2USDT": 0.06547,
  "GMTUSDT": 0.01183,
  "LRCUSDT": 0.03081,
  "FHEUSDT": 0.02897,
  "KERNELUSDT": 0.08089,
  "AIAUSDT": 0.08439,
  "MEGAUSDT": 0.1313,
  "ALICEUSDT": 0.128,
  "BLUAIUSDT": 0.004977,
  "STOUSDT": 0.06428,
  "PROVEUSDT": 0.2927,
  "VELVETUSDT": 0.08316,
  "BSVUSDT": 15.44,
  "BATUSDT": 0.1032,
  "COWUSDT": 0.2146,
  "AUSDT": 0.0799,
  "BREVUSDT": 0.1316,
  "TWTUSDT": 0.4973,
  "TSTUSDT": 0.00925,
  "AVAAIUSDT": 0.007342,
  "OPENUSDT": 0.1463,
  "SUSHIUSDT": 0.2028,
  "POPCATUSDT": 0.0473,
  "TURBOUSDT": 0.0009768,
  "CATIUSDT": 0.0394,
  "ACTUSDT": 0.0134,
  "SWARMSUSDT": 0.007087,
  "BOMEUSDT": 0.0003892,
  "SOONUSDT": 0.1664,
  "UAIUSDT": 0.1947,
  "FIGHTUSDT": 0.006352,
  "VELODROMEUSDT": 0.01546,
  "NOMUSDT": 0.003486,
  "GASUSDT": 1.598,
  "BABYUSDT": 0.01141,
  "RPLUSDT": 1.842,
  "MANTAUSDT": 0.06107,
  "SUPERUSDT": 0.1146,
  "MINAUSDT": 0.05684,
  "YBUSDT": 0.166,
  "HOLOUSDT": 0.06252,
  "KSMUSDT": 4.864,
  "TUTUSDT": 0.00995,
  "NEWTUSDT": 0.07343,
  "FUSDT": 0.005678,
  "MAGICUSDT": 0.06075,
  "XNYUSDT": 0.005487,
  "TNSRUSDT": 0.04513,
  "MEMEUSDT": 0.0005898,
  "TRUTHUSDT": 0.009946,
  "BLURUSDT": 0.02,
  "XVGUSDT": 0.005608,
  "INUSDT": 0.07215,
  "ALTUSDT": 0.007209,
  "ZBTUSDT": 0.0753,
  "NILUSDT": 0.04679,
  "CELOUSDT": 0.08,
  "AIOUSDT": 0.06945,
  "REDUSDT": 0.1507,
  "AINUSDT": 0.04002,
  "IOTXUSDT": 0.00462,
  "MASKUSDT": 0.4261,
  "STBLUSDT": 0.04082,
  "ACHUSDT": 0.006746,
  "ASRUSDT": 1.309,
  "UMAUSDT": 0.4183,
  "SAPIENUSDT": 0.08496,
  "ONTUSDT": 0.0436,
  "MELANIAUSDT": 0.1114,
  "KOMAUSDT": 0.007886,
  "MUBARAKUSDT": 0.01354,
  "C98USDT": 0.0265,
  "KMNOUSDT": 0.0217,
  "WALUSDT": 0.0778,
  "RAYSOLUSDT": 0.5994,
  "EDENUSDT": 0.03194,
  "ERAUSDT": 0.1464,
  "SKLUSDT": 0.00656,
  "DRIFTUSDT": 0.0861,
  "IDOLUSDT": 0.01928,
  "ANKRUSDT": 0.004232,
  "GLMUSDT": 0.13377,
  "CTSIUSDT": 0.0241,
  "SONICUSDT": 0.04455,
  "DAMUSDT": 0.02246,
  "BASUSDT": 0.006493,
  "RSRUSDT": 0.001486,
  "KAVAUSDT": 0.0502,
  "ZKCUSDT": 0.0851,
  "ICNTUSDT": 0.3746,
  "SOLVUSDT": 0.003877,
  "SANTOSUSDT": 1.268,
  "ZEREBROUSDT": 0.006969,
  "ENJUSDT": 0.01943,