{
  "BTCUSDT": 71104.6,
  "ETHUSDT": 2093.1,
  "SOLUSDT": 89.05,
  "BTC/USDCUSDT": 70273.1,
  "ETH/USDCUSDT": 2073.27,
  "XRPUSDT": 1.5319,
  "DOGEUSDT": 0.11663,
  "1000PEPEUSDT": 0.0049755,
  "SPACEUSDT": 0.015155,
  "ZECUSDT": 331.39,
  "BTC/USDUSDT": 71056.1,
  "PIPPINUSDT": 0.72945,
  "RIVERUSDT": 13.714,
  "BNBUSDT": 637.78,
  "ETH/USDUSDT": 2080.55,
  "TAOUSDT": 191.82,
  "HYPEUSDT": 31.634,
  "SOL/USDCUSDT": 89.02,
  "SUIUSDT": 1.0309,
  "ADAUSDT": 0.2996,
  "TAKEUSDT": 0.04197,
  "XRP/USDCUSDT": 1.5313,
  "XAUUSDT": 5038.23,
  "VVVUSDT": 3.344,
  "BCHUSDT": 564.76,
  "BTRUSDT": 0.21416,
  "ASTERUSDT": 0.7422,
  "OMUSDT": 0.06293,
  "BERAUSDT": 0.6787,
  "SIRENUSDT": 0.14073,
  "LINKUSDT": 9.128,
  "AVAXUSDT": 9.667,
  "UNIUSDT": 3.648,
  "PENGUUSDT": 0.007824,
  "KITEUSDT": 0.20657,
  "WIFUSDT": 0.2483,
  "PUMPUSDT": 0.002345,
  "DASHUSDT": 40.54,
  "FILUSDT": 1.025,
  "COWUSDT": 0.2145,
  "LTCUSDT": 56.2,
  "VIRTUALUSDT": 0.6838,
  "AAVEUSDT": 129.4,
  "1000BONKUSDT": 0.007187,
  "NAORISUSDT": 0.03079,
  "CLOUSDT": 0.09139,
  "DOGE/USDCUSDT": 0.11659,
  "MOODENGUSDT": 0.0624,
  "1000SHIBUSDT": 0.00706,
  "AXSUSDT": 1.451,
  "PYTHUSDT": 0.05696,
  "ENAUSDT": 0.13,
  "NEARUSDT": 1.082,
  "ZROUSDT": 1.8703,
  "POWERUSDT": 0.21713,
  "XAGUSDT": 77.43,
  "HUSDT": 0.19887,
  "WLFIUSDT": 0.1083,
  "FARTCOINUSDT": 0.2213,
  "1000PEPE/USDCUSDT": 0.0049716,
  "WLDUSDT": 0.4269,
  "SOL/USDUSDT": 87.04,
  "BEATUSDT": 0.2748,
  "DOTUSDT": 1.428,
  "HBARUSDT": 0.10429,
  "ZAMAUSDT": 0.02081,
  "XRP/USDUSDT": 1.5217,
  "DOGE/USDUSDT": 0.11657,
  "AZTECUSDT": 0.02282,
  "COMPUSDT": 21.3,
  "ZEC/USDCUSDT": 330.96,
  "PAXGUSDT": 5032.14,
  "MUBARAKUSDT": 0.01865,
  "ARCUSDT": 0.07994,
  "IPUSDT": 1.185,
  "XPLUSDT": 0.1046,
  "COAIUSDT": 0.4187,
  "XLMUSDT": 0.17714,
  "\u6211\u8e0f\u9a6c\u6765\u4e86USDT": 0.028541,
  "POLUSDT": 0.10918,
  "CRVUSDT": 0.27,
  "APTUSDT": 0.9815,
  "TRUMPUSDT": 3.588,
  "\u5e01\u5b89\u4eba\u751fUSDT": 0.11713,
  "XMRUSDT": 347.38,
  "MONUSDT": 0.02309,
  "ESPUSDT": 0.0599,
  "USELESSUSDT": 0.04758,
  "TRXUSDT": 0.28192,
  "BNB/USDCUSDT": 637.79,
  "PENDLEUSDT": 1.296,
  "ARBUSDT": 0.1209,
  "ONDOUSDT": 0.2936,
  "MYXUSDT": 2.063,
  "ZENUSDT": 6.668,
  "LITUSDT": 1.723,
  "RENDERUSDT": 1.514,
  "ETCUSDT": 9.086,
  "OPUSDT": 0.1974,
  "ICPUSDT": 2.539,
  "EULUSDT": 1.102,
  "TIAUSDT": 0.36,
  "1000FLOKIUSDT": 0.03496,
  "SPXUSDT": 0.3386,
  "FETUSDT": 0.1812,
  "ETH/BTCUSDT": 2072.9361,
  "MORPHOUSDT": 1.3953,
  "SUI/USDCUSDT": 1.0307,
  "TRIAUSDT": 0.01848,
  "TRBUSDT": 16.479,
  "SUSDT": 0.05033,
  "DUSKUSDT": 0.10637,
  "ATOMUSDT": 2.19,
  "TONUSDT": 1.4836,
  "MEUSDT": 0.151,
  "SENTUSDT": 0.02304,
  "ONUSDT": 0.11868,
  "ENSUSDT": 6.899,
  "MOVEUSDT": 0.02508,
  "LINEAUSDT": 0.003872,
  "GALAUSDT": 0.00434,
  "0GUSDT": 0.636,
  "BNB/USDUSDT": 636.98,
  "RECALLUSDT": 0.05934,
  "ROSEUSDT": 0.01342,
  "MASKUSDT": 0.511,
  "SEIUSDT": 0.0783,
  "AIAUSDT": 0.12624,
  "INJUSDT": 3.284,
  "CHZUSDT": 0.04281,
  "NEIROUSDT": 8.24e-05,
  "ADA/USDUSDT": 0.2995,
  "JUPUSDT": 0.1706,
  "FHEUSDT": 0.03998,
  "SANDUSDT": 0.09255,
  "GPSUSDT": 0.011743,
  "APRUSDT": 0.10354,
  "BROCCOLI714USDT": 0.01516,
  "POPCATUSDT": 0.06032,
  "ALGOUSDT": 0.0997,
  "ZKPUSDT": 0.09611,
  "ADA/USDCUSDT": 0.2996,
  "LDOUSDT": 0.3593,
  "BANKUSDT": 0.04118,
  "BANANAS31USDT": 0.004899,
  "ZKUSDT": 0.02282,
  "GIGGLEUSDT": 34.37,
  "PNUTUSDT": 0.05415,
  "STGUSDT": 0.1628,
  "VETUSDT": 0.008843,
  "COLLECTUSDT": 0.07501,
  "TOSHIUSDT": 0.000246,
  "TNSRUSDT": 0.05536,
  "STABLEUSDT": 0.022961,
  "ENSOUSDT": 1.1422,
  "DYDXUSDT": 0.113,
  "AUCTIONUSDT": 5.403,
  "ETHFIUSDT": 0.5088,
  "TURBOUSDT": 0.0011931,
  "FOGOUSDT": 0.02307,
  "MEMEUSDT": 0.0007759,
  "ATHUSDT": 0.006401,
  "SKLUSDT": 0.0072,
  "LPTUSDT": 2.528,
  "PENGU/USDCUSDT": 0.007821,
  "GUNUSDT": 0.02393,
  "MERLUSDT": 0.06033,
  "ENA/USDCUSDT": 0.13,
  "AVNTUSDT": 0.2091,
  "BASUSDT": 0.006455,
  "ZKCUSDT": 0.1003,
  "SUI/USDUSDT": 1.0305,
  "C98USDT": 0.0319,
  "WIF/USDCUSDT": 0.2481,
  "AEROUSDT": 0.3404,
  "FIGHTUSDT": 0.007099,
  "YFIUSDT": 3096.0,
  "EIGENUSDT": 0.2194,
  "BCH/USDCUSDT": 564.56,
  "ZILUSDT": 0.00457,
  "ORDIUSDT": 2.95,
  "STRKUSDT": 0.05129,
  "CAKEUSDT": 1.3517,
  "CFXUSDT": 0.05707,
  "CYSUSDT": 0.5464,
  "LYNUSDT": 0.21233,
  "BIRBUSDT": 0.20449,
  "BOMEUSDT": 0.0004543,
  "STXUSDT": 0.2789,
  "FIL/USDCUSDT": 1.025,
  "AIXBTUSDT": 0.02261,
  "ACTUSDT": 0.01602,
  "PLAYUSDT": 0.03746,
  "LINK/USDCUSDT": 9.124,
  "CCUSDT": 0.16335,
  "ARKMUSDT": 0.1255,
  "AWEUSDT": 0.09334,
  "DEEPUSDT": 0.02898,
  "SOMIUSDT": 0.1983,
  "JTOUSDT": 0.2869,
  "FFUSDT": 0.08268,
  "AVAX/USDCUSDT": 9.662,
  "SKRUSDT": 0.023329,
  "LAUSDT": 0.2182,
  "FLOWUSDT": 0.04456,
  "ARUSDT": 2.121,
  "QNTUSDT": 74.12,
  "VINEUSDT": 0.02096,
  "SNXUSDT": 0.312,
  "FUNUSDT": 0.001267,
  "NOMUSDT": 0.005647,
  "LRCUSDT": 0.03387,
  "SLPUSDT": 0.0006865,
  "NIGHTUSDT": 0.05973,
  "ACUUSDT": 0.11231,
  "LIGHTUSDT": 0.2455,
  "XVGUSDT": 0.006465,
  "PEOPLEUSDT": 0.00735,
  "BULLAUSDT": 0.02464,
  "FIL/USDUSDT": 1.026,
  "TSTUSDT": 0.01169,
  "LTC/USDCUSDT": 56.17,
  "LINK/USDUSDT": 9.122,
  "RESOLVUSDT": 0.06208,
  "GWEIUSDT": 0.026735,
  "1000LUNCUSDT": 0.03493,
  "MANAUSDT": 0.1081,
  "BIOUSDT": 0.02611,
  "KSMUSDT": 4.86,
  "EGLDUSDT": 5.203,
  "JASMYUSDT": 0.006205,
  "1000BONK/USDCUSDT": 0.007181,
  "ALLOUSDT": 0.08603,
  "APEUSDT": 0.1365,
  "XNYUSDT": 0.007026,
  "CLANKERUSDT": 32.96,
  "SPORTFUNUSDT": 0.04373,
  "BSVUSDT": 17.35,
  "XPINUSDT": 0.001557,
  "BREVUSDT": 0.1517,
  "PARTIUSDT": 0.10884,
  "SAFEUSDT": 0.1182,
  "UNI/USDUSDT": 3.645,
  "BCH/USDUSDT": 564.32,
  "NEAR/USDCUSDT": 1.082,
  "TRADOORUSDT": 1.399,
  "IOTAUSDT": 0.072,
  "OGUSDT": 5.059,
  "HEMIUSDT": 0.01053,
  "AEVOUSDT": 0.02819,
  "WUSDT": 0.02151,
  "METUSDT": 0.2286,
  "OPENUSDT": 0.1734,
  "ACHUSDT": 0.007984,
  "MANTAUSDT": 0.07916,
  "KAITOUSDT": 0.3316,
  "MUSDT": 1.3115,
  "WIF/USDUSDT": 0.2482,
  "XPDUSDT": 1691.7,
  "SYRUPUSDT": 0.27988,
  "BTCDOMUSDT": 5019.1,
  "1000SHIB/USDCUSDT": 0.007062,
  "PIEVERSEUSDT": 0.4264,
  "GRTUSDT": 0.02902,
  "PTBUSDT": 0.001405,
  "RUNEUSDT": 0.4217,
  "BANUSDT": 0.09774,
  "FRAXUSDT": 0.648,
  "THETAUSDT": 0.2205,
  "1MBABYDOGEUSDT": 0.0004329,
  "ARB/USDCUSDT": 0.1209,
  "ALCHUSDT": 0.08668,
  "CRV/USDCUSDT": 0.2696,
  "MSTRUSDT": 135.37,
  "AXLUSDT": 0.06484,
  "AAVE/USDCUSDT": 129.21,
  "WLFI/USDCUSDT": 0.1081,
  "HANAUSDT": 0.03845,
  "NILUSDT": 0.05609,
  "XTZUSDT": 0.421,
  "INXUSDT": 0.014484,
  "RSRUSDT": 0.00165,
  "BRETTUSDT": 0.00862,
  "ZBTUSDT": 0.07415,
  "SKYUSDT": 0.06881,
  "4USDT": 0.01106,
  "MINAUSDT": 0.06915,
  "WLD/USDCUSDT": 0.4266,
  "KAIAUSDT": 0.06046,
  "MEWUSDT": 0.0006959,
  "DRIFTUSDT": 0.0991,
  "FOLKSUSDT": 1.484,
  "LUNA2USDT": 0.06463,
  "IP/USDCUSDT": 1.185,
  "TSLAUSDT": 417.89,
  "API3USDT": 0.3247,
  "FORMUSDT": 0.2262,
  "MMTUSDT": 0.1386,
  "TWTUSDT": 0.5324,
  "IOUSDT": 0.1129,
  "GMTUSDT": 0.01311,
  "UNI/USDCUSDT": 3.643,
  "RVNUSDT": 0.00646,
  "LAYERUSDT": 0.0942,
  "GRASSUSDT": 0.2187,
  "VANAUSDT": 1.635,
  "GOATUSDT": 0.02523,
  "BARDUSDT": 0.8302,
  "SUSHIUSDT": 0.219,
  "SOONUSDT": 0.1881,
  "AIOUSDT": 0.08267,
  "SSVUSDT": 3.446,
  "KASUSDT": 0.03332,
  "2ZUSDT": 0.08136,
  "TREEUSDT": 0.07605,
  "SAPIENUSDT": 0.09416,
  "HBAR/USDCUSDT": 0.10425,
  "TIA/USDCUSDT": 0.36,
  "DOLOUSDT": 0.03645,
  "BATUSDT": 0.1358,
  "NMRUSDT": 8.912,
  "ZORAUSDT": 0.02201,
  "AAVE/USDUSDT": 129.26,
  "ICNTUSDT": 0.4681,
  "LTC/USDUSDT": 56.17,
  "NOTUSDT": 0.0004305,
  "1INCHUSDT": 0.0993,
  "GASUSDT": 1.72,
  "IMXUSDT": 0.175,
  "SAHARAUSDT": 0.01666,
  "PLUMEUSDT": 0.01173,
  "ATUSDT": 0.1612,
  "1000000MOGUSDT": 0.1871,
  "RAYSOLUSDT": 0.6643,
  "TUTUSDT": 0.0119,
  "PROMUSDT": 1.26,
  "WCTUSDT": 0.06607,
  "FUSDT": 0.006502,
  "NEOUSDT": 2.932,
  "SFPUSDT": 0.2799,
  "AKEUSDT": 0.0002966,
  "YBUSDT": 0.1828,
  "DYMUSDT": 0.04722,
  "SOLVUSDT": 0.00507,
  "AVAX/USDUSDT": 9.66,
  "EDUUSDT": 0.1308,
  "SYNUSDT": 0.04973,
  "EPICUSDT": 0.3051,