{
  "LAYERUSDT": 0.1007,
  "POWERUSDT": 1.61314,
  "SOPHUSDT": 0.009227,
  "AMZNUSDT": 208.89,
  "PIPPINUSDT": 0.62411,
  "CLOUSDT": 0.07011,
  "VFYUSDT": 0.01506,
  "BEATUSDT": 0.2186,
  "EVAAUSDT": 0.4209,
  "TSLAUSDT": 401.11,
  "RIVERUSDT": 11.104,
  "TAKEUSDT": 0.01669,
  "BULLAUSDT": 0.01681,
  "CYSUSDT": 0.3222,
  "DOT/USDUSDT": 1.478,
  "STEEMUSDT": 0.05441,
  "BUSDT": 0.1693,
  "XAUUSDT": 5324.47,
  "PAXGUSDT": 5433.33,
  "ESPUSDT": 0.12149
}