{
  "BTCUSDT": 68825.5,
  "ETHUSDT": 2029.58,
  "SOLUSDT": 87.31,
  "XRPUSDT": 1.3975,
  "BNBUSDT": 639.73,
  "XAUUSDT": 5326.0,
  "DOGEUSDT": 0.09538,
  "HYPEUSDT": 32.298,
  "BCHUSDT": 444.57,
  "PAXGUSDT": 5342.26,
  "XAGUSDT": 88.96,
  "WLFIUSDT": 0.1087,
  "TRXUSDT": 0.28221,
  "ZECUSDT": 218.98,
  "UNIUSDT": 3.912,
  "ADAUSDT": 0.28,
  "SUIUSDT": 0.934,
  "1000PEPEUSDT": 0.0035829,
  "ASTERUSDT": 0.6951,
  "LINKUSDT": 9.001,
  "AVAXUSDT": 9.223,
  "LTCUSDT": 54.55,
  "PUMPUSDT": 0.001991,
  "NEARUSDT": 1.316,
  "ENAUSDT": 0.1139,
  "AAVEUSDT": 124.08,
  "DOTUSDT": 1.532,
  "PIPPINUSDT": 0.54838,
  "WLDUSDT": 0.4154,
  "XPLUSDT": 0.1032,
  "FILUSDT": 0.993,
  "TRUMPUSDT": 3.481,
  "LITUSDT": 1.383,
  "TAOUSDT": 186.67,
  "1000SHIBUSDT": 0.005632,
  "POWERUSDT": 1.83266,
  "ZROUSDT": 1.8571,
  "KITEUSDT": 0.23505,
  "TONUSDT": 1.2288,
  "APTUSDT": 0.9651,
  "ATOMUSDT": 1.847,
  "ARCUSDT": 0.05024,
  "RIVERUSDT": 14.061,
  "XMRUSDT": 347.39,
  "HBARUSDT": 0.09983,
  "VVVUSDT": 7.92,
  "BERAUSDT": 0.6086,
  "HUSDT": 0.12416,
  "XLMUSDT": 0.15796,
  "ARBUSDT": 0.1036,
  "WIFUSDT": 0.2021,
  "CRVUSDT": 0.253,
  "ICPUSDT": 2.42,
  "VIRTUALUSDT": 0.7769,
  "MONUSDT": 0.02145,
  "PENGUUSDT": 0.007205,
  "FETUSDT": 0.1518,
  "OPUSDT": 0.1265,
  "AXSUSDT": 1.282,
  "FFUSDT": 0.07933,
  "CCUSDT": 0.158,
  "ETCUSDT": 8.808,
  "SIRENUSDT": 0.4176,
  "BARDUSDT": 0.9985,
  "BTCDOMUSDT": 5121.9,
  "PARTIUSDT": 0.09176,
  "1000BONKUSDT": 0.006104,
  "POLUSDT": 0.1016,
  "FARTCOINUSDT": 0.1626,
  "DASHUSDT": 34.73,
  "CHZUSDT": 0.0348,
  "ETHFIUSDT": 0.5111,
  "ONDOUSDT": 0.2612,
  "TIAUSDT": 0.3341,
  "ENSOUSDT": 1.4117,
  "BANUSDT": 0.10679,
  "ESPUSDT": 0.12542,
  "INJUSDT": 3.122,
  "IPUSDT": 0.861,
  "\u5e01\u5b89\u4eba\u751fUSDT": 0.06291,
  "0GUSDT": 0.6287,
  "SENTUSDT": 0.02121,
  "JUPUSDT": 0.1782,
  "SAHARAUSDT": 0.02457,
  "SEIUSDT": 0.0693,
  "STABLEUSDT": 0.032043,
  "ROBOUSDT": 0.05843,
  "SKYAIUSDT": 0.04527,
  "LYNUSDT": 0.33769,
  "KAITOUSDT": 0.3337,
  "PENDLEUSDT": 1.3137,
  "ZKUSDT": 0.01902,
  "ALCHUSDT": 0.07958,
  "BUSDT": 0.1942,
  "RENDERUSDT": 1.38,
  "LDOUSDT": 0.3103,
  "FORMUSDT": 0.2887,
  "ZAMAUSDT": 0.01957,
  "QUSDT": 0.025792,
  "MORPHOUSDT": 1.9088,
  "BANANAS31USDT": 0.004999,
  "GUAUSDT": 0.23406,
  "ATUSDT": 0.15918,
  "GWEIUSDT": 0.042969,
  "HOMEUSDT": 0.029844,
  "PIEVERSEUSDT": 0.5217,
  "BULLAUSDT": 0.0257,
  "SIGNUSDT": 0.02667,
  "OPNUSDT": 0.589,
  "NIGHTUSDT": 0.05987,
  "CAKEUSDT": 1.3507,
  "SANDUSDT": 0.08619,
  "MYXUSDT": 0.382,
  "ZENUSDT": 5.582,
  "MUSDT": 1.5022,
  "BIOUSDT": 0.02077,
  "GALAUSDT": 0.0036,
  "1000RATSUSDT": 0.03769,
  "STRKUSDT": 0.04139,
  "ALGOUSDT": 0.0887,
  "GIGGLEUSDT": 26.71,
  "SKYUSDT": 0.07083,
  "ALLOUSDT": 0.10933,
  "USDCUSDT": 0.999393,
  "GPSUSDT": 0.009077,
  "BTRUSDT": 0.17825,
  "APEUSDT": 0.1056,
  "HANAUSDT": 0.03437,
  "JELLYJELLYUSDT": 0.07468,
  "STGUSDT": 0.1647,
  "MSTRUSDT": 137.22,
  "ATHUSDT": 0.006405,
  "CRCLUSDT": 94.93,
  "AZTECUSDT": 0.02175,
  "GUNUSDT": 0.02623,
  "AEROUSDT": 0.349,
  "SYRUPUSDT": 0.23816,
  "EIGENUSDT": 0.1861,
  "JTOUSDT": 0.2801,
  "DUSKUSDT": 0.0836,
  "TSLAUSDT": 401.36,
  "TRADOORUSDT": 1.461,
  "B2USDT": 0.7213,
  "XPINUSDT": 0.001427,
  "1000LUNCUSDT": 0.04278,
  "BEAMXUSDT": 0.001931,
  "ZILUSDT": 0.00424,
  "HUMAUSDT": 0.012525,
  "GRASSUSDT": 0.3124,
  "NEOUSDT": 2.663,
  "ROSEUSDT": 0.01172,
  "UBUSDT": 0.03376,
  "ORDIUSDT": 2.488,
  "PYTHUSDT": 0.0501,
  "DYDXUSDT": 0.097,
  "AVNTUSDT": 0.1757,
  "LINEAUSDT": 0.003247,
  "VETUSDT": 0.007345,
  "DENTUSDT": 0.000299,
  "METUSDT": 0.1773,
  "XTZUSDT": 0.377,
  "LAUSDT": 0.221,
  "MOVEUSDT": 0.02212,
  "NXPCUSDT": 0.2775,
  "FOGOUSDT": 0.02509,
  "\u6211\u8e0f\u9a6c\u6765\u4e86USDT": 0.010834,
  "COMPUSDT": 17.93,
  "RAVEUSDT": 0.3615,
  "BEATUSDT": 0.2639,
  "KAVAUSDT": 0.057,
  "1000FLOKIUSDT": 0.0286,
  "ESPORTSUSDT": 0.31164,
  "COLLECTUSDT": 0.0411,
  "ZKPUSDT": 0.08901,
  "ARUSDT": 1.634,
  "SUSDT": 0.04082,
  "PNUTUSDT": 0.04596,
  "ENSUSDT": 6.164,
  "4USDT": 0.00966,
  "SPXUSDT": 0.3369,
  "TRBUSDT": 14.465,
  "ORCAUSDT": 0.879,
  "AGLDUSDT": 0.224,
  "SNXUSDT": 0.319,
  "AUCTIONUSDT": 4.843,
  "AGTUSDT": 0.006151,
  "JASMYUSDT": 0.005512,
  "SKRUSDT": 0.021939,
  "LPTUSDT": 2.355,
  "WUSDT": 0.01926,
  "STXUSDT": 0.258,
  "TRIAUSDT": 0.01943,
  "MEUSDT": 0.1165,
  "CYBERUSDT": 0.5563,
  "MANAUSDT": 0.099,
  "PLUMEUSDT": 0.00933,
  "EULUSDT": 1.034,
  "TAUSDT": 0.04009,
  "IMXUSDT": 0.1663,
  "USELESSUSDT": 0.04253,
  "WETUSDT": 0.10354,
  "RESOLVUSDT": 0.05863,
  "BANKUSDT": 0.03633,
  "IOTAUSDT": 0.0679,
  "BIRBUSDT": 0.15281,
  "JSTUSDT": 0.048025,
  "KNCUSDT": 0.1475,
  "YGGUSDT": 0.0398,
  "SOMIUSDT": 0.1921,
  "GRTUSDT": 0.02616,
  "COAIUSDT": 0.3289,
  "DEXEUSDT": 3.459,
  "WCTUSDT": 0.0597,
  "CFXUSDT": 0.04914,
  "LAYERUSDT": 0.0904,
  "MOODENGUSDT": 0.05058,
  "MERLUSDT": 0.04156,
  "API3USDT": 0.2843,
  "2ZUSDT": 0.07527,
  "FLOWUSDT": 0.03587,
  "AWEUSDT": 0.05176,
  "INITUSDT": 0.07939,
  "EDUUSDT": 0.1008,
  "QNTUSDT": 63.65,
  "SFPUSDT": 0.2771,
  "AIXBTUSDT": 0.02341,
  "AXLUSDT": 0.05505,
  "PTBUSDT": 0.001222,
  "CLOUSDT": 0.0716,
  "SPKUSDT": 0.02004,
  "CYSUSDT": 0.3038,
  "ALICEUSDT": 0.143,
  "NMRUSDT": 7.567,
  "LIGHTUSDT": 0.1929,
  "MMTUSDT": 0.1198,
  "TAGUSDT": 0.0003498,
  "NEIROUSDT": 6.945e-05,
  "MIRAUSDT": 0.0937,
  "VANAUSDT": 1.466,
  "1INCHUSDT": 0.0952,
  "FIOUSDT": 0.01071,
  "RUNEUSDT": 0.4078,
  "ZRXUSDT": 0.1073,
  "FOLKSUSDT": 1.237,
  "HIPPOUSDT": 0.0008115,
  "THETAUSDT": 0.1939,
  "NAORISUSDT": 0.0306,
  "ARKMUSDT": 0.1103,
  "STEEMUSDT": 0.06143,
  "SUNUSDT": 0.015815,
  "EGLDUSDT": 4.471,
  "BREVUSDT": 0.1398,
  "KASUSDT": 0.03021,
  "ZORAUSDT": 0.0179,
  "SOPHUSDT": 0.009083,
  "YFIUSDT": 2720.0,
  "AIAUSDT": 0.08856,
  "KGENUSDT": 0.18881,
  "KAIAUSDT": 0.05515,
  "IOUSDT": 0.1098,
  "POPCATUSDT": 0.04828,
  "ANIMEUSDT": 0.004874,
  "LRCUSDT": 0.03153,
  "PEOPLEUSDT": 0.00643,
  "SPACEUSDT": 0.007404,
  "SUSHIUSDT": 0.2079,
  "MEGAUSDT": 0.1319,
  "PROVEUSDT": 0.3043,
  "TSTUSDT": 0.0096,
  "BATUSDT": 0.1052,
  "COWUSDT": 0.2184,
  "AKEUSDT": 0.0002397,
  "BLUAIUSDT": 0.004967,
  "AVAAIUSDT": 0.007721,
  "AUSDT": 0.08,
  "ACTUSDT": 0.01396,
  "OGUSDT": 2.849,
  "SWARMSUSDT": 0.007178,
  "STOUSDT": 0.06392,
  "OPENUSDT": 0.1455,
  "GMTUSDT": 0.01153,
  "AIOUSDT": 0.08405,
  "TURBOUSDT": 0.0009928,
  "FHEUSDT": 0.02824,
  "LUNA2USDT": 0.06356,
  "BSVUSDT": 15.33,
  "BOMEUSDT": 0.0003974,
  "VELVETUSDT": 0.08203,
  "TWTUSDT": 0.4909,
  "NILUSDT": 0.05014,
  "CATIUSDT": 0.04056,
  "XPTUSDT": 2308.21,
  "KERNELUSDT": 0.07673,
  "VELODROMEUSDT": 0.01588,
  "BABYUSDT": 0.01206,
  "GASUSDT": 1.628,
  "SOONUSDT": 0.1669,
  "TUTUSDT": 0.01034,
  "UMAUSDT": 0.437,
  "TAKEUSDT": 0.02168,
  "NOMUSDT": 0.003627,
  "SUPERUSDT": 0.1156,
  "KSMUSDT": 4.851,
  "MANTAUSDT": 0.06154,
  "RPLUSDT": 1.94,
  "MEMEUSDT": 0.0005912,
  "MINAUSDT": 0.05785,
  "TNSRUSDT": 0.0457,
  "XNYUSDT": 0.005929,
  "ZBTUSDT": 0.07583,
  "TRUUSDT": 0.005598,
  "FIGHTUSDT": 0.006047,
  "USUALUSDT": 0.01384,
  "ALTUSDT": 0.007326,
  "FUSDT": 0.005646,
  "MAGICUSDT": 0.0614,
  "DAMUSDT": 0.02542,
  "NEWTUSDT": 0.07166,
  "MUBARAKUSDT": 0.01391,
  "YBUSDT": 0.176,
  "UAIUSDT": 0.197,
  "CELOUSDT": 0.079,
  "MASKUSDT": 0.4392,
  "BLURUSDT": 0.02029,
  "XVGUSDT": 0.005412,
  "IOTXUSDT": 0.00478,
  "SAPIENUSDT": 0.08393,
  "ASRUSDT": 1.312,
  "AINUSDT": 0.04083,
  "KMNOUSDT": 0.02341,
  "ACHUSDT": 0.006799,
  "HOLOUSDT": 0.06052,
  "STBLUSDT": 0.04026,
  "ONTUSDT": 0.0439,
  "RAYSOLUSDT": 0.6055,
  "PHAUSDT": 0.02539,
  "KOMAUSDT": 0.00807,
  "ANKRUSDT": 0.004229,
  "RSRUSDT": 0.001524,
  "ERAUSDT": 0.1444,
  "INUSDT": 0.06668,
  "ENJUSDT": 0.01918,
  "WALUSDT": 0.08001,
  "KATUSDT": 0.02596,
  "REDUSDT": 0.1519,
  "GLMUSDT": 0.13536,
  "POLYXUSDT": 0.04288,
  "C98USDT": 0.026,
  "ZKCUSDT": 0.0852,
  "EDENUSDT": 0.03252,
  "TRUTHUSDT": 0.009443,
  "SKLUSDT": 0.00655,
  "1000SATSUSDT": 1.15e-05,
  "MELANIAUSDT": 0.1095,
  "QTUMUSDT": 0.935,
  "SOLVUSDT": 0.00387,