{
  "BTCUSDT": 68579.9,
  "ETHUSDT": 1969.89,
  "SOLUSDT": 86.32,
  "XRPUSDT": 1.4916,
  "BNBUSDT": 613.51,
  "DOGEUSDT": 0.10483,
  "BCHUSDT": 553.99,
  "HYPEUSDT": 30.947,
  "PAXGUSDT": 5034.1,
  "XAGUSDT": 77.71,
  "ZECUSDT": 290.41,
  "XAUUSDT": 5035.11,
  "1000PEPEUSDT": 0.0045167,
  "TRXUSDT": 0.27995,
  "SUIUSDT": 0.9743,
  "ASTERUSDT": 0.7261,
  "LINKUSDT": 8.74,
  "ADAUSDT": 0.2802,
  "PIPPINUSDT": 0.71514,
  "LTCUSDT": 54.7,
  "AVAXUSDT": 9.243,
  "UNIUSDT": 3.447,
  "ENAUSDT": 0.1203,
  "PUMPUSDT": 0.002189,
  "AAVEUSDT": 124.43,
  "KITEUSDT": 0.22179,
  "WLFIUSDT": 0.0998,
  "NEARUSDT": 1.042,
  "LITUSDT": 1.573,
  "HUSDT": 0.23617,
  "WLDUSDT": 0.4027,
  "XPLUSDT": 0.0965,
  "TRUMPUSDT": 3.394,
  "ARCUSDT": 0.07741,
  "FILUSDT": 0.955,
  "TAOUSDT": 182.24,
  "DOTUSDT": 1.344,
  "ZROUSDT": 1.8076,
  "TONUSDT": 1.4612,
  "RIVERUSDT": 12.653,
  "1000SHIBUSDT": 0.006512,
  "APTUSDT": 0.9155,
  "HBARUSDT": 0.09874,
  "BERAUSDT": 0.6396,
  "AXSUSDT": 1.379,
  "ATOMUSDT": 2.116,
  "XLMUSDT": 0.16968,
  "ARBUSDT": 0.1137,
  "XMRUSDT": 333.45,
  "MONUSDT": 0.02264,
  "ICPUSDT": 2.377,
  "WIFUSDT": 0.23,
  "FARTCOINUSDT": 0.1957,
  "PENGUUSDT": 0.007047,
  "FFUSDT": 0.07895,
  "CRVUSDT": 0.248,
  "FETUSDT": 0.169,
  "ETCUSDT": 8.687,
  "DASHUSDT": 36.96,
  "IPUSDT": 1.111,
  "BARDUSDT": 0.7824,
  "1000BONKUSDT": 0.006491,
  "\u5e01\u5b89\u4eba\u751fUSDT": 0.10257,
  "OPUSDT": 0.1869,
  "PARTIUSDT": 0.10625,
  "CHZUSDT": 0.03992,
  "POLUSDT": 0.10629,
  "BTCDOMUSDT": 5114.3,
  "VIRTUALUSDT": 0.6299,
  "SENTUSDT": 0.02176,
  "ONDOUSDT": 0.2744,
  "BTRUSDT": 0.21767,
  "TIAUSDT": 0.3376,
  "0GUSDT": 0.6428,
  "ZKUSDT": 0.02175,
  "JUPUSDT": 0.1608,
  "SEIUSDT": 0.0745,
  "ETHFIUSDT": 0.4656,
  "VVVUSDT": 3.837,
  "ZAMAUSDT": 0.01978,
  "BANUSDT": 0.09681,
  "PENDLEUSDT": 1.2275,
  "UBUSDT": 0.04745,
  "ALCHUSDT": 0.0847,
  "CCUSDT": 0.16196,
  "LDOUSDT": 0.3369,
  "KAITOUSDT": 0.3133,
  "STABLEUSDT": 0.024238,
  "SKYUSDT": 0.06592,
  "CYSUSDT": 0.512,
  "INJUSDT": 3.099,
  "ZENUSDT": 6.202,
  "BANANAS31USDT": 0.004855,
  "RENDERUSDT": 1.401,
  "ATUSDT": 0.15849,
  "\u6211\u8e0f\u9a6c\u6765\u4e86USDT": 0.027156,
  "ENSOUSDT": 1.0802,
  "1000RATSUSDT": 0.04739,
  "SANDUSDT": 0.08666,
  "QUSDT": 0.02093,
  "HANAUSDT": 0.0382,
  "OMUSDT": 0.05724,
  "COMPUSDT": 20.92,
  "NIGHTUSDT": 0.05699,
  "MYXUSDT": 1.852,
  "AWEUSDT": 0.09278,
  "HOMEUSDT": 0.028198,
  "MSTRUSDT": 134.51,
  "DUSKUSDT": 0.10029,
  "PYTHUSDT": 0.05556,
  "GIGGLEUSDT": 30.97,
  "STRKUSDT": 0.04849,
  "ROSEUSDT": 0.01238,
  "POWERUSDT": 0.20082,
  "SKYAIUSDT": 0.03743,
  "PIEVERSEUSDT": 0.4332,
  "SPACEUSDT": 0.00913,
  "GPSUSDT": 0.012048,
  "USDCUSDT": 0.999957,
  "ALGOUSDT": 0.0949,
  "ESPUSDT": 0.05567,
  "LYNUSDT": 0.22685,
  "CAKEUSDT": 1.2888,
  "TRADOORUSDT": 1.337,
  "MOVEUSDT": 0.02636,
  "MUSDT": 1.3127,
  "METUSDT": 0.217,
  "GALAUSDT": 0.00406,
  "ZILUSDT": 0.00428,
  "COLLECTUSDT": 0.07964,
  "MORPHOUSDT": 1.3307,
  "ZKPUSDT": 0.09913,
  "AVNTUSDT": 0.1987,
  "1000LUNCUSDT": 0.03424,
  "BUSDT": 0.1458,
  "B2USDT": 0.6927,
  "LINEAUSDT": 0.003657,
  "ENSUSDT": 6.655,
  "XPINUSDT": 0.001704,
  "GUNUSDT": 0.02268,
  "HUMAUSDT": 0.013786,
  "AUCTIONUSDT": 5.13,
  "INITUSDT": 0.08798,
  "SUSDT": 0.04872,
  "EIGENUSDT": 0.2056,
  "VETUSDT": 0.008282,
  "MEUSDT": 0.1413,
  "BEAMXUSDT": 0.002348,
  "XTZUSDT": 0.396,
  "AEROUSDT": 0.3103,
  "TSLAUSDT": 417.44,
  "SYRUPUSDT": 0.26398,
  "XNYUSDT": 0.007379,
  "BIOUSDT": 0.02402,
  "NEOUSDT": 2.809,
  "PNUTUSDT": 0.04977,
  "ALLOUSDT": 0.09396,
  "FORMUSDT": 0.2156,
  "RESOLVUSDT": 0.06049,
  "EULUSDT": 1.126,
  "GUAUSDT": 0.14684,
  "LAUSDT": 0.2082,
  "DYDXUSDT": 0.107,
  "ORDIUSDT": 2.766,
  "ESPORTSUSDT": 0.36322,
  "FHEUSDT": 0.04507,
  "BULLAUSDT": 0.02435,
  "BIRBUSDT": 0.19966,
  "RAVEUSDT": 0.37015,
  "SIRENUSDT": 0.13744,
  "JELLYJELLYUSDT": 0.05601,
  "MERLUSDT": 0.06053,
  "LRCUSDT": 0.03327,
  "SOMIUSDT": 0.1973,
  "1000FLOKIUSDT": 0.03188,
  "NXPCUSDT": 0.2653,
  "BEATUSDT": 0.231,
  "OGUSDT": 3.551,
  "LPTUSDT": 2.369,
  "FOGOUSDT": 0.02197,
  "STXUSDT": 0.2623,
  "JTOUSDT": 0.2669,
  "STGUSDT": 0.1566,
  "ATHUSDT": 0.006063,
  "MOODENGUSDT": 0.05552,
  "PLUMEUSDT": 0.01102,
  "VANAUSDT": 1.538,
  "AIAUSDT": 0.11434,
  "TAKEUSDT": 0.03528,
  "EDUUSDT": 0.1271,
  "COWUSDT": 0.2046,
  "BANKUSDT": 0.04093,
  "TRBUSDT": 15.474,
  "2ZUSDT": 0.07646,
  "NMRUSDT": 8.331,
  "API3USDT": 0.311,
  "ARUSDT": 1.977,
  "WCTUSDT": 0.06147,
  "COAIUSDT": 0.3806,
  "TRIAUSDT": 0.01711,
  "CFXUSDT": 0.05413,
  "USELESSUSDT": 0.04185,
  "MANAUSDT": 0.1021,
  "JASMYUSDT": 0.005849,
  "CLOUSDT": 0.07445,
  "FLOWUSDT": 0.04193,
  "WUSDT": 0.01999,
  "XVGUSDT": 0.00601,
  "SPXUSDT": 0.3154,
  "LUNA2USDT": 0.0672,
  "QNTUSDT": 70.33,
  "AZTECUSDT": 0.02309,
  "FIGHTUSDT": 0.007387,
  "GWEIUSDT": 0.025583,
  "TAGUSDT": 0.0003853,
  "UAIUSDT": 0.2419,
  "4USDT": 0.0099,
  "APEUSDT": 0.129,
  "LIGHTUSDT": 0.2406,
  "GRTUSDT": 0.02745,
  "KAIAUSDT": 0.05701,
  "TAUSDT": 0.03615,
  "IRYSUSDT": 0.04166,
  "ZKCUSDT": 0.097,
  "JSTUSDT": 0.040409,
  "1INCHUSDT": 0.0944,
  "IMXUSDT": 0.1654,
  "THETAUSDT": 0.206,
  "BREVUSDT": 0.14,
  "MMTUSDT": 0.129,
  "SFPUSDT": 0.2642,
  "ZRXUSDT": 0.1083,
  "YFIUSDT": 2838.0,
  "FRAXUSDT": 0.6219,
  "SPKUSDT": 0.02167,
  "AXLUSDT": 0.06086,
  "IOTAUSDT": 0.0687,
  "EGLDUSDT": 4.925,
  "BOMEUSDT": 0.000427,
  "C98USDT": 0.0312,
  "SKRUSDT": 0.021397,
  "NEIROUSDT": 7.58e-05,
  "ACTUSDT": 0.01496,
  "PTBUSDT": 0.001397,
  "GRASSUSDT": 0.2103,
  "RUNEUSDT": 0.4037,
  "ZORAUSDT": 0.02093,
  "NOMUSDT": 0.005386,
  "MEGAUSDT": 0.12871,
  "BSVUSDT": 16.91,
  "ONUSDT": 0.10926,
  "SNXUSDT": 0.288,
  "TSTUSDT": 0.01111,
  "NILUSDT": 0.05542,
  "MUBARAKUSDT": 0.01727,
  "MINAUSDT": 0.06632,
  "TNSRUSDT": 0.05182,
  "FOLKSUSDT": 1.331,
  "PEOPLEUSDT": 0.00694,
  "TWTUSDT": 0.5014,
  "ANIMEUSDT": 0.005555,
  "MANTAUSDT": 0.07566,
  "FUSDT": 0.006262,
  "AGTUSDT": 0.004127,
  "PROVEUSDT": 0.319,
  "ARKMUSDT": 0.1175,
  "AUSDT": 0.0851,
  "KGENUSDT": 0.17303,
  "TURBOUSDT": 0.0011,
  "KASUSDT": 0.0315,
  "ICNTUSDT": 0.4594,
  "YBUSDT": 0.1748,
  "TUTUSDT": 0.01144,
  "SOPHUSDT": 0.009483,
  "ACHUSDT": 0.007613,
  "SIGNUSDT": 0.02715,
  "SAHARAUSDT": 0.01587,
  "GASUSDT": 1.651,
  "POPCATUSDT": 0.05254,
  "BATUSDT": 0.1288,
  "GMTUSDT": 0.01241,
  "MAGICUSDT": 0.06843,
  "TRUTHUSDT": 0.015064,
  "SANTOSUSDT": 1.892,
  "AVAAIUSDT": 0.00753,
  "SWARMSUSDT": 0.00744,
  "CYBERUSDT": 0.5619,
  "MASKUSDT": 0.4671,
  "BLUAIUSDT": 0.005439,
  "BABYUSDT": 0.01358,
  "LAYERUSDT": 0.0889,
  "CATIUSDT": 0.04024,
  "OPENUSDT": 0.1646,
  "SUSHIUSDT": 0.2063,
  "SUNUSDT": 0.017483,
  "IDOLUSDT": 0.02084,
  "DEEPUSDT": 0.02913,
  "ZBTUSDT": 0.07111,
  "BLURUSDT": 0.02116,
  "AIOUSDT": 0.07783,
  "PLAYUSDT": 0.02671,
  "YGGUSDT": 0.04041,
  "SOONUSDT": 0.1809,
  "MEMEUSDT": 0.0007046,
  "IOUSDT": 0.1057,
  "AKEUSDT": 0.0002691,
  "ONTUSDT": 0.0458,
  "XPTUSDT": 2067.38,
  "CELOUSDT": 0.084,
  "INUSDT": 0.06521,
  "GLMUSDT": 0.18739,
  "SUPERUSDT": 0.1243,
  "THEUSDT": 0.2674,
  "SONICUSDT": 0.04726,
  "VELODROMEUSDT": 0.01428,
  "CTSIUSDT": 0.0269,
  "SOLVUSDT": 0.00478,
  "STOUSDT": 0.05444,
  "ALTUSDT": 0.00846,
  "ASRUSDT": 1.441,
  "ZEREBROUSDT": 0.00847,
  "SYNUSDT": 0.04609,
  "QTUMUSDT": 0.976,
  "VELVETUSDT": 0.08274,
  "IDUSDT": 0.05222,
  "AIXBTUSDT": 0.02078,
  "WALUSDT": 0.0822,
  "ANKRUSDT": 0.004547,
  "DEXEUSDT": 2.337,
  "BASUSDT": 0.00546,
  "KERNELUSDT": 0.06611,
  "RAREUSDT": 0.01963,
  "KMNOUSDT": 0.03016,
  "DYMUSDT": 0.04584,
  "BROCCOLI714USDT": 0.01411,
  "HYPERUSDT": 0.1015,
  "EDENUSDT": 0.0333,
  "AINUSDT": 0.03426,
  "KAVAUSDT": 0.0541,
  "CVXUSDT": 1.897,
  "BANANAUSDT": 4.613,
  "ORCAUSDT": 0.781,
  "ERAUSDT": 0.1553,
  "MELANIAUSDT": 0.1182,
  "POLYXUSDT": 0.04412,
  "DRIFTUSDT": 0.0903,
  "LSKUSDT": 0.1415,
  "KOMAUSDT": 0.00784,
  "STBLUSDT": 0.03908,
  "GUSDT": 0.00403,
  "DEGOUSDT": 0.3294,
  "NOTUSDT": 0.0004023,
  "RSRUSDT": 0.001553,
  "SKLUSDT": 0.0067,
  "KSMUSDT": 4.617,
  "STORJUSDT": 0.1009,