{
  "BTCUSDT": 66250.0,
  "ETHUSDT": 1951.62,
  "SOLUSDT": 83.76,
  "XAGUSDT": 95.09,
  "ETH/USDCUSDT": 1938.03,
  "BTC/USDCUSDT": 66123.3,
  "XAUUSDT": 5390.63,
  "BTC/USDUSDT": 66194.5,
  "XRPUSDT": 1.348,
  "ETH/USDUSDT": 1952.78,
  "HYPEUSDT": 30.411,
  "DOGEUSDT": 0.09147,
  "POWERUSDT": 1.74909,
  "BNBUSDT": 621.39,
  "PAXGUSDT": 5418.17,
  "1000PEPEUSDT": 0.0034539,
  "ARCUSDT": 0.0539,
  "SOL/USDCUSDT": 83.76,
  "SAHARAUSDT": 0.02567,
  "ZECUSDT": 212.52,
  "RIVERUSDT": 15.18,
  "SUIUSDT": 0.8899,
  "VVVUSDT": 6.35,
  "PIPPINUSDT": 0.54176,
  "ADAUSDT": 0.2712,
  "NEARUSDT": 1.21,
  "XRP/USDCUSDT": 1.348,
  "BCHUSDT": 439.99,
  "AVAXUSDT": 8.955,
  "DOTUSDT": 1.502,
  "LINKUSDT": 8.655,
  "SIRENUSDT": 0.35195,
  "FILUSDT": 0.978,
  "LYNUSDT": 0.33691,
  "SOL/USDUSDT": 83.66,
  "HIPPOUSDT": 0.0007645,
  "PUMPUSDT": 0.001919,
  "ESPUSDT": 0.12213,
  "TAOUSDT": 177.26,
  "ASTERUSDT": 0.6959,
  "KNCUSDT": 0.1471,
  "GRASSUSDT": 0.3208,
  "LTCUSDT": 53.22,
  "BNB/USDUSDT": 621.05,
  "AAVEUSDT": 114.28,
  "DENTUSDT": 0.000289,
  "ETH/BTCUSDT": 1937.21418,
  "ZROUSDT": 1.8513,
  "UNIUSDT": 3.767,
  "KITEUSDT": 0.23456,
  "ALICEUSDT": 0.15,
  "OPNUSDT": 0.5935,
  "ROBOUSDT": 0.04718,
  "KAVAUSDT": 0.057,
  "ENAUSDT": 0.1036,
  "XRP/USDUSDT": 1.3527,
  "WIFUSDT": 0.1916,
  "ARBUSDT": 0.1007,
  "1000SHIBUSDT": 0.005479,
  "WLFIUSDT": 0.1049,
  "BNB/USDCUSDT": 621.49,
  "ENSOUSDT": 1.3972,
  "WLDUSDT": 0.3852,
  "OPUSDT": 0.1224,
  "VIRTUALUSDT": 0.6973,
  "FIOUSDT": 0.0107,
  "PENGUUSDT": 0.006763,
  "APTUSDT": 0.9266,
  "BULLAUSDT": 0.02532,
  "DOGE/USDCUSDT": 0.09146,
  "DOGE/USDUSDT": 0.09147,
  "TRUMPUSDT": 3.418,
  "CRVUSDT": 0.241,
  "FARTCOINUSDT": 0.1545,
  "XLMUSDT": 0.15305,
  "HBARUSDT": 0.09702,
  "XMRUSDT": 342.09,
  "ETCUSDT": 8.509,
  "GALAUSDT": 0.00346,
  "GWEIUSDT": 0.0434,
  "TSLAUSDT": 394.55,
  "XPLUSDT": 0.0964,
  "1000BONKUSDT": 0.0059,
  "MIRAUSDT": 0.0926,
  "TRXUSDT": 0.28146,
  "DASHUSDT": 31.91,
  "TONUSDT": 1.2086,
  "MYXUSDT": 0.383,
  "TIAUSDT": 0.3224,
  "ICPUSDT": 2.384,
  "RAVEUSDT": 0.33695,
  "AXSUSDT": 1.259,
  "BARDUSDT": 0.9941,
  "SUI/USDCUSDT": 0.8896,
  "ATOMUSDT": 1.791,
  "ONDOUSDT": 0.2515,
  "KATUSDT": 0.02768,
  "SEIUSDT": 0.06872,
  "ATHUSDT": 0.006132,
  "JUPUSDT": 0.1719,
  "SPXUSDT": 0.3216,
  "\u5e01\u5b89\u4eba\u751fUSDT": 0.06323,
  "POLUSDT": 0.10291,
  "FORMUSDT": 0.2272,
  "INJUSDT": 3.004,
  "ZKPUSDT": 0.08731,
  "UAIUSDT": 0.2041,
  "ZAMAUSDT": 0.01975,
  "TLMUSDT": 0.00173,
  "IPUSDT": 0.837,
  "STEEMUSDT": 0.05988,
  "SIGNUSDT": 0.02563,
  "RENDERUSDT": 1.347,
  "BEATUSDT": 0.2561,
  "CRCLUSDT": 80.69,
  "FETUSDT": 0.1479,
  "XPTUSDT": 2365.02,
  "LDOUSDT": 0.3005,
  "ADA/USDUSDT": 0.2712,
  "ATUSDT": 0.16035,
  "ZEC/USDCUSDT": 212.47,
  "LITUSDT": 1.375,
  "1000PEPE/USDCUSDT": 0.0034523,
  "WETUSDT": 0.10732,
  "BERAUSDT": 0.6003,
  "1000LUNCUSDT": 0.04251,
  "AZTECUSDT": 0.02139,
  "IMXUSDT": 0.1637,
  "NEIROUSDT": 6.651e-05,
  "FIL/USDCUSDT": 0.977,
  "ZETAUSDT": 0.05939,
  "SKYAIUSDT": 0.03712,
  "SANDUSDT": 0.08283,
  "PHAUSDT": 0.02729,
  "CHZUSDT": 0.03345,
  "MORPHOUSDT": 1.8071,
  "SPACEUSDT": 0.007245,
  "LAYERUSDT": 0.0892,
  "STGUSDT": 0.1649,
  "SUI/USDUSDT": 0.8895,
  "HUSDT": 0.12803,
  "STABLEUSDT": 0.032606,
  "ADA/USDCUSDT": 0.2712,
  "ALGOUSDT": 0.0858,
  "ORDIUSDT": 2.419,
  "BCH/USDCUSDT": 439.93,
  "SKRUSDT": 0.021451,
  "LINK/USDCUSDT": 8.653,
  "\u6211\u8e0f\u9a6c\u6765\u4e86USDT": 0.010469,
  "BIOUSDT": 0.0205,
  "COSUSDT": 0.001058,
  "1000FLOKIUSDT": 0.02735,
  "LINK/USDUSDT": 8.653,
  "YGGUSDT": 0.03896,
  "0GUSDT": 0.6111,
  "APEUSDT": 0.1033,
  "BREVUSDT": 0.1373,
  "HOLOUSDT": 0.06003,
  "SENTUSDT": 0.02127,
  "CAKEUSDT": 1.3144,
  "HOODUSDT": 73.35,
  "PENDLEUSDT": 1.2726,
  "AVAX/USDCUSDT": 8.953,
  "NEWTUSDT": 0.07336,
  "AIXBTUSDT": 0.02324,
  "EULUSDT": 1.006,
  "XTZUSDT": 0.369,
  "TRIAUSDT": 0.01904,
  "ZENUSDT": 5.334,
  "ARUSDT": 1.595,
  "AGLDUSDT": 0.2261,
  "MONUSDT": 0.02077,
  "EIGENUSDT": 0.1769,
  "GIGGLEUSDT": 25.7,
  "MSTRUSDT": 129.3,
  "JELLYJELLYUSDT": 0.06941,
  "BASUSDT": 0.006997,
  "COLLECTUSDT": 0.04004,
  "DUSKUSDT": 0.08279,
  "VETUSDT": 0.007119,
  "JTOUSDT": 0.271,
  "ACEUSDT": 0.1552,
  "ETHFIUSDT": 0.4969,
  "XPDUSDT": 1808.08,
  "MOODENGUSDT": 0.04841,
  "ZILUSDT": 0.00412,
  "SUNUSDT": 0.015945,
  "CCUSDT": 0.16181,
  "NEAR/USDCUSDT": 1.208,
  "1000RATSUSDT": 0.03262,
  "SNXUSDT": 0.308,
  "ROSEUSDT": 0.01113,
  "DYDXUSDT": 0.092,
  "STRKUSDT": 0.03978,
  "GPSUSDT": 0.00913,
  "TAKEUSDT": 0.02178,
  "BIRBUSDT": 0.15006,
  "CYBERUSDT": 0.5516,
  "ZKUSDT": 0.01842,
  "FOLKSUSDT": 1.226,
  "SYRUPUSDT": 0.23115,
  "TRBUSDT": 13.974,
  "4USDT": 0.00857,
  "VICUSDT": 0.04559,
  "KSMUSDT": 4.706,
  "PNUTUSDT": 0.04378,
  "LAUSDT": 0.2186,
  "PLTRUSDT": 142.26,
  "LTC/USDCUSDT": 53.19,
  "QUSDT": 0.025383,
  "JASMYUSDT": 0.005238,
  "ENSUSDT": 5.922,
  "PYTHUSDT": 0.04863,
  "USELESSUSDT": 0.04073,
  "SOMIUSDT": 0.1901,
  "1000SATSUSDT": 1.14e-05,
  "ARB/USDCUSDT": 0.1006,
  "ENA/USDCUSDT": 0.1035,
  "MANAUSDT": 0.0962,
  "GRTUSDT": 0.02565,
  "BCH/USDUSDT": 440.02,
  "PTBUSDT": 0.001204,
  "FIL/USDUSDT": 0.977,
  "ICXUSDT": 0.0358,
  "LINEAUSDT": 0.003048,
  "ARKMUSDT": 0.1053,
  "UMAUSDT": 0.4343,
  "MASKUSDT": 0.4242,
  "TURBOUSDT": 0.0009556,
  "SUSDT": 0.03931,
  "ORCAUSDT": 0.865,
  "COINUSDT": 171.6,
  "CLOUSDT": 0.07103,
  "YBUSDT": 0.1747,
  "INITUSDT": 0.076,
  "ALLOUSDT": 0.10518,
  "LTC/USDUSDT": 53.18,
  "KASUSDT": 0.02961,
  "THETAUSDT": 0.187,
  "AEROUSDT": 0.3359,
  "1INCHUSDT": 0.0925,
  "EGLDUSDT": 4.353,
  "COMPUSDT": 17.7,
  "BTCDOMUSDT": 5110.5,
  "FOGOUSDT": 0.02519,
  "BOMEUSDT": 0.0003796,
  "AVNTUSDT": 0.1716,
  "AXLUSDT": 0.05363,
  "MERLUSDT": 0.03902,
  "BUSDT": 0.1931,
  "WUSDT": 0.01859,
  "GMTUSDT": 0.01126,
  "AAVE/USDCUSDT": 114.25,
  "STXUSDT": 0.2502,
  "LIGHTUSDT": 0.1874,
  "AMZNUSDT": 205.01,
  "AAVE/USDUSDT": 114.26,
  "SUSHIUSDT": 0.2001,
  "OGUSDT": 2.793,
  "LUNA2USDT": 0.06226,
  "NEOUSDT": 2.613,
  "MEUSDT": 0.115,
  "PARTIUSDT": 0.0929,
  "LPTUSDT": 2.279,
  "BOBUSDT": 0.005929,
  "MOVEUSDT": 0.02183,
  "IOTXUSDT": 0.00484,
  "NOMUSDT": 0.003614,
  "FFUSDT": 0.07802,
  "HUMAUSDT": 0.012231,
  "KAITOUSDT": 0.3281,
  "UNI/USDCUSDT": 3.764,
  "FLOWUSDT": 0.03525,
  "C98USDT": 0.0256,
  "IOTAUSDT": 0.0658,
  "CRV/USDCUSDT": 0.2409,
  "MBOXUSDT": 0.0185,
  "ZRXUSDT": 0.1058,
  "COWUSDT": 0.2133,
  "MUSDT": 1.5162,
  "UBUSDT": 0.03603,
  "ZBTUSDT": 0.07561,
  "SOPHUSDT": 0.009037,
  "AWEUSDT": 0.05092,
  "WCTUSDT": 0.05937,
  "USDCUSDT": 0.999541,
  "DOT/USDUSDT": 1.501,
  "CFXUSDT": 0.0476,
  "KERNELUSDT": 0.07625,
  "POWRUSDT": 0.06525,
  "FIGHTUSDT": 0.005866,
  "MEMEUSDT": 0.0005771,
  "BATUSDT": 0.1024,
  "RUNEUSDT": 0.3917,
  "SPORTFUNUSDT": 0.04649,
  "PLUMEUSDT": 0.00906,
  "TRUTHUSDT": 0.009438,
  "STBLUSDT": 0.03685,
  "PIEVERSEUSDT": 0.5251,
  "BTRUSDT": 0.18198,
  "PEOPLEUSDT": 0.00619,
  "WOOUSDT": 0.01674,
  "HOTUSDT": 0.000377,
  "NEAR/USDUSDT": 1.209,
  "REDUSDT": 0.1496,
  "NIGHTUSDT": 0.05734,
  "NILUSDT": 0.04962,
  "BANANAS31USDT": 0.004841,
  "UNI/USDUSDT": 3.762,
  "RAYSOLUSDT": 0.5872,
  "XLM/USDUSDT": 0.15307,
  "GLMUSDT": 0.13247,
  "NAORISUSDT": 0.03143,
  "CVCUSDT": 0.03053,
  "CELOUSDT": 0.075,
  "TNSRUSDT": 0.04548,
  "AVAX/USDUSDT": 8.94,
  "FRAXUSDT": 0.5895,
  "DEXEUSDT": 3.318,
  "ZKCUSDT": 0.0837,
  "METUSDT": 0.1801,
  "YFIUSDT": 2697.0,
  "ZORAUSDT": 0.01732,
  "QNTUSDT": 61.41,
  "GUNUSDT": 0.02578,
  "IP/USDCUSDT": 0.836,
  "WIF/USDCUSDT": 0.1914,
  "AUCTIONUSDT": 4.746,
  "GUAUSDT": 0.23257,
  "BANKUSDT": 0.03593,
  "MUBARAKUSDT": 0.01309,
  "ACHUSDT": 0.006614,
  "DUSDT": 0.006908,
  "CYSUSDT": 0.3,
  "ANIMEUSDT": 0.004833,
  "SANTOSUSDT": 1.285,
  "TIA/USDCUSDT": 0.3221,
  "INXUSDT": 0.011345,
  "PENGU/USDCUSDT": 0.006759,
  "PROVEUSDT": 0.299,
  "1MBABYDOGEUSDT": 0.0003799,
  "QTUMUSDT": 0.904,
  "GOATUSDT": 0.01832,
  "WLFI/USDCUSDT": 0.1048,
  "POLYXUSDT": 0.04264,
  "PORTALUSDT": 0.01182,
  "INUSDT": 0.06755,
  "NOTUSDT": 0.0003504,