{
  "BTCUSDT": 68164.6,
  "ETHUSDT": 1973.39,
  "SOLUSDT": 86.21,
  "XRPUSDT": 1.4775,
  "BNBUSDT": 623.47,
  "BCHUSDT": 561.98,
  "DOGEUSDT": 0.09971,
  "HYPEUSDT": 30.247,
  "XAGUSDT": 73.81,
  "PAXGUSDT": 4884.86,
  "ZECUSDT": 289.0,
  "XAUUSDT": 4881.04,
  "TRXUSDT": 0.2841,
  "SUIUSDT": 0.9751,
  "ASTERUSDT": 0.7195,
  "ADAUSDT": 0.2857,
  "1000PEPEUSDT": 0.0043881,
  "LINKUSDT": 8.853,
  "LTCUSDT": 54.98,
  "UNIUSDT": 3.564,
  "AVAXUSDT": 9.168,
  "ENAUSDT": 0.1219,
  "PIPPINUSDT": 0.62869,
  "PUMPUSDT": 0.002196,
  "WLFIUSDT": 0.0997,
  "AAVEUSDT": 124.4,
  "NEARUSDT": 1.049,
  "KITEUSDT": 0.21394,
  "LITUSDT": 1.616,
  "TRUMPUSDT": 3.36,
  "WLDUSDT": 0.399,
  "TAOUSDT": 195.06,
  "XPLUSDT": 0.1005,
  "FILUSDT": 0.965,
  "ARCUSDT": 0.07595,
  "DOTUSDT": 1.369,
  "RIVERUSDT": 12.742,
  "ZROUSDT": 1.6527,
  "HUSDT": 0.19978,
  "TONUSDT": 1.4365,
  "ATOMUSDT": 2.28,
  "APTUSDT": 0.9243,
  "1000SHIBUSDT": 0.006539,
  "HBARUSDT": 0.10065,
  "BERAUSDT": 0.6535,
  "AXSUSDT": 1.367,
  "XLMUSDT": 0.16773,
  "ARBUSDT": 0.114,
  "MONUSDT": 0.02296,
  "XMRUSDT": 335.36,
  "ICPUSDT": 2.391,
  "WIFUSDT": 0.2325,
  "FFUSDT": 0.08083,
  "PENGUUSDT": 0.007176,
  "CRVUSDT": 0.252,
  "FETUSDT": 0.1716,
  "FARTCOINUSDT": 0.1986,
  "IPUSDT": 1.157,
  "ETCUSDT": 8.753,
  "BARDUSDT": 0.7954,
  "CHZUSDT": 0.04084,
  "\u5e01\u5b89\u4eba\u751fUSDT": 0.09984,
  "DASHUSDT": 37.82,
  "PARTIUSDT": 0.10697,
  "1000BONKUSDT": 0.006521,
  "INITUSDT": 0.13804,
  "OPUSDT": 0.1877,
  "POLUSDT": 0.10662,
  "BTCDOMUSDT": 5071.2,
  "ONDOUSDT": 0.276,
  "STABLEUSDT": 0.032216,
  "SENTUSDT": 0.02209,
  "VIRTUALUSDT": 0.6514,
  "TIAUSDT": 0.3431,
  "0GUSDT": 0.6419,
  "ZKUSDT": 0.02183,
  "SEIUSDT": 0.0753,
  "VVVUSDT": 4.312,
  "ETHFIUSDT": 0.4775,
  "ZAMAUSDT": 0.02129,
  "JUPUSDT": 0.1656,
  "BANUSDT": 0.09665,
  "POWERUSDT": 0.30714,
  "SIRENUSDT": 0.20916,
  "UBUSDT": 0.04799,
  "PENDLEUSDT": 1.2232,
  "ALCHUSDT": 0.08169,
  "CCUSDT": 0.16182,
  "LDOUSDT": 0.3402,
  "INJUSDT": 3.124,
  "KAITOUSDT": 0.3215,
  "CYSUSDT": 0.5359,
  "ENSOUSDT": 1.1256,
  "BTRUSDT": 0.1864,
  "SKYUSDT": 0.0668,
  "ZENUSDT": 6.227,
  "RENDERUSDT": 1.458,
  "ATUSDT": 0.1595,
  "1000RATSUSDT": 0.04735,
  "AWEUSDT": 0.0958,
  "OMUSDT": 0.06075,
  "BANANAS31USDT": 0.004785,
  "QUSDT": 0.021059,
  "SANDUSDT": 0.08661,
  "HOMEUSDT": 0.028366,
  "RPLUSDT": 2.727,
  "NIGHTUSDT": 0.05595,
  "MSTRUSDT": 131.46,
  "MYXUSDT": 1.741,
  "HANAUSDT": 0.03579,
  "MUSDT": 1.4995,
  "GIGGLEUSDT": 31.6,
  "\u6211\u8e0f\u9a6c\u6765\u4e86USDT": 0.02002,
  "SKYAIUSDT": 0.03783,
  "STRKUSDT": 0.04846,
  "DUSKUSDT": 0.10374,
  "ROSEUSDT": 0.01238,
  "PYTHUSDT": 0.05633,
  "LYNUSDT": 0.23359,
  "ALGOUSDT": 0.0938,
  "SPACEUSDT": 0.010447,
  "COMPUSDT": 19.67,
  "CAKEUSDT": 1.3139,
  "TRADOORUSDT": 1.369,
  "PIEVERSEUSDT": 0.4099,
  "USDCUSDT": 0.999902,
  "MOVEUSDT": 0.02697,
  "GPSUSDT": 0.011041,
  "BULLAUSDT": 0.0303,
  "GALAUSDT": 0.00406,
  "HUMAUSDT": 0.01504,
  "ZILUSDT": 0.00429,
  "METUSDT": 0.2186,
  "ESPUSDT": 0.05936,
  "XPINUSDT": 0.001833,
  "AVNTUSDT": 0.2,
  "B2USDT": 0.7067,
  "MORPHOUSDT": 1.406,
  "ZKPUSDT": 0.09879,
  "1000LUNCUSDT": 0.03449,
  "COLLECTUSDT": 0.07445,
  "BUSDT": 0.1426,
  "GUNUSDT": 0.02281,
  "MEUSDT": 0.1349,
  "SUSDT": 0.04856,
  "EIGENUSDT": 0.2115,
  "ENSUSDT": 6.751,
  "BEAMXUSDT": 0.002408,
  "AUCTIONUSDT": 5.26,
  "LINEAUSDT": 0.003659,
  "SYRUPUSDT": 0.2483,
  "JELLYJELLYUSDT": 0.06589,
  "VETUSDT": 0.008181,
  "XTZUSDT": 0.395,
  "AEROUSDT": 0.3198,
  "ESPORTSUSDT": 0.3816,
  "TSLAUSDT": 413.68,
  "LAUSDT": 0.2002,
  "BIOUSDT": 0.02433,
  "NEOUSDT": 2.805,
  "ORCAUSDT": 0.976,
  "ALLOUSDT": 0.08995,
  "FORMUSDT": 0.22,
  "DYDXUSDT": 0.107,
  "PNUTUSDT": 0.05071,
  "RAVEUSDT": 0.39132,
  "FHEUSDT": 0.04177,
  "GUAUSDT": 0.14677,
  "ORDIUSDT": 2.791,
  "MERLUSDT": 0.06855,
  "FOGOUSDT": 0.02398,
  "NXPCUSDT": 0.2709,
  "BIRBUSDT": 0.19292,
  "RESOLVUSDT": 0.06094,
  "MOODENGUSDT": 0.06068,
  "OGUSDT": 3.376,
  "LPTUSDT": 2.47,
  "BEATUSDT": 0.2499,
  "PLUMEUSDT": 0.01085,
  "LRCUSDT": 0.03346,
  "1000FLOKIUSDT": 0.03207,
  "SOMIUSDT": 0.1906,
  "TRBUSDT": 15.886,
  "STGUSDT": 0.1432,
  "VANAUSDT": 1.549,
  "EDUUSDT": 0.1297,
  "JTOUSDT": 0.2742,
  "TRIAUSDT": 0.01738,
  "STXUSDT": 0.2621,
  "GWEIUSDT": 0.028701,
  "ATHUSDT": 0.005924,
  "USELESSUSDT": 0.05346,
  "CLOUSDT": 0.07782,
  "AIAUSDT": 0.11093,
  "2ZUSDT": 0.0762,
  "ARUSDT": 2.037,
  "LUNA2USDT": 0.06613,
  "BANKUSDT": 0.04007,
  "COAIUSDT": 0.3512,
  "API3USDT": 0.3141,
  "MUBARAKUSDT": 0.0205,
  "JASMYUSDT": 0.005968,
  "CFXUSDT": 0.05463,
  "EULUSDT": 0.986,
  "WCTUSDT": 0.06204,
  "WUSDT": 0.02062,
  "NMRUSDT": 8.433,
  "MANAUSDT": 0.1014,
  "PTBUSDT": 0.001523,
  "SPXUSDT": 0.3239,
  "APEUSDT": 0.1285,
  "FLOWUSDT": 0.0395,
  "XNYUSDT": 0.005272,
  "4USDT": 0.01003,
  "QNTUSDT": 68.81,
  "IMXUSDT": 0.1707,
  "TAGUSDT": 0.0003808,
  "AZTECUSDT": 0.02206,
  "LIGHTUSDT": 0.2398,
  "UAIUSDT": 0.2389,
  "TAUSDT": 0.0364,
  "JSTUSDT": 0.042532,
  "TNSRUSDT": 0.05743,
  "GRTUSDT": 0.02783,
  "TAKEUSDT": 0.02934,
  "KAIAUSDT": 0.05709,
  "SPKUSDT": 0.02133,
  "BREVUSDT": 0.1365,
  "UMAUSDT": 0.5513,
  "SFPUSDT": 0.2738,
  "1INCHUSDT": 0.0946,
  "XVGUSDT": 0.006083,
  "AGTUSDT": 0.004752,
  "MMTUSDT": 0.1332,
  "NILUSDT": 0.05673,
  "ZRXUSDT": 0.1075,
  "COWUSDT": 0.2088,
  "MAGICUSDT": 0.07344,
  "ZKCUSDT": 0.0951,
  "FRAXUSDT": 0.6734,
  "BOMEUSDT": 0.000434,
  "THETAUSDT": 0.2067,
  "IOTAUSDT": 0.0705,
  "SKRUSDT": 0.021288,
  "ZORAUSDT": 0.02176,
  "MANTAUSDT": 0.08111,
  "NEIROUSDT": 7.65e-05,
  "YFIUSDT": 2842.0,
  "TWTUSDT": 0.5589,
  "RUNEUSDT": 0.406,
  "ACTUSDT": 0.01535,
  "EGLDUSDT": 4.708,
  "AXLUSDT": 0.06032,
  "SNXUSDT": 0.294,
  "NOMUSDT": 0.00546,
  "SUPERUSDT": 0.1315,
  "GRASSUSDT": 0.2027,
  "MEGAUSDT": 0.12967,
  "MINAUSDT": 0.06527,
  "TSTUSDT": 0.01139,
  "C98USDT": 0.0321,
  "PEOPLEUSDT": 0.007,
  "FIGHTUSDT": 0.006535,
  "SAHARAUSDT": 0.01577,
  "BLUAIUSDT": 0.005456,
  "PROVEUSDT": 0.3214,
  "ARKMUSDT": 0.1165,
  "AUSDT": 0.0851,
  "BSVUSDT": 16.94,
  "FOLKSUSDT": 1.325,
  "ANIMEUSDT": 0.005658,
  "SIGNUSDT": 0.02678,
  "TUTUSDT": 0.01201,
  "FUSDT": 0.006267,
  "KASUSDT": 0.03194,
  "IRYSUSDT": 0.0333,
  "SOPHUSDT": 0.009712,
  "BATUSDT": 0.1281,
  "YBUSDT": 0.1732,
  "TURBOUSDT": 0.0011094,
  "KGENUSDT": 0.1658,
  "AVAAIUSDT": 0.00772,
  "SWARMSUSDT": 0.00754,
  "ICNTUSDT": 0.4579,
  "GMTUSDT": 0.0123,
  "ACHUSDT": 0.007633,
  "STORJUSDT": 0.106,
  "POPCATUSDT": 0.05341,
  "GASUSDT": 1.656,
  "CYBERUSDT": 0.5543,
  "OPENUSDT": 0.1582,
  "BABYUSDT": 0.01379,
  "CATIUSDT": 0.04071,
  "AIOUSDT": 0.07545,
  "SANTOSUSDT": 1.887,
  "SUSHIUSDT": 0.2095,
  "RAYSOLUSDT": 0.6809,
  "TRUTHUSDT": 0.015991,
  "AKEUSDT": 0.0002831,
  "LAYERUSDT": 0.0886,
  "PLAYUSDT": 0.0241,
  "IDOLUSDT": 0.02108,
  "PROMUSDT": 1.542,
  "ZBTUSDT": 0.06998,
  "MASKUSDT": 0.4675,
  "DEEPUSDT": 0.03067,
  "ONTUSDT": 0.0466,
  "CELOUSDT": 0.084,
  "KMNOUSDT": 0.03256,
  "BLURUSDT": 0.02118,
  "SOONUSDT": 0.1805,
  "YGGUSDT": 0.04089,
  "XPTUSDT": 2003.47,
  "IOUSDT": 0.1073,
  "MEMEUSDT": 0.0007207,
  "SUNUSDT": 0.017211,
  "AIXBTUSDT": 0.02163,
  "STOUSDT": 0.05599,
  "ARPAUSDT": 0.01055,
  "THEUSDT": 0.2748,
  "VELODROMEUSDT": 0.01452,
  "SYNUSDT": 0.05417,
  "ALTUSDT": 0.00853,
  "ZEREBROUSDT": 0.00858,
  "VELVETUSDT": 0.08544,
  "ARIAUSDT": 0.09297,
  "GLMUSDT": 0.18363,
  "BASUSDT": 0.005792,
  "CTSIUSDT": 0.027,
  "ASRUSDT": 1.428,
  "SOLVUSDT": 0.00466,
  "BROCCOLI714USDT": 0.01496,
  "CVXUSDT": 1.967,
  "SKLUSDT": 0.00705,
  "ONUSDT": 0.09759,
  "WALUSDT": 0.0827,
  "RAREUSDT": 0.02007,
  "INUSDT": 0.06254,
  "SONICUSDT": 0.04634,
  "IDUSDT": 0.05199,
  "HEMIUSDT": 0.01077,
  "QTUMUSDT": 0.972,
  "STBLUSDT": 0.03974,
  "MELANIAUSDT": 0.1193,
  "DYMUSDT": 0.04801,
  "LISTAUSDT": 0.0957,
  "DEXEUSDT": 2.369,
  "RSRUSDT": 0.001565,
  "SAGAUSDT": 0.03423,
  "ERAUSDT": 0.1561,
  "AINUSDT": 0.03439,
  "KAVAUSDT": 0.0543,
  "KERNELUSDT": 0.06696,
  "ANKRUSDT": 0.004602,
  "BANANAUSDT": 4.641,
  "HYPERUSDT": 0.1028,