{
  "BTCUSDT": 69720.7,
  "ETHUSDT": 2083.54,
  "SOLUSDT": 88.03,
  "XRPUSDT": 1.4837,
  "BNBUSDT": 632.18,
  "BCHUSDT": 564.36,
  "DOGEUSDT": 0.10687,
  "HYPEUSDT": 31.064,
  "PAXGUSDT": 5027.89,
  "XAGUSDT": 77.45,
  "ZECUSDT": 290.88,
  "XAUUSDT": 5036.94,
  "SUIUSDT": 1.0229,
  "TRXUSDT": 0.28316,
  "ASTERUSDT": 0.7313,
  "1000PEPEUSDT": 0.0045813,
  "LINKUSDT": 9.1,
  "ADAUSDT": 0.2918,
  "LTCUSDT": 56.01,
  "PIPPINUSDT": 0.72342,
  "AVAXUSDT": 9.499,
  "UNIUSDT": 3.681,
  "PUMPUSDT": 0.002304,
  "ENAUSDT": 0.1283,
  "WLFIUSDT": 0.1086,
  "AAVEUSDT": 129.69,
  "NEARUSDT": 1.079,
  "LITUSDT": 1.667,
  "WLDUSDT": 0.4291,
  "TRUMPUSDT": 3.596,
  "KITEUSDT": 0.18967,
  "FILUSDT": 1.018,
  "XPLUSDT": 0.1016,
  "TAOUSDT": 192.88,
  "ARCUSDT": 0.07764,
  "HUSDT": 0.2086,
  "ZROUSDT": 1.884,
  "DOTUSDT": 1.411,
  "1000SHIBUSDT": 0.006869,
  "TONUSDT": 1.5043,
  "HBARUSDT": 0.10363,
  "APTUSDT": 0.9876,
  "RIVERUSDT": 14.083,
  "BERAUSDT": 0.6926,
  "ATOMUSDT": 2.18,
  "XLMUSDT": 0.17465,
  "AXSUSDT": 1.483,
  "MONUSDT": 0.02401,
  "ARBUSDT": 0.1204,
  "XMRUSDT": 355.08,
  "ICPUSDT": 2.535,
  "WIFUSDT": 0.2491,
  "FARTCOINUSDT": 0.2138,
  "DASHUSDT": 39.15,
  "PENGUUSDT": 0.007817,
  "CRVUSDT": 0.265,
  "1000BONKUSDT": 0.007109,
  "FETUSDT": 0.1792,
  "IPUSDT": 1.171,
  "FFUSDT": 0.08087,
  "ETCUSDT": 8.924,
  "\u5e01\u5b89\u4eba\u751fUSDT": 0.1099,
  "BARDUSDT": 0.8177,
  "POLUSDT": 0.11198,
  "OPUSDT": 0.1973,
  "CHZUSDT": 0.04368,
  "VIRTUALUSDT": 0.6826,
  "PARTIUSDT": 0.10777,
  "BTRUSDT": 0.21806,
  "TIAUSDT": 0.3599,
  "SENTUSDT": 0.02295,
  "ONDOUSDT": 0.2893,
  "BTCDOMUSDT": 5028.5,
  "JUPUSDT": 0.1642,
  "ZKUSDT": 0.02332,
  "SEIUSDT": 0.0781,
  "ZAMAUSDT": 0.02058,
  "ETHFIUSDT": 0.4946,
  "SPACEUSDT": 0.012304,
  "0GUSDT": 0.6289,
  "BANUSDT": 0.0936,
  "PENDLEUSDT": 1.3064,
  "CCUSDT": 0.16629,
  "LDOUSDT": 0.3596,
  "ALCHUSDT": 0.08717,
  "INJUSDT": 3.285,
  "ZENUSDT": 6.495,
  "UBUSDT": 0.04721,
  "RENDERUSDT": 1.515,
  "KAITOUSDT": 0.3327,
  "SKYUSDT": 0.06865,
  "OMUSDT": 0.0608,
  "BANANAS31USDT": 0.004957,
  "ATUSDT": 0.15942,
  "1000RATSUSDT": 0.04961,
  "ENSOUSDT": 1.156,
  "STABLEUSDT": 0.023505,
  "OGUSDT": 5.03,
  "SANDUSDT": 0.09202,
  "\u6211\u8e0f\u9a6c\u6765\u4e86USDT": 0.02618,
  "CYSUSDT": 0.4891,
  "PYTHUSDT": 0.06094,
  "GIGGLEUSDT": 33.82,
  "POWERUSDT": 0.27386,
  "NIGHTUSDT": 0.05876,
  "STRKUSDT": 0.05179,
  "HANAUSDT": 0.03813,
  "ROSEUSDT": 0.01338,
  "DUSKUSDT": 0.11165,
  "QUSDT": 0.020567,
  "AWEUSDT": 0.0911,
  "MSTRUSDT": 134.8,
  "COMPUSDT": 20.35,
  "HOMEUSDT": 0.02769,
  "SKYAIUSDT": 0.03931,
  "CAKEUSDT": 1.3449,
  "TRADOORUSDT": 1.389,
  "METUSDT": 0.2287,
  "ALGOUSDT": 0.0999,
  "USDCUSDT": 0.999848,
  "GPSUSDT": 0.011593,
  "PIEVERSEUSDT": 0.4199,
  "MYXUSDT": 2.302,
  "AVNTUSDT": 0.2141,
  "GALAUSDT": 0.00431,
  "LYNUSDT": 0.22362,
  "ZILUSDT": 0.00454,
  "ENSUSDT": 6.877,
  "LINEAUSDT": 0.003982,
  "MORPHOUSDT": 1.379,
  "SIRENUSDT": 0.15855,
  "AUCTIONUSDT": 5.465,
  "MUSDT": 1.3543,
  "GUNUSDT": 0.02486,
  "BUSDT": 0.1485,
  "B2USDT": 0.7168,
  "ESPUSDT": 0.06063,
  "EIGENUSDT": 0.2173,
  "SUSDT": 0.0491,
  "VETUSDT": 0.00869,
  "MEUSDT": 0.1541,
  "XPINUSDT": 0.001681,
  "BIRBUSDT": 0.2057,
  "BEAMXUSDT": 0.002502,
  "XTZUSDT": 0.423,
  "AEROUSDT": 0.3279,
  "DYDXUSDT": 0.113,
  "TAKEUSDT": 0.04468,
  "BIOUSDT": 0.02598,
  "LAUSDT": 0.2232,
  "SYRUPUSDT": 0.28647,
  "VVVUSDT": 2.922,
  "ZKPUSDT": 0.09607,
  "HUMAUSDT": 0.013502,
  "PNUTUSDT": 0.05419,
  "MOODENGUSDT": 0.06025,
  "FORMUSDT": 0.2272,
  "COLLECTUSDT": 0.07015,
  "MOVEUSDT": 0.02415,
  "BEATUSDT": 0.2822,
  "NEOUSDT": 2.946,
  "TSLAUSDT": 417.79,
  "1000LUNCUSDT": 0.03443,
  "LPTUSDT": 2.498,
  "RESOLVUSDT": 0.06262,
  "ORDIUSDT": 2.96,
  "BULLAUSDT": 0.02422,
  "JELLYJELLYUSDT": 0.05734,
  "AIAUSDT": 0.12863,
  "RAVEUSDT": 0.37196,
  "COWUSDT": 0.2243,
  "LRCUSDT": 0.03439,
  "NXPCUSDT": 0.2899,
  "SOMIUSDT": 0.1991,
  "COAIUSDT": 0.4289,
  "FOGOUSDT": 0.02309,
  "GUAUSDT": 0.14224,
  "1000FLOKIUSDT": 0.03439,
  "STXUSDT": 0.2762,
  "ESPORTSUSDT": 0.35007,
  "ATHUSDT": 0.006576,
  "STGUSDT": 0.1634,
  "JTOUSDT": 0.2816,
  "MERLUSDT": 0.05942,
  "FHEUSDT": 0.0413,
  "TRIAUSDT": 0.02102,
  "SPXUSDT": 0.36,
  "ALLOUSDT": 0.08417,
  "CLOUSDT": 0.08326,
  "VANAUSDT": 1.633,
  "PLUMEUSDT": 0.01173,
  "TRBUSDT": 16.607,
  "XNYUSDT": 0.006406,
  "WCTUSDT": 0.06722,
  "BANKUSDT": 0.04143,
  "ARUSDT": 2.133,
  "API3USDT": 0.3252,
  "EDUUSDT": 0.1311,
  "NMRUSDT": 8.793,
  "2ZUSDT": 0.08188,
  "JASMYUSDT": 0.006282,
  "CFXUSDT": 0.05691,
  "WUSDT": 0.02185,
  "QNTUSDT": 75.02,
  "XVGUSDT": 0.006502,
  "FLOWUSDT": 0.04508,
  "MANAUSDT": 0.1072,
  "EULUSDT": 1.031,
  "4USDT": 0.01083,
  "GWEIUSDT": 0.027646,
  "MUBARAKUSDT": 0.0192,
  "LIGHTUSDT": 0.254,
  "AZTECUSDT": 0.0232,
  "ZKCUSDT": 0.1016,
  "IRYSUSDT": 0.04392,
  "UAIUSDT": 0.2464,
  "APEUSDT": 0.135,
  "BREVUSDT": 0.1509,
  "KAIAUSDT": 0.059,
  "GRTUSDT": 0.029,
  "ACTUSDT": 0.01567,
  "TAGUSDT": 0.0003786,
  "TAUSDT": 0.03649,
  "NEIROUSDT": 8.27e-05,
  "THETAUSDT": 0.2228,
  "IOTAUSDT": 0.0725,
  "IMXUSDT": 0.1743,
  "1INCHUSDT": 0.1002,
  "TNSRUSDT": 0.05596,
  "MMTUSDT": 0.1394,
  "ZORAUSDT": 0.02202,
  "SFPUSDT": 0.2726,
  "JSTUSDT": 0.041517,
  "C98USDT": 0.0323,
  "SPKUSDT": 0.02272,
  "BOMEUSDT": 0.0004515,
  "TSTUSDT": 0.01224,
  "ZRXUSDT": 0.1151,
  "EGLDUSDT": 5.278,
  "AGTUSDT": 0.004923,
  "RUNEUSDT": 0.4246,
  "SKRUSDT": 0.02405,
  "FRAXUSDT": 0.6553,
  "AXLUSDT": 0.06364,
  "GRASSUSDT": 0.2145,
  "POPCATUSDT": 0.06083,
  "BSVUSDT": 17.38,
  "ANIMEUSDT": 0.005834,
  "FOLKSUSDT": 1.44,
  "SNXUSDT": 0.311,
  "YFIUSDT": 2858.0,
  "PROVEUSDT": 0.3366,
  "FUSDT": 0.00646,
  "NOMUSDT": 0.005663,
  "MANTAUSDT": 0.08065,
  "MEGAUSDT": 0.12984,
  "PTBUSDT": 0.001388,
  "PEOPLEUSDT": 0.00743,
  "ARKMUSDT": 0.1273,
  "FIGHTUSDT": 0.006741,
  "TWTUSDT": 0.5286,
  "MINAUSDT": 0.06929,
  "NILUSDT": 0.0561,
  "NAORISUSDT": 0.03327,
  "AUSDT": 0.0899,
  "TURBOUSDT": 0.001203,
  "KASUSDT": 0.03356,
  "ACHUSDT": 0.00815,
  "YBUSDT": 0.1864,
  "TUTUSDT": 0.01231,
  "GASUSDT": 1.722,
  "BLUAIUSDT": 0.006072,
  "GMTUSDT": 0.01324,
  "KGENUSDT": 0.17868,
  "SIGNUSDT": 0.02901,
  "BATUSDT": 0.1353,
  "SOPHUSDT": 0.010147,
  "AVAAIUSDT": 0.00815,
  "SAHARAUSDT": 0.01678,
  "CYBERUSDT": 0.5963,
  "ICNTUSDT": 0.4363,
  "SWARMSUSDT": 0.00802,
  "BASUSDT": 0.006518,
  "MAGICUSDT": 0.071,
  "DEEPUSDT": 0.02943,
  "OPENUSDT": 0.175,
  "MEMEUSDT": 0.0007704,
  "LAYERUSDT": 0.0949,
  "SONICUSDT": 0.05026,
  "TRUTHUSDT": 0.015427,
  "CATIUSDT": 0.0429,
  "ZBTUSDT": 0.07429,
  "SOONUSDT": 0.192,
  "BABYUSDT": 0.01408,
  "BROCCOLI714USDT": 0.01585,
  "AKEUSDT": 0.0003038,
  "BLURUSDT": 0.02227,
  "SANTOSUSDT": 1.919,
  "IOUSDT": 0.1133,
  "LUNA2USDT": 0.06577,
  "YGGUSDT": 0.04358,
  "SUPERUSDT": 0.1328,
  "SUSHIUSDT": 0.2194,
  "CELOUSDT": 0.089,
  "AIXBTUSDT": 0.02294,
  "ONTUSDT": 0.048,
  "AIOUSDT": 0.07967,
  "THEUSDT": 0.2763,
  "ONUSDT": 0.10272,
  "TOSHIUSDT": 0.0002472,
  "ALTUSDT": 0.00909,
  "SOLVUSDT": 0.00509,
  "INUSDT": 0.06734,
  "SYNUSDT": 0.04977,
  "CTSIUSDT": 0.0281,
  "SUNUSDT": 0.017469,
  "GLMUSDT": 0.1983,
  "STOUSDT": 0.05691,
  "IDOLUSDT": 0.02029,
  "VELODROMEUSDT": 0.01514,
  "ZEREBROUSDT": 0.00876,
  "XPTUSDT": 2069.23,
  "DYMUSDT": 0.04724,
  "MASKUSDT": 0.4844,
  "IDUSDT": 0.05572,
  "WALUSDT": 0.0884,
  "HYPERUSDT": 0.1078,
  "ASRUSDT": 1.446,
  "INITUSDT": 0.07079,
  "FUNUSDT": 0.001389,
  "SKLUSDT": 0.0071,
  "QTUMUSDT": 1.027,
  "RAREUSDT": 0.02045,
  "KERNELUSDT": 0.06865,
  "MELANIAUSDT": 0.1239,
  "ANKRUSDT": 0.004812,
  "ERAUSDT": 0.166,
  "STBLUSDT": 0.04138,
  "CVXUSDT": 2.007,
  "USELESSUSDT": 0.0385,
  "RSRUSDT": 0.001667,
  "BANANAUSDT": 4.886,
  "GUSDT": 0.004169,
  "AINUSDT": 0.03565,
  "NOTUSDT": 0.0004277,
  "KAVAUSDT": 0.0579,
  "EDENUSDT": 0.03466,
  "ORCAUSDT": 0.822,
  "DEXEUSDT": 2.373,
  "HEMIUSDT": 0.01038,
  "VELVETUSDT": 0.07928,
  "KMNOUSDT": 0.03055,
  "LISTAUSDT": 0.096,
  "ARPAUSDT": 0.01046,
  "SAPIENUSDT": 0.09369,
  "APRUSDT": 0.10843,