{
  "BTCUSDT": 66022.1,
  "ETHUSDT": 1918.57,
  "SOLUSDT": 79.89,
  "XRPUSDT": 1.3911,
  "BNBUSDT": 599.62,
  "BCHUSDT": 542.12,
  "DOGEUSDT": 0.09684,
  "HYPEUSDT": 28.107,
  "XAGUSDT": 78.17,
  "WLFIUSDT": 0.1162,
  "PAXGUSDT": 4999.49,
  "ZECUSDT": 256.96,
  "XAUUSDT": 4996.61,
  "TRXUSDT": 0.27935,
  "SUIUSDT": 0.9,
  "ASTERUSDT": 0.6907,
  "LINKUSDT": 8.42,
  "1000PEPEUSDT": 0.0041843,
  "ADAUSDT": 0.2698,
  "LTCUSDT": 51.86,
  "AVAXUSDT": 8.7,
  "UNIUSDT": 3.313,
  "PUMPUSDT": 0.001989,
  "ENAUSDT": 0.1103,
  "KITEUSDT": 0.23028,
  "NEARUSDT": 0.994,
  "PIPPINUSDT": 0.49096,
  "AAVEUSDT": 120.17,
  "LITUSDT": 1.481,
  "WLDUSDT": 0.3695,
  "TRUMPUSDT": 3.38,
  "ARCUSDT": 0.07633,
  "FILUSDT": 0.905,
  "TAOUSDT": 176.21,
  "XPLUSDT": 0.0892,
  "DOTUSDT": 1.276,
  "ATOMUSDT": 2.297,
  "APTUSDT": 0.8548,
  "TONUSDT": 1.3719,
  "ZROUSDT": 1.3994,
  "1000SHIBUSDT": 0.006141,
  "HBARUSDT": 0.09608,
  "BERAUSDT": 0.5674,
  "XLMUSDT": 0.15768,
  "ARBUSDT": 0.1016,
  "RIVERUSDT": 8.234,
  "AXSUSDT": 1.21,
  "HUSDT": 0.1611,
  "ICPUSDT": 2.168,
  "OPUSDT": 0.14,
  "XMRUSDT": 327.9,
  "MONUSDT": 0.02016,
  "WIFUSDT": 0.2162,
  "FFUSDT": 0.07799,
  "FETUSDT": 0.1597,
  "CRVUSDT": 0.235,
  "PENGUUSDT": 0.006545,
  "BARDUSDT": 0.7604,
  "FARTCOINUSDT": 0.18,
  "ETCUSDT": 8.211,
  "IPUSDT": 1.062,
  "POWERUSDT": 0.37462,
  "1000BONKUSDT": 0.006077,
  "PARTIUSDT": 0.10272,
  "CHZUSDT": 0.03807,
  "BANUSDT": 0.12032,
  "DASHUSDT": 34.1,
  "INJUSDT": 3.166,
  "POLUSDT": 0.10444,
  "BTCDOMUSDT": 5115.5,
  "\u5e01\u5b89\u4eba\u751fUSDT": 0.08716,
  "SENTUSDT": 0.0208,
  "TIAUSDT": 0.3165,
  "ORCAUSDT": 1.284,
  "ONDOUSDT": 0.2568,
  "ETHFIUSDT": 0.4557,
  "SEIUSDT": 0.0706,
  "VIRTUALUSDT": 0.597,
  "ZAMAUSDT": 0.02069,
  "ZKUSDT": 0.01963,
  "JUPUSDT": 0.1526,
  "ENSOUSDT": 1.3257,
  "0GUSDT": 0.5941,
  "STABLEUSDT": 0.029188,
  "ESPUSDT": 0.07637,
  "LYNUSDT": 0.27493,
  "ALCHUSDT": 0.08198,
  "VVVUSDT": 3.714,
  "OMUSDT": 0.06425,
  "CCUSDT": 0.15968,
  "SIRENUSDT": 0.21664,
  "1000RATSUSDT": 0.04762,
  "KAITOUSDT": 0.2942,
  "RENDERUSDT": 1.372,
  "PENDLEUSDT": 1.1527,
  "BTRUSDT": 0.18121,
  "LDOUSDT": 0.3177,
  "NIGHTUSDT": 0.05958,
  "JTOUSDT": 0.2812,
  "QUSDT": 0.020366,
  "ATUSDT": 0.15937,
  "UBUSDT": 0.03972,
  "DUSKUSDT": 0.085,
  "HOMEUSDT": 0.026865,
  "HANAUSDT": 0.03661,
  "CYSUSDT": 0.4631,
  "ZENUSDT": 5.674,
  "GPSUSDT": 0.01366,
  "SANDUSDT": 0.07989,
  "GUNUSDT": 0.02861,
  "TRADOORUSDT": 1.458,
  "BANANAS31USDT": 0.004301,
  "RAVEUSDT": 0.4422,
  "STRKUSDT": 0.04454,
  "SKYAIUSDT": 0.03613,
  "\u6211\u8e0f\u9a6c\u6765\u4e86USDT": 0.016592,
  "AWEUSDT": 0.0699,
  "MYXUSDT": 0.83,
  "SKYUSDT": 0.06248,
  "CAKEUSDT": 1.2565,
  "MUSDT": 1.3532,
  "ALGOUSDT": 0.0888,
  "SPACEUSDT": 0.011002,
  "GIGGLEUSDT": 28.71,
  "PIEVERSEUSDT": 0.3964,
  "USDCUSDT": 0.999899,
  "APEUSDT": 0.109,
  "GALAUSDT": 0.00377,
  "XPINUSDT": 0.001918,
  "JELLYJELLYUSDT": 0.07074,
  "ZILUSDT": 0.00392,
  "ROSEUSDT": 0.01256,
  "PYTHUSDT": 0.05188,
  "B2USDT": 0.7041,
  "INITUSDT": 0.0971,
  "MSTRUSDT": 124.21,
  "METUSDT": 0.209,
  "MORPHOUSDT": 1.3739,
  "HUMAUSDT": 0.013147,
  "AVNTUSDT": 0.1765,
  "ALLOUSDT": 0.10192,
  "NAORISUSDT": 0.04292,
  "BEAMXUSDT": 0.002211,
  "CYBERUSDT": 0.5672,
  "COMPUSDT": 17.76,
  "BUSDT": 0.1329,
  "MOVEUSDT": 0.02263,
  "EIGENUSDT": 0.1903,
  "SYRUPUSDT": 0.22589,
  "ZKPUSDT": 0.09048,
  "1000LUNCUSDT": 0.03442,
  "XTZUSDT": 0.375,
  "AEROUSDT": 0.311,
  "MEUSDT": 0.1227,
  "TSLAUSDT": 408.08,
  "COLLECTUSDT": 0.06196,
  "BULLAUSDT": 0.02585,
  "GUAUSDT": 0.14813,
  "LAUSDT": 0.1937,
  "AUCTIONUSDT": 4.843,
  "VETUSDT": 0.007648,
  "ENSUSDT": 6.32,
  "FORMUSDT": 0.2093,
  "BIOUSDT": 0.0224,
  "ESPORTSUSDT": 0.35024,
  "NEOUSDT": 2.648,
  "DYDXUSDT": 0.098,
  "ORDIUSDT": 2.575,
  "NXPCUSDT": 0.2544,
  "FOGOUSDT": 0.02427,
  "LINEAUSDT": 0.003294,
  "PNUTUSDT": 0.04669,
  "SUSDT": 0.04222,
  "OGUSDT": 3.349,
  "BEATUSDT": 0.2416,
  "SNXUSDT": 0.312,
  "1000FLOKIUSDT": 0.02961,
  "PLUMEUSDT": 0.00996,
  "RESOLVUSDT": 0.05915,
  "STXUSDT": 0.2449,
  "CLOUSDT": 0.08573,
  "FHEUSDT": 0.03935,
  "SOMIUSDT": 0.1933,
  "LIGHTUSDT": 0.2547,
  "EDUUSDT": 0.1262,
  "MERLUSDT": 0.05266,
  "LRCUSDT": 0.03141,
  "LPTUSDT": 2.271,
  "SPXUSDT": 0.323,
  "BIRBUSDT": 0.16767,
  "AZTECUSDT": 0.01925,
  "TRIAUSDT": 0.01575,
  "RPLUSDT": 2.257,
  "STGUSDT": 0.1211,
  "BANKUSDT": 0.04151,
  "VANAUSDT": 1.363,
  "TRBUSDT": 14.704,
  "ATHUSDT": 0.005436,
  "WUSDT": 0.01907,
  "MANAUSDT": 0.0942,
  "NMRUSDT": 8.163,
  "2ZUSDT": 0.06993,
  "GWEIUSDT": 0.026389,
  "MOODENGUSDT": 0.05472,
  "WCTUSDT": 0.05772,
  "ZORAUSDT": 0.02068,
  "LUNA2USDT": 0.06369,
  "JASMYUSDT": 0.005611,
  "IRUSDT": 0.09477,
  "TAGUSDT": 0.0003882,
  "CFXUSDT": 0.05026,
  "UAIUSDT": 0.2331,
  "ARUSDT": 1.877,
  "COAIUSDT": 0.3198,
  "EULUSDT": 0.882,
  "MMTUSDT": 0.1234,
  "API3USDT": 0.2918,
  "AIAUSDT": 0.1024,
  "FLOWUSDT": 0.03521,
  "TAUSDT": 0.03571,
  "SPKUSDT": 0.02021,
  "4USDT": 0.00875,
  "GRTUSDT": 0.02616,
  "1INCHUSDT": 0.0902,
  "SFPUSDT": 0.2616,
  "IMXUSDT": 0.1556,
  "XNYUSDT": 0.005079,
  "USELESSUSDT": 0.03761,
  "QNTUSDT": 65.35,
  "JSTUSDT": 0.041513,
  "ZRXUSDT": 0.1028,
  "PTBUSDT": 0.001354,
  "IOTAUSDT": 0.0671,
  "YFIUSDT": 2747.0,
  "THETAUSDT": 0.1907,
  "ARKMUSDT": 0.1075,
  "KAIAUSDT": 0.05427,
  "NEIROUSDT": 7.13e-05,
  "MEGAUSDT": 0.12974,
  "EGLDUSDT": 4.364,
  "AXLUSDT": 0.05461,
  "AGTUSDT": 0.004317,
  "FOLKSUSDT": 1.342,
  "KGENUSDT": 0.17528,
  "BREVUSDT": 0.1238,
  "ANIMEUSDT": 0.004967,
  "RUNEUSDT": 0.3921,
  "BOMEUSDT": 0.0004054,
  "NILUSDT": 0.05315,
  "BLUAIUSDT": 0.005187,
  "SKRUSDT": 0.018317,
  "GASUSDT": 1.561,
  "MANTAUSDT": 0.0714,
  "TAKEUSDT": 0.02485,
  "COWUSDT": 0.1849,
  "TWTUSDT": 0.5144,
  "MAGICUSDT": 0.06738,
  "MUBARAKUSDT": 0.01616,
  "PEOPLEUSDT": 0.00665,
  "ZKCUSDT": 0.0875,
  "SAHARAUSDT": 0.01471,
  "TSTUSDT": 0.01026,
  "KASUSDT": 0.02994,
  "TUTUSDT": 0.01095,
  "NOMUSDT": 0.005016,
  "FUSDT": 0.005804,
  "AVAAIUSDT": 0.00751,
  "TNSRUSDT": 0.04876,
  "PROVEUSDT": 0.3049,
  "SANTOSUSDT": 1.924,
  "BSVUSDT": 15.94,
  "AUSDT": 0.0793,
  "XPTUSDT": 2067.24,
  "ACTUSDT": 0.01438,
  "MINAUSDT": 0.06131,
  "IOUSDT": 0.1062,
  "BATUSDT": 0.1192,
  "SIGNUSDT": 0.02519,
  "GRASSUSDT": 0.182,
  "SOPHUSDT": 0.009149,
  "TURBOUSDT": 0.0010107,
  "SWARMSUSDT": 0.00701,
  "FIGHTUSDT": 0.006096,
  "GMTUSDT": 0.01161,
  "OPENUSDT": 0.1477,
  "AIOUSDT": 0.07554,
  "SONICUSDT": 0.05163,
  "PROMUSDT": 1.387,
  "VELVETUSDT": 0.07834,
  "BABYUSDT": 0.01335,
  "IDOLUSDT": 0.0212,
  "SUPERUSDT": 0.1213,
  "YBUSDT": 0.1573,
  "CVXUSDT": 1.931,
  "CATIUSDT": 0.03914,
  "POPCATUSDT": 0.04928,
  "RAYSOLUSDT": 0.6108,
  "BASUSDT": 0.006512,
  "ZBTUSDT": 0.06742,
  "C98USDT": 0.027,
  "XVGUSDT": 0.005843,
  "SUSHIUSDT": 0.1971,
  "ONTUSDT": 0.0436,
  "ICNTUSDT": 0.3822,
  "RECALLUSDT": 0.05586,
  "SUNUSDT": 0.017013,
  "ACHUSDT": 0.007171,
  "BLURUSDT": 0.01976,
  "AKEUSDT": 0.00025,
  "LAYERUSDT": 0.0814,
  "MASKUSDT": 0.437,
  "VELODROMEUSDT": 0.01377,
  "SOLVUSDT": 0.00441,
  "YGGUSDT": 0.03819,
  "FRAXUSDT": 0.6577,
  "TRUTHUSDT": 0.010083,
  "ALTUSDT": 0.00785,
  "CELOUSDT": 0.075,
  "MEMEUSDT": 0.0006574,
  "ASRUSDT": 1.408,
  "GLMUSDT": 0.17111,
  "IRYSUSDT": 0.02393,
  "RAREUSDT": 0.01885,
  "CTSIUSDT": 0.0248,
  "SOONUSDT": 0.1597,
  "UMAUSDT": 0.4682,
  "LSKUSDT": 0.1493,
  "STOUSDT": 0.05236,
  "THEUSDT": 0.2601,
  "ZEREBROUSDT": 0.00759,
  "DEXEUSDT": 2.183,
  "ERAUSDT": 0.1525,
  "STORJUSDT": 0.0945,
  "KMNOUSDT": 0.02656,
  "AIXBTUSDT": 0.01949,
  "ARIAUSDT": 0.07467,
  "MELANIAUSDT": 0.1131,
  "EDENUSDT": 0.03181,
  "ANKRUSDT": 0.004309,
  "IDUSDT": 0.04752,
  "STBLUSDT": 0.03822,
  "QTUMUSDT": 0.914,
  "DRIFTUSDT": 0.0819,
  "RSRUSDT": 0.001442,
  "DEGOUSDT": 0.3342,
  "KSMUSDT": 4.507,
  "WALUSDT": 0.0773,
  "GMXUSDT": 6.246,
  "ONUSDT": 0.09366,
  "POLYXUSDT": 0.04262,
  "INUSDT": 0.05894,
  "KERNELUSDT": 0.06178,
  "AINUSDT": 0.03335,
  "HYPERUSDT": 0.0954,
  "PLAYUSDT": 0.0188,
  "KAVAUSDT": 0.0501,
  "SKLUSDT": 0.00653,