{
  "BTCUSDT": 67146.9,
  "ETHUSDT": 1945.66,
  "SOLUSDT": 83.18,
  "XRPUSDT": 1.4009,
  "BNBUSDT": 608.77,
  "BCHUSDT": 546.55,
  "DOGEUSDT": 0.09797,
  "HYPEUSDT": 29.319,
  "XAGUSDT": 80.64,
  "WLFIUSDT": 0.1165,
  "PAXGUSDT": 5039.76,
  "ZECUSDT": 257.41,
  "XAUUSDT": 5033.81,
  "TRXUSDT": 0.2849,
  "SUIUSDT": 0.9421,
  "ASTERUSDT": 0.6993,
  "LINKUSDT": 8.594,
  "AVAXUSDT": 9.098,
  "LTCUSDT": 53.53,
  "1000PEPEUSDT": 0.0041538,
  "ADAUSDT": 0.276,
  "UNIUSDT": 3.391,
  "PUMPUSDT": 0.002101,
  "KITEUSDT": 0.2772,
  "ENAUSDT": 0.1092,
  "NEARUSDT": 1.026,
  "AAVEUSDT": 123.26,
  "PIPPINUSDT": 0.49934,
  "TRUMPUSDT": 3.603,
  "LITUSDT": 1.462,
  "WLDUSDT": 0.3786,
  "FILUSDT": 0.914,
  "TAOUSDT": 177.61,
  "XPLUSDT": 0.0934,
  "DOTUSDT": 1.298,
  "ARCUSDT": 0.07353,
  "ATOMUSDT": 2.364,
  "ZROUSDT": 1.4957,
  "APTUSDT": 0.864,
  "TONUSDT": 1.3406,
  "1000SHIBUSDT": 0.006275,
  "HBARUSDT": 0.09839,
  "XLMUSDT": 0.15983,
  "OPUSDT": 0.1261,
  "ARBUSDT": 0.0938,
  "ENSOUSDT": 1.8706,
  "BERAUSDT": 0.5852,
  "AXSUSDT": 1.274,
  "RIVERUSDT": 7.74,
  "HUSDT": 0.16403,
  "ICPUSDT": 2.145,
  "XMRUSDT": 331.44,
  "MONUSDT": 0.02048,
  "FETUSDT": 0.1636,
  "WIFUSDT": 0.217,
  "FFUSDT": 0.07937,
  "CRVUSDT": 0.24,
  "AZTECUSDT": 0.03196,
  "ETCUSDT": 8.305,
  "BANUSDT": 0.13681,
  "BARDUSDT": 0.757,
  "PENGUUSDT": 0.006703,
  "FARTCOINUSDT": 0.1822,
  "1000BONKUSDT": 0.00618,
  "IPUSDT": 1.089,
  "\u5e01\u5b89\u4eba\u751fUSDT": 0.08794,
  "VVVUSDT": 4.769,
  "PARTIUSDT": 0.10056,
  "DASHUSDT": 33.35,
  "INJUSDT": 3.277,
  "CHZUSDT": 0.03536,
  "POLUSDT": 0.10514,
  "BTCDOMUSDT": 5124.5,
  "POWERUSDT": 0.38449,
  "RAVEUSDT": 0.57859,
  "VIRTUALUSDT": 0.6354,
  "SENTUSDT": 0.02302,
  "TIAUSDT": 0.3209,
  "ONDOUSDT": 0.2613,
  "BIOUSDT": 0.031,
  "ETHFIUSDT": 0.4577,
  "SEIUSDT": 0.0698,
  "0GUSDT": 0.6651,
  "ZAMAUSDT": 0.0216,
  "ZKUSDT": 0.0198,
  "STABLEUSDT": 0.030994,
  "JUPUSDT": 0.154,
  "LYNUSDT": 0.28715,
  "MYXUSDT": 1.187,
  "ALCHUSDT": 0.08219,
  "ORCAUSDT": 1.139,
  "CCUSDT": 0.15784,
  "SIRENUSDT": 0.21943,
  "RENDERUSDT": 1.452,
  "KAITOUSDT": 0.2991,
  "PENDLEUSDT": 1.1877,
  "LDOUSDT": 0.3232,
  "HOMEUSDT": 0.028527,
  "OMUSDT": 0.0665,
  "1000RATSUSDT": 0.04554,
  "BTRUSDT": 0.18473,
  "NIGHTUSDT": 0.06058,
  "DUSKUSDT": 0.08889,
  "QUSDT": 0.020693,
  "JTOUSDT": 0.3071,
  "ZENUSDT": 5.731,
  "ATUSDT": 0.16085,
  "HANAUSDT": 0.03708,
  "SANDUSDT": 0.08243,
  "UBUSDT": 0.03991,
  "BANANAS31USDT": 0.004444,
  "SKYAIUSDT": 0.03792,
  "STRKUSDT": 0.04502,
  "ALGOUSDT": 0.0892,
  "CAKEUSDT": 1.2562,
  "TRADOORUSDT": 1.393,
  "ALLOUSDT": 0.12014,
  "GPSUSDT": 0.013124,
  "ESPUSDT": 0.06561,
  "GUNUSDT": 0.02813,
  "MUSDT": 1.3512,
  "PIEVERSEUSDT": 0.4043,
  "CYSUSDT": 0.4109,
  "USDCUSDT": 0.999849,
  "\u6211\u8e0f\u9a6c\u6765\u4e86USDT": 0.016292,
  "MORPHOUSDT": 1.513,
  "GALAUSDT": 0.00379,
  "SKYUSDT": 0.062,
  "ZILUSDT": 0.004,
  "APEUSDT": 0.108,
  "SNXUSDT": 0.368,
  "ROSEUSDT": 0.01259,
  "GIGGLEUSDT": 28.76,
  "B2USDT": 0.7106,
  "NAORISUSDT": 0.04869,
  "XPINUSDT": 0.001835,
  "PYTHUSDT": 0.05266,
  "METUSDT": 0.2099,
  "JELLYJELLYUSDT": 0.06773,
  "INITUSDT": 0.10451,
  "AVNTUSDT": 0.1876,
  "AWEUSDT": 0.05791,
  "BEAMXUSDT": 0.002249,
  "HUMAUSDT": 0.012044,
  "SYRUPUSDT": 0.2252,
  "SPACEUSDT": 0.009657,
  "BUSDT": 0.133,
  "MSTRUSDT": 130.13,
  "COMPUSDT": 18.07,
  "EIGENUSDT": 0.1934,
  "XTZUSDT": 0.384,
  "MOVEUSDT": 0.02347,
  "GUAUSDT": 0.15263,
  "AEROUSDT": 0.313,
  "TSLAUSDT": 411.95,
  "CYBERUSDT": 0.5715,
  "DYDXUSDT": 0.097,
  "MEUSDT": 0.1261,
  "AUCTIONUSDT": 5.019,
  "COLLECTUSDT": 0.05977,
  "BULLAUSDT": 0.02576,
  "ENSUSDT": 6.501,
  "ZKPUSDT": 0.09041,
  "NXPCUSDT": 0.2654,
  "VETUSDT": 0.007717,
  "FORMUSDT": 0.2089,
  "ORDIUSDT": 2.515,
  "NEOUSDT": 2.694,
  "1000LUNCUSDT": 0.03604,
  "ESPORTSUSDT": 0.34344,
  "LAUSDT": 0.2002,
  "BEATUSDT": 0.2505,
  "FOGOUSDT": 0.02501,
  "PNUTUSDT": 0.04761,
  "SOMIUSDT": 0.2063,
  "SUSDT": 0.04208,
  "LINEAUSDT": 0.003378,
  "RESOLVUSDT": 0.06523,
  "OGUSDT": 3.376,
  "1000FLOKIUSDT": 0.02989,
  "CLOUSDT": 0.0913,
  "STGUSDT": 0.1294,
  "STXUSDT": 0.2517,
  "PLUMEUSDT": 0.01008,
  "FHEUSDT": 0.04075,
  "LPTUSDT": 2.31,
  "RPLUSDT": 2.508,
  "MERLUSDT": 0.0525,
  "EULUSDT": 0.998,
  "LRCUSDT": 0.03211,
  "VANAUSDT": 1.48,
  "BIRBUSDT": 0.17733,
  "GWEIUSDT": 0.028052,
  "TRBUSDT": 14.825,
  "EDUUSDT": 0.1236,
  "ATHUSDT": 0.005498,
  "2ZUSDT": 0.07314,
  "WUSDT": 0.01975,
  "TRIAUSDT": 0.01625,
  "MANAUSDT": 0.0962,
  "SPXUSDT": 0.3224,
  "UAIUSDT": 0.2407,
  "WCTUSDT": 0.06072,
  "LIGHTUSDT": 0.2499,
  "JASMYUSDT": 0.005698,
  "BANKUSDT": 0.03824,
  "CFXUSDT": 0.05105,
  "NMRUSDT": 8.148,
  "MOODENGUSDT": 0.05456,
  "COAIUSDT": 0.3324,
  "API3USDT": 0.2995,
  "MMTUSDT": 0.1277,
  "ZORAUSDT": 0.02071,
  "ARUSDT": 1.943,
  "LUNA2USDT": 0.06394,
  "TAUSDT": 0.03759,
  "USELESSUSDT": 0.04294,
  "AIAUSDT": 0.10426,
  "GRTUSDT": 0.02632,
  "FLOWUSDT": 0.03765,
  "TAGUSDT": 0.0003703,
  "SPKUSDT": 0.0211,
  "SFPUSDT": 0.2744,
  "SKRUSDT": 0.020077,
  "IMXUSDT": 0.1603,
  "JSTUSDT": 0.042447,
  "4USDT": 0.00861,
  "IOTAUSDT": 0.0685,
  "1INCHUSDT": 0.0917,
  "ARKMUSDT": 0.1119,
  "ZRXUSDT": 0.1053,
  "FOLKSUSDT": 1.355,
  "NOMUSDT": 0.005604,
  "QNTUSDT": 65.84,
  "AXLUSDT": 0.05559,
  "THETAUSDT": 0.19,
  "PTBUSDT": 0.001322,
  "KAIAUSDT": 0.05527,
  "XNYUSDT": 0.005269,
  "YFIUSDT": 2769.0,
  "MEGAUSDT": 0.13123,
  "KGENUSDT": 0.18282,
  "ANIMEUSDT": 0.005015,
  "ZKCUSDT": 0.0917,
  "NEIROUSDT": 7.25e-05,
  "AGTUSDT": 0.004484,
  "EGLDUSDT": 4.506,
  "TAKEUSDT": 0.02389,
  "COWUSDT": 0.2012,
  "BOMEUSDT": 0.000412,
  "BREVUSDT": 0.1297,
  "SAHARAUSDT": 0.01532,
  "PEOPLEUSDT": 0.00677,
  "MAGICUSDT": 0.06877,
  "RUNEUSDT": 0.395,
  "MANTAUSDT": 0.07023,
  "BLUAIUSDT": 0.005066,
  "PROVEUSDT": 0.3057,
  "ACTUSDT": 0.01461,
  "NILUSDT": 0.05247,
  "GASUSDT": 1.573,
  "TSTUSDT": 0.01038,
  "TWTUSDT": 0.5121,
  "TNSRUSDT": 0.0502,
  "AUSDT": 0.0805,
  "AVAAIUSDT": 0.0076,
  "TUTUSDT": 0.01094,
  "IOUSDT": 0.1137,
  "FIGHTUSDT": 0.006709,
  "SANTOSUSDT": 1.93,
  "VELVETUSDT": 0.07963,
  "FUSDT": 0.005911,
  "DOLOUSDT": 0.04002,
  "MINAUSDT": 0.06235,
  "OPENUSDT": 0.1549,
  "MUBARAKUSDT": 0.01612,
  "GMTUSDT": 0.0117,
  "KASUSDT": 0.02997,
  "BSVUSDT": 15.92,
  "BATUSDT": 0.1187,
  "SUPERUSDT": 0.1189,
  "GRASSUSDT": 0.1824,
  "SOPHUSDT": 0.009327,
  "ZBTUSDT": 0.07234,
  "YBUSDT": 0.162,
  "SWARMSUSDT": 0.00696,
  "POPCATUSDT": 0.05033,
  "TURBOUSDT": 0.0010414,
  "IDOLUSDT": 0.0215,
  "AIOUSDT": 0.07484,
  "CATIUSDT": 0.0399,
  "SIGNUSDT": 0.02435,
  "BABYUSDT": 0.01318,
  "XPTUSDT": 2129.4,
  "AKEUSDT": 0.0002703,
  "SUSHIUSDT": 0.1996,
  "RAYSOLUSDT": 0.6387,
  "XVGUSDT": 0.005986,
  "DEXEUSDT": 2.337,
  "CVXUSDT": 1.939,
  "C98USDT": 0.0266,
  "EDENUSDT": 0.03559,
  "ACHUSDT": 0.007372,
  "YGGUSDT": 0.03896,
  "ICNTUSDT": 0.391,
  "LAYERUSDT": 0.0838,
  "CELOUSDT": 0.077,
  "TRUTHUSDT": 0.009464,
  "GLMUSDT": 0.16976,
  "VELODROMEUSDT": 0.01406,
  "MASKUSDT": 0.4412,
  "ONTUSDT": 0.0434,
  "BLURUSDT": 0.02024,
  "IRUSDT": 0.08812,
  "ALTUSDT": 0.00794,
  "SONICUSDT": 0.04973,
  "MELANIAUSDT": 0.1198,
  "ASRUSDT": 1.407,
  "MEMEUSDT": 0.0006722,
  "SOONUSDT": 0.1675,
  "RAREUSDT": 0.0191,
  "SOLVUSDT": 0.00444,
  "SUNUSDT": 0.016996,
  "STOUSDT": 0.05459,
  "CTSIUSDT": 0.025,
  "KERNELUSDT": 0.07043,
  "PROMUSDT": 1.319,
  "AIXBTUSDT": 0.01991,
  "THEUSDT": 0.2605,
  "UMAUSDT": 0.4624,
  "ERAUSDT": 0.156,
  "ANKRUSDT": 0.004418,
  "FRAXUSDT": 0.6585,
  "ZEREBROUSDT": 0.00786,
  "LSKUSDT": 0.1451,
  "DEGOUSDT": 0.3453,
  "GMXUSDT": 6.659,
  "IDUSDT": 0.04823,
  "IRYSUSDT": 0.02456,
  "WALUSDT": 0.0809,
  "HYPERUSDT": 0.0955,
  "KMNOUSDT": 0.02757,
  "DRIFTUSDT": 0.0857,
  "PLAYUSDT": 0.02086,
  "KAVAUSDT": 0.051,
  "KSMUSDT": 4.59,
  "AKTUSDT": 0.3247,
  "RSRUSDT": 0.001432,
  "STORJUSDT": 0.0947,
  "POLYXUSDT": 0.04346,
  "BASUSDT": 0.006244,
  "ONUSDT": 0.09376,
  "QTUMUSDT": 0.93,
  "STBLUSDT": 0.03705,
  "INUSDT": 0.06013,
  "AINUSDT": 0.03284,
  "ARPAUSDT": 0.00967,