{
  "BTCUSDT": 67976.4,
  "ETHUSDT": 1964.22,
  "SOLUSDT": 84.72,
  "XRPUSDT": 1.3526,
  "BNBUSDT": 629.77,
  "DOGEUSDT": 0.0891,
  "XAUUSDT": 5091.49,
  "PAXGUSDT": 5107.68,
  "BCHUSDT": 440.69,
  "HYPEUSDT": 31.081,
  "XAGUSDT": 82.11,
  "WLFIUSDT": 0.1035,
  "TRXUSDT": 0.28025,
  "ZECUSDT": 216.49,
  "UNIUSDT": 3.85,
  "SUIUSDT": 0.8977,
  "ASTERUSDT": 0.6934,
  "ADAUSDT": 0.2611,
  "1000PEPEUSDT": 0.0034158,
  "AVAXUSDT": 9.09,
  "LINKUSDT": 8.704,
  "LTCUSDT": 54.37,
  "NEARUSDT": 1.348,
  "PUMPUSDT": 0.001897,
  "ENAUSDT": 0.1095,
  "AAVEUSDT": 109.07,
  "DOTUSDT": 1.514,
  "WLDUSDT": 0.3889,
  "XPLUSDT": 0.1112,
  "FILUSDT": 0.993,
  "PIPPINUSDT": 0.39919,
  "1000SHIBUSDT": 0.005457,
  "LITUSDT": 1.304,
  "TRUMPUSDT": 3.384,
  "TAOUSDT": 180.65,
  "RIVERUSDT": 17.997,
  "ZROUSDT": 1.8302,
  "KITEUSDT": 0.23278,
  "TONUSDT": 1.2381,
  "APTUSDT": 0.9889,
  "HBARUSDT": 0.09633,
  "ATOMUSDT": 1.797,
  "HUSDT": 0.12453,
  "XMRUSDT": 338.66,
  "ARBUSDT": 0.1017,
  "XLMUSDT": 0.15012,
  "BERAUSDT": 0.5663,
  "CRVUSDT": 0.249,
  "ICPUSDT": 2.424,
  "WIFUSDT": 0.2002,
  "MONUSDT": 0.02039,
  "FETUSDT": 0.1469,
  "ARCUSDT": 0.03853,
  "AXSUSDT": 1.206,
  "VIRTUALUSDT": 0.7296,
  "OPUSDT": 0.1255,
  "FFUSDT": 0.07389,
  "SAHARAUSDT": 0.03075,
  "CCUSDT": 0.15714,
  "PENGUUSDT": 0.006901,
  "ETCUSDT": 8.415,
  "BARDUSDT": 1.0847,
  "VVVUSDT": 5.944,
  "POLUSDT": 0.10028,
  "BTCDOMUSDT": 5215.7,
  "SIRENUSDT": 0.40608,
  "PARTIUSDT": 0.08611,
  "FARTCOINUSDT": 0.1607,
  "CHZUSDT": 0.03664,
  "ETHFIUSDT": 0.507,
  "1000BONKUSDT": 0.0059,
  "DASHUSDT": 33.27,
  "IPUSDT": 0.838,
  "ONDOUSDT": 0.2518,
  "TIAUSDT": 0.3274,
  "BANUSDT": 0.11092,
  "SEIUSDT": 0.06719,
  "\u5e01\u5b89\u4eba\u751fUSDT": 0.06101,
  "ENSOUSDT": 1.3389,
  "SENTUSDT": 0.02075,
  "ESPUSDT": 0.12064,
  "JUPUSDT": 0.177,
  "INJUSDT": 3.006,
  "0GUSDT": 0.6095,
  "POWERUSDT": 0.21076,
  "SKYAIUSDT": 0.04977,
  "BANANAS31USDT": 0.005704,
  "FORMUSDT": 0.3275,
  "KAITOUSDT": 0.3526,
  "STABLEUSDT": 0.029345,
  "LDOUSDT": 0.3007,
  "ZAMAUSDT": 0.02027,
  "BUSDT": 0.1972,
  "RENDERUSDT": 1.332,
  "ALCHUSDT": 0.07742,
  "PENDLEUSDT": 1.2524,
  "GUAUSDT": 0.23735,
  "ZKUSDT": 0.01842,
  "PHAUSDT": 0.04092,
  "MORPHOUSDT": 1.9534,
  "JELLYJELLYUSDT": 0.08393,
  "QUSDT": 0.02487,
  "PIEVERSEUSDT": 0.5489,
  "ROBOUSDT": 0.04934,
  "1000RATSUSDT": 0.04423,
  "GWEIUSDT": 0.042313,
  "ATUSDT": 0.15655,
  "BIOUSDT": 0.02094,
  "SIGNUSDT": 0.02779,
  "HOMEUSDT": 0.028009,
  "BULLAUSDT": 0.02547,
  "LYNUSDT": 0.30519,
  "ZENUSDT": 5.463,
  "NIGHTUSDT": 0.05942,
  "CAKEUSDT": 1.3312,
  "CRCLUSDT": 99.09,
  "SANDUSDT": 0.08366,
  "ALGOUSDT": 0.0854,
  "GALAUSDT": 0.00347,
  "STRKUSDT": 0.03958,
  "BTRUSDT": 0.18915,
  "MYXUSDT": 0.317,
  "SKYUSDT": 0.07061,
  "TSLAUSDT": 392.13,
  "MUSDT": 1.3768,
  "GIGGLEUSDT": 26.62,
  "STGUSDT": 0.163,
  "USDCUSDT": 0.999456,
  "GPSUSDT": 0.009079,
  "ALLOUSDT": 0.10383,
  "MSTRUSDT": 132.65,
  "APEUSDT": 0.0991,
  "TRADOORUSDT": 1.544,
  "HANAUSDT": 0.03191,
  "EIGENUSDT": 0.1882,
  "DUSKUSDT": 0.08367,
  "AEROUSDT": 0.3412,
  "SYRUPUSDT": 0.22796,
  "OPNUSDT": 0.4733,
  "HUMAUSDT": 0.012827,
  "B2USDT": 0.7163,
  "JTOUSDT": 0.2723,
  "ATHUSDT": 0.006176,
  "XPINUSDT": 0.001374,
  "BEAMXUSDT": 0.001897,
  "AZTECUSDT": 0.02052,
  "1000LUNCUSDT": 0.04298,
  "PYTHUSDT": 0.04798,
  "ZILUSDT": 0.00407,
  "GUNUSDT": 0.02021,
  "NEOUSDT": 2.545,
  "XTZUSDT": 0.375,
  "ORDIUSDT": 2.451,
  "UBUSDT": 0.03165,
  "ROSEUSDT": 0.01184,
  "VETUSDT": 0.007038,
  "METUSDT": 0.1697,
  "AVNTUSDT": 0.1688,
  "AIXBTUSDT": 0.02903,
  "MOVEUSDT": 0.02202,
  "FOGOUSDT": 0.02333,
  "LAUSDT": 0.2091,
  "DYDXUSDT": 0.094,
  "COMPUSDT": 17.01,
  "LINEAUSDT": 0.003158,
  "NXPCUSDT": 0.269,
  "GRASSUSDT": 0.297,
  "\u6211\u8e0f\u9a6c\u6765\u4e86USDT": 0.010583,
  "ESPORTSUSDT": 0.3055,
  "BEATUSDT": 0.2529,
  "TAUSDT": 0.04642,
  "COLLECTUSDT": 0.04048,
  "SUSDT": 0.04096,
  "PNUTUSDT": 0.04498,
  "ZKPUSDT": 0.08835,
  "SKRUSDT": 0.022655,
  "ENSUSDT": 5.909,
  "ARUSDT": 1.657,
  "RAVEUSDT": 0.32854,
  "1000FLOKIUSDT": 0.02778,
  "TRBUSDT": 14.288,
  "AUCTIONUSDT": 4.662,
  "SNXUSDT": 0.305,
  "4USDT": 0.00952,
  "ORCAUSDT": 0.861,
  "AGLDUSDT": 0.2136,
  "DENTUSDT": 0.000259,
  "SPXUSDT": 0.3209,
  "LPTUSDT": 2.272,
  "JASMYUSDT": 0.005465,
  "EULUSDT": 1.135,
  "STXUSDT": 0.2549,
  "MANAUSDT": 0.096,
  "PLUMEUSDT": 0.00924,
  "MEUSDT": 0.1134,
  "WUSDT": 0.01842,
  "RESOLVUSDT": 0.06069,
  "SOMIUSDT": 0.1917,
  "TRIAUSDT": 0.01805,
  "BANKUSDT": 0.03667,
  "WETUSDT": 0.10777,
  "KAVAUSDT": 0.0529,
  "CYBERUSDT": 0.535,
  "JSTUSDT": 0.048097,
  "DEXEUSDT": 3.417,
  "AGTUSDT": 0.005503,
  "GRTUSDT": 0.02581,
  "COAIUSDT": 0.3164,
  "IMXUSDT": 0.1579,
  "IOTAUSDT": 0.0651,
  "CFXUSDT": 0.04785,
  "USELESSUSDT": 0.04107,
  "YGGUSDT": 0.03853,
  "API3USDT": 0.28,
  "WCTUSDT": 0.05869,
  "EDUUSDT": 0.1018,
  "TAGUSDT": 0.0003725,
  "INITUSDT": 0.08282,
  "AWEUSDT": 0.05045,
  "SFPUSDT": 0.2746,
  "CYSUSDT": 0.3173,
  "NMRUSDT": 7.544,
  "MERLUSDT": 0.04087,
  "LAYERUSDT": 0.0851,
  "FLOWUSDT": 0.03495,
  "QNTUSDT": 62.21,
  "2ZUSDT": 0.07228,
  "USUALUSDT": 0.01566,
  "MOODENGUSDT": 0.0481,
  "PTBUSDT": 0.001151,
  "CLOUSDT": 0.0712,
  "RUNEUSDT": 0.4068,
  "AXLUSDT": 0.05245,
  "NEIROUSDT": 6.709e-05,
  "LIGHTUSDT": 0.1841,
  "MMTUSDT": 0.116,
  "NAORISUSDT": 0.03094,
  "SPKUSDT": 0.01896,
  "EGLDUSDT": 4.146,
  "KASUSDT": 0.03013,
  "1INCHUSDT": 0.093,
  "THETAUSDT": 0.1904,
  "KGENUSDT": 0.20178,
  "BIRBUSDT": 0.14432,
  "ARKMUSDT": 0.1071,
  "AIOUSDT": 0.08445,
  "VANAUSDT": 1.42,
  "BREVUSDT": 0.1428,
  "ZRXUSDT": 0.1029,
  "SUNUSDT": 0.015822,
  "FOLKSUSDT": 1.192,
  "KNCUSDT": 0.1379,
  "IOUSDT": 0.1123,
  "MEGAUSDT": 0.13484,
  "SPACEUSDT": 0.007303,
  "PEOPLEUSDT": 0.00642,
  "MUBARAKUSDT": 0.01498,
  "AIAUSDT": 0.08688,
  "ZORAUSDT": 0.01705,
  "KAIAUSDT": 0.05376,
  "GMTUSDT": 0.01115,
  "AKEUSDT": 0.0002393,
  "YFIUSDT": 2625.0,
  "LRCUSDT": 0.0307,
  "TSTUSDT": 0.00961,
  "COWUSDT": 0.219,
  "SOPHUSDT": 0.00857,
  "POPCATUSDT": 0.04719,
  "MIRAUSDT": 0.0867,
  "PROVEUSDT": 0.2898,
  "SWARMSUSDT": 0.007194,
  "ANIMEUSDT": 0.0047,
  "AVAAIUSDT": 0.007512,
  "TWTUSDT": 0.4803,
  "NILUSDT": 0.04956,
  "VELVETUSDT": 0.08112,
  "BATUSDT": 0.1031,
  "OPENUSDT": 0.1464,
  "AUSDT": 0.0762,
  "BOMEUSDT": 0.000392,
  "TUTUSDT": 0.01078,
  "ACTUSDT": 0.01364,
  "STOUSDT": 0.05989,
  "STEEMUSDT": 0.05758,
  "OGUSDT": 2.784,
  "TURBOUSDT": 0.0009518,
  "SUSHIUSDT": 0.2021,
  "GASUSDT": 1.585,
  "LUNA2USDT": 0.06269,
  "CATIUSDT": 0.03961,
  "FIOUSDT": 0.01013,
  "VELODROMEUSDT": 0.01555,
  "MEMEUSDT": 0.0006295,
  "ALICEUSDT": 0.133,
  "MANTAUSDT": 0.06346,
  "BSVUSDT": 14.82,
  "BLUAIUSDT": 0.00428,
  "HIPPOUSDT": 0.0007247,
  "SUPERUSDT": 0.1154,
  "FHEUSDT": 0.02703,
  "SOONUSDT": 0.1611,
  "AKTUSDT": 0.3331,
  "DAMUSDT": 0.02737,
  "KSMUSDT": 4.586,
  "BABYUSDT": 0.01134,
  "TNSRUSDT": 0.04451,
  "ZBTUSDT": 0.0741,
  "MAGICUSDT": 0.06018,
  "UAIUSDT": 0.2083,
  "MINAUSDT": 0.05603,
  "XPTUSDT": 2093.25,
  "UMAUSDT": 0.4355,
  "XNYUSDT": 0.005778,
  "ALTUSDT": 0.007318,
  "KERNELUSDT": 0.07401,
  "KMNOUSDT": 0.02434,
  "IOTXUSDT": 0.00523,
  "FUSDT": 0.00547,
  "MASKUSDT": 0.4279,
  "YBUSDT": 0.1689,
  "FIGHTUSDT": 0.006061,
  "NOMUSDT": 0.003495,
  "XVGUSDT": 0.00545,
  "ASRUSDT": 1.302,
  "NEWTUSDT": 0.06851,
  "BLURUSDT": 0.0194,
  "RPLUSDT": 1.874,
  "INUSDT": 0.0661,
  "CELOUSDT": 0.076,
  "ENJUSDT": 0.0189,
  "ZEREBROUSDT": 0.007246,
  "SAPIENUSDT": 0.08131,
  "WALUSDT": 0.07768,
  "ONTUSDT": 0.0421,
  "AINUSDT": 0.03811,
  "HOLOUSDT": 0.06042,
  "ANKRUSDT": 0.004099,
  "STBLUSDT": 0.0396,
  "KOMAUSDT": 0.007829,
  "KATUSDT": 0.01753,
  "TRUTHUSDT": 0.009351,
  "SANTOSUSDT": 1.281,
  "ERAUSDT": 0.1402,
  "SKLUSDT": 0.00665,
  "1000CHEEMSUSDT": 0.0005278,
  "GLMUSDT": 0.12865,
  "1000SATSUSDT": 1.13e-05,
  "REDUSDT": 0.1428,
  "QTUMUSDT": 0.908,
  "ACHUSDT": 0.006639,
  "GMXUSDT": 7.042,
  "SONICUSDT": 0.04532,
  "ZKCUSDT": 0.082,
  "POLYXUSDT": 0.04122,
  "C98USDT": 0.0255,