{
  "BTCUSDT": 62976.9,
  "ETHUSDT": 1820.5,
  "SOLUSDT": 76.3,
  "XRPUSDT": 1.324,
  "BNBUSDT": 589.75,
  "DOGEUSDT": 0.09105,
  "XAGUSDT": 86.92,
  "BCHUSDT": 483.51,
  "XAUUSDT": 5171.51,
  "PAXGUSDT": 5186.25,
  "HYPEUSDT": 26.113,
  "WLFIUSDT": 0.1073,
  "ZECUSDT": 233.2,
  "TRXUSDT": 0.28152,
  "PIPPINUSDT": 0.74007,
  "SUIUSDT": 0.8533,
  "ASTERUSDT": 0.6894,
  "ADAUSDT": 0.2567,
  "AVAXUSDT": 8.256,
  "LINKUSDT": 8.168,
  "UNIUSDT": 3.304,
  "LTCUSDT": 50.52,
  "1000PEPEUSDT": 0.0038754,
  "PUMPUSDT": 0.001743,
  "ENAUSDT": 0.0957,
  "KITEUSDT": 0.23434,
  "NEARUSDT": 0.97,
  "ARCUSDT": 0.09423,
  "AAVEUSDT": 111.98,
  "WLDUSDT": 0.3661,
  "LITUSDT": 1.337,
  "FILUSDT": 0.876,
  "TRUMPUSDT": 3.284,
  "DOTUSDT": 1.245,
  "TAOUSDT": 166.6,
  "XPLUSDT": 0.0855,
  "ATOMUSDT": 2.079,
  "TONUSDT": 1.3313,
  "ZROUSDT": 1.5014,
  "APTUSDT": 0.8067,
  "ENSOUSDT": 1.9993,
  "HBARUSDT": 0.0932,
  "BERAUSDT": 0.5528,
  "XLMUSDT": 0.14914,
  "1000SHIBUSDT": 0.005903,
  "ARBUSDT": 0.0922,
  "ICPUSDT": 2.035,
  "AXSUSDT": 1.22,
  "RIVERUSDT": 8.297,
  "OPUSDT": 0.1176,
  "XMRUSDT": 306.14,
  "MONUSDT": 0.02,
  "WIFUSDT": 0.1976,
  "CRVUSDT": 0.218,
  "FFUSDT": 0.07588,
  "PENGUUSDT": 0.006196,
  "BARDUSDT": 0.7639,
  "FETUSDT": 0.1513,
  "ETCUSDT": 8.171,
  "BANUSDT": 0.12665,
  "1000BONKUSDT": 0.005738,
  "POLUSDT": 0.10486,
  "PARTIUSDT": 0.10041,
  "IPUSDT": 1.01,
  "SENTUSDT": 0.0229,
  "HUSDT": 0.13031,
  "FARTCOINUSDT": 0.1398,
  "BTCDOMUSDT": 5103.1,
  "INJUSDT": 3.224,
  "CHZUSDT": 0.03383,
  "ESPUSDT": 0.0965,
  "POWERUSDT": 0.50107,
  "VIRTUALUSDT": 0.5756,
  "ETHFIUSDT": 0.4389,
  "\u5e01\u5b89\u4eba\u751fUSDT": 0.05937,
  "ONDOUSDT": 0.2436,
  "DASHUSDT": 31.45,
  "TIAUSDT": 0.294,
  "SIRENUSDT": 0.30601,
  "0GUSDT": 0.6141,
  "ZAMAUSDT": 0.02263,
  "ZKUSDT": 0.01899,
  "SEIUSDT": 0.0657,
  "LYNUSDT": 0.30094,
  "BULLAUSDT": 0.03553,
  "JUPUSDT": 0.1421,
  "STABLEUSDT": 0.02805,
  "CCUSDT": 0.16088,
  "ALCHUSDT": 0.07737,
  "KAITOUSDT": 0.2869,
  "LDOUSDT": 0.2941,
  "1000RATSUSDT": 0.0464,
  "HOMEUSDT": 0.030107,
  "PENDLEUSDT": 1.1734,
  "RENDERUSDT": 1.346,
  "BANANAS31USDT": 0.004662,
  "QUSDT": 0.021048,
  "OPNUSDT": 0.6142,
  "NIGHTUSDT": 0.05741,
  "BIOUSDT": 0.02473,
  "SKYAIUSDT": 0.03875,
  "ATUSDT": 0.16122,
  "DUSKUSDT": 0.07692,
  "BTRUSDT": 0.18275,
  "ZENUSDT": 5.346,
  "STRKUSDT": 0.03978,
  "MYXUSDT": 0.562,
  "AZTECUSDT": 0.02441,
  "UBUSDT": 0.03727,
  "VVVUSDT": 3.515,
  "CAKEUSDT": 1.2047,
  "HANAUSDT": 0.03429,
  "SANDUSDT": 0.0777,
  "ALGOUSDT": 0.0829,
  "MUSDT": 1.3918,
  "MORPHOUSDT": 1.5594,
  "USDCUSDT": 0.999699,
  "PIEVERSEUSDT": 0.4055,
  "JTOUSDT": 0.2758,
  "TRADOORUSDT": 1.454,
  "GALAUSDT": 0.00342,
  "LAUSDT": 0.208,
  "GUNUSDT": 0.02746,
  "ZILUSDT": 0.00402,
  "GPSUSDT": 0.012817,
  "RAVEUSDT": 0.27218,
  "APEUSDT": 0.1009,
  "SKYUSDT": 0.06235,
  "STEEMUSDT": 0.06023,
  "B2USDT": 0.7694,
  "AGLDUSDT": 0.2854,
  "ROSEUSDT": 0.0121,
  "ORCAUSDT": 0.936,
  "ALLOUSDT": 0.09298,
  "XPINUSDT": 0.00164,
  "BUSDT": 0.1374,
  "GUAUSDT": 0.1622,
  "TSLAUSDT": 400.38,
  "\u6211\u8e0f\u9a6c\u6765\u4e86USDT": 0.011941,
  "EIGENUSDT": 0.1832,
  "GIGGLEUSDT": 24.85,
  "SNXUSDT": 0.354,
  "LPTUSDT": 2.256,
  "HUMAUSDT": 0.011859,
  "PYTHUSDT": 0.04972,
  "AWEUSDT": 0.05116,
  "BEAMXUSDT": 0.001858,
  "METUSDT": 0.1686,
  "MSTRUSDT": 122.18,
  "SYRUPUSDT": 0.20094,
  "JELLYJELLYUSDT": 0.05947,
  "VETUSDT": 0.007188,
  "AVNTUSDT": 0.1727,
  "FOGOUSDT": 0.02695,
  "ESPORTSUSDT": 0.33837,
  "ORDIUSDT": 2.313,
  "COLLECTUSDT": 0.04339,
  "NEOUSDT": 2.63,
  "XTZUSDT": 0.367,
  "ZKPUSDT": 0.08433,
  "AEROUSDT": 0.292,
  "NXPCUSDT": 0.2586,
  "DYDXUSDT": 0.088,
  "MOVEUSDT": 0.02115,
  "CYSUSDT": 0.3687,
  "FORMUSDT": 0.1872,
  "SUSDT": 0.03884,
  "CYBERUSDT": 0.5348,
  "MEUSDT": 0.1151,
  "PNUTUSDT": 0.04312,
  "RESOLVUSDT": 0.06502,
  "COMPUSDT": 17.09,
  "STGUSDT": 0.1315,
  "AUCTIONUSDT": 4.714,
  "GWEIUSDT": 0.031114,
  "ENSUSDT": 5.935,
  "STXUSDT": 0.2317,
  "SOMIUSDT": 0.1899,
  "TRIAUSDT": 0.01745,
  "1000LUNCUSDT": 0.0345,
  "1000FLOKIUSDT": 0.02758,
  "LINEAUSDT": 0.003149,
  "BEATUSDT": 0.2075,
  "YGGUSDT": 0.04092,
  "INITUSDT": 0.08301,
  "AGTUSDT": 0.00569,
  "VANAUSDT": 1.39,
  "PLUMEUSDT": 0.009,
  "WUSDT": 0.01808,
  "JASMYUSDT": 0.005614,
  "NAORISUSDT": 0.03541,
  "TRBUSDT": 13.921,
  "EDUUSDT": 0.1185,
  "CLOUSDT": 0.09016,
  "MERLUSDT": 0.04518,
  "BANKUSDT": 0.03759,
  "SPACEUSDT": 0.008693,
  "EULUSDT": 0.93,
  "NMRUSDT": 7.732,
  "SPXUSDT": 0.2699,
  "USELESSUSDT": 0.03651,
  "OGUSDT": 3.042,
  "MANAUSDT": 0.09,
  "2ZUSDT": 0.06706,
  "ARUSDT": 1.843,
  "UAIUSDT": 0.2273,
  "ATHUSDT": 0.004899,
  "TAGUSDT": 0.000383,
  "TAUSDT": 0.03816,
  "JSTUSDT": 0.044772,
  "DEXEUSDT": 2.935,
  "GRTUSDT": 0.02553,
  "WCTUSDT": 0.05678,
  "BIRBUSDT": 0.14963,
  "API3USDT": 0.2801,
  "FLOWUSDT": 0.03635,
  "CFXUSDT": 0.04786,
  "MMTUSDT": 0.1182,
  "IMXUSDT": 0.1508,
  "MOODENGUSDT": 0.05007,
  "ZRXUSDT": 0.1051,
  "1INCHUSDT": 0.0866,
  "IOTAUSDT": 0.0655,
  "COAIUSDT": 0.2994,
  "LRCUSDT": 0.03278,
  "ZORAUSDT": 0.0189,
  "QNTUSDT": 61.81,
  "COWUSDT": 0.2135,
  "SPKUSDT": 0.0199,
  "LUNA2USDT": 0.05977,
  "UMAUSDT": 0.4614,
  "IDOLUSDT": 0.02447,
  "SFPUSDT": 0.2518,
  "LIGHTUSDT": 0.2253,
  "FHEUSDT": 0.02941,
  "KAIAUSDT": 0.05176,
  "THETAUSDT": 0.1837,
  "4USDT": 0.00766,
  "ARKMUSDT": 0.1041,
  "PTBUSDT": 0.001206,
  "IOUSDT": 0.108,
  "SKRUSDT": 0.018978,
  "RPLUSDT": 1.99,
  "GASUSDT": 1.515,
  "RUNEUSDT": 0.379,
  "XPTUSDT": 2148.78,
  "AXLUSDT": 0.05012,
  "NEIROUSDT": 6.62e-05,
  "SIGNUSDT": 0.02303,
  "XNYUSDT": 0.005167,
  "YFIUSDT": 2659.0,
  "TNSRUSDT": 0.04887,
  "EGLDUSDT": 4.244,
  "AIAUSDT": 0.08496,
  "BREVUSDT": 0.1242,
  "GMTUSDT": 0.01089,
  "SAHARAUSDT": 0.01424,
  "KGENUSDT": 0.17514,
  "ANIMEUSDT": 0.004643,
  "SXTUSDT": 0.02455,
  "BLUAIUSDT": 0.005087,
  "AKEUSDT": 0.0002904,
  "BOMEUSDT": 0.0003711,
  "PROVEUSDT": 0.2722,
  "FIGHTUSDT": 0.006958,
  "TWTUSDT": 0.4963,
  "VELVETUSDT": 0.0819,
  "KASUSDT": 0.02942,
  "MINAUSDT": 0.05676,
  "MAGICUSDT": 0.06296,
  "ACTUSDT": 0.01342,
  "AIOUSDT": 0.07521,
  "TSTUSDT": 0.00945,
  "AUSDT": 0.0769,
  "PEOPLEUSDT": 0.00617,
  "FOLKSUSDT": 1.145,
  "OPENUSDT": 0.1433,
  "AVAAIUSDT": 0.00701,
  "NOMUSDT": 0.004596,
  "MEGAUSDT": 0.12532,
  "BATUSDT": 0.1138,
  "STOUSDT": 0.05787,
  "GRASSUSDT": 0.1686,
  "SUSHIUSDT": 0.1902,
  "YBUSDT": 0.1523,
  "TURBOUSDT": 0.0009533,
  "POPCATUSDT": 0.04528,
  "MANTAUSDT": 0.06294,
  "TUTUSDT": 0.0097,
  "FUSDT": 0.005475,
  "SOPHUSDT": 0.008351,
  "CATIUSDT": 0.03677,
  "ZBTUSDT": 0.06797,
  "BSVUSDT": 14.84,
  "PROMPTUSDT": 0.0472,
  "SUPERUSDT": 0.1062,
  "ZKCUSDT": 0.0817,
  "KERNELUSDT": 0.06978,
  "ARPAUSDT": 0.00974,
  "ACHUSDT": 0.007068,
  "SAPIENUSDT": 0.08865,
  "BELUSDT": 0.0996,
  "ONTUSDT": 0.041,
  "BABYUSDT": 0.01187,
  "ICNTUSDT": 0.3994,
  "TAKEUSDT": 0.02299,
  "GLMUSDT": 0.14868,
  "SWARMSUSDT": 0.00619,
  "SONICUSDT": 0.04707,
  "XVGUSDT": 0.005785,
  "LAYERUSDT": 0.0799,
  "KSMUSDT": 4.548,
  "BLURUSDT": 0.01899,
  "VELODROMEUSDT": 0.01346,
  "NILUSDT": 0.04608,
  "MASKUSDT": 0.4098,
  "ASRUSDT": 1.355,
  "TRUTHUSDT": 0.009825,
  "DAMUSDT": 0.02097,
  "C98USDT": 0.0255,
  "SOONUSDT": 0.1556,
  "SOLVUSDT": 0.00417,
  "AIXBTUSDT": 0.0181,
  "EDENUSDT": 0.03195,
  "RAYSOLUSDT": 0.5607,
  "CVXUSDT": 1.707,
  "CTSIUSDT": 0.0241,
  "FLOCKUSDT": 0.06315,
  "INUSDT": 0.06449,
  "MUBARAKUSDT": 0.01376,
  "ALTUSDT": 0.00734,
  "DRIFTUSDT": 0.0799,
  "SANTOSUSDT": 1.641,
  "RAREUSDT": 0.01799,
  "ANKRUSDT": 0.004162,
  "AINUSDT": 0.03554,
  "MEMEUSDT": 0.0006424,
  "STORJUSDT": 0.0913,
  "SUNUSDT": 0.016517,
  "THEUSDT": 0.2393,
  "CELOUSDT": 0.073,
  "ERAUSDT": 0.1415,
  "COTIUSDT": 0.0118,
  "CRCLUSDT": 60.3,
  "AKTUSDT": 0.2946,
  "DEGOUSDT": 0.3184,
  "MELANIAUSDT": 0.1069,
  "FRAXUSDT": 0.6165,
  "PROMUSDT": 1.278,
  "ARIAUSDT": 0.07286,
  "WETUSDT": 0.0789,
  "POLYXUSDT": 0.04057,
  "IDUSDT": 0.0424,
  "HYPERUSDT": 0.0892,
  "TUSDT": 0.00651,
  "KAVAUSDT": 0.0466,
  "ZEREBROUSDT": 0.00678,