{
  "BTCUSDT": 66868.8,
  "ETHUSDT": 1989.11,
  "SOLUSDT": 85.06,
  "XRPUSDT": 1.3933,
  "BNBUSDT": 618.08,
  "DOGEUSDT": 0.09644,
  "BCHUSDT": 481.98,
  "HYPEUSDT": 28.308,
  "XAGUSDT": 86.89,
  "XAUUSDT": 5181.92,
  "PAXGUSDT": 5190.6,
  "WLFIUSDT": 0.1156,
  "ADAUSDT": 0.2851,
  "ZECUSDT": 238.7,
  "TRXUSDT": 0.28492,
  "UNIUSDT": 3.756,
  "SUIUSDT": 0.9163,
  "PIPPINUSDT": 0.86402,
  "AVAXUSDT": 9.148,
  "LINKUSDT": 8.926,
  "ASTERUSDT": 0.6934,
  "LTCUSDT": 54.74,
  "1000PEPEUSDT": 0.0038205,
  "PUMPUSDT": 0.001758,
  "ENAUSDT": 0.104,
  "NEARUSDT": 1.092,
  "DOTUSDT": 1.54,
  "AAVEUSDT": 113.92,
  "KITEUSDT": 0.26622,
  "WLDUSDT": 0.3926,
  "FILUSDT": 0.99,
  "TRUMPUSDT": 3.421,
  "LITUSDT": 1.43,
  "TAOUSDT": 179.01,
  "XPLUSDT": 0.0932,
  "POWERUSDT": 1.71274,
  "TONUSDT": 1.2699,
  "1000SHIBUSDT": 0.005941,
  "ATOMUSDT": 1.827,
  "HBARUSDT": 0.09992,
  "APTUSDT": 0.9393,
  "ZROUSDT": 1.5104,
  "RIVERUSDT": 11.658,
  "BERAUSDT": 0.6045,
  "XLMUSDT": 0.15924,
  "ARBUSDT": 0.0965,
  "XMRUSDT": 338.53,
  "AXSUSDT": 1.327,
  "ICPUSDT": 2.341,
  "WIFUSDT": 0.2051,
  "ARCUSDT": 0.03459,
  "CRVUSDT": 0.246,
  "MONUSDT": 0.02081,
  "OPUSDT": 0.1177,
  "FETUSDT": 0.159,
  "PENGUUSDT": 0.006805,
  "ETCUSDT": 8.711,
  "FFUSDT": 0.0786,
  "1000BONKUSDT": 0.00602,
  "VIRTUALUSDT": 0.661,
  "FARTCOINUSDT": 0.164,
  "ESPUSDT": 0.13666,
  "POLUSDT": 0.10917,
  "ENSOUSDT": 1.5572,
  "PARTIUSDT": 0.09696,
  "ETHFIUSDT": 0.5002,
  "BTCDOMUSDT": 5044.5,
  "BANUSDT": 0.11436,
  "IPUSDT": 0.969,
  "ONDOUSDT": 0.2609,
  "TIAUSDT": 0.3307,
  "SENTUSDT": 0.0234,
  "INJUSDT": 3.124,
  "\u5e01\u5b89\u4eba\u751fUSDT": 0.06203,
  "BARDUSDT": 0.821,
  "CCUSDT": 0.16708,
  "CHZUSDT": 0.03173,
  "HUSDT": 0.09536,
  "STABLEUSDT": 0.033898,
  "DASHUSDT": 34.04,
  "0GUSDT": 0.6369,
  "SEIUSDT": 0.0693,
  "ZKUSDT": 0.0191,
  "ZAMAUSDT": 0.02444,
  "JUPUSDT": 0.1515,
  "SIRENUSDT": 0.33859,
  "KAITOUSDT": 0.3172,
  "GUAUSDT": 0.24306,
  "DENTUSDT": 0.000375,
  "ALCHUSDT": 0.08068,
  "PENDLEUSDT": 1.2793,
  "LDOUSDT": 0.3082,
  "MORPHOUSDT": 1.8171,
  "LYNUSDT": 0.33563,
  "SKYAIUSDT": 0.04392,
  "1000RATSUSDT": 0.0448,
  "BANANAS31USDT": 0.004731,
  "ATUSDT": 0.16013,
  "MYXUSDT": 0.438,
  "QUSDT": 0.021435,
  "HOMEUSDT": 0.029125,
  "RENDERUSDT": 1.41,
  "PIEVERSEUSDT": 0.5207,
  "NIGHTUSDT": 0.05923,
  "BIOUSDT": 0.02265,
  "GPSUSDT": 0.009606,
  "SANDUSDT": 0.08275,
  "CRCLUSDT": 87.08,
  "CAKEUSDT": 1.2873,
  "ZENUSDT": 5.452,
  "UBUSDT": 0.04132,
  "GUNUSDT": 0.03026,
  "DUSKUSDT": 0.09067,
  "MUSDT": 1.4132,
  "HANAUSDT": 0.0351,
  "ALLOUSDT": 0.1096,
  "BTRUSDT": 0.19296,
  "STRKUSDT": 0.04241,
  "VVVUSDT": 4.045,
  "GALAUSDT": 0.00365,
  "ALGOUSDT": 0.0875,
  "USDCUSDT": 0.999423,
  "GIGGLEUSDT": 26.03,
  "AZTECUSDT": 0.02335,
  "SKYUSDT": 0.06877,
  "APEUSDT": 0.1042,
  "BUSDT": 0.1373,
  "JTOUSDT": 0.2734,
  "OPNUSDT": 0.5399,
  "BULLAUSDT": 0.01641,
  "TRADOORUSDT": 1.444,
  "GWEIUSDT": 0.035685,
  "LAUSDT": 0.2367,
  "AEROUSDT": 0.3522,
  "METUSDT": 0.1817,
  "SYRUPUSDT": 0.23444,
  "MSTRUSDT": 130.04,
  "RAVEUSDT": 0.36358,
  "XPINUSDT": 0.001545,
  "B2USDT": 0.7442,
  "FOGOUSDT": 0.02926,
  "ZILUSDT": 0.00411,
  "TSLAUSDT": 405.14,
  "PYTHUSDT": 0.0511,
  "BEAMXUSDT": 0.001892,
  "EIGENUSDT": 0.1896,
  "ROSEUSDT": 0.01242,
  "VETUSDT": 0.007443,
  "HUMAUSDT": 0.011131,
  "ORCAUSDT": 0.891,
  "SKRUSDT": 0.020919,
  "AVNTUSDT": 0.174,
  "NEOUSDT": 2.728,
  "\u6211\u8e0f\u9a6c\u6765\u4e86USDT": 0.011571,
  "ORDIUSDT": 2.367,
  "SOMIUSDT": 0.2251,
  "COLLECTUSDT": 0.04577,
  "JELLYJELLYUSDT": 0.0621,
  "DYDXUSDT": 0.096,
  "MOVEUSDT": 0.02116,
  "LINEAUSDT": 0.003071,
  "NXPCUSDT": 0.2675,
  "ESPORTSUSDT": 0.31617,
  "COMPUSDT": 18.38,
  "ZKPUSDT": 0.08181,
  "AWEUSDT": 0.05276,
  "XTZUSDT": 0.384,
  "FORMUSDT": 0.1885,
  "SNXUSDT": 0.347,
  "CYBERUSDT": 0.5269,
  "SUSDT": 0.03997,
  "LPTUSDT": 2.3,
  "PNUTUSDT": 0.04524,
  "AXLUSDT": 0.05586,
  "AUCTIONUSDT": 4.785,
  "MEUSDT": 0.1167,
  "TRIAUSDT": 0.02048,
  "STXUSDT": 0.256,
  "ARUSDT": 1.642,
  "STGUSDT": 0.1317,
  "ENSUSDT": 6.193,
  "1000LUNCUSDT": 0.03577,
  "1000FLOKIUSDT": 0.02859,
  "BEATUSDT": 0.2145,
  "JASMYUSDT": 0.005831,
  "RESOLVUSDT": 0.06356,
  "WUSDT": 0.0188,
  "AGLDUSDT": 0.2655,
  "EULUSDT": 1.027,
  "YGGUSDT": 0.03831,
  "CYSUSDT": 0.3602,
  "TRBUSDT": 14.291,
  "CLOUSDT": 0.09104,
  "API3USDT": 0.2899,
  "STEEMUSDT": 0.06524,
  "SPXUSDT": 0.3039,
  "BANKUSDT": 0.0382,
  "UAIUSDT": 0.2498,
  "IMXUSDT": 0.1643,
  "PLUMEUSDT": 0.00904,
  "VANAUSDT": 1.432,
  "SPACEUSDT": 0.009116,
  "INITUSDT": 0.07732,
  "2ZUSDT": 0.07538,
  "JSTUSDT": 0.046942,
  "GRASSUSDT": 0.2275,
  "USELESSUSDT": 0.03909,
  "DEXEUSDT": 3.313,
  "MERLUSDT": 0.04267,
  "EDUUSDT": 0.1073,
  "TAUSDT": 0.03883,
  "ATHUSDT": 0.004966,
  "CFXUSDT": 0.04932,
  "NMRUSDT": 7.808,
  "IOTAUSDT": 0.068,
  "OGUSDT": 3.004,
  "MANAUSDT": 0.0942,
  "BIRBUSDT": 0.17063,
  "GRTUSDT": 0.02627,
  "COAIUSDT": 0.3111,
  "KASUSDT": 0.03144,
  "AKEUSDT": 0.0002946,
  "MMTUSDT": 0.1186,
  "WCTUSDT": 0.05787,
  "QNTUSDT": 63.01,
  "FLOWUSDT": 0.03564,
  "NAORISUSDT": 0.03114,
  "AGTUSDT": 0.004903,
  "MOODENGUSDT": 0.05008,
  "KERNELUSDT": 0.08777,
  "SPKUSDT": 0.02053,
  "ZRXUSDT": 0.1059,
  "SFPUSDT": 0.255,
  "TAGUSDT": 0.0003425,
  "1INCHUSDT": 0.0932,
  "WETUSDT": 0.10242,
  "LIGHTUSDT": 0.2015,
  "HOTUSDT": 0.000475,
  "LRCUSDT": 0.0331,
  "ZORAUSDT": 0.01892,
  "RUNEUSDT": 0.3993,
  "THETAUSDT": 0.1885,
  "4USDT": 0.00785,
  "COWUSDT": 0.2175,
  "BREVUSDT": 0.1387,
  "KAIAUSDT": 0.05545,
  "IOUSDT": 0.1116,
  "NEIROUSDT": 6.86e-05,
  "SIGNUSDT": 0.02326,
  "RPLUSDT": 1.935,
  "ARKMUSDT": 0.107,
  "BATUSDT": 0.1118,
  "EGLDUSDT": 4.42,
  "YFIUSDT": 2709.0,
  "KGENUSDT": 0.18404,
  "FHEUSDT": 0.02818,
  "VELVETUSDT": 0.08967,
  "PTBUSDT": 0.001158,
  "MEGAUSDT": 0.1332,
  "KSMUSDT": 5.002,
  "LUNA2USDT": 0.06196,
  "BSVUSDT": 15.91,
  "PEOPLEUSDT": 0.00651,
  "ANIMEUSDT": 0.004752,
  "AUSDT": 0.0791,
  "POPCATUSDT": 0.04761,
  "OPENUSDT": 0.1474,
  "SUSHIUSDT": 0.2027,
  "TWTUSDT": 0.4796,
  "AIAUSDT": 0.08362,
  "GASUSDT": 1.564,
  "BLUAIUSDT": 0.00498,
  "PROVEUSDT": 0.2846,
  "ACTUSDT": 0.01373,
  "SAHARAUSDT": 0.01455,
  "XPTUSDT": 2239.68,
  "YBUSDT": 0.1585,
  "HOLOUSDT": 0.05686,
  "BOMEUSDT": 0.0003825,
  "XNYUSDT": 0.005328,
  "AVAAIUSDT": 0.00744,
  "STOUSDT": 0.06044,
  "SWARMSUSDT": 0.00704,
  "AINUSDT": 0.04634,
  "FOLKSUSDT": 1.211,
  "MINAUSDT": 0.05809,
  "VELODROMEUSDT": 0.01616,
  "MAGICUSDT": 0.06146,
  "NOMUSDT": 0.003889,
  "GMTUSDT": 0.01129,
  "TSTUSDT": 0.00952,
  "TURBOUSDT": 0.0009913,
  "EDENUSDT": 0.03705,
  "FIGHTUSDT": 0.006575,
  "ZBTUSDT": 0.07089,
  "AIXBTUSDT": 0.01943,
  "AIOUSDT": 0.07551,
  "TNSRUSDT": 0.04658,
  "SOPHUSDT": 0.008853,
  "CATIUSDT": 0.03801,
  "MANTAUSDT": 0.0629,
  "ACHUSDT": 0.006974,
  "MEMEUSDT": 0.0006124,
  "BABYUSDT": 0.01209,
  "SUPERUSDT": 0.1117,
  "TUTUSDT": 0.00992,
  "TRUTHUSDT": 0.009973,
  "UMAUSDT": 0.4464,
  "BLURUSDT": 0.01992,
  "FUSDT": 0.005584,
  "NILUSDT": 0.04713,
  "SOONUSDT": 0.161,
  "STBLUSDT": 0.04031,
  "LAYERUSDT": 0.0828,
  "XVGUSDT": 0.005801,
  "SUNUSDT": 0.016145,
  "ICNTUSDT": 0.3972,
  "ASRUSDT": 1.336,
  "MASKUSDT": 0.4201,
  "MUBARAKUSDT": 0.01335,
  "TAKEUSDT": 0.01859,
  "SONICUSDT": 0.04815,
  "ALTUSDT": 0.00734,
  "SOLVUSDT": 0.00415,
  "RAREUSDT": 0.01815,
  "SAPIENUSDT": 0.08864,
  "INUSDT": 0.06695,
  "BELUSDT": 0.0961,
  "WALUSDT": 0.075,
  "KMNOUSDT": 0.02151,
  "CTSIUSDT": 0.024,
  "ANKRUSDT": 0.004264,
  "MELANIAUSDT": 0.109,
  "C98USDT": 0.023,
  "PROMPTUSDT": 0.04675,
  "CELOUSDT": 0.076,
  "ONTUSDT": 0.0421,
  "STORJUSDT": 0.094,
  "ERAUSDT": 0.1408,
  "DEGOUSDT": 0.3149,
  "RAYSOLUSDT": 0.6045,
  "KOMAUSDT": 0.00758,
  "ARPAUSDT": 0.00957,
  "DAMUSDT": 0.02345,
  "ZKCUSDT": 0.082,
  "DRIFTUSDT": 0.0816,
  "IDOLUSDT": 0.01772,
  "GRIFFAINUSDT": 0.00894,
  "GLMUSDT": 0.1397,
  "GMXUSDT": 6.754,
  "SANTOSUSDT": 1.352,
  "ARIAUSDT": 0.0788,
  "POLYXUSDT": 0.04195,
  "RSRUSDT": 0.001464,
  "THEUSDT": 0.2583,
  "DYMUSDT": 0.03761,