{
  "ETHUSDT": 1984.47,
  "BTCUSDT": 69593.2,
  "SOLUSDT": 85.89,
  "XRPUSDT": 1.4741,
  "ETH/USDCUSDT": 1963.31,
  "BTC/USDCUSDT": 68671.9,
  "DOGEUSDT": 0.10273,
  "1000PEPEUSDT": 0.0044198,
  "SPACEUSDT": 0.009089,
  "BTC/USDUSDT": 69535.4,
  "ETH/USDUSDT": 1984.4,
  "ZECUSDT": 296.38,
  "PIPPINUSDT": 0.70708,
  "VVVUSDT": 4.353,
  "BNBUSDT": 614.99,
  "XRP/USDCUSDT": 1.4734,
  "SOL/USDCUSDT": 85.83,
  "INITUSDT": 0.10967,
  "RIVERUSDT": 12.516,
  "HYPEUSDT": 30.521,
  "SUIUSDT": 0.9727,
  "ADAUSDT": 0.2815,
  "XAUUSDT": 5027.88,
  "XAGUSDT": 76.69,
  "EULUSDT": 1.107,
  "LINKUSDT": 8.756,
  "AVAXUSDT": 9.267,
  "ASTERUSDT": 0.7294,
  "XRP/USDUSDT": 1.4533,
  "BTRUSDT": 0.21531,
  "TAOUSDT": 183.36,
  "BCHUSDT": 553.74,
  "KITEUSDT": 0.21318,
  "FILUSDT": 0.958,
  "HUSDT": 0.23324,
  "DOGE/USDCUSDT": 0.10266,
  "WIFUSDT": 0.2308,
  "PENGUUSDT": 0.007036,
  "LTCUSDT": 54.91,
  "USELESSUSDT": 0.0435,
  "UNIUSDT": 3.467,
  "WLFIUSDT": 0.1009,
  "PUMPUSDT": 0.002196,
  "BERAUSDT": 0.6592,
  "ENAUSDT": 0.1211,
  "1000SHIBUSDT": 0.006538,
  "POWERUSDT": 0.22611,
  "SOL/USDUSDT": 84.67,
  "COMPUSDT": 20.57,
  "AAVEUSDT": 125.29,
  "MERLUSDT": 0.05931,
  "DOGE/USDUSDT": 0.10266,
  "NEARUSDT": 1.053,
  "1000PEPE/USDCUSDT": 0.0044158,
  "DASHUSDT": 37.38,
  "DOTUSDT": 1.355,
  "ZROUSDT": 1.756,
  "AXSUSDT": 1.387,
  "FARTCOINUSDT": 0.1966,
  "1000BONKUSDT": 0.006535,
  "PAXGUSDT": 5028.95,
  "XLMUSDT": 0.16993,
  "0GUSDT": 0.6499,
  "OMUSDT": 0.05783,
  "TAKEUSDT": 0.03458,
  "CLOUSDT": 0.0695,
  "WLDUSDT": 0.4041,
  "HBARUSDT": 0.09989,
  "\u6211\u8e0f\u9a6c\u6765\u4e86USDT": 0.028218,
  "BEATUSDT": 0.2346,
  "MOVEUSDT": 0.02532,
  "\u5e01\u5b89\u4eba\u751fUSDT": 0.10321,
  "MOODENGUSDT": 0.05514,
  "BNB/USDCUSDT": 615.05,
  "IPUSDT": 1.127,
  "TRUMPUSDT": 3.399,
  "OGUSDT": 3.378,
  "ZEC/USDCUSDT": 296.08,
  "ZKPUSDT": 0.10104,
  "VIRTUALUSDT": 0.6295,
  "SIRENUSDT": 0.1426,
  "AZTECUSDT": 0.02173,
  "APTUSDT": 0.928,
  "LUNA2USDT": 0.06719,
  "ZAMAUSDT": 0.01994,
  "MYXUSDT": 2.202,
  "ARBUSDT": 0.1143,
  "FIGHTUSDT": 0.007662,
  "TRXUSDT": 0.28044,
  "XPLUSDT": 0.0964,
  "XMRUSDT": 331.74,
  "ETH/BTCUSDT": 1963.8437112,
  "MONUSDT": 0.02392,
  "ETCUSDT": 8.716,
  "ESPUSDT": 0.05319,
  "CRVUSDT": 0.25,
  "ONUSDT": 0.11655,
  "BNB/USDUSDT": 616.47,
  "LITUSDT": 1.621,
  "ONDOUSDT": 0.2751,
  "OPUSDT": 0.1888,
  "SPORTFUNUSDT": 0.03627,
  "FHEUSDT": 0.04506,
  "ICPUSDT": 2.41,
  "GPSUSDT": 0.012191,
  "TRIAUSDT": 0.01717,
  "ARCUSDT": 0.07724,
  "TIAUSDT": 0.3388,
  "SAGAUSDT": 0.03586,
  "POLUSDT": 0.10787,
  "NAORISUSDT": 0.02938,
  "ALLOUSDT": 0.09524,
  "NILUSDT": 0.06047,
  "TONUSDT": 1.4706,
  "ADA/USDUSDT": 0.2815,
  "ATOMUSDT": 2.134,
  "RENDERUSDT": 1.432,
  "1000LUNCUSDT": 0.03412,
  "FETUSDT": 0.1731,
  "JUPUSDT": 0.1616,
  "PYTHUSDT": 0.05673,
  "SENTUSDT": 0.02191,
  "DUSKUSDT": 0.10587,
  "ZENUSDT": 6.27,
  "MASKUSDT": 0.4715,
  "STABLEUSDT": 0.025815,
  "1000FLOKIUSDT": 0.032,
  "SEIUSDT": 0.0754,
  "GALAUSDT": 0.00406,
  "MEUSDT": 0.139,
  "MORPHOUSDT": 1.3311,
  "SUI/USDCUSDT": 0.972,
  "CHZUSDT": 0.04002,
  "PENDLEUSDT": 1.2476,
  "ZKUSDT": 0.02191,
  "LIGHTUSDT": 0.2395,
  "BIRBUSDT": 0.20165,
  "PLAYUSDT": 0.02682,
  "JCTUSDT": 0.001736,
  "SANDUSDT": 0.08721,
  "INJUSDT": 3.135,
  "SPXUSDT": 0.3202,
  "COWUSDT": 0.2071,
  "HUMAUSDT": 0.013826,
  "NEIROUSDT": 7.56e-05,
  "DYDXUSDT": 0.108,
  "ENSOUSDT": 1.0776,
  "VICUSDT": 0.05294,
  "GIGGLEUSDT": 31.17,
  "ALGOUSDT": 0.0957,
  "ROSEUSDT": 0.0123,
  "FIL/USDCUSDT": 0.959,
  "LDOUSDT": 0.3385,
  "SUI/USDUSDT": 0.9721,
  "STGUSDT": 0.1528,
  "ENA/USDCUSDT": 0.1211,
  "ADA/USDCUSDT": 0.2814,
  "MUBARAKUSDT": 0.01807,
  "XNYUSDT": 0.006924,
  "COAIUSDT": 0.3939,
  "APRUSDT": 0.1017,
  "TRBUSDT": 15.513,
  "PROMUSDT": 1.276,
  "VETUSDT": 0.008346,
  "ENSUSDT": 6.681,
  "DEEPUSDT": 0.02894,
  "ETHFIUSDT": 0.4708,
  "POPCATUSDT": 0.05325,
  "CYSUSDT": 0.5039,
  "LINEAUSDT": 0.003727,
  "STRKUSDT": 0.04878,
  "ORDIUSDT": 2.777,
  "COLLECTUSDT": 0.07919,
  "LINK/USDCUSDT": 8.75,
  "PNUTUSDT": 0.04989,
  "BASUSDT": 0.0055,
  "ZILUSDT": 0.00433,
  "CAKEUSDT": 1.2969,
  "TURBOUSDT": 0.001103,
  "EIGENUSDT": 0.2085,
  "BCH/USDCUSDT": 553.42,
  "LPTUSDT": 2.386,
  "FOGOUSDT": 0.02208,
  "USTCUSDT": 0.00505,
  "FFUSDT": 0.07956,
  "ACUUSDT": 0.10852,
  "PEOPLEUSDT": 0.00696,
  "AIAUSDT": 0.11499,
  "NOMUSDT": 0.005421,
  "TNSRUSDT": 0.05057,
  "RECALLUSDT": 0.05061,
  "LINK/USDUSDT": 8.75,
  "BTCDOMUSDT": 5136.8,
  "GUNUSDT": 0.02245,
  "TOSHIUSDT": 0.0002271,
  "AWEUSDT": 0.09377,
  "BOMEUSDT": 0.0004323,
  "SUSDT": 0.04795,
  "EDENUSDT": 0.03426,
  "SOMIUSDT": 0.1981,
  "BULLAUSDT": 0.02501,
  "MEMEUSDT": 0.0007149,
  "AVNTUSDT": 0.2028,
  "SKRUSDT": 0.020933,
  "SNXUSDT": 0.29,
  "LYNUSDT": 0.2351,
  "STXUSDT": 0.265,
  "FIL/USDUSDT": 0.959,
  "LAUSDT": 0.2102,
  "AUCTIONUSDT": 5.232,
  "YFIUSDT": 2851.0,
  "AVAX/USDCUSDT": 9.261,
  "QNTUSDT": 70.45,
  "RESOLVUSDT": 0.06125,
  "CFXUSDT": 0.05493,
  "LTC/USDCUSDT": 54.88,
  "KASUSDT": 0.0319,
  "PENGU/USDCUSDT": 0.007027,
  "TOWNSUSDT": 0.004006,
  "MANAUSDT": 0.1027,
  "BROCCOLI714USDT": 0.01429,
  "AEROUSDT": 0.308,
  "C98USDT": 0.0316,
  "WIF/USDCUSDT": 0.2305,
  "AXLUSDT": 0.06132,
  "IRUSDT": 0.07566,
  "MUSDT": 1.3069,
  "ZKCUSDT": 0.0986,
  "ARKMUSDT": 0.1183,
  "APEUSDT": 0.1301,
  "GRASSUSDT": 0.2086,
  "BIOUSDT": 0.02409,
  "LRCUSDT": 0.03313,
  "CCUSDT": 0.16186,
  "METUSDT": 0.2165,
  "GRTUSDT": 0.02772,
  "ARUSDT": 2.015,
  "BANANAS31USDT": 0.004951,
  "EGLDUSDT": 4.892,
  "PTBUSDT": 0.001409,
  "ACTUSDT": 0.01539,
  "RVNUSDT": 0.00627,
  "AIXBTUSDT": 0.0209,
  "JTOUSDT": 0.2689,
  "XAIUSDT": 0.01062,
  "ACEUSDT": 0.1683,
  "JASMYUSDT": 0.005881,
  "BREVUSDT": 0.1387,
  "KSMUSDT": 4.646,
  "ALICEUSDT": 0.111,
  "BSVUSDT": 17.14,
  "OPENUSDT": 0.1624,
  "ARB/USDCUSDT": 0.1143,
  "SQDUSDT": 0.0407,
  "HANAUSDT": 0.03909,
  "TLMUSDT": 0.001733,
  "KAITOUSDT": 0.3121,
  "GWEIUSDT": 0.025137,
  "FLOWUSDT": 0.04209,
  "MANTAUSDT": 0.0797,
  "BANUSDT": 0.09901,
  "BCH/USDUSDT": 553.31,
  "BANKUSDT": 0.04108,
  "THETAUSDT": 0.2077,
  "XVGUSDT": 0.006013,
  "ACHUSDT": 0.007685,
  "FRAXUSDT": 0.6335,
  "FOLKSUSDT": 1.328,
  "WUSDT": 0.02019,
  "WLFI/USDCUSDT": 0.1008,
  "RUNEUSDT": 0.4053,
  "TIA/USDCUSDT": 0.3384,
  "WIF/USDUSDT": 0.2305,
  "KGENUSDT": 0.16988,
  "GMTUSDT": 0.01242,
  "SYRUPUSDT": 0.2628,
  "INXUSDT": 0.013027,
  "XTZUSDT": 0.398,
  "VANAUSDT": 1.56,
  "PARTIUSDT": 0.10547,
  "KAIAUSDT": 0.05729,
  "NIGHTUSDT": 0.05644,
  "MINAUSDT": 0.06662,
  "1000BONK/USDCUSDT": 0.006531,
  "YBUSDT": 0.1767,
  "BARDUSDT": 0.7915,
  "IOTAUSDT": 0.0687,
  "CUSDT": 0.05744,
  "LTC/USDUSDT": 54.88,
  "SKYUSDT": 0.06636,
  "ZORAUSDT": 0.02118,
  "MSTRUSDT": 134.19,
  "HAEDALUSDT": 0.02845,
  "NEAR/USDCUSDT": 1.052,
  "TRADOORUSDT": 1.361,
  "B3USDT": 0.0004706,
  "KERNELUSDT": 0.06881,
  "2ZUSDT": 0.07607,
  "1MBABYDOGEUSDT": 0.0004055,
  "UNI/USDUSDT": 3.466,
  "FORMUSDT": 0.2164,
  "SUSHIUSDT": 0.2079,
  "4USDT": 0.00998,
  "IP/USDCUSDT": 1.126,
  "ALCHUSDT": 0.08291,
  "RSRUSDT": 0.001564,
  "ATHUSDT": 0.006075,
  "AAVE/USDCUSDT": 125.11,
  "AVAX/USDUSDT": 9.26,
  "LAYERUSDT": 0.0888,
  "MIRAUSDT": 0.092,
  "WCTUSDT": 0.06192,
  "VINEUSDT": 0.01927,
  "CLANKERUSDT": 31.52,
  "AIOUSDT": 0.08238,
  "DRIFTUSDT": 0.0899,
  "TREEUSDT": 0.07529,
  "RAYSOLUSDT": 0.622,
  "FUNUSDT": 0.001339,
  "NXPCUSDT": 0.268,
  "AAVE/USDUSDT": 125.25,
  "ZBTUSDT": 0.07153,
  "ELSAUSDT": 0.08215,
  "PLUMEUSDT": 0.01106,
  "1INCHUSDT": 0.095,
  "CRV/USDCUSDT": 0.2498,
  "FUSDT": 0.006342,
  "SUNUSDT": 0.017719,
  "NEOUSDT": 2.819,
  "HOMEUSDT": 0.027716,
  "XPINUSDT": 0.001667,
  "PIEVERSEUSDT": 0.4182,
  "MMTUSDT": 0.1306,
  "IMXUSDT": 0.1666,
  "MAGMAUSDT": 0.10454,
  "MAGICUSDT": 0.06859,
  "1000SHIB/USDCUSDT": 0.006536,
  "NOTUSDT": 0.0004041,
  "HEMIUSDT": 0.01037,
  "DOT/USDUSDT": 1.354,
  "BATUSDT": 0.129,
  "IOUSDT": 0.1071,
  "MEWUSDT": 0.0006502,
  "DYMUSDT": 0.04541,
  "PROVEUSDT": 0.3204,
  "KNCUSDT": 0.1415,
  "GLMUSDT": 0.18733,