{
  "SIGNUSDT": 0.04073,
  "ZORAUSDT": 0.01909,
  "PLUMEUSDT": 0.01089,
  "BICOUSDT": 0.02224,
  "TRIAUSDT": 0.01886,
  "WETUSDT": 0.10973,
  "KITEUSDT": 0.28762,
  "MANTRAUSDT": 0.01987,
  "USUSDT": 0.002946,
  "XLM/USDUSDT": 0.15814,
  "SOONUSDT": 0.1701,
  "GRIFFAINUSDT": 0.009066,
  "ATAUSDT": 0.0121,
  "AIXBTUSDT": 0.02924,
  "OPNUSDT": 0.3633,
  "COINUSDT": 207.54,
  "SIRENUSDT": 0.48458,
  "LABUSDT": 0.14772,
  "IOTXUSDT": 0.0057,
  "BASUSDT": 0.007088
}