{
  "BTCUSDT": 66200.0,
  "ETHUSDT": 1949.14,
  "SOLUSDT": 83.46,
  "ETH/USDCUSDT": 1934.5,
  "BTC/USDCUSDT": 65607.0,
  "BTC/USDUSDT": 66206.2,
  "XRPUSDT": 1.3481,
  "XAUUSDT": 5341.17,
  "XAGUSDT": 94.79,
  "ETH/USDUSDT": 1948.24,
  "DOGEUSDT": 0.09201,
  "POWERUSDT": 1.75425,
  "HYPEUSDT": 31.771,
  "BNBUSDT": 619.58,
  "1000PEPEUSDT": 0.003439,
  "PAXGUSDT": 5403.09,
  "SOL/USDCUSDT": 83.46,
  "ZECUSDT": 213.61,
  "SAHARAUSDT": 0.0228,
  "ARCUSDT": 0.04309,
  "SUIUSDT": 0.8858,
  "RIVERUSDT": 14.468,
  "ADAUSDT": 0.2732,
  "FIOUSDT": 0.01039,
  "PIPPINUSDT": 0.57191,
  "XRP/USDCUSDT": 1.3482,
  "DOTUSDT": 1.53,
  "BCHUSDT": 439.1,
  "AVAXUSDT": 9.018,
  "VVVUSDT": 6.279,
  "DENTUSDT": 0.000306,
  "NEARUSDT": 1.143,
  "LINKUSDT": 8.649,
  "FILUSDT": 0.963,
  "ESPUSDT": 0.12832,
  "SOL/USDUSDT": 83.09,
  "PUMPUSDT": 0.001919,
  "GRASSUSDT": 0.2584,
  "BULLAUSDT": 0.02408,
  "ASTERUSDT": 0.7053,
  "TAOUSDT": 176.58,
  "LTCUSDT": 53.15,
  "ZROUSDT": 1.7766,
  "UNIUSDT": 3.732,
  "AAVEUSDT": 113.37,
  "SIRENUSDT": 0.25338,
  "XRP/USDUSDT": 1.3509,
  "ETH/BTCUSDT": 1932.883972,
  "BNB/USDUSDT": 620.21,
  "WIFUSDT": 0.19,
  "TRUMPUSDT": 3.408,
  "ENAUSDT": 0.1033,
  "ARBUSDT": 0.0998,
  "GWEIUSDT": 0.041836,
  "WLDUSDT": 0.3832,
  "KITEUSDT": 0.25028,
  "WLFIUSDT": 0.1087,
  "BNB/USDCUSDT": 619.94,
  "1000SHIBUSDT": 0.005521,
  "HIPPOUSDT": 0.0006627,
  "VIRTUALUSDT": 0.6828,
  "OPUSDT": 0.1218,
  "ENSOUSDT": 1.3171,
  "LYNUSDT": 0.33685,
  "FARTCOINUSDT": 0.1533,
  "PENGUUSDT": 0.006689,
  "ALICEUSDT": 0.148,
  "APTUSDT": 0.9308,
  "DOGE/USDCUSDT": 0.092,
  "ROBOUSDT": 0.04006,
  "DOGE/USDUSDT": 0.09197,
  "BARDUSDT": 0.9875,
  "XLMUSDT": 0.15395,
  "STEEMUSDT": 0.06243,
  "XPLUSDT": 0.0972,
  "HBARUSDT": 0.09705,
  "ETCUSDT": 8.464,
  "TRXUSDT": 0.28039,
  "1000BONKUSDT": 0.005823,
  "DASHUSDT": 31.78,
  "SKYAIUSDT": 0.04012,
  "ICPUSDT": 2.369,
  "GALAUSDT": 0.00347,
  "CRVUSDT": 0.241,
  "SIGNUSDT": 0.02565,
  "COSUSDT": 0.001061,
  "TONUSDT": 1.2019,
  "JUPUSDT": 0.1653,
  "ATHUSDT": 0.006218,
  "AXSUSDT": 1.257,
  "XMRUSDT": 342.79,
  "SPXUSDT": 0.3166,
  "SUI/USDCUSDT": 0.8856,
  "TIAUSDT": 0.3185,
  "ONDOUSDT": 0.252,
  "MIRAUSDT": 0.0917,
  "XTZUSDT": 0.369,
  "MYXUSDT": 0.379,
  "\u5e01\u5b89\u4eba\u751fUSDT": 0.06396,
  "INJUSDT": 2.995,
  "GIGGLEUSDT": 25.49,
  "ATOMUSDT": 1.794,
  "LAYERUSDT": 0.0919,
  "1000LUNCUSDT": 0.04277,
  "FORMUSDT": 0.213,
  "RAVEUSDT": 0.36164,
  "SEIUSDT": 0.06822,
  "TAKEUSDT": 0.02205,
  "STABLEUSDT": 0.032162,
  "OPNUSDT": 0.4554,
  "ADA/USDUSDT": 0.2732,
  "ZKPUSDT": 0.09214,
  "SKRUSDT": 0.021564,
  "STGUSDT": 0.157,
  "FETUSDT": 0.15,
  "HUSDT": 0.1251,
  "RENDERUSDT": 1.336,
  "AZTECUSDT": 0.02162,
  "ZEC/USDCUSDT": 213.45,
  "BERAUSDT": 0.5949,
  "ZAMAUSDT": 0.02053,
  "LITUSDT": 1.355,
  "VICUSDT": 0.04524,
  "POLUSDT": 0.10473,
  "NEIROUSDT": 6.669e-05,
  "1000PEPE/USDCUSDT": 0.0034385,
  "BIRBUSDT": 0.15284,
  "FIL/USDCUSDT": 0.963,
  "HOLOUSDT": 0.06142,
  "CHZUSDT": 0.03309,
  "LDOUSDT": 0.2996,
  "SANDUSDT": 0.08226,
  "SPACEUSDT": 0.007333,
  "PENDLEUSDT": 1.2581,
  "SUI/USDUSDT": 0.8859,
  "BEATUSDT": 0.2358,
  "ADA/USDCUSDT": 0.2732,
  "WETUSDT": 0.0962,
  "ALGOUSDT": 0.0855,
  "IPUSDT": 0.88,
  "MONUSDT": 0.02085,
  "ZENUSDT": 5.245,
  "BIOUSDT": 0.02033,
  "0GUSDT": 0.6191,
  "MORPHOUSDT": 1.7359,
  "LINK/USDUSDT": 8.648,
  "COLLECTUSDT": 0.04224,
  "1000FLOKIUSDT": 0.02711,
  "LINK/USDCUSDT": 8.649,
  "BCH/USDCUSDT": 439.06,
  "AVAX/USDCUSDT": 9.019,
  "UAIUSDT": 0.1972,
  "SENTUSDT": 0.02098,
  "CAKEUSDT": 1.298,
  "ATUSDT": 0.13856,
  "CRCLUSDT": 83.2,
  "DUSKUSDT": 0.07984,
  "EULUSDT": 1.025,
  "EIGENUSDT": 0.1782,
  "AGLDUSDT": 0.2185,
  "ARUSDT": 1.529,
  "\u6211\u8e0f\u9a6c\u6765\u4e86USDT": 0.010321,
  "JELLYJELLYUSDT": 0.07158,
  "ETHFIUSDT": 0.4985,
  "ORDIUSDT": 2.379,
  "ROSEUSDT": 0.01099,
  "SYRUPUSDT": 0.23015,
  "TSLAUSDT": 400.27,
  "JTOUSDT": 0.2623,
  "NEWTUSDT": 0.07134,
  "MOODENGUSDT": 0.04832,
  "VETUSDT": 0.007121,
  "STRKUSDT": 0.04007,
  "TLMUSDT": 0.00174,
  "SUNUSDT": 0.015033,
  "APEUSDT": 0.1006,
  "USELESSUSDT": 0.04038,
  "ZILUSDT": 0.00411,
  "SNXUSDT": 0.311,
  "MSTRUSDT": 129.32,
  "DYDXUSDT": 0.09,
  "TRBUSDT": 13.783,
  "TRIAUSDT": 0.01889,
  "ZKUSDT": 0.01849,
  "GPSUSDT": 0.008842,
  "BASUSDT": 0.006709,
  "PNUTUSDT": 0.04324,
  "PYTHUSDT": 0.04793,
  "XPTUSDT": 2393.86,
  "TURBOUSDT": 0.0009473,
  "LTC/USDCUSDT": 53.14,
  "FOGOUSDT": 0.02533,
  "SUSDT": 0.03915,
  "FOLKSUSDT": 1.22,
  "CCUSDT": 0.16175,
  "CYBERUSDT": 0.5346,
  "ENSUSDT": 5.932,
  "KSMUSDT": 4.699,
  "GLMUSDT": 0.13351,
  "CLOUSDT": 0.0698,
  "1000RATSUSDT": 0.03149,
  "LINEAUSDT": 0.003008,
  "NEAR/USDCUSDT": 1.143,
  "ARB/USDCUSDT": 0.0997,
  "SPORTFUNUSDT": 0.04912,
  "MANAUSDT": 0.0951,
  "SOMIUSDT": 0.1922,
  "AIXBTUSDT": 0.02035,
  "ENA/USDCUSDT": 0.1032,
  "FIL/USDUSDT": 0.963,
  "ALLOUSDT": 0.11037,
  "LTC/USDUSDT": 53.11,
  "HUMAUSDT": 0.012448,
  "QUSDT": 0.025275,
  "JASMYUSDT": 0.005394,
  "LAUSDT": 0.2121,
  "ACEUSDT": 0.1528,
  "ARKMUSDT": 0.1044,
  "AEROUSDT": 0.3358,
  "BOMEUSDT": 0.000379,
  "INITUSDT": 0.07544,
  "YBUSDT": 0.1677,
  "GMTUSDT": 0.01149,
  "THETAUSDT": 0.1849,
  "UBUSDT": 0.03282,
  "ORCAUSDT": 0.865,
  "LUNA2USDT": 0.06224,
  "AVNTUSDT": 0.1706,
  "AAVE/USDCUSDT": 113.33,
  "BTCDOMUSDT": 5081.1,
  "4USDT": 0.00844,
  "GRTUSDT": 0.02549,
  "SOPHUSDT": 0.009231,
  "KASUSDT": 0.02931,
  "SUSHIUSDT": 0.1975,
  "LIGHTUSDT": 0.1903,
  "XPDUSDT": 1807.89,
  "AAVE/USDUSDT": 113.36,
  "COMPUSDT": 17.58,
  "STXUSDT": 0.2528,
  "1INCHUSDT": 0.0912,
  "LPTUSDT": 2.281,
  "MEUSDT": 0.1151,
  "BCH/USDUSDT": 439.0,
  "AXLUSDT": 0.05257,
  "IOTAUSDT": 0.0657,
  "MAGMAUSDT": 0.11252,
  "CELOUSDT": 0.077,
  "PIEVERSEUSDT": 0.5144,
  "C98USDT": 0.0261,
  "MERLUSDT": 0.03901,
  "WUSDT": 0.0183,
  "KAITOUSDT": 0.3272,
  "NEOUSDT": 2.573,
  "BUSDT": 0.1903,
  "1000SATSUSDT": 1.11e-05,
  "MOVEUSDT": 0.02149,
  "MEMEUSDT": 0.0005725,
  "PARTIUSDT": 0.08984,
  "DOT/USDUSDT": 1.529,
  "YGGUSDT": 0.03765,
  "SKYUSDT": 0.06656,
  "FFUSDT": 0.0787,
  "HOTUSDT": 0.000375,
  "REDUSDT": 0.1472,
  "OGUSDT": 2.739,
  "IMXUSDT": 0.1604,
  "TRUTHUSDT": 0.009753,
  "AWEUSDT": 0.05149,
  "BATUSDT": 0.1007,
  "CFXUSDT": 0.04685,
  "PLUMEUSDT": 0.00894,
  "COINUSDT": 175.14,
  "BREVUSDT": 0.1303,
  "CRV/USDCUSDT": 0.2409,
  "FIGHTUSDT": 0.00599,
  "INUSDT": 0.06935,
  "PEOPLEUSDT": 0.00618,
  "NIGHTUSDT": 0.05723,
  "RAYSOLUSDT": 0.5865,
  "TNSRUSDT": 0.04451,
  "RUNEUSDT": 0.3917,
  "MASKUSDT": 0.4169,
  "UNI/USDUSDT": 3.731,
  "MBOXUSDT": 0.01875,
  "MUSDT": 1.4838,
  "WIF/USDCUSDT": 0.1899,
  "RAREUSDT": 0.01581,
  "DEXEUSDT": 3.303,
  "ZBTUSDT": 0.07427,
  "INXUSDT": 0.011341,
  "EGLDUSDT": 4.32,
  "AVAX/USDUSDT": 9.01,
  "UNI/USDCUSDT": 3.728,
  "PTBUSDT": 0.001198,
  "BTRUSDT": 0.1794,
  "METUSDT": 0.1783,
  "WCTUSDT": 0.05745,
  "USDCUSDT": 0.9995,
  "QNTUSDT": 61.58,
  "HOODUSDT": 74.72,
  "ZORAUSDT": 0.01774,
  "NOTUSDT": 0.0003479,
  "TRUMP/USDCUSDT": 3.408,
  "NOMUSDT": 0.003453,
  "ANIMEUSDT": 0.004793,
  "PLTRUSDT": 138.13,
  "KERNELUSDT": 0.07736,
  "XLM/USDUSDT": 0.15394,
  "XNYUSDT": 0.005583,
  "IOTXUSDT": 0.00441,
  "ZKCUSDT": 0.0834,
  "FLOWUSDT": 0.03569,
  "XANUSDT": 0.006925,
  "PROVEUSDT": 0.2906,
  "ACHUSDT": 0.006478,
  "TIA/USDCUSDT": 0.3184,
  "GUNUSDT": 0.02572,
  "2ZUSDT": 0.07243,
  "WLFI/USDCUSDT": 0.1085,
  "RSRUSDT": 0.00145,
  "SYSUSDT": 0.01093,
  "1MBABYDOGEUSDT": 0.0003773,
  "KAIAUSDT": 0.05441,
  "DUSDT": 0.007026,
  "MUBARAKUSDT": 0.01315,
  "YFIUSDT": 2590.0,
  "CELRUSDT": 0.00258,
  "NAORISUSDT": 0.03142,
  "KAVAUSDT": 0.0484,
  "PENGU/USDCUSDT": 0.006687,
  "AUCTIONUSDT": 4.71,
  "SUPERUSDT": 0.1118,
  "GUAUSDT": 0.2163,
  "SANTOSUSDT": 1.254,
  "COAIUSDT": 0.3145,
  "CGPTUSDT": 0.02056,
  "FRAXUSDT": 0.5794,
  "OP/USDUSDT": 0.1218,
  "JSTUSDT": 0.04781,
  "PORTALUSDT": 0.01154,
  "1000CHEEMSUSDT": 0.0004521,
  "POPCATUSDT": 0.04598,
  "FHEUSDT": 0.02868,
  "1000SHIB/USDCUSDT": 0.005522,
  "WIF/USDUSDT": 0.1899,
  "BANANAS31USDT": 0.004751,