{
  "BTCUSDT": 65044.5,
  "ETHUSDT": 1902.83,
  "SOLUSDT": 80.99,
  "XRPUSDT": 1.3248,
  "BNBUSDT": 603.47,
  "XAUUSDT": 5307.55,
  "DOGEUSDT": 0.09082,
  "XAGUSDT": 94.42,
  "PAXGUSDT": 5423.84,
  "BCHUSDT": 444.6,
  "HYPEUSDT": 28.57,
  "WLFIUSDT": 0.1085,
  "TRXUSDT": 0.28043,
  "ZECUSDT": 209.36,
  "UNIUSDT": 3.683,
  "ADAUSDT": 0.2688,
  "ASTERUSDT": 0.698,
  "SUIUSDT": 0.8594,
  "LINKUSDT": 8.481,
  "AVAXUSDT": 8.674,
  "LTCUSDT": 52.72,
  "1000PEPEUSDT": 0.0035476,
  "PUMPUSDT": 0.00177,
  "ENAUSDT": 0.0989,
  "PIPPINUSDT": 0.59998,
  "NEARUSDT": 1.073,
  "DOTUSDT": 1.523,
  "AAVEUSDT": 108.12,
  "WLDUSDT": 0.3794,
  "KITEUSDT": 0.26088,
  "FILUSDT": 0.949,
  "POWERUSDT": 1.95065,
  "TRUMPUSDT": 3.287,
  "LITUSDT": 1.33,
  "XPLUSDT": 0.0914,
  "TAOUSDT": 172.18,
  "1000SHIBUSDT": 0.005564,
  "ZROUSDT": 1.6125,
  "APTUSDT": 0.8913,
  "TONUSDT": 1.2428,
  "RIVERUSDT": 13.121,
  "ATOMUSDT": 1.79,
  "HBARUSDT": 0.09648,
  "BERAUSDT": 0.6021,
  "XLMUSDT": 0.15189,
  "ICPUSDT": 2.339,
  "XMRUSDT": 330.78,
  "ARBUSDT": 0.0924,
  "WIFUSDT": 0.1846,
  "HUSDT": 0.11826,
  "MONUSDT": 0.02028,
  "AXSUSDT": 1.26,
  "CRVUSDT": 0.234,
  "FFUSDT": 0.07881,
  "FETUSDT": 0.1483,
  "OPUSDT": 0.1132,
  "VIRTUALUSDT": 0.6579,
  "ETCUSDT": 8.281,
  "CCUSDT": 0.16605,
  "BARDUSDT": 0.9902,
  "PENGUUSDT": 0.006508,
  "PARTIUSDT": 0.09539,
  "POLUSDT": 0.10428,
  "\u5e01\u5b89\u4eba\u751fUSDT": 0.06954,
  "BTCDOMUSDT": 5124.4,
  "FARTCOINUSDT": 0.1577,
  "SKYAIUSDT": 0.0593,
  "1000BONKUSDT": 0.005626,
  "CHZUSDT": 0.03282,
  "IPUSDT": 0.892,
  "BANUSDT": 0.1098,
  "ETHFIUSDT": 0.479,
  "INJUSDT": 2.957,
  "ARCUSDT": 0.02642,
  "ONDOUSDT": 0.2478,
  "TIAUSDT": 0.3037,
  "ENSOUSDT": 1.3806,
  "DASHUSDT": 31.84,
  "0GUSDT": 0.6189,
  "VVVUSDT": 5.17,
  "SENTUSDT": 0.02125,
  "ESPUSDT": 0.11546,
  "SEIUSDT": 0.06418,
  "STABLEUSDT": 0.030825,
  "GWEIUSDT": 0.045392,
  "KAITOUSDT": 0.3424,
  "JUPUSDT": 0.1491,
  "SAHARAUSDT": 0.01935,
  "BULLAUSDT": 0.02382,
  "ALCHUSDT": 0.08049,
  "ZKUSDT": 0.01819,
  "ZAMAUSDT": 0.02199,
  "QUSDT": 0.02446,
  "PENDLEUSDT": 1.2201,
  "SIRENUSDT": 0.29705,
  "BUSDT": 0.1807,
  "LDOUSDT": 0.2898,
  "MORPHOUSDT": 1.7499,
  "RENDERUSDT": 1.33,
  "ATUSDT": 0.16053,
  "BANANAS31USDT": 0.004674,
  "GUAUSDT": 0.2157,
  "HOMEUSDT": 0.029093,
  "SIGNUSDT": 0.02621,
  "MYXUSDT": 0.404,
  "NIGHTUSDT": 0.05558,
  "ZENUSDT": 5.087,
  "PIEVERSEUSDT": 0.4891,
  "CAKEUSDT": 1.2732,
  "MUSDT": 1.4676,
  "BIOUSDT": 0.02066,
  "1000RATSUSDT": 0.03738,
  "ALGOUSDT": 0.0841,
  "GPSUSDT": 0.009551,
  "STRKUSDT": 0.03932,
  "USDCUSDT": 0.999428,
  "LYNUSDT": 0.2727,
  "SANDUSDT": 0.07975,
  "HANAUSDT": 0.03473,
  "BTRUSDT": 0.17883,
  "GALAUSDT": 0.00342,
  "ALLOUSDT": 0.10763,
  "SKYUSDT": 0.06648,
  "1000LUNCUSDT": 0.04065,
  "GIGGLEUSDT": 24.62,
  "JTOUSDT": 0.2599,
  "DUSKUSDT": 0.08146,
  "APEUSDT": 0.0961,
  "MSTRUSDT": 128.87,
  "GUNUSDT": 0.0265,
  "CRCLUSDT": 83.04,
  "ATHUSDT": 0.005588,
  "UBUSDT": 0.03582,
  "JELLYJELLYUSDT": 0.06751,
  "TSLAUSDT": 400.9,
  "AZTECUSDT": 0.02043,
  "B2USDT": 0.7343,
  "XPINUSDT": 0.001436,
  "TRADOORUSDT": 1.305,
  "AEROUSDT": 0.3328,
  "OPNUSDT": 0.4641,
  "ZILUSDT": 0.00404,
  "SYRUPUSDT": 0.21346,
  "PYTHUSDT": 0.04672,
  "METUSDT": 0.1757,
  "ROSEUSDT": 0.01122,
  "EIGENUSDT": 0.1735,
  "HUMAUSDT": 0.011301,
  "BEAMXUSDT": 0.001845,
  "VETUSDT": 0.006957,
  "STGUSDT": 0.1417,
  "LAUSDT": 0.2178,
  "NEOUSDT": 2.554,
  "AVNTUSDT": 0.17,
  "FOGOUSDT": 0.02558,
  "\u6211\u8e0f\u9a6c\u6765\u4e86USDT": 0.011324,
  "DYDXUSDT": 0.089,
  "DENTUSDT": 0.000261,
  "ORDIUSDT": 2.3,
  "NXPCUSDT": 0.2689,
  "MOVEUSDT": 0.02101,
  "COLLECTUSDT": 0.04215,
  "RAVEUSDT": 0.34336,
  "ESPORTSUSDT": 0.30466,
  "XTZUSDT": 0.364,
  "ZKPUSDT": 0.08099,
  "LAYERUSDT": 0.0963,
  "SUSDT": 0.03816,
  "ORCAUSDT": 0.879,
  "EULUSDT": 1.098,
  "AUCTIONUSDT": 4.677,
  "FORMUSDT": 0.1827,
  "BEATUSDT": 0.2274,
  "LINEAUSDT": 0.002983,
  "COMPUSDT": 17.46,
  "ROBOUSDT": 0.03719,
  "PNUTUSDT": 0.04177,
  "STXUSDT": 0.2515,
  "LPTUSDT": 2.225,
  "CYBERUSDT": 0.509,
  "SKRUSDT": 0.02013,
  "1000FLOKIUSDT": 0.02698,
  "ENSUSDT": 5.87,
  "WUSDT": 0.01796,
  "WETUSDT": 0.09982,
  "SNXUSDT": 0.311,
  "BIRBUSDT": 0.16501,
  "SOMIUSDT": 0.2044,
  "TRBUSDT": 13.416,
  "MEUSDT": 0.1123,
  "ARUSDT": 1.511,
  "JASMYUSDT": 0.005387,
  "AWEUSDT": 0.05156,
  "BANKUSDT": 0.03724,
  "TRIAUSDT": 0.01884,
  "JSTUSDT": 0.04773,
  "PLUMEUSDT": 0.00886,
  "RESOLVUSDT": 0.05883,
  "COAIUSDT": 0.3332,
  "AGTUSDT": 0.00554,
  "AGLDUSDT": 0.2267,
  "USELESSUSDT": 0.03936,
  "DEXEUSDT": 3.419,
  "AXLUSDT": 0.05253,
  "FLOWUSDT": 0.03771,
  "SPXUSDT": 0.2939,
  "TAUSDT": 0.03803,
  "IMXUSDT": 0.1552,
  "2ZUSDT": 0.07312,
  "MANAUSDT": 0.0915,
  "IOTAUSDT": 0.0651,
  "CFXUSDT": 0.04653,
  "YGGUSDT": 0.03647,
  "MERLUSDT": 0.04003,
  "CYSUSDT": 0.3118,
  "GRTUSDT": 0.0251,
  "WCTUSDT": 0.05794,
  "ALICEUSDT": 0.124,
  "API3USDT": 0.2758,
  "INITUSDT": 0.07916,
  "EDUUSDT": 0.1024,
  "CLOUSDT": 0.0704,
  "OGUSDT": 2.869,
  "QNTUSDT": 62.02,
  "NMRUSDT": 7.25,
  "FOLKSUSDT": 1.382,
  "TAGUSDT": 0.000347,
  "SOPHUSDT": 0.009197,
  "MMTUSDT": 0.1137,
  "VANAUSDT": 1.402,
  "MOODENGUSDT": 0.04765,
  "SFPUSDT": 0.2518,
  "PTBUSDT": 0.001142,
  "NAORISUSDT": 0.03113,
  "ZRXUSDT": 0.1013,
  "GRASSUSDT": 0.2002,
  "LIGHTUSDT": 0.1845,
  "1INCHUSDT": 0.0886,
  "SPKUSDT": 0.01872,
  "ZORAUSDT": 0.01817,
  "4USDT": 0.00749,
  "XPTUSDT": 2378.15,
  "THETAUSDT": 0.1793,
  "NEIROUSDT": 6.234e-05,
  "ANIMEUSDT": 0.004809,
  "RUNEUSDT": 0.3848,
  "KAIAUSDT": 0.05358,
  "ARKMUSDT": 0.1012,
  "AIXBTUSDT": 0.02043,
  "BATUSDT": 0.104,
  "IOUSDT": 0.1038,
  "SPACEUSDT": 0.008024,
  "YFIUSDT": 2582.0,
  "EGLDUSDT": 4.255,
  "KGENUSDT": 0.1837,
  "VELVETUSDT": 0.08535,
  "KASUSDT": 0.02927,
  "STEEMUSDT": 0.05482,
  "LRCUSDT": 0.03038,
  "PEOPLEUSDT": 0.0061,
  "LUNA2USDT": 0.06291,
  "BLUAIUSDT": 0.00492,
  "BREVUSDT": 0.1287,
  "FHEUSDT": 0.02864,
  "COWUSDT": 0.207,
  "AKEUSDT": 0.0002357,
  "MIRAUSDT": 0.0853,
  "UAIUSDT": 0.1705,
  "TWTUSDT": 0.4797,
  "KERNELUSDT": 0.07601,
  "MEGAUSDT": 0.13037,
  "OPENUSDT": 0.1431,
  "NOMUSDT": 0.003555,
  "PROVEUSDT": 0.2797,
  "AUSDT": 0.0767,
  "POPCATUSDT": 0.04582,
  "AIAUSDT": 0.08143,
  "BOMEUSDT": 0.0003581,
  "GMTUSDT": 0.01094,
  "STOUSDT": 0.0608,
  "BSVUSDT": 15.33,
  "TRUTHUSDT": 0.01038,
  "AVAAIUSDT": 0.007239,
  "SWARMSUSDT": 0.007151,
  "SUSHIUSDT": 0.1924,
  "TSTUSDT": 0.00912,
  "ACTUSDT": 0.01295,
  "RPLUSDT": 1.797,
  "TAKEUSDT": 0.02035,
  "VELODROMEUSDT": 0.01534,
  "TURBOUSDT": 0.000922,
  "MANTAUSDT": 0.05975,
  "KSMUSDT": 4.598,
  "SOONUSDT": 0.162,
  "CATIUSDT": 0.03677,
  "SUNUSDT": 0.015542,
  "FIGHTUSDT": 0.006317,
  "XVGUSDT": 0.005409,
  "BABYUSDT": 0.01147,
  "TUTUSDT": 0.00943,
  "MINAUSDT": 0.05498,
  "YBUSDT": 0.1622,
  "MAGICUSDT": 0.06037,
  "SUPERUSDT": 0.1101,
  "FUSDT": 0.005582,
  "AINUSDT": 0.0422,
  "MEMEUSDT": 0.0005711,
  "GASUSDT": 1.543,
  "TNSRUSDT": 0.0436,
  "XNYUSDT": 0.005453,
  "ZBTUSDT": 0.07341,
  "AIOUSDT": 0.07125,
  "HOLOUSDT": 0.05843,
  "STBLUSDT": 0.04039,
  "ALTUSDT": 0.007005,
  "C98USDT": 0.0263,
  "IDOLUSDT": 0.02013,
  "BLURUSDT": 0.01912,
  "IOTXUSDT": 0.00471,
  "REDUSDT": 0.1471,
  "NILUSDT": 0.04555,
  "MUBARAKUSDT": 0.01301,
  "NEWTUSDT": 0.06819,
  "ACHUSDT": 0.006569,
  "UMAUSDT": 0.4154,
  "MASKUSDT": 0.4051,
  "SAPIENUSDT": 0.0845,
  "ASRUSDT": 1.283,
  "RAYSOLUSDT": 0.5758,
  "FIOUSDT": 0.00965,
  "HOTUSDT": 0.00039,
  "WALUSDT": 0.0748,
  "GLMUSDT": 0.12994,
  "ONTUSDT": 0.0415,
  "INUSDT": 0.0663,
  "KOMAUSDT": 0.00768,
  "RAREUSDT": 0.01529,
  "ANKRUSDT": 0.004131,
  "ERAUSDT": 0.1415,
  "EDENUSDT": 0.03209,
  "CTSIUSDT": 0.0235,
  "ZKCUSDT": 0.0826,
  "ICNTUSDT": 0.3826,
  "CELOUSDT": 0.074,
  "SKLUSDT": 0.00628,
  "KMNOUSDT": 0.02036,
  "SOLVUSDT": 0.003892,
  "DRIFTUSDT": 0.0829,
  "SONICUSDT": 0.04392,
  "RSRUSDT": 0.001397,
  "DAMUSDT": 0.02178,
  "MELANIAUSDT": 0.1053,
  "QTUMUSDT": 0.87,
  "ARIAUSDT": 0.06975,
  "POLYXUSDT": 0.04118,
  "DEGOUSDT": 0.2915,