{
  "BTCUSDT": 69056.3,
  "ETHUSDT": 1989.81,
  "BTC/USDCUSDT": 68137.0,
  "SOLUSDT": 84.89,
  "ETH/USDCUSDT": 1970.06,
  "XAGUSDT": 84.59,
  "BTC/USDUSDT": 68993.1,
  "XRPUSDT": 1.439,
  "XAUUSDT": 5112.56,
  "AZTECUSDT": 0.03582,
  "DOGEUSDT": 0.10022,
  "ETH/USDUSDT": 1988.12,
  "ENSOUSDT": 2.0419,
  "BNBUSDT": 629.09,
  "1000PEPEUSDT": 0.0043439,
  "BIOUSDT": 0.03018,
  "SOL/USDCUSDT": 84.88,
  "ZECUSDT": 262.09,
  "HYPEUSDT": 30.374,
  "MYXUSDT": 1.138,
  "PAXGUSDT": 5120.2,
  "ADAUSDT": 0.2841,
  "ALLOUSDT": 0.13761,
  "BCHUSDT": 567.3,
  "SUIUSDT": 0.9566,
  "WLFIUSDT": 0.121,
  "RIVERUSDT": 8.296,
  "RAVEUSDT": 0.57066,
  "VVVUSDT": 4.275,
  "LINKUSDT": 8.919,
  "AVAXUSDT": 9.235,
  "AAVEUSDT": 120.43,
  "OPUSDT": 0.1334,
  "XRP/USDCUSDT": 1.4383,
  "YGGUSDT": 0.0477,
  "KITEUSDT": 0.23841,
  "PIPPINUSDT": 0.49789,
  "FILUSDT": 0.998,
  "ASTERUSDT": 0.7327,
  "ARBUSDT": 0.103,
  "ESPUSDT": 0.0841,
  "LTCUSDT": 55.06,
  "DOTUSDT": 1.383,
  "TAOUSDT": 180.61,
  "INJUSDT": 3.708,
  "NEARUSDT": 1.092,
  "TRUMPUSDT": 3.519,
  "ETCUSDT": 9.629,
  "ENAUSDT": 0.1115,
  "ZROUSDT": 1.6746,
  "VANAUSDT": 1.642,
  "BNB/USDCUSDT": 629.08,
  "SNXUSDT": 0.384,
  "AXSUSDT": 1.324,
  "ZAMAUSDT": 0.02518,
  "SOL/USDUSDT": 84.23,
  "SIRENUSDT": 0.22153,
  "UNIUSDT": 3.609,
  "SPACEUSDT": 0.010029,
  "SENTUSDT": 0.02334,
  "WLDUSDT": 0.3958,
  "POWERUSDT": 0.45939,
  "PUMPUSDT": 0.002132,
  "1000SHIBUSDT": 0.006549,
  "0GUSDT": 0.6898,
  "TRXUSDT": 0.28654,
  "TSLAUSDT": 411.41,
  "DOGE/USDCUSDT": 0.1002,
  "ORCAUSDT": 1.086,
  "WIFUSDT": 0.2275,
  "XRP/USDUSDT": 1.448,
  "DOGE/USDUSDT": 0.10017,
  "PENGUUSDT": 0.007016,
  "BNB/USDUSDT": 632.0,
  "FARTCOINUSDT": 0.1875,
  "DASHUSDT": 34.71,
  "ETH/BTCUSDT": 1970.3767311,
  "CRVUSDT": 0.245,
  "VIRTUALUSDT": 0.6493,
  "APTUSDT": 0.9017,
  "HBARUSDT": 0.09992,
  "EULUSDT": 1.048,
  "ICPUSDT": 2.237,
  "AWEUSDT": 0.05744,
  "BERAUSDT": 0.5878,
  "JTOUSDT": 0.3078,
  "GALAUSDT": 0.00402,
  "XLMUSDT": 0.16317,
  "RPLUSDT": 2.324,
  "1000BONKUSDT": 0.006467,
  "TONUSDT": 1.3343,
  "XPLUSDT": 0.0991,
  "CHZUSDT": 0.03632,
  "ATOMUSDT": 2.387,
  "RENDERUSDT": 1.494,
  "MORPHOUSDT": 1.5751,
  "INITUSDT": 0.09806,
  "NOMUSDT": 0.005515,
  "OMUSDT": 0.06458,
  "XMRUSDT": 330.46,
  "TIAUSDT": 0.3443,
  "BIO/USDCUSDT": 0.03011,
  "1000PEPE/USDCUSDT": 0.0043426,
  "SEIUSDT": 0.0715,
  "\u6211\u8e0f\u9a6c\u6765\u4e86USDT": 0.016453,
  "LITUSDT": 1.501,
  "POLUSDT": 0.11079,
  "\u5e01\u5b89\u4eba\u751fUSDT": 0.08888,
  "LYNUSDT": 0.30914,
  "NAORISUSDT": 0.0455,
  "ONDOUSDT": 0.271,
  "STGUSDT": 0.1453,
  "JUPUSDT": 0.1588,
  "FOGOUSDT": 0.02726,
  "HOODUSDT": 75.99,
  "HUSDT": 0.16229,
  "FETUSDT": 0.1681,
  "CYBERUSDT": 0.5747,
  "ZILUSDT": 0.00426,
  "STABLEUSDT": 0.030172,
  "LDOUSDT": 0.3343,
  "ACUUSDT": 0.11924,
  "USELESSUSDT": 0.04239,
  "SUI/USDCUSDT": 0.9562,
  "MOODENGUSDT": 0.05807,
  "BEATUSDT": 0.2505,
  "ADA/USDUSDT": 0.2841,
  "ZEC/USDCUSDT": 261.86,
  "BCH/USDCUSDT": 566.97,
  "ARCUSDT": 0.07311,
  "DUSKUSDT": 0.08648,
  "ROSEUSDT": 0.01364,
  "MONUSDT": 0.02105,
  "BANUSDT": 0.12775,
  "IPUSDT": 1.107,
  "KSMUSDT": 4.998,
  "ALGOUSDT": 0.0905,
  "IOUSDT": 0.1212,
  "SANDUSDT": 0.08624,
  "CLOUSDT": 0.08874,
  "CTSIUSDT": 0.0291,
  "ORDIUSDT": 2.752,
  "TRIAUSDT": 0.01655,
  "PENDLEUSDT": 1.2308,
  "APEUSDT": 0.1136,
  "NEIROUSDT": 7.6e-05,
  "SPXUSDT": 0.3272,
  "DYDXUSDT": 0.103,
  "ENSUSDT": 6.933,
  "FIL/USDCUSDT": 0.997,
  "ADA/USDCUSDT": 0.2841,
  "ETHFIUSDT": 0.4777,
  "ARB/USDCUSDT": 0.1028,
  "RECALLUSDT": 0.05767,
  "GRTUSDT": 0.02886,
  "COLLECTUSDT": 0.04997,
  "1000FLOKIUSDT": 0.03096,
  "FIDAUSDT": 0.01811,
  "SAPIENUSDT": 0.08652,
  "SUI/USDUSDT": 0.9562,
  "BTRUSDT": 0.19183,
  "LINEAUSDT": 0.003508,
  "ZENUSDT": 5.934,
  "SOMIUSDT": 0.2119,
  "MSTRUSDT": 131.7,
  "GIGGLEUSDT": 29.69,
  "LINK/USDUSDT": 8.912,
  "TRUTHUSDT": 0.01048,
  "DOLOUSDT": 0.04157,
  "SKRUSDT": 0.019892,
  "LIGHTUSDT": 0.2455,
  "KGENUSDT": 0.17602,
  "SPORTFUNUSDT": 0.03765,
  "RESOLVUSDT": 0.06523,
  "CAKEUSDT": 1.3069,
  "EIGENUSDT": 0.1976,
  "LINK/USDCUSDT": 8.916,
  "PLAYUSDT": 0.02037,
  "VETUSDT": 0.007898,
  "ZKUSDT": 0.0203,
  "GUNUSDT": 0.02845,
  "STRKUSDT": 0.04632,
  "MEUSDT": 0.1305,
  "MUSDT": 1.3415,
  "CYSUSDT": 0.3833,
  "AVAX/USDCUSDT": 9.231,
  "JELLYJELLYUSDT": 0.06698,
  "INTCUSDT": 44.08,
  "BREVUSDT": 0.1394,
  "AAVE/USDCUSDT": 120.36,
  "ARUSDT": 2.103,
  "TRBUSDT": 15.535,
  "LAUSDT": 0.2106,
  "CRCLUSDT": 63.84,
  "WLFI/USDCUSDT": 0.1209,
  "TURBOUSDT": 0.0010941,
  "THETAUSDT": 0.2103,
  "CCUSDT": 0.15936,
  "GPSUSDT": 0.013024,
  "XPDUSDT": 1749.52,
  "TAKEUSDT": 0.02474,
  "EDENUSDT": 0.03668,
  "RUNEUSDT": 0.416,
  "BULLAUSDT": 0.02667,
  "PYTHUSDT": 0.05499,
  "LTC/USDCUSDT": 55.05,
  "C98USDT": 0.0271,
  "BCH/USDUSDT": 566.91,
  "XTZUSDT": 0.397,
  "ENA/USDCUSDT": 0.1115,
  "BANANAS31USDT": 0.004621,
  "1000LUNCUSDT": 0.03716,
  "MERLUSDT": 0.05265,
  "WOOUSDT": 0.01886,
  "BIRBUSDT": 0.17562,
  "BIGTIMEUSDT": 0.01568,
  "COMPUSDT": 18.33,
  "WUSDT": 0.02008,
  "GWEIUSDT": 0.029484,
  "BRETTUSDT": 0.00793,
  "FIGHTUSDT": 0.007123,
  "XPTUSDT": 2162.16,
  "PNUTUSDT": 0.04948,
  "SYRUPUSDT": 0.22767,
  "HUMAUSDT": 0.012759,
  "ARKMUSDT": 0.1166,
  "CFXUSDT": 0.05439,
  "AVNTUSDT": 0.1923,
  "ZKPUSDT": 0.09287,
  "TRUMP/USDCUSDT": 3.517,
  "COINUSDT": 171.03,
  "SUSDT": 0.04409,
  "KASUSDT": 0.03124,
  "MOVEUSDT": 0.02411,
  "AEROUSDT": 0.3263,
  "MUBARAKUSDT": 0.01611,
  "MANAUSDT": 0.0997,
  "STXUSDT": 0.2581,
  "FLOWUSDT": 0.03826,
  "TNSRUSDT": 0.05017,
  "NEAR/USDCUSDT": 1.091,
  "BOMEUSDT": 0.000424,
  "LTC/USDUSDT": 55.04,
  "WETUSDT": 0.08363,
  "LPTUSDT": 2.365,
  "CARVUSDT": 0.06511,
  "ESPORTSUSDT": 0.32956,
  "IMXUSDT": 0.1699,
  "NIGHTUSDT": 0.06022,
  "KAITOUSDT": 0.3092,
  "XNYUSDT": 0.004572,
  "AGLDUSDT": 0.2282,
  "XPINUSDT": 0.001736,
  "AAVE/USDUSDT": 120.39,
  "IOTAUSDT": 0.0704,
  "FHEUSDT": 0.0403,
  "IOTXUSDT": 0.00506,
  "IRUSDT": 0.09576,
  "FIL/USDUSDT": 0.997,
  "2ZUSDT": 0.07414,
  "OP/USDUSDT": 0.1331,
  "CRV/USDCUSDT": 0.2457,
  "AIXBTUSDT": 0.02055,
  "DEEPUSDT": 0.02898,
  "JASMYUSDT": 0.0059,
  "BBUSDT": 0.03106,
  "LUNA2USDT": 0.06499,
  "PARTIUSDT": 0.10581,
  "MEMEUSDT": 0.0006998,
  "SUSHIUSDT": 0.2138,
  "AVAX/USDUSDT": 9.23,
  "ALICEUSDT": 0.113,
  "GMTUSDT": 0.01238,
  "AKTUSDT": 0.323,
  "COWUSDT": 0.2079,
  "BASUSDT": 0.005289,
  "ELSAUSDT": 0.07779,
  "HOMEUSDT": 0.029158,
  "RAYSOLUSDT": 0.655,
  "DRIFTUSDT": 0.092,
  "FFUSDT": 0.08158,
  "LAYERUSDT": 0.0892,
  "POPCATUSDT": 0.0523,
  "PENGU/USDCUSDT": 0.007009,
  "TLMUSDT": 0.001722,
  "BARDUSDT": 0.7563,
  "PEOPLEUSDT": 0.00692,
  "SKYUSDT": 0.06418,
  "DUSDT": 0.00792,
  "AXLUSDT": 0.05617,
  "METUSDT": 0.2148,
  "GLMUSDT": 0.16868,
  "ZKCUSDT": 0.0915,
  "DOT/USDUSDT": 1.381,
  "AUCTIONUSDT": 5.136,
  "QNTUSDT": 66.04,
  "DEXEUSDT": 2.473,
  "PLTRUSDT": 134.62,
  "SIGNUSDT": 0.02624,
  "HANAUSDT": 0.03612,
  "ZBTUSDT": 0.07513,
  "INXUSDT": 0.012936,
  "SKLUSDT": 0.00694,
  "PTBUSDT": 0.001407,
  "JCTUSDT": 0.001773,
  "PLUMEUSDT": 0.01024,
  "MAGICUSDT": 0.07063,
  "COAIUSDT": 0.3348,
  "1INCHUSDT": 0.0947,
  "UNI/USDUSDT": 3.608,
  "UAIUSDT": 0.249,
  "FOLKSUSDT": 1.394,
  "USUALUSDT": 0.01507,
  "SONICUSDT": 0.05034,
  "EGLDUSDT": 4.682,
  "MASKUSDT": 0.4578,
  "CELOUSDT": 0.08,
  "SUPERUSDT": 0.1208,
  "WCTUSDT": 0.0619,
  "ZRXUSDT": 0.1139,
  "ANIMEUSDT": 0.005068,
  "BLURUSDT": 0.02121,
  "KERNELUSDT": 0.0705,
  "BTCDOMUSDT": 5095.0,
  "GRASSUSDT": 0.1918,
  "MMTUSDT": 0.1319,
  "ACEUSDT": 0.1647,
  "PROVEUSDT": 0.3101,
  "ACHUSDT": 0.007646,
  "1000SATSUSDT": 1.16e-05,
  "CHILLGUYUSDT": 0.01116,
  "USDCUSDT": 0.999848,
  "LRCUSDT": 0.0342,
  "4USDT": 0.00928,
  "AGTUSDT": 0.005259,
  "WIF/USDCUSDT": 0.2273,
  "PROMUSDT": 1.321,
  "TAGUSDT": 0.0003349,
  "OGUSDT": 3.343,
  "RSRUSDT": 0.001521,
  "PIEVERSEUSDT": 0.4159,
  "SXTUSDT": 0.02232,
  "LQTYUSDT": 0.2845,
  "TIA/USDCUSDT": 0.3442,
  "NXPCUSDT": 0.2761,
  "1MBABYDOGEUSDT": 0.0004023,
  "ZORAUSDT": 0.02081,