{
  "BTCUSDT": 68009.5,
  "ETHUSDT": 1972.16,
  "SOLUSDT": 85.01,
  "XRPUSDT": 1.4192,
  "BNBUSDT": 622.44,
  "BCHUSDT": 572.06,
  "DOGEUSDT": 0.09709,
  "HYPEUSDT": 29.485,
  "XAGUSDT": 84.72,
  "PAXGUSDT": 5128.04,
  "XAUUSDT": 5114.01,
  "WLFIUSDT": 0.118,
  "ZECUSDT": 249.53,
  "TRXUSDT": 0.28835,
  "SUIUSDT": 0.9323,
  "ASTERUSDT": 0.7101,
  "LINKUSDT": 8.8,
  "UNIUSDT": 3.545,
  "ADAUSDT": 0.2756,
  "LTCUSDT": 54.61,
  "AVAXUSDT": 8.98,
  "PUMPUSDT": 0.002078,
  "1000PEPEUSDT": 0.0040817,
  "ENAUSDT": 0.1039,
  "PIPPINUSDT": 0.58063,
  "AAVEUSDT": 118.66,
  "NEARUSDT": 1.026,
  "KITEUSDT": 0.23599,
  "LITUSDT": 1.496,
  "WLDUSDT": 0.3812,
  "TRUMPUSDT": 3.416,
  "ARCUSDT": 0.08031,
  "FILUSDT": 0.943,
  "TAOUSDT": 177.75,
  "XPLUSDT": 0.0937,
  "ENSOUSDT": 2.0943,
  "DOTUSDT": 1.328,
  "ATOMUSDT": 2.295,
  "ZROUSDT": 1.6976,
  "APTUSDT": 0.8515,
  "BERAUSDT": 0.6301,
  "TONUSDT": 1.3238,
  "XLMUSDT": 0.1562,
  "HBARUSDT": 0.09801,
  "1000SHIBUSDT": 0.006202,
  "AXSUSDT": 1.309,
  "ARBUSDT": 0.0957,
  "ICPUSDT": 2.187,
  "RIVERUSDT": 8.168,
  "OPUSDT": 0.1252,
  "HUSDT": 0.1632,
  "POWERUSDT": 0.45899,
  "XMRUSDT": 323.19,
  "ETCUSDT": 8.782,
  "MONUSDT": 0.02004,
  "WIFUSDT": 0.216,
  "FETUSDT": 0.1617,
  "BARDUSDT": 0.7833,
  "FFUSDT": 0.07898,
  "CRVUSDT": 0.232,
  "RAVEUSDT": 0.64946,
  "PENGUUSDT": 0.006679,
  "FARTCOINUSDT": 0.1804,
  "BANUSDT": 0.13579,
  "INJUSDT": 3.606,
  "\u5e01\u5b89\u4eba\u751fUSDT": 0.08497,
  "1000BONKUSDT": 0.006138,
  "PARTIUSDT": 0.1063,
  "IPUSDT": 1.077,
  "POLUSDT": 0.10694,
  "DASHUSDT": 34.14,
  "BTCDOMUSDT": 5114.1,
  "CHZUSDT": 0.03407,
  "AZTECUSDT": 0.03099,
  "SIRENUSDT": 0.27193,
  "SENTUSDT": 0.02158,
  "TIAUSDT": 0.3219,
  "ONDOUSDT": 0.2622,
  "0GUSDT": 0.6429,
  "VIRTUALUSDT": 0.6296,
  "ETHFIUSDT": 0.4503,
  "SEIUSDT": 0.07,
  "ZKUSDT": 0.0194,
  "LYNUSDT": 0.3093,
  "ZAMAUSDT": 0.02313,
  "JUPUSDT": 0.1546,
  "OPNUSDT": 0.5833,
  "VVVUSDT": 4.221,
  "STABLEUSDT": 0.028941,
  "MYXUSDT": 0.926,
  "ALCHUSDT": 0.07992,
  "CCUSDT": 0.15888,
  "QUSDT": 0.023374,
  "PENDLEUSDT": 1.1949,
  "BIOUSDT": 0.02685,
  "KAITOUSDT": 0.2981,
  "LDOUSDT": 0.3192,
  "1000RATSUSDT": 0.04627,
  "HOMEUSDT": 0.029881,
  "DUSKUSDT": 0.08055,
  "RENDERUSDT": 1.43,
  "BTRUSDT": 0.19472,
  "BANANAS31USDT": 0.004593,
  "NIGHTUSDT": 0.05826,
  "TRADOORUSDT": 1.478,
  "ALGOUSDT": 0.0877,
  "ATUSDT": 0.16124,
  "ZENUSDT": 5.743,
  "HANAUSDT": 0.03607,
  "JTOUSDT": 0.3132,
  "ESPUSDT": 0.07417,
  "SKYAIUSDT": 0.03863,
  "SANDUSDT": 0.08237,
  "STRKUSDT": 0.04386,
  "OMUSDT": 0.06833,
  "MORPHOUSDT": 1.6155,
  "CAKEUSDT": 1.3086,
  "ALLOUSDT": 0.11969,
  "ORCAUSDT": 1.035,
  "GUNUSDT": 0.02841,
  "SNXUSDT": 0.419,
  "MUSDT": 1.3686,
  "ZILUSDT": 0.00406,
  "UBUSDT": 0.03511,
  "GPSUSDT": 0.013168,
  "PIEVERSEUSDT": 0.4088,
  "SKYUSDT": 0.06505,
  "USDCUSDT": 0.999826,
  "GALAUSDT": 0.00378,
  "GIGGLEUSDT": 28.43,
  "\u6211\u8e0f\u9a6c\u6765\u4e86USDT": 0.015128,
  "APEUSDT": 0.1059,
  "B2USDT": 0.7202,
  "AWEUSDT": 0.05363,
  "ROSEUSDT": 0.01333,
  "PYTHUSDT": 0.05278,
  "CYBERUSDT": 0.6075,
  "HUMAUSDT": 0.012974,
  "XPINUSDT": 0.001674,
  "METUSDT": 0.2054,
  "BULLAUSDT": 0.02747,
  "BEAMXUSDT": 0.002229,
  "NAORISUSDT": 0.04692,
  "AVNTUSDT": 0.1826,
  "JELLYJELLYUSDT": 0.06525,
  "BUSDT": 0.1323,
  "GUAUSDT": 0.15934,
  "YGGUSDT": 0.04356,
  "AEROUSDT": 0.3262,
  "MSTRUSDT": 131.53,
  "SYRUPUSDT": 0.22573,
  "CYSUSDT": 0.3751,
  "EIGENUSDT": 0.1843,
  "ESPORTSUSDT": 0.34475,
  "INITUSDT": 0.09258,
  "NXPCUSDT": 0.2724,
  "XTZUSDT": 0.381,
  "TSLAUSDT": 411.41,
  "COLLECTUSDT": 0.05031,
  "ORDIUSDT": 2.564,
  "DYDXUSDT": 0.096,
  "ZKPUSDT": 0.08906,
  "VETUSDT": 0.007541,
  "MEUSDT": 0.1238,
  "MOVEUSDT": 0.02301,
  "FORMUSDT": 0.2079,
  "COMPUSDT": 17.58,
  "NEOUSDT": 2.703,
  "FOGOUSDT": 0.02623,
  "AUCTIONUSDT": 4.987,
  "SPACEUSDT": 0.010222,
  "ENSUSDT": 6.528,
  "LAUSDT": 0.2085,
  "SUSDT": 0.04253,
  "LINEAUSDT": 0.003415,
  "PNUTUSDT": 0.04695,
  "SOMIUSDT": 0.2129,
  "RESOLVUSDT": 0.06507,
  "1000LUNCUSDT": 0.03576,
  "1000FLOKIUSDT": 0.02965,
  "VANAUSDT": 1.546,
  "BEATUSDT": 0.2378,
  "OGUSDT": 3.312,
  "STGUSDT": 0.1474,
  "AGTUSDT": 0.005602,
  "STXUSDT": 0.2485,
  "MERLUSDT": 0.05089,
  "PLUMEUSDT": 0.00969,
  "LPTUSDT": 2.307,
  "CLOUSDT": 0.08877,
  "GWEIUSDT": 0.029543,
  "FHEUSDT": 0.03945,
  "EDUUSDT": 0.1248,
  "BIRBUSDT": 0.16651,
  "TRBUSDT": 14.901,
  "EULUSDT": 0.945,
  "UAIUSDT": 0.2492,
  "TRIAUSDT": 0.01528,
  "ARUSDT": 1.982,
  "BANKUSDT": 0.03894,
  "ATHUSDT": 0.005348,
  "WUSDT": 0.01909,
  "SAPIENUSDT": 0.09842,
  "NMRUSDT": 8.065,
  "LRCUSDT": 0.0323,
  "CFXUSDT": 0.05188,
  "MANAUSDT": 0.0949,
  "JASMYUSDT": 0.005662,
  "WCTUSDT": 0.05965,
  "2ZUSDT": 0.07091,
  "USELESSUSDT": 0.03883,
  "TAUSDT": 0.03871,
  "API3USDT": 0.2963,
  "ZORAUSDT": 0.02044,
  "SPXUSDT": 0.314,
  "MMTUSDT": 0.1272,
  "GRTUSDT": 0.02709,
  "LIGHTUSDT": 0.238,
  "MOODENGUSDT": 0.05503,
  "FLOWUSDT": 0.0389,
  "TAGUSDT": 0.0003724,
  "COAIUSDT": 0.3144,
  "PTBUSDT": 0.0014,
  "AIAUSDT": 0.10206,
  "IMXUSDT": 0.1628,
  "RPLUSDT": 2.298,
  "IOTAUSDT": 0.0679,
  "LUNA2USDT": 0.06248,
  "IOUSDT": 0.1199,
  "AXLUSDT": 0.05505,
  "AGLDUSDT": 0.2552,
  "THETAUSDT": 0.1963,
  "QNTUSDT": 65.28,
  "1INCHUSDT": 0.0921,
  "ZRXUSDT": 0.1078,
  "SFPUSDT": 0.2639,
  "4USDT": 0.00857,
  "SPKUSDT": 0.0204,
  "JSTUSDT": 0.042768,
  "BREVUSDT": 0.1301,
  "KAIAUSDT": 0.05597,
  "NEIROUSDT": 7.09e-05,
  "SKRUSDT": 0.019424,
  "ARKMUSDT": 0.1091,
  "FOLKSUSDT": 1.315,
  "MEGAUSDT": 0.1323,
  "YFIUSDT": 2791.0,
  "KGENUSDT": 0.18185,
  "RUNEUSDT": 0.4047,
  "BLUAIUSDT": 0.005334,
  "EGLDUSDT": 4.464,
  "ANIMEUSDT": 0.004954,
  "COWUSDT": 0.2117,
  "BOMEUSDT": 0.0003975,
  "MAGICUSDT": 0.06767,
  "FIGHTUSDT": 0.007061,
  "TWTUSDT": 0.5149,
  "NOMUSDT": 0.005113,
  "PROVEUSDT": 0.2939,
  "PEOPLEUSDT": 0.00654,
  "AIOUSDT": 0.08164,
  "MANTAUSDT": 0.07016,
  "ZKCUSDT": 0.0886,
  "SIGNUSDT": 0.02566,
  "SAHARAUSDT": 0.01517,
  "TAKEUSDT": 0.02511,
  "KASUSDT": 0.0306,
  "OPENUSDT": 0.15,
  "MINAUSDT": 0.06069,
  "TSTUSDT": 0.01024,
  "AVAAIUSDT": 0.00751,
  "AUSDT": 0.0808,
  "GASUSDT": 1.567,
  "XNYUSDT": 0.004395,
  "TNSRUSDT": 0.04825,
  "ACTUSDT": 0.01405,
  "TUTUSDT": 0.01076,
  "GMTUSDT": 0.01168,
  "BATUSDT": 0.1193,
  "SUPERUSDT": 0.1165,
  "TURBOUSDT": 0.0010279,
  "SANTOSUSDT": 1.895,
  "VTHOUSDT": 0.0006225,
  "GRASSUSDT": 0.1824,
  "VELVETUSDT": 0.07905,
  "IDOLUSDT": 0.02173,
  "SOPHUSDT": 0.009096,
  "XPTUSDT": 2162.46,
  "TRUTHUSDT": 0.010306,
  "SWARMSUSDT": 0.00694,
  "BSVUSDT": 15.72,
  "CATIUSDT": 0.03922,
  "SUSHIUSDT": 0.203,
  "NILUSDT": 0.04978,
  "ZBTUSDT": 0.07157,
  "YBUSDT": 0.155,
  "FUSDT": 0.005744,
  "AKEUSDT": 0.0002693,
  "POPCATUSDT": 0.04991,
  "C98USDT": 0.0267,
  "VELODROMEUSDT": 0.01493,
  "ACHUSDT": 0.007361,
  "CTSIUSDT": 0.0256,
  "BABYUSDT": 0.01275,
  "MUBARAKUSDT": 0.01463,
  "LAYERUSDT": 0.0854,
  "ICNTUSDT": 0.4038,
  "CVXUSDT": 1.862,
  "XVGUSDT": 0.006047,
  "SOONUSDT": 0.1731,
  "STOUSDT": 0.05735,
  "PLAYUSDT": 0.0213,
  "KSMUSDT": 4.816,
  "ASRUSDT": 1.43,
  "DEXEUSDT": 2.42,
  "BLURUSDT": 0.02021,
  "RAYSOLUSDT": 0.6328,
  "MASKUSDT": 0.4386,
  "ALTUSDT": 0.0077,
  "GLMUSDT": 0.16496,
  "AIXBTUSDT": 0.01947,
  "EDENUSDT": 0.03463,
  "SOLVUSDT": 0.00431,
  "RAREUSDT": 0.01879,
  "ONTUSDT": 0.0429,
  "FRAXUSDT": 0.6632,
  "CELOUSDT": 0.076,
  "IRUSDT": 0.09352,
  "ANKRUSDT": 0.004388,
  "UMAUSDT": 0.4616,
  "MEMEUSDT": 0.0006639,
  "DOLOUSDT": 0.03967,
  "DRIFTUSDT": 0.0871,
  "THEUSDT": 0.2536,
  "ZEREBROUSDT": 0.00763,
  "SONICUSDT": 0.04673,
  "SUNUSDT": 0.016966,
  "DEGOUSDT": 0.3381,
  "MELANIAUSDT": 0.1143,
  "ERAUSDT": 0.1508,
  "IDUSDT": 0.04686,
  "WOOUSDT": 0.01786,
  "KERNELUSDT": 0.06596,
  "ONUSDT": 0.09565,
  "APRUSDT": 0.10156,
  "IOTXUSDT": 0.00455,
  "KAVAUSDT": 0.051,
  "BASUSDT": 0.005125,
  "RSRUSDT": 0.00144,
  "STORJUSDT": 0.0946,
  "GMXUSDT": 6.445,
  "SKLUSDT": 0.00666,
  "POLYXUSDT": 0.04239,
  "TUSDT": 0.00691,
  "HYPERUSDT": 0.0947,
  "WALUSDT": 0.0768,