{
  "BTCUSDT": 66299.9,
  "ETHUSDT": 1978.18,
  "SOLUSDT": 84.93,
  "XRPUSDT": 1.3773,
  "BNBUSDT": 620.68,
  "XAUUSDT": 5301.54,
  "DOGEUSDT": 0.09366,
  "XAGUSDT": 94.42,
  "HYPEUSDT": 30.681,
  "PAXGUSDT": 5383.79,
  "BCHUSDT": 445.79,
  "WLFIUSDT": 0.1102,
  "TRXUSDT": 0.28113,
  "ADAUSDT": 0.2787,
  "ZECUSDT": 221.82,
  "UNIUSDT": 3.775,
  "SUIUSDT": 0.9083,
  "ASTERUSDT": 0.7131,
  "LINKUSDT": 8.884,
  "AVAXUSDT": 9.144,
  "LTCUSDT": 53.99,
  "1000PEPEUSDT": 0.0035672,
  "PUMPUSDT": 0.001909,
  "ENAUSDT": 0.1044,
  "NEARUSDT": 1.167,
  "PIPPINUSDT": 0.60222,
  "DOTUSDT": 1.574,
  "AAVEUSDT": 114.61,
  "WLDUSDT": 0.3893,
  "KITEUSDT": 0.26032,
  "POWERUSDT": 1.89434,
  "FILUSDT": 0.977,
  "LITUSDT": 1.404,
  "XPLUSDT": 0.0982,
  "TRUMPUSDT": 3.472,
  "TAOUSDT": 179.3,
  "ZROUSDT": 1.827,
  "1000SHIBUSDT": 0.005684,
  "APTUSDT": 0.943,
  "TONUSDT": 1.2458,
  "RIVERUSDT": 13.658,
  "ATOMUSDT": 1.826,
  "HBARUSDT": 0.09916,
  "BERAUSDT": 0.6027,
  "XMRUSDT": 342.68,
  "XLMUSDT": 0.15798,
  "ARBUSDT": 0.1003,
  "WIFUSDT": 0.1939,
  "HUSDT": 0.12089,
  "ICPUSDT": 2.374,
  "MONUSDT": 0.02127,
  "ARCUSDT": 0.04173,
  "CRVUSDT": 0.246,
  "AXSUSDT": 1.302,
  "FETUSDT": 0.155,
  "OPUSDT": 0.1224,
  "FFUSDT": 0.07911,
  "VIRTUALUSDT": 0.6977,
  "PENGUUSDT": 0.006843,
  "ETCUSDT": 8.611,
  "CCUSDT": 0.16522,
  "BARDUSDT": 0.9934,
  "POLUSDT": 0.10683,
  "PARTIUSDT": 0.09205,
  "VVVUSDT": 5.606,
  "BTCDOMUSDT": 5039.3,
  "1000BONKUSDT": 0.005907,
  "FARTCOINUSDT": 0.1589,
  "CHZUSDT": 0.03371,
  "ETHFIUSDT": 0.5031,
  "\u5e01\u5b89\u4eba\u751fUSDT": 0.06599,
  "TIAUSDT": 0.3244,
  "ONDOUSDT": 0.2583,
  "IPUSDT": 0.899,
  "BANUSDT": 0.10909,
  "DASHUSDT": 32.94,
  "INJUSDT": 3.058,
  "ESPUSDT": 0.1316,
  "SEIUSDT": 0.06872,
  "ENSOUSDT": 1.3377,
  "0GUSDT": 0.6459,
  "SENTUSDT": 0.02113,
  "JUPUSDT": 0.1683,
  "STABLEUSDT": 0.033047,
  "BULLAUSDT": 0.02602,
  "SAHARAUSDT": 0.02207,
  "KAITOUSDT": 0.3355,
  "ALCHUSDT": 0.08226,
  "GWEIUSDT": 0.044832,
  "ZKUSDT": 0.01891,
  "SKYAIUSDT": 0.03969,
  "PENDLEUSDT": 1.3002,
  "QUSDT": 0.024823,
  "ZAMAUSDT": 0.02131,
  "LDOUSDT": 0.3036,
  "RENDERUSDT": 1.367,
  "GUAUSDT": 0.22591,
  "SIRENUSDT": 0.25706,
  "BUSDT": 0.1744,
  "BANANAS31USDT": 0.004695,
  "HOMEUSDT": 0.029302,
  "ATUSDT": 0.15821,
  "MORPHOUSDT": 1.7014,
  "PIEVERSEUSDT": 0.5252,
  "NIGHTUSDT": 0.05834,
  "MYXUSDT": 0.404,
  "ZENUSDT": 5.353,
  "DENTUSDT": 0.000359,
  "SIGNUSDT": 0.02612,
  "MUSDT": 1.4937,
  "CAKEUSDT": 1.3117,
  "GIGGLEUSDT": 26.34,
  "BIOUSDT": 0.02066,
  "1000RATSUSDT": 0.03813,
  "STRKUSDT": 0.04127,
  "SANDUSDT": 0.08395,
  "ALLOUSDT": 0.11156,
  "BTRUSDT": 0.18415,
  "HANAUSDT": 0.03543,
  "GALAUSDT": 0.00352,
  "USDCUSDT": 0.9995,
  "STGUSDT": 0.1618,
  "ALGOUSDT": 0.0873,
  "GPSUSDT": 0.009326,
  "SKYUSDT": 0.06824,
  "MSTRUSDT": 129.92,
  "1000LUNCUSDT": 0.0446,
  "LYNUSDT": 0.26765,
  "APEUSDT": 0.1024,
  "AEROUSDT": 0.3528,
  "DUSKUSDT": 0.08311,
  "ATHUSDT": 0.006231,
  "JTOUSDT": 0.2651,
  "AZTECUSDT": 0.02172,
  "GUNUSDT": 0.02613,
  "SYRUPUSDT": 0.23724,
  "TRADOORUSDT": 1.4,
  "OPNUSDT": 0.4742,
  "JELLYJELLYUSDT": 0.06637,
  "HUMAUSDT": 0.012277,
  "B2USDT": 0.7234,
  "ZILUSDT": 0.00426,
  "TSLAUSDT": 401.96,
  "UBUSDT": 0.03348,
  "EIGENUSDT": 0.1846,
  "GRASSUSDT": 0.2774,
  "CRCLUSDT": 83.5,
  "XPINUSDT": 0.001396,
  "METUSDT": 0.1821,
  "PYTHUSDT": 0.04947,
  "XTZUSDT": 0.385,
  "BEAMXUSDT": 0.001873,
  "FIOUSDT": 0.01166,
  "FOGOUSDT": 0.02598,
  "ROSEUSDT": 0.01147,
  "VETUSDT": 0.007228,
  "DYDXUSDT": 0.092,
  "NEOUSDT": 2.702,
  "AVNTUSDT": 0.1751,
  "LAUSDT": 0.2177,
  "\u6211\u8e0f\u9a6c\u6765\u4e86USDT": 0.011463,
  "NXPCUSDT": 0.2714,
  "MOVEUSDT": 0.02169,
  "ORDIUSDT": 2.42,
  "COLLECTUSDT": 0.04334,
  "ZKPUSDT": 0.08698,
  "SKRUSDT": 0.022588,
  "LINEAUSDT": 0.003106,
  "ROBOUSDT": 0.03803,
  "FORMUSDT": 0.1903,
  "ESPORTSUSDT": 0.30167,
  "RAVEUSDT": 0.35525,
  "COMPUSDT": 17.84,
  "AUCTIONUSDT": 4.78,
  "1000FLOKIUSDT": 0.0276,
  "SUSDT": 0.03993,
  "PNUTUSDT": 0.04447,
  "BEATUSDT": 0.2326,
  "ORCAUSDT": 0.882,
  "SPXUSDT": 0.3349,
  "EULUSDT": 1.105,
  "CYBERUSDT": 0.5278,
  "SNXUSDT": 0.318,
  "ENSUSDT": 6.063,
  "LPTUSDT": 2.321,
  "STXUSDT": 0.2564,
  "WETUSDT": 0.10556,
  "TRBUSDT": 14.005,
  "WUSDT": 0.01872,
  "ARUSDT": 1.53,
  "JASMYUSDT": 0.005494,
  "AGLDUSDT": 0.225,
  "BIRBUSDT": 0.15705,
  "LAYERUSDT": 0.0955,
  "MEUSDT": 0.1169,
  "PLUMEUSDT": 0.00924,
  "USELESSUSDT": 0.04166,
  "SOMIUSDT": 0.202,
  "TRIAUSDT": 0.01816,
  "RESOLVUSDT": 0.05949,
  "TAUSDT": 0.04007,
  "AWEUSDT": 0.05174,
  "STEEMUSDT": 0.06313,
  "BANKUSDT": 0.03595,
  "MANAUSDT": 0.0965,
  "JSTUSDT": 0.04686,
  "AXLUSDT": 0.05354,
  "IMXUSDT": 0.1631,
  "IOTAUSDT": 0.0673,
  "COAIUSDT": 0.3218,
  "FLOWUSDT": 0.038,
  "AGTUSDT": 0.005407,
  "YGGUSDT": 0.03778,
  "CLOUSDT": 0.07055,
  "DEXEUSDT": 3.321,
  "2ZUSDT": 0.07463,
  "GRTUSDT": 0.02613,
  "MERLUSDT": 0.04116,
  "EDUUSDT": 0.1061,
  "CFXUSDT": 0.04828,
  "API3USDT": 0.2827,
  "OGUSDT": 2.962,
  "CYSUSDT": 0.3146,
  "INITUSDT": 0.07625,
  "WCTUSDT": 0.05865,
  "QNTUSDT": 62.93,
  "NMRUSDT": 7.536,
  "MMTUSDT": 0.1179,
  "MOODENGUSDT": 0.04952,
  "SFPUSDT": 0.2623,
  "SUNUSDT": 0.014868,
  "TAGUSDT": 0.0003451,
  "SPKUSDT": 0.01917,
  "LIGHTUSDT": 0.1888,
  "NEIROUSDT": 6.651e-05,
  "FOLKSUSDT": 1.338,
  "THETAUSDT": 0.1913,
  "NAORISUSDT": 0.0306,
  "VANAUSDT": 1.441,
  "ZRXUSDT": 0.1055,
  "ZORAUSDT": 0.01821,
  "1INCHUSDT": 0.0931,
  "PTBUSDT": 0.001136,
  "4USDT": 0.00758,
  "ARKMUSDT": 0.1074,
  "SOPHUSDT": 0.009212,
  "RUNEUSDT": 0.3977,
  "KAIAUSDT": 0.05497,
  "EGLDUSDT": 4.475,
  "IOUSDT": 0.1084,
  "XPTUSDT": 2378.96,
  "AIXBTUSDT": 0.0213,
  "ANIMEUSDT": 0.004848,
  "SPACEUSDT": 0.007808,
  "KASUSDT": 0.02963,
  "KGENUSDT": 0.18585,
  "LRCUSDT": 0.03101,
  "YFIUSDT": 2655.0,
  "GMTUSDT": 0.01185,
  "LUNA2USDT": 0.06537,
  "MEGAUSDT": 0.13344,
  "PEOPLEUSDT": 0.00635,
  "AKEUSDT": 0.000243,
  "MIRAUSDT": 0.0877,
  "BLUAIUSDT": 0.004999,
  "PROVEUSDT": 0.2939,
  "TAKEUSDT": 0.0208,
  "BSVUSDT": 15.52,
  "VELVETUSDT": 0.08289,
  "ALICEUSDT": 0.125,
  "BATUSDT": 0.1035,
  "AUSDT": 0.0799,
  "BREVUSDT": 0.1324,
  "KERNELUSDT": 0.07892,
  "FHEUSDT": 0.02788,
  "COWUSDT": 0.2113,
  "TSTUSDT": 0.00941,
  "CATIUSDT": 0.04112,
  "OPENUSDT": 0.145,
  "AIAUSDT": 0.0815,
  "AVAAIUSDT": 0.00735,
  "STOUSDT": 0.06193,
  "TWTUSDT": 0.4962,
  "POPCATUSDT": 0.04728,
  "SWARMSUSDT": 0.007226,
  "TURBOUSDT": 0.0009819,
  "ACTUSDT": 0.01345,
  "BOMEUSDT": 0.0003863,
  "UAIUSDT": 0.1657,
  "SUSHIUSDT": 0.2023,
  "SOONUSDT": 0.1649,
  "NOMUSDT": 0.003523,
  "VELODROMEUSDT": 0.01559,
  "RPLUSDT": 1.856,
  "GASUSDT": 1.597,
  "FIGHTUSDT": 0.006317,
  "SUPERUSDT": 0.1161,
  "TUTUSDT": 0.01012,
  "MINAUSDT": 0.05676,
  "MANTAUSDT": 0.06113,
  "BABYUSDT": 0.01145,
  "KSMUSDT": 4.872,
  "XNYUSDT": 0.005633,
  "FUSDT": 0.005712,
  "XVGUSDT": 0.005628,
  "MAGICUSDT": 0.06118,
  "TNSRUSDT": 0.04543,
  "YBUSDT": 0.1609,
  "MEMEUSDT": 0.0005966,
  "ALTUSDT": 0.007218,
  "BLURUSDT": 0.02002,
  "AINUSDT": 0.04124,
  "TRUTHUSDT": 0.010037,
  "NILUSDT": 0.04772,
  "AIOUSDT": 0.06999,
  "MASKUSDT": 0.4276,
  "IOTXUSDT": 0.00467,
  "HOLOUSDT": 0.06097,
  "CELOUSDT": 0.079,
  "KOMAUSDT": 0.00806,
  "REDUSDT": 0.1495,
  "STBLUSDT": 0.04105,
  "ASRUSDT": 1.323,
  "INUSDT": 0.07038,
  "ZBTUSDT": 0.07316,
  "ONTUSDT": 0.0434,
  "NEWTUSDT": 0.06871,
  "ACHUSDT": 0.006786,
  "UMAUSDT": 0.4243,
  "SAPIENUSDT": 0.08427,
  "RAYSOLUSDT": 0.6018,
  "MELANIAUSDT": 0.1109,
  "MUBARAKUSDT": 0.01356,
  "BASUSDT": 0.006536,
  "WALUSDT": 0.07767,
  "KMNOUSDT": 0.02172,
  "C98USDT": 0.0265,
  "GLMUSDT": 0.13391,
  "DRIFTUSDT": 0.0864,
  "ERAUSDT": 0.1462,
  "RSRUSDT": 0.001517,
  "EDENUSDT": 0.0322,
  "CTSIUSDT": 0.0244,
  "IDOLUSDT": 0.01919,
  "DAMUSDT": 0.02314,
  "ANKRUSDT": 0.004252,
  "SKLUSDT": 0.00647,
  "SONICUSDT": 0.0443,
  "SOLVUSDT": 0.003937,
  "KAVAUSDT": 0.0496,
  "HOTUSDT": 0.000392,
  "ZEREBROUSDT": 0.007106,
  "ZKCUSDT": 0.0844,
  "ICNTUSDT": 0.3746,
  "DEGOUSDT": 0.3055,