{
  "BTCUSDT": 68445.9,
  "ETHUSDT": 1988.37,
  "SOLUSDT": 86.3,
  "XRPUSDT": 1.4537,
  "BNBUSDT": 633.04,
  "BCHUSDT": 570.98,
  "DOGEUSDT": 0.10038,
  "HYPEUSDT": 30.043,
  "XAGUSDT": 84.54,
  "WLFIUSDT": 0.1207,
  "XAUUSDT": 5117.68,
  "PAXGUSDT": 5136.08,
  "ZECUSDT": 261.19,
  "TRXUSDT": 0.28599,
  "SUIUSDT": 0.963,
  "ASTERUSDT": 0.7229,
  "LINKUSDT": 8.962,
  "ADAUSDT": 0.2825,
  "UNIUSDT": 3.642,
  "AVAXUSDT": 9.367,
  "LTCUSDT": 55.5,
  "1000PEPEUSDT": 0.0042794,
  "PUMPUSDT": 0.002119,
  "ENAUSDT": 0.1107,
  "AAVEUSDT": 122.67,
  "PIPPINUSDT": 0.50178,
  "NEARUSDT": 1.069,
  "KITEUSDT": 0.22445,
  "WLDUSDT": 0.3934,
  "TRUMPUSDT": 3.526,
  "LITUSDT": 1.509,
  "FILUSDT": 0.994,
  "XPLUSDT": 0.0993,
  "TAOUSDT": 182.7,
  "DOTUSDT": 1.377,
  "ARCUSDT": 0.07176,
  "ZROUSDT": 1.7357,
  "ATOMUSDT": 2.338,
  "APTUSDT": 0.8966,
  "TONUSDT": 1.346,
  "1000SHIBUSDT": 0.006485,
  "ENSOUSDT": 1.9368,
  "XLMUSDT": 0.1638,
  "HBARUSDT": 0.10075,
  "ARBUSDT": 0.1,
  "ICPUSDT": 2.263,
  "AXSUSDT": 1.338,
  "BERAUSDT": 0.5829,
  "ETCUSDT": 9.253,
  "RIVERUSDT": 8.14,
  "OPUSDT": 0.1292,
  "HUSDT": 0.16371,
  "XMRUSDT": 328.57,
  "MONUSDT": 0.02091,
  "AZTECUSDT": 0.03441,
  "WIFUSDT": 0.2268,
  "FETUSDT": 0.1687,
  "POWERUSDT": 0.42467,
  "PENGUUSDT": 0.007039,
  "FFUSDT": 0.07973,
  "CRVUSDT": 0.243,
  "INJUSDT": 3.833,
  "FARTCOINUSDT": 0.1883,
  "BARDUSDT": 0.7533,
  "1000BONKUSDT": 0.006415,
  "POLUSDT": 0.11198,
  "IPUSDT": 1.103,
  "\u5e01\u5b89\u4eba\u751fUSDT": 0.08583,
  "BANUSDT": 0.12711,
  "PARTIUSDT": 0.10514,
  "DASHUSDT": 34.52,
  "CHZUSDT": 0.03609,
  "BTCDOMUSDT": 5072.3,
  "RAVEUSDT": 0.58236,
  "TIAUSDT": 0.3395,
  "SENTUSDT": 0.02276,
  "ZAMAUSDT": 0.02466,
  "VIRTUALUSDT": 0.6523,
  "ONDOUSDT": 0.2725,
  "0GUSDT": 0.6801,
  "ETHFIUSDT": 0.4723,
  "VVVUSDT": 4.474,
  "SEIUSDT": 0.0714,
  "ZKUSDT": 0.02013,
  "JUPUSDT": 0.1593,
  "LYNUSDT": 0.30052,
  "STABLEUSDT": 0.029876,
  "BIOUSDT": 0.02884,
  "MYXUSDT": 1.048,
  "ESPUSDT": 0.08623,
  "ALCHUSDT": 0.08177,
  "RENDERUSDT": 1.491,
  "CCUSDT": 0.16079,
  "LDOUSDT": 0.3349,
  "PENDLEUSDT": 1.2442,
  "KAITOUSDT": 0.3054,
  "ALLOUSDT": 0.1353,
  "QUSDT": 0.022339,
  "1000RATSUSDT": 0.04679,
  "HOMEUSDT": 0.028955,
  "BTRUSDT": 0.19205,
  "ZENUSDT": 5.899,
  "NIGHTUSDT": 0.05878,
  "DUSKUSDT": 0.08451,
  "BANANAS31USDT": 0.004606,
  "SANDUSDT": 0.08595,
  "SKYAIUSDT": 0.03914,
  "SIRENUSDT": 0.21027,
  "ATUSDT": 0.16007,
  "ALGOUSDT": 0.0909,
  "CAKEUSDT": 1.3371,
  "HANAUSDT": 0.03603,
  "STRKUSDT": 0.04566,
  "JTOUSDT": 0.3068,
  "ORCAUSDT": 1.071,
  "TRADOORUSDT": 1.401,
  "YGGUSDT": 0.0484,
  "UBUSDT": 0.03726,
  "MORPHOUSDT": 1.6369,
  "ZILUSDT": 0.00422,
  "GUNUSDT": 0.02825,
  "GPSUSDT": 0.013022,
  "PIEVERSEUSDT": 0.4182,
  "SKYUSDT": 0.06433,
  "OMUSDT": 0.06363,
  "MUSDT": 1.3293,
  "USDCUSDT": 0.999804,
  "GALAUSDT": 0.00398,
  "\u6211\u8e0f\u9a6c\u6765\u4e86USDT": 0.016013,
  "APEUSDT": 0.1109,
  "ROSEUSDT": 0.01369,
  "GIGGLEUSDT": 29.51,
  "SNXUSDT": 0.407,
  "B2USDT": 0.7227,
  "PYTHUSDT": 0.0549,
  "AWEUSDT": 0.05744,
  "METUSDT": 0.2144,
  "AVNTUSDT": 0.1919,
  "XPINUSDT": 0.001693,
  "BEAMXUSDT": 0.002311,
  "CYSUSDT": 0.3797,
  "HUMAUSDT": 0.01277,
  "AEROUSDT": 0.3373,
  "JELLYJELLYUSDT": 0.06698,
  "INITUSDT": 0.10198,
  "EIGENUSDT": 0.1956,
  "SYRUPUSDT": 0.23196,
  "MSTRUSDT": 131.63,
  "COMPUSDT": 18.35,
  "BULLAUSDT": 0.02671,
  "BUSDT": 0.1308,
  "DYDXUSDT": 0.102,
  "NAORISUSDT": 0.0452,
  "ORDIUSDT": 2.714,
  "GUAUSDT": 0.15313,
  "XTZUSDT": 0.393,
  "MEUSDT": 0.131,
  "ZKPUSDT": 0.09344,
  "ENSUSDT": 6.855,
  "MOVEUSDT": 0.02413,
  "FOGOUSDT": 0.02682,
  "TSLAUSDT": 411.5,
  "ESPORTSUSDT": 0.34013,
  "VETUSDT": 0.007852,
  "NXPCUSDT": 0.2745,
  "NEOUSDT": 2.783,
  "FORMUSDT": 0.2115,
  "COLLECTUSDT": 0.05233,
  "SPACEUSDT": 0.01028,
  "PNUTUSDT": 0.04933,
  "SUSDT": 0.04463,
  "VANAUSDT": 1.617,
  "AUCTIONUSDT": 5.091,
  "CYBERUSDT": 0.5775,
  "LAUSDT": 0.213,
  "1000LUNCUSDT": 0.03722,
  "LINEAUSDT": 0.003474,
  "STGUSDT": 0.1499,
  "SOMIUSDT": 0.2085,
  "EULUSDT": 1.027,
  "RESOLVUSDT": 0.06536,
  "BEATUSDT": 0.245,
  "1000FLOKIUSDT": 0.03079,
  "LPTUSDT": 2.371,
  "OGUSDT": 3.331,
  "PLUMEUSDT": 0.01018,
  "GWEIUSDT": 0.029906,
  "STXUSDT": 0.257,
  "CLOUSDT": 0.09039,
  "TRBUSDT": 15.521,
  "MERLUSDT": 0.05148,
  "FHEUSDT": 0.03974,
  "BIRBUSDT": 0.17348,
  "EDUUSDT": 0.1262,
  "ATHUSDT": 0.005606,
  "MOODENGUSDT": 0.05793,
  "AGLDUSDT": 0.2614,
  "WUSDT": 0.02003,
  "LRCUSDT": 0.03361,
  "GRTUSDT": 0.02828,
  "UAIUSDT": 0.2444,
  "JASMYUSDT": 0.005917,
  "2ZUSDT": 0.07341,
  "ARUSDT": 2.071,
  "NMRUSDT": 8.227,
  "MANAUSDT": 0.0998,
  "CFXUSDT": 0.05388,
  "BANKUSDT": 0.03862,
  "MMTUSDT": 0.1317,
  "USELESSUSDT": 0.04338,
  "WCTUSDT": 0.0617,
  "SPXUSDT": 0.3259,
  "AGTUSDT": 0.005292,
  "RPLUSDT": 2.35,
  "TRIAUSDT": 0.01661,
  "API3USDT": 0.3052,
  "COAIUSDT": 0.3302,
  "LIGHTUSDT": 0.2424,
  "TAUSDT": 0.03852,
  "IMXUSDT": 0.1703,
  "LUNA2USDT": 0.06501,
  "ZORAUSDT": 0.02076,
  "AIAUSDT": 0.10467,
  "FLOWUSDT": 0.03877,
  "PTBUSDT": 0.001437,
  "BREVUSDT": 0.1437,
  "IOTAUSDT": 0.0706,
  "ZRXUSDT": 0.1122,
  "THETAUSDT": 0.2047,
  "4USDT": 0.00911,
  "SFPUSDT": 0.2768,
  "IOUSDT": 0.1215,
  "SPKUSDT": 0.02102,
  "QNTUSDT": 65.77,
  "JSTUSDT": 0.04303,
  "AXLUSDT": 0.0559,
  "1INCHUSDT": 0.0937,
  "TAGUSDT": 0.0003442,
  "FOLKSUSDT": 1.383,
  "RUNEUSDT": 0.4157,
  "NEIROUSDT": 7.59e-05,
  "NOMUSDT": 0.005502,
  "KAIAUSDT": 0.05654,
  "SKRUSDT": 0.019745,
  "ARKMUSDT": 0.115,
  "YFIUSDT": 2849.0,
  "FIGHTUSDT": 0.007316,
  "EGLDUSDT": 4.644,
  "ANIMEUSDT": 0.005062,
  "KGENUSDT": 0.18137,
  "BOMEUSDT": 0.0004208,
  "SIGNUSDT": 0.02674,
  "MEGAUSDT": 0.131,
  "SAHARAUSDT": 0.01591,
  "MAGICUSDT": 0.07062,
  "TWTUSDT": 0.5271,
  "ZKCUSDT": 0.0914,
  "PEOPLEUSDT": 0.00688,
  "COWUSDT": 0.209,
  "PROVEUSDT": 0.3068,
  "BLUAIUSDT": 0.005112,
  "MANTAUSDT": 0.07223,
  "ACTUSDT": 0.01488,
  "AUSDT": 0.0837,
  "KASUSDT": 0.03152,
  "TRUTHUSDT": 0.010252,
  "XNYUSDT": 0.004585,
  "GASUSDT": 1.606,
  "TAKEUSDT": 0.02446,
  "TSTUSDT": 0.01072,
  "TURBOUSDT": 0.0010851,
  "AVAAIUSDT": 0.00772,
  "OPENUSDT": 0.1533,
  "MINAUSDT": 0.063,
  "GMTUSDT": 0.0122,
  "NILUSDT": 0.05218,
  "TUTUSDT": 0.01124,
  "GRASSUSDT": 0.192,
  "BATUSDT": 0.1226,
  "SUPERUSDT": 0.1205,
  "AIOUSDT": 0.07754,
  "BSVUSDT": 16.47,
  "SWARMSUSDT": 0.00715,
  "SANTOSUSDT": 1.898,
  "TNSRUSDT": 0.05001,
  "ZBTUSDT": 0.0741,
  "SUSHIUSDT": 0.2127,
  "POPCATUSDT": 0.05222,
  "SOPHUSDT": 0.009299,
  "FUSDT": 0.005969,
  "YBUSDT": 0.1636,
  "CATIUSDT": 0.0404,
  "AKEUSDT": 0.0002814,
  "MUBARAKUSDT": 0.01582,
  "VELVETUSDT": 0.07843,
  "IDOLUSDT": 0.02176,
  "CTSIUSDT": 0.0272,
  "LAYERUSDT": 0.0895,
  "KSMUSDT": 5.046,
  "XPTUSDT": 2162.06,
  "BABYUSDT": 0.01331,
  "VELODROMEUSDT": 0.01503,
  "CVXUSDT": 1.978,
  "C98USDT": 0.0268,
  "XVGUSDT": 0.006126,
  "EDENUSDT": 0.03603,
  "RAYSOLUSDT": 0.6584,
  "BLURUSDT": 0.02114,
  "SOLVUSDT": 0.00461,
  "ACHUSDT": 0.007592,
  "ICNTUSDT": 0.3928,
  "DOLOUSDT": 0.04133,
  "MASKUSDT": 0.4553,
  "ALTUSDT": 0.00818,
  "GLMUSDT": 0.16915,
  "WOOUSDT": 0.01893,
  "AIXBTUSDT": 0.02041,
  "ASRUSDT": 1.422,
  "DEXEUSDT": 2.405,
  "SOONUSDT": 0.171,
  "ANKRUSDT": 0.004583,
  "ONTUSDT": 0.0445,
  "STOUSDT": 0.05632,
  "UMAUSDT": 0.477,
  "MEMEUSDT": 0.0006952,
  "CELOUSDT": 0.078,
  "DRIFTUSDT": 0.0923,
  "IRUSDT": 0.09041,
  "RAREUSDT": 0.01925,
  "ONUSDT": 0.10371,
  "SONICUSDT": 0.04976,
  "THEUSDT": 0.2624,
  "SAPIENUSDT": 0.08838,
  "DEGOUSDT": 0.353,
  "SUNUSDT": 0.016872,
  "KERNELUSDT": 0.06993,
  "ZEREBROUSDT": 0.00794,
  "FRAXUSDT": 0.6764,
  "MELANIAUSDT": 0.1168,
  "ERAUSDT": 0.1569,
  "GMXUSDT": 6.851,
  "IDUSDT": 0.04854,
  "PROMUSDT": 1.309,
  "KAVAUSDT": 0.0529,
  "RSRUSDT": 0.001502,
  "IOTXUSDT": 0.005,
  "PLAYUSDT": 0.02099,
  "KMNOUSDT": 0.02817,
  "HYPERUSDT": 0.0979,
  "WALUSDT": 0.081,
  "BROCCOLI714USDT": 0.01417,
  "BANANAUSDT": 4.528,
  "SKLUSDT": 0.00688,
  "LSKUSDT": 0.142,
  "POLYXUSDT": 0.04408,
  "STORJUSDT": 0.0982,