{
  "ETHUSDT": 2022.34,
  "BTCUSDT": 70265.9,
  "SOLUSDT": 85.86,
  "ETH/USDCUSDT": 2000.38,
  "BTC/USDCUSDT": 69339.1,
  "XRPUSDT": 1.5007,
  "INITUSDT": 0.12102,
  "DOGEUSDT": 0.10182,
  "XAGUSDT": 76.89,
  "ZECUSDT": 297.39,
  "ETH/USDUSDT": 2017.53,
  "1000PEPEUSDT": 0.0044806,
  "BTC/USDUSDT": 70187.3,
  "VVVUSDT": 3.814,
  "PIPPINUSDT": 0.72874,
  "XAUUSDT": 4999.27,
  "SIRENUSDT": 0.21922,
  "BNBUSDT": 625.97,
  "TAOUSDT": 191.16,
  "SOL/USDCUSDT": 85.85,
  "SPACEUSDT": 0.008798,
  "XRP/USDCUSDT": 1.5001,
  "HYPEUSDT": 30.405,
  "RIVERUSDT": 12.857,
  "SUIUSDT": 0.98,
  "ADAUSDT": 0.286,
  "ASTERUSDT": 0.7591,
  "AVAXUSDT": 9.318,
  "LINKUSDT": 8.891,
  "BCHUSDT": 563.67,
  "TRUMPUSDT": 3.459,
  "XRP/USDUSDT": 1.5039,
  "HUSDT": 0.2033,
  "EULUSDT": 1.099,
  "PAXGUSDT": 5003.3,
  "FILUSDT": 0.979,
  "STABLEUSDT": 0.027656,
  "LTCUSDT": 54.37,
  "WLFIUSDT": 0.1029,
  "KITEUSDT": 0.20557,
  "UNIUSDT": 3.543,
  "BTRUSDT": 0.2103,
  "FHEUSDT": 0.03963,
  "ENAUSDT": 0.1229,
  "POWERUSDT": 0.21447,
  "PUMPUSDT": 0.002244,
  "SOL/USDUSDT": 85.4,
  "LUNA2USDT": 0.06768,
  "WIFUSDT": 0.2358,
  "DOTUSDT": 1.373,
  "NEARUSDT": 1.061,
  "PENGUUSDT": 0.007327,
  "DOGE/USDCUSDT": 0.10179,
  "AAVEUSDT": 127.49,
  "FARTCOINUSDT": 0.2044,
  "OGUSDT": 3.434,
  "BERAUSDT": 0.6375,
  "BNB/USDCUSDT": 626.26,
  "AXSUSDT": 1.361,
  "ZAMAUSDT": 0.02377,
  "1000SHIBUSDT": 0.006601,
  "ZROUSDT": 1.6821,
  "MOVEUSDT": 0.02543,
  "WLDUSDT": 0.4052,
  "DOGE/USDUSDT": 0.10179,
  "LITUSDT": 1.628,
  "IPUSDT": 1.206,
  "XPLUSDT": 0.104,
  "DASHUSDT": 38.39,
  "MERLUSDT": 0.0624,
  "\u6211\u8e0f\u9a6c\u6765\u4e86USDT": 0.027234,
  "MOODENGUSDT": 0.06207,
  "HBARUSDT": 0.10143,
  "0GUSDT": 0.6378,
  "1000PEPE/USDCUSDT": 0.0044775,
  "USELESSUSDT": 0.04996,
  "XLMUSDT": 0.17062,
  "TAKEUSDT": 0.03171,
  "ZEC/USDCUSDT": 297.12,
  "APTUSDT": 0.9283,
  "VIRTUALUSDT": 0.6652,
  "1000BONKUSDT": 0.006623,
  "XMRUSDT": 331.5,
  "OMUSDT": 0.05965,
  "TRXUSDT": 0.28117,
  "SAGAUSDT": 0.03544,
  "ALLOUSDT": 0.08941,
  "NILUSDT": 0.05874,
  "ARBUSDT": 0.1162,
  "BEATUSDT": 0.2484,
  "CLOUSDT": 0.07288,
  "\u5e01\u5b89\u4eba\u751fUSDT": 0.10864,
  "MYXUSDT": 1.998,
  "PTBUSDT": 0.001774,
  "ETH/BTCUSDT": 2000.5181715,
  "MUBARAKUSDT": 0.02089,
  "DUSKUSDT": 0.11049,
  "MONUSDT": 0.02419,
  "BNB/USDUSDT": 627.9,
  "COMPUSDT": 19.96,
  "CRVUSDT": 0.256,
  "AZTECUSDT": 0.02309,
  "ZKPUSDT": 0.09428,
  "ETCUSDT": 8.841,
  "ESPUSDT": 0.05403,
  "TONUSDT": 1.4606,
  "STORJUSDT": 0.1098,
  "FIGHTUSDT": 0.007573,
  "ENSOUSDT": 1.0937,
  "TRIAUSDT": 0.01708,
  "ONDOUSDT": 0.2785,
  "OPUSDT": 0.1906,
  "ICPUSDT": 2.416,
  "BULLAUSDT": 0.03067,
  "1000LUNCUSDT": 0.03492,
  "SENTUSDT": 0.02205,
  "TNSRUSDT": 0.05479,
  "HUMAUSDT": 0.014566,
  "JCTUSDT": 0.001746,
  "TIAUSDT": 0.344,
  "SUPERUSDT": 0.1294,
  "ARCUSDT": 0.08024,
  "RENDERUSDT": 1.474,
  "ATOMUSDT": 2.227,
  "POLUSDT": 0.10609,
  "FETUSDT": 0.1737,
  "SEIUSDT": 0.0753,
  "PYTHUSDT": 0.05696,
  "GALAUSDT": 0.00417,
  "CHZUSDT": 0.04133,
  "ADA/USDUSDT": 0.2859,
  "LPTUSDT": 2.49,
  "PLAYUSDT": 0.02591,
  "ZENUSDT": 6.295,
  "VICUSDT": 0.05001,
  "GPSUSDT": 0.01139,
  "LAUSDT": 0.2064,
  "JUPUSDT": 0.1628,
  "MEUSDT": 0.1363,
  "INJUSDT": 3.197,
  "MORPHOUSDT": 1.3825,
  "ONUSDT": 0.09439,
  "SUI/USDCUSDT": 0.9794,
  "ROSEUSDT": 0.01249,
  "PENDLEUSDT": 1.262,
  "COWUSDT": 0.2086,
  "SOMIUSDT": 0.199,
  "SANDUSDT": 0.08775,
  "NAORISUSDT": 0.03145,
  "1000FLOKIUSDT": 0.03256,
  "LDOUSDT": 0.3436,
  "SPXUSDT": 0.332,
  "SPORTFUNUSDT": 0.03619,
  "ALGOUSDT": 0.0963,
  "NEIROUSDT": 7.87e-05,
  "DYDXUSDT": 0.109,
  "XNYUSDT": 0.005961,
  "ZKUSDT": 0.02191,
  "SUI/USDUSDT": 0.9798,
  "ENA/USDCUSDT": 0.1229,
  "ADA/USDCUSDT": 0.2858,
  "BCH/USDCUSDT": 563.44,
  "FIL/USDCUSDT": 0.979,
  "GIGGLEUSDT": 32.63,
  "STGUSDT": 0.1457,
  "ENSUSDT": 6.851,
  "COAIUSDT": 0.3624,
  "BIRBUSDT": 0.19719,
  "SHELLUSDT": 0.03393,
  "FOGOUSDT": 0.02386,
  "COLLECTUSDT": 0.0812,
  "BANANAS31USDT": 0.004795,
  "ACUUSDT": 0.11971,
  "LYNUSDT": 0.23226,
  "USTCUSDT": 0.005117,
  "ETHFIUSDT": 0.4818,
  "STRKUSDT": 0.0493,
  "LINK/USDCUSDT": 8.89,
  "EDENUSDT": 0.03386,
  "MANTAUSDT": 0.08181,
  "LINEAUSDT": 0.003749,
  "DYMUSDT": 0.04769,
  "PROMUSDT": 1.429,
  "SKLUSDT": 0.0072,
  "SNXUSDT": 0.304,
  "TRUTHUSDT": 0.016956,
  "EIGENUSDT": 0.211,
  "CYSUSDT": 0.5141,
  "VETUSDT": 0.008375,
  "TOWNSUSDT": 0.004148,
  "ORDIUSDT": 2.843,
  "CAKEUSDT": 1.3255,
  "TRBUSDT": 15.779,
  "PNUTUSDT": 0.05193,
  "ZILUSDT": 0.00435,
  "ACEUSDT": 0.1733,
  "SKRUSDT": 0.021239,
  "PEOPLEUSDT": 0.00719,
  "GUNUSDT": 0.02222,
  "SUSDT": 0.04888,
  "KASUSDT": 0.03205,
  "TURBOUSDT": 0.0011362,
  "LIGHTUSDT": 0.2426,
  "POPCATUSDT": 0.05577,
  "TOSHIUSDT": 0.0002307,
  "C98USDT": 0.0309,
  "FIL/USDUSDT": 0.979,
  "LINK/USDUSDT": 8.887,
  "NOMUSDT": 0.005525,
  "FRAXUSDT": 0.6717,
  "RESOLVUSDT": 0.06068,
  "AVNTUSDT": 0.2026,
  "XAIUSDT": 0.01084,
  "TRUMP/USDCUSDT": 3.458,
  "AVAX/USDCUSDT": 9.316,
  "BASUSDT": 0.004888,
  "ALICEUSDT": 0.112,
  "BTCDOMUSDT": 5109.0,
  "AIAUSDT": 0.11402,
  "APRUSDT": 0.10257,
  "ARUSDT": 2.029,
  "STXUSDT": 0.2691,
  "KSMUSDT": 4.762,
  "BIOUSDT": 0.02478,
  "TLMUSDT": 0.001772,
  "LRCUSDT": 0.03424,
  "XPINUSDT": 0.001847,
  "IRUSDT": 0.08183,
  "BROCCOLI714USDT": 0.01521,
  "MASKUSDT": 0.4751,
  "SYRUPUSDT": 0.25279,
  "HAEDALUSDT": 0.02942,
  "APEUSDT": 0.1314,
  "GRTUSDT": 0.02817,
  "CCUSDT": 0.16372,
  "MIRAUSDT": 0.0942,
  "KERNELUSDT": 0.06762,
  "LTC/USDCUSDT": 54.34,
  "ALPINEUSDT": 0.4605,
  "BOMEUSDT": 0.0004457,
  "MEMEUSDT": 0.0007182,
  "CYBERUSDT": 0.5623,
  "MANAUSDT": 0.1028,
  "ACTUSDT": 0.01562,
  "DEEPUSDT": 0.02849,
  "EGLDUSDT": 4.86,
  "OPENUSDT": 0.1609,
  "AUCTIONUSDT": 5.285,
  "QNTUSDT": 70.73,
  "ARKMUSDT": 0.1188,
  "BREVUSDT": 0.1366,
  "LSKUSDT": 0.1461,
  "JTOUSDT": 0.272,
  "WLFI/USDCUSDT": 0.1029,
  "JASMYUSDT": 0.006021,
  "KAITOUSDT": 0.3202,
  "CUSDT": 0.05861,
  "AWEUSDT": 0.08943,
  "MUSDT": 1.2678,
  "RAVEUSDT": 0.38768,
  "CFXUSDT": 0.05549,
  "RECALLUSDT": 0.04897,
  "XTZUSDT": 0.405,
  "BCH/USDUSDT": 563.29,
  "ZKCUSDT": 0.0984,
  "FFUSDT": 0.08298,
  "AEROUSDT": 0.3182,
  "ARB/USDCUSDT": 0.1161,
  "AIXBTUSDT": 0.02183,
  "MMTUSDT": 0.1335,
  "METUSDT": 0.2243,
  "MAGMAUSDT": 0.0985,
  "IP/USDCUSDT": 1.203,
  "MSTRUSDT": 135.34,
  "LTC/USDUSDT": 54.35,
  "ESPORTSUSDT": 0.35185,
  "B3USDT": 0.0004577,
  "YFIUSDT": 2905.0,
  "XVGUSDT": 0.00611,
  "BEAMXUSDT": 0.002476,
  "XPDUSDT": 1698.42,
  "RUNEUSDT": 0.407,
  "PARTIUSDT": 0.10808,
  "DOLOUSDT": 0.03699,
  "VANAUSDT": 1.571,
  "ACHUSDT": 0.007817,
  "UNI/USDUSDT": 3.542,
  "XPTUSDT": 2038.72,
  "SQDUSDT": 0.03979,
  "MAGICUSDT": 0.07069,
  "BARDUSDT": 0.7975,
  "GWEIUSDT": 0.026519,
  "WUSDT": 0.02053,
  "UMAUSDT": 0.5801,
  "FLOWUSDT": 0.04111,
  "AXLUSDT": 0.06179,
  "ZORAUSDT": 0.02105,
  "IRYSUSDT": 0.0371,
  "BATUSDT": 0.1315,
  "THETAUSDT": 0.2102,
  "NIGHTUSDT": 0.05651,
  "PENGU/USDCUSDT": 0.007324,
  "WIF/USDCUSDT": 0.2356,
  "SYNUSDT": 0.04912,
  "AIOUSDT": 0.07567,
  "KGENUSDT": 0.16991,
  "NEAR/USDCUSDT": 1.061,
  "BANKUSDT": 0.04071,
  "BABYUSDT": 0.0141,
  "ALCHUSDT": 0.0841,
  "MINAUSDT": 0.06676,
  "EDUUSDT": 0.132,
  "TREEUSDT": 0.07382,
  "HANAUSDT": 0.0397,
  "GMTUSDT": 0.01244,
  "SAPIENUSDT": 0.09164,
  "SUNUSDT": 0.017344,
  "TIA/USDCUSDT": 0.344,
  "HOMEUSDT": 0.02776,
  "FOLKSUSDT": 1.374,
  "PIEVERSEUSDT": 0.4159,
  "XANUSDT": 0.00904,
  "1INCHUSDT": 0.0954,
  "KAIAUSDT": 0.05704,
  "WCTUSDT": 0.06336,
  "SKYUSDT": 0.06776,
  "4USDT": 0.01022,
  "PLUMEUSDT": 0.01093,
  "REZUSDT": 0.003152,
  "SUSHIUSDT": 0.2126,
  "AVAX/USDUSDT": 9.31,
  "2ZUSDT": 0.07789,
  "TSLAUSDT": 418.08,
  "INUSDT": 0.06521,
  "WIF/USDUSDT": 0.2356,
  "ICNTUSDT": 0.4796,
  "BANUSDT": 0.10081,
  "ELSAUSDT": 0.08036,
  "TRADOORUSDT": 1.364,
  "CRV/USDCUSDT": 0.2565,
  "CELOUSDT": 0.084,
  "INXUSDT": 0.013178,
  "FUNUSDT": 0.001319,
  "IOTAUSDT": 0.0696,
  "BSVUSDT": 17.17,
  "NEOUSDT": 2.887,
  "ASRUSDT": 1.452,
  "NMRUSDT": 8.489,
  "RVNUSDT": 0.0063,