{
  "BTCUSDT": 67808.6,
  "ETHUSDT": 1957.25,
  "SOLUSDT": 83.37,
  "XRPUSDT": 1.4164,
  "BNBUSDT": 612.45,
  "BCHUSDT": 561.41,
  "DOGEUSDT": 0.0989,
  "HYPEUSDT": 29.349,
  "XAGUSDT": 78.78,
  "WLFIUSDT": 0.1167,
  "PAXGUSDT": 5022.89,
  "ZECUSDT": 264.91,
  "XAUUSDT": 5018.6,
  "TRXUSDT": 0.28342,
  "SUIUSDT": 0.9423,
  "ASTERUSDT": 0.7098,
  "LINKUSDT": 8.622,
  "1000PEPEUSDT": 0.0042177,
  "AVAXUSDT": 9.017,
  "LTCUSDT": 53.39,
  "ADAUSDT": 0.2745,
  "UNIUSDT": 3.395,
  "PUMPUSDT": 0.002101,
  "ENAUSDT": 0.1113,
  "KITEUSDT": 0.26947,
  "NEARUSDT": 1.011,
  "AAVEUSDT": 124.11,
  "PIPPINUSDT": 0.48495,
  "LITUSDT": 1.467,
  "WLDUSDT": 0.3787,
  "TRUMPUSDT": 3.515,
  "FILUSDT": 0.92,
  "TAOUSDT": 176.45,
  "XPLUSDT": 0.0939,
  "ARCUSDT": 0.07462,
  "DOTUSDT": 1.293,
  "ATOMUSDT": 2.273,
  "ENSOUSDT": 1.9666,
  "ZROUSDT": 1.4836,
  "APTUSDT": 0.8665,
  "TONUSDT": 1.3645,
  "HBARUSDT": 0.09826,
  "OPUSDT": 0.1317,
  "AXSUSDT": 1.313,
  "BERAUSDT": 0.6012,
  "1000SHIBUSDT": 0.006241,
  "XLMUSDT": 0.16088,
  "ARBUSDT": 0.0967,
  "RIVERUSDT": 8.197,
  "HUSDT": 0.16503,
  "ICPUSDT": 2.161,
  "XMRUSDT": 333.41,
  "MONUSDT": 0.02059,
  "FETUSDT": 0.1638,
  "WIFUSDT": 0.2176,
  "FFUSDT": 0.07869,
  "CRVUSDT": 0.242,
  "ETCUSDT": 8.287,
  "PENGUUSDT": 0.006716,
  "BARDUSDT": 0.761,
  "FARTCOINUSDT": 0.183,
  "IPUSDT": 1.098,
  "1000BONKUSDT": 0.006173,
  "BANUSDT": 0.12947,
  "CHZUSDT": 0.03867,
  "INJUSDT": 3.255,
  "PARTIUSDT": 0.10238,
  "DASHUSDT": 34.21,
  "\u5e01\u5b89\u4eba\u751fUSDT": 0.08611,
  "POLUSDT": 0.10593,
  "POWERUSDT": 0.38011,
  "MYXUSDT": 1.771,
  "BTCDOMUSDT": 5137.0,
  "SENTUSDT": 0.02142,
  "VIRTUALUSDT": 0.637,
  "TIAUSDT": 0.3213,
  "ONDOUSDT": 0.2627,
  "0GUSDT": 0.6733,
  "SEIUSDT": 0.0708,
  "ETHFIUSDT": 0.4603,
  "ZKUSDT": 0.01998,
  "RAVEUSDT": 0.52015,
  "JUPUSDT": 0.155,
  "ZAMAUSDT": 0.02016,
  "STABLEUSDT": 0.030219,
  "LYNUSDT": 0.29376,
  "VVVUSDT": 4.074,
  "ORCAUSDT": 1.162,
  "OMUSDT": 0.06996,
  "ALCHUSDT": 0.08026,
  "SIRENUSDT": 0.22022,
  "CCUSDT": 0.15779,
  "KAITOUSDT": 0.3007,
  "RENDERUSDT": 1.453,
  "PENDLEUSDT": 1.2,
  "LDOUSDT": 0.3244,
  "DUSKUSDT": 0.09164,
  "NIGHTUSDT": 0.06332,
  "HOMEUSDT": 0.028653,
  "1000RATSUSDT": 0.04588,
  "BTRUSDT": 0.18193,
  "QUSDT": 0.021037,
  "JTOUSDT": 0.3011,
  "UBUSDT": 0.04188,
  "ZENUSDT": 5.756,
  "HANAUSDT": 0.03668,
  "ATUSDT": 0.15985,
  "AZTECUSDT": 0.02517,
  "SANDUSDT": 0.08367,
  "STRKUSDT": 0.04602,
  "BANANAS31USDT": 0.004496,
  "SKYAIUSDT": 0.03854,
  "TRADOORUSDT": 1.44,
  "ESPUSDT": 0.06976,
  "GUNUSDT": 0.02862,
  "GPSUSDT": 0.013376,
  "CYSUSDT": 0.4419,
  "ALGOUSDT": 0.0896,
  "CAKEUSDT": 1.2603,
  "MUSDT": 1.3239,
  "PIEVERSEUSDT": 0.4112,
  "GALAUSDT": 0.00382,
  "SKYUSDT": 0.0637,
  "\u6211\u8e0f\u9a6c\u6765\u4e86USDT": 0.015647,
  "ALLOUSDT": 0.11714,
  "USDCUSDT": 0.999899,
  "APEUSDT": 0.1094,
  "ZILUSDT": 0.00404,
  "GIGGLEUSDT": 29.13,
  "ROSEUSDT": 0.01271,
  "XPINUSDT": 0.001858,
  "JELLYJELLYUSDT": 0.06972,
  "B2USDT": 0.6996,
  "PYTHUSDT": 0.05289,
  "MORPHOUSDT": 1.4381,
  "SPACEUSDT": 0.010003,
  "METUSDT": 0.2126,
  "SNXUSDT": 0.36,
  "AVNTUSDT": 0.1912,
  "HUMAUSDT": 0.012481,
  "BEAMXUSDT": 0.002278,
  "INITUSDT": 0.09858,
  "BUSDT": 0.1356,
  "MOVEUSDT": 0.02404,
  "MSTRUSDT": 131.08,
  "NAORISUSDT": 0.04202,
  "SYRUPUSDT": 0.22568,
  "BIOUSDT": 0.02486,
  "XTZUSDT": 0.387,
  "GUAUSDT": 0.15431,
  "EIGENUSDT": 0.1947,
  "COMPUSDT": 17.77,
  "AEROUSDT": 0.3163,
  "COLLECTUSDT": 0.06281,
  "AWEUSDT": 0.06128,
  "CYBERUSDT": 0.5579,
  "BULLAUSDT": 0.02633,
  "DYDXUSDT": 0.098,
  "TSLAUSDT": 412.46,
  "MEUSDT": 0.1276,
  "ZKPUSDT": 0.09164,
  "AUCTIONUSDT": 5.02,
  "1000LUNCUSDT": 0.03648,
  "ENSUSDT": 6.517,
  "BEATUSDT": 0.2594,
  "FORMUSDT": 0.2125,
  "VETUSDT": 0.007758,
  "LAUSDT": 0.2045,
  "ORDIUSDT": 2.555,
  "NXPCUSDT": 0.2603,
  "NEOUSDT": 2.707,
  "SOMIUSDT": 0.2165,
  "SUSDT": 0.04351,
  "LINEAUSDT": 0.003403,
  "PNUTUSDT": 0.04787,
  "ESPORTSUSDT": 0.33078,
  "FOGOUSDT": 0.0238,
  "CLOUSDT": 0.08981,
  "RESOLVUSDT": 0.06256,
  "1000FLOKIUSDT": 0.03003,
  "OGUSDT": 3.367,
  "FHEUSDT": 0.04099,
  "PLUMEUSDT": 0.01017,
  "MERLUSDT": 0.05404,
  "LPTUSDT": 2.32,
  "STGUSDT": 0.1282,
  "STXUSDT": 0.2519,
  "LRCUSDT": 0.03256,
  "VANAUSDT": 1.468,
  "EDUUSDT": 0.1265,
  "BIRBUSDT": 0.18195,
  "SPXUSDT": 0.3262,
  "LIGHTUSDT": 0.2625,
  "TRBUSDT": 15.083,
  "ATHUSDT": 0.005556,
  "TRIAUSDT": 0.01541,
  "BANKUSDT": 0.04062,
  "GWEIUSDT": 0.027643,
  "WUSDT": 0.01959,
  "2ZUSDT": 0.07182,
  "MOODENGUSDT": 0.05554,
  "MANAUSDT": 0.0971,
  "WCTUSDT": 0.06074,
  "UAIUSDT": 0.2368,
  "NMRUSDT": 8.12,
  "RPLUSDT": 2.237,
  "CFXUSDT": 0.05151,
  "JASMYUSDT": 0.005691,
  "COAIUSDT": 0.3335,
  "ZORAUSDT": 0.02093,
  "MMTUSDT": 0.1287,
  "TAGUSDT": 0.0003959,
  "LUNA2USDT": 0.06469,
  "API3USDT": 0.3023,
  "AIAUSDT": 0.10595,
  "EULUSDT": 0.887,
  "TAUSDT": 0.03738,
  "ARUSDT": 1.967,
  "FLOWUSDT": 0.03723,
  "SPKUSDT": 0.02166,
  "USELESSUSDT": 0.04079,
  "SFPUSDT": 0.2773,
  "GRTUSDT": 0.0266,
  "XNYUSDT": 0.005586,
  "IMXUSDT": 0.16,
  "FOLKSUSDT": 1.418,
  "1INCHUSDT": 0.0922,
  "4USDT": 0.00871,
  "SKRUSDT": 0.02003,
  "JSTUSDT": 0.042618,
  "IOTAUSDT": 0.0678,
  "ZRXUSDT": 0.1067,
  "QNTUSDT": 66.24,
  "KAIAUSDT": 0.05669,
  "PTBUSDT": 0.00134,
  "ARKMUSDT": 0.111,
  "THETAUSDT": 0.1922,
  "AXLUSDT": 0.05646,
  "NOMUSDT": 0.005514,
  "YFIUSDT": 2799.0,
  "MEGAUSDT": 0.1324,
  "ANIMEUSDT": 0.005078,
  "ZKCUSDT": 0.0929,
  "NEIROUSDT": 7.3e-05,
  "EGLDUSDT": 4.547,
  "TAKEUSDT": 0.02464,
  "KGENUSDT": 0.18131,
  "BREVUSDT": 0.1296,
  "COWUSDT": 0.1978,
  "BOMEUSDT": 0.0004146,
  "AGTUSDT": 0.004304,
  "PEOPLEUSDT": 0.0068,
  "RUNEUSDT": 0.401,
  "VELVETUSDT": 0.08189,
  "SAHARAUSDT": 0.01534,
  "MANTAUSDT": 0.07218,
  "PROVEUSDT": 0.3097,
  "MAGICUSDT": 0.07017,
  "TSTUSDT": 0.0105,
  "BLUAIUSDT": 0.005136,
  "GASUSDT": 1.591,
  "ACTUSDT": 0.01483,
  "FUSDT": 0.006026,
  "TUTUSDT": 0.01107,
  "TWTUSDT": 0.5203,
  "AUSDT": 0.0818,
  "SANTOSUSDT": 1.974,
  "MUBARAKUSDT": 0.01667,
  "MINAUSDT": 0.06293,
  "IOUSDT": 0.1099,
  "AVAAIUSDT": 0.00757,
  "NILUSDT": 0.05223,
  "FIGHTUSDT": 0.006604,
  "DOLOUSDT": 0.0408,
  "BSVUSDT": 16.14,
  "OPENUSDT": 0.1561,
  "KASUSDT": 0.03036,
  "BATUSDT": 0.1203,
  "TNSRUSDT": 0.04874,
  "GRASSUSDT": 0.184,
  "TURBOUSDT": 0.0010511,
  "SUPERUSDT": 0.12,
  "GMTUSDT": 0.01187,
  "YBUSDT": 0.1654,
  "XPTUSDT": 2088.71,
  "POPCATUSDT": 0.05126,
  "SOPHUSDT": 0.009302,
  "ZBTUSDT": 0.07331,
  "CATIUSDT": 0.04049,
  "SIGNUSDT": 0.02479,
  "SWARMSUSDT": 0.00709,
  "IDOLUSDT": 0.02141,
  "AIOUSDT": 0.07494,
  "RAYSOLUSDT": 0.6496,
  "BABYUSDT": 0.01342,
  "XVGUSDT": 0.006091,
  "CVXUSDT": 1.984,
  "SONICUSDT": 0.05253,
  "C98USDT": 0.0276,
  "SUSHIUSDT": 0.2016,
  "AKEUSDT": 0.0002668,
  "LAYERUSDT": 0.0848,
  "ACHUSDT": 0.007421,
  "ICNTUSDT": 0.3913,
  "YGGUSDT": 0.03941,
  "VELODROMEUSDT": 0.01426,
  "PROMUSDT": 1.366,
  "BLURUSDT": 0.02046,
  "ONTUSDT": 0.0443,
  "IRUSDT": 0.08701,
  "CELOUSDT": 0.077,
  "MASKUSDT": 0.4463,
  "GLMUSDT": 0.16725,
  "EDENUSDT": 0.03567,
  "MEMEUSDT": 0.0006824,
  "ALTUSDT": 0.00801,
  "ASRUSDT": 1.418,
  "SUNUSDT": 0.016987,
  "SOONUSDT": 0.1651,
  "SOLVUSDT": 0.00446,
  "RAREUSDT": 0.01912,
  "STOUSDT": 0.0552,
  "CTSIUSDT": 0.0252,
  "THEUSDT": 0.2658,
  "UMAUSDT": 0.4707,
  "DEXEUSDT": 2.306,
  "TRUTHUSDT": 0.00929,
  "AIXBTUSDT": 0.02011,
  "LSKUSDT": 0.1454,
  "ANKRUSDT": 0.004465,
  "FRAXUSDT": 0.6648,
  "ERAUSDT": 0.1577,
  "ZEREBROUSDT": 0.00795,
  "GMXUSDT": 6.828,
  "IRYSUSDT": 0.02457,
  "DEGOUSDT": 0.3589,
  "KMNOUSDT": 0.02808,
  "IDUSDT": 0.0487,
  "KERNELUSDT": 0.06856,
  "MELANIAUSDT": 0.1152,
  "HYPERUSDT": 0.0969,
  "DRIFTUSDT": 0.0868,
  "WALUSDT": 0.081,
  "PLAYUSDT": 0.02006,
  "KSMUSDT": 4.638,
  "RSRUSDT": 0.00145,
  "STBLUSDT": 0.03805,
  "STORJUSDT": 0.095,
  "ARPAUSDT": 0.00976,
  "POLYXUSDT": 0.04344,
  "KAVAUSDT": 0.0513,
  "INUSDT": 0.06086,
  "ONUSDT": 0.09459,
  "QTUMUSDT": 0.94,
  "ARIAUSDT": 0.0734,
  "BROCCOLI714USDT": 0.01391,