{
  "BTCUSDT": 69022.1,
  "ETHUSDT": 2008.17,
  "SOLUSDT": 87.25,
  "XRPUSDT": 1.526,
  "BNBUSDT": 621.12,
  "DOGEUSDT": 0.10821,
  "BCHUSDT": 556.49,
  "HYPEUSDT": 30.891,
  "PAXGUSDT": 5035.17,
  "ZECUSDT": 297.18,
  "XAGUSDT": 77.48,
  "XAUUSDT": 5037.7,
  "1000PEPEUSDT": 0.0046774,
  "TRXUSDT": 0.2807,
  "SUIUSDT": 0.9886,
  "ASTERUSDT": 0.717,
  "LINKUSDT": 8.857,
  "ADAUSDT": 0.2843,
  "PIPPINUSDT": 0.7078,
  "LTCUSDT": 55.11,
  "AVAXUSDT": 9.381,
  "UNIUSDT": 3.507,
  "PUMPUSDT": 0.002241,
  "ENAUSDT": 0.1232,
  "AAVEUSDT": 126.19,
  "WLFIUSDT": 0.1025,
  "KITEUSDT": 0.22167,
  "NEARUSDT": 1.057,
  "LITUSDT": 1.612,
  "WLDUSDT": 0.4094,
  "HUSDT": 0.23192,
  "XPLUSDT": 0.0983,
  "TRUMPUSDT": 3.439,
  "ARCUSDT": 0.07858,
  "FILUSDT": 0.968,
  "TAOUSDT": 185.74,
  "DOTUSDT": 1.367,
  "ZROUSDT": 1.809,
  "RIVERUSDT": 13.216,
  "TONUSDT": 1.4661,
  "1000SHIBUSDT": 0.006603,
  "APTUSDT": 0.9273,
  "HBARUSDT": 0.10042,
  "BERAUSDT": 0.6529,
  "AXSUSDT": 1.394,
  "XLMUSDT": 0.17322,
  "ATOMUSDT": 2.119,
  "ARBUSDT": 0.1151,
  "XMRUSDT": 338.06,
  "MONUSDT": 0.02282,
  "ICPUSDT": 2.427,
  "WIFUSDT": 0.2343,
  "FARTCOINUSDT": 0.2023,
  "PENGUUSDT": 0.007216,
  "CRVUSDT": 0.252,
  "FFUSDT": 0.07899,
  "FETUSDT": 0.1707,
  "DASHUSDT": 37.87,
  "ETCUSDT": 8.775,
  "IPUSDT": 1.128,
  "\u5e01\u5b89\u4eba\u751fUSDT": 0.10609,
  "1000BONKUSDT": 0.00664,
  "BARDUSDT": 0.7888,
  "BTRUSDT": 0.20518,
  "OPUSDT": 0.1891,
  "CHZUSDT": 0.04131,
  "PARTIUSDT": 0.10622,
  "POLUSDT": 0.10526,
  "VIRTUALUSDT": 0.6483,
  "SENTUSDT": 0.02219,
  "ONDOUSDT": 0.2802,
  "BTCDOMUSDT": 5058.4,
  "TIAUSDT": 0.3414,
  "0GUSDT": 0.6589,
  "ZKUSDT": 0.02205,
  "ZAMAUSDT": 0.02116,
  "JUPUSDT": 0.1618,
  "SEIUSDT": 0.0755,
  "ETHFIUSDT": 0.4802,
  "VVVUSDT": 3.847,
  "BANUSDT": 0.09725,
  "PENDLEUSDT": 1.2519,
  "UBUSDT": 0.04864,
  "ALCHUSDT": 0.08506,
  "CCUSDT": 0.16176,
  "LDOUSDT": 0.3436,
  "KAITOUSDT": 0.3176,
  "BANANAS31USDT": 0.005007,
  "SKYUSDT": 0.06652,
  "RENDERUSDT": 1.43,
  "ZENUSDT": 6.258,
  "INJUSDT": 3.133,
  "CYSUSDT": 0.5102,
  "ATUSDT": 0.15969,
  "ENSOUSDT": 1.0949,
  "\u6211\u8e0f\u9a6c\u6765\u4e86USDT": 0.027305,
  "OMUSDT": 0.059,
  "STABLEUSDT": 0.023231,
  "1000RATSUSDT": 0.04772,
  "MYXUSDT": 1.934,
  "HANAUSDT": 0.03921,
  "SANDUSDT": 0.0879,
  "QUSDT": 0.021046,
  "COMPUSDT": 21.34,
  "AWEUSDT": 0.09302,
  "NIGHTUSDT": 0.05692,
  "MSTRUSDT": 134.56,
  "HOMEUSDT": 0.027964,
  "DUSKUSDT": 0.10137,
  "PYTHUSDT": 0.05545,
  "GIGGLEUSDT": 32.0,
  "STRKUSDT": 0.04907,
  "SKYAIUSDT": 0.03771,
  "GPSUSDT": 0.012573,
  "ROSEUSDT": 0.0126,
  "SPACEUSDT": 0.008594,
  "PIEVERSEUSDT": 0.421,
  "ALGOUSDT": 0.0961,
  "CAKEUSDT": 1.3074,
  "ESPUSDT": 0.05714,
  "METUSDT": 0.2235,
  "USDCUSDT": 1.000003,
  "LYNUSDT": 0.22655,
  "POWERUSDT": 0.19109,
  "TRADOORUSDT": 1.329,
  "ZKPUSDT": 0.10196,
  "MUSDT": 1.3175,
  "GALAUSDT": 0.00412,
  "MORPHOUSDT": 1.3578,
  "ZILUSDT": 0.00434,
  "COLLECTUSDT": 0.07901,
  "AVNTUSDT": 0.2006,
  "OGUSDT": 4.013,
  "LINEAUSDT": 0.003726,
  "ENSUSDT": 6.688,
  "B2USDT": 0.6952,
  "GUNUSDT": 0.02321,
  "BUSDT": 0.1439,
  "1000LUNCUSDT": 0.03474,
  "AUCTIONUSDT": 5.168,
  "HUMAUSDT": 0.013751,
  "XPINUSDT": 0.001669,
  "EIGENUSDT": 0.2093,
  "MERLUSDT": 0.06681,
  "VETUSDT": 0.008365,
  "MEUSDT": 0.1428,
  "SUSDT": 0.04869,
  "MOVEUSDT": 0.02438,
  "AEROUSDT": 0.316,
  "EULUSDT": 1.185,
  "BEAMXUSDT": 0.002379,
  "XTZUSDT": 0.399,
  "TSLAUSDT": 417.53,
  "PNUTUSDT": 0.05085,
  "SYRUPUSDT": 0.26722,
  "XNYUSDT": 0.007464,
  "ALLOUSDT": 0.09539,
  "BIOUSDT": 0.0244,
  "FORMUSDT": 0.2197,
  "NEOUSDT": 2.834,
  "DYDXUSDT": 0.108,
  "BIRBUSDT": 0.20335,
  "RESOLVUSDT": 0.06157,
  "SIRENUSDT": 0.14015,
  "ORDIUSDT": 2.802,
  "LAUSDT": 0.2095,
  "JELLYJELLYUSDT": 0.05653,
  "BULLAUSDT": 0.02426,
  "ESPORTSUSDT": 0.36028,
  "GUAUSDT": 0.14416,
  "FHEUSDT": 0.0438,
  "RAVEUSDT": 0.36954,
  "SOMIUSDT": 0.1982,
  "LRCUSDT": 0.0335,
  "BEATUSDT": 0.2457,
  "1000FLOKIUSDT": 0.03254,
  "LPTUSDT": 2.417,
  "NXPCUSDT": 0.269,
  "FOGOUSDT": 0.02258,
  "MOODENGUSDT": 0.05649,
  "STXUSDT": 0.2653,
  "JTOUSDT": 0.2705,
  "TAKEUSDT": 0.03672,
  "AIAUSDT": 0.11897,
  "ATHUSDT": 0.006138,
  "PLUMEUSDT": 0.01113,
  "VANAUSDT": 1.56,
  "STGUSDT": 0.1573,
  "COWUSDT": 0.2062,
  "EDUUSDT": 0.1295,
  "TRBUSDT": 15.772,
  "2ZUSDT": 0.07783,
  "BANKUSDT": 0.04035,
  "NMRUSDT": 8.45,
  "WCTUSDT": 0.06231,
  "CLOUSDT": 0.08071,
  "API3USDT": 0.3137,
  "USELESSUSDT": 0.04243,
  "ARUSDT": 2.007,
  "COAIUSDT": 0.3855,
  "CFXUSDT": 0.05444,
  "MANAUSDT": 0.1033,
  "JASMYUSDT": 0.005929,
  "FLOWUSDT": 0.04289,
  "TRIAUSDT": 0.01638,
  "SPXUSDT": 0.3165,
  "XVGUSDT": 0.006134,
  "WUSDT": 0.0203,
  "QNTUSDT": 71.27,
  "FIGHTUSDT": 0.007528,
  "GWEIUSDT": 0.026043,
  "4USDT": 0.01017,
  "TAGUSDT": 0.0003903,
  "LIGHTUSDT": 0.2457,
  "AZTECUSDT": 0.02307,
  "UAIUSDT": 0.2437,
  "KAIAUSDT": 0.05815,
  "TAUSDT": 0.03667,
  "APEUSDT": 0.131,
  "GRTUSDT": 0.02772,
  "ZKCUSDT": 0.0975,
  "IRYSUSDT": 0.04158,
  "1INCHUSDT": 0.0951,
  "JSTUSDT": 0.040462,
  "IMXUSDT": 0.167,
  "THETAUSDT": 0.2092,
  "BREVUSDT": 0.1426,
  "MMTUSDT": 0.1318,
  "YFIUSDT": 2880.0,
  "SFPUSDT": 0.268,
  "ZRXUSDT": 0.1095,
  "C98USDT": 0.0322,
  "AXLUSDT": 0.06111,
  "SPKUSDT": 0.02178,
  "EGLDUSDT": 4.995,
  "FRAXUSDT": 0.6187,
  "IOTAUSDT": 0.0694,
  "BOMEUSDT": 0.0004342,
  "SKRUSDT": 0.022426,
  "ACTUSDT": 0.01514,
  "NEIROUSDT": 7.73e-05,
  "GRASSUSDT": 0.2112,
  "RUNEUSDT": 0.4087,
  "PTBUSDT": 0.001386,
  "ONUSDT": 0.10862,
  "ZORAUSDT": 0.02114,
  "NOMUSDT": 0.005476,
  "MEGAUSDT": 0.12912,
  "TNSRUSDT": 0.05259,
  "MUBARAKUSDT": 0.01735,
  "BSVUSDT": 16.95,
  "TSTUSDT": 0.01119,
  "FOLKSUSDT": 1.372,
  "PEOPLEUSDT": 0.00708,
  "ARKMUSDT": 0.1185,
  "KASUSDT": 0.03214,
  "NILUSDT": 0.05478,
  "SNXUSDT": 0.294,
  "TWTUSDT": 0.509,
  "ANIMEUSDT": 0.005598,
  "MINAUSDT": 0.06677,
  "MANTAUSDT": 0.07618,
  "FUSDT": 0.006282,
  "AUSDT": 0.0859,
  "KGENUSDT": 0.17421,
  "PROVEUSDT": 0.3231,
  "TURBOUSDT": 0.0011219,
  "ICNTUSDT": 0.4664,
  "INITUSDT": 0.07339,
  "YBUSDT": 0.1771,
  "AGTUSDT": 0.004009,
  "TUTUSDT": 0.01158,
  "ACHUSDT": 0.007706,
  "SOPHUSDT": 0.009653,
  "SAHARAUSDT": 0.01607,
  "SIGNUSDT": 0.02748,
  "POPCATUSDT": 0.05369,
  "GASUSDT": 1.656,
  "SANTOSUSDT": 1.916,
  "MASKUSDT": 0.4722,
  "MAGICUSDT": 0.06861,
  "AVAAIUSDT": 0.00764,
  "GMTUSDT": 0.01252,
  "BATUSDT": 0.1299,
  "SWARMSUSDT": 0.00754,
  "TRUTHUSDT": 0.015001,
  "CYBERUSDT": 0.5665,
  "LUNA2USDT": 0.06328,
  "BLUAIUSDT": 0.005408,
  "BABYUSDT": 0.01361,
  "LAYERUSDT": 0.0896,
  "CATIUSDT": 0.04064,
  "DEEPUSDT": 0.02944,
  "OPENUSDT": 0.1657,
  "PLAYUSDT": 0.027,
  "ZBTUSDT": 0.07173,
  "AIOUSDT": 0.07956,
  "SUSHIUSDT": 0.2089,
  "BLURUSDT": 0.02141,
  "IDOLUSDT": 0.02079,
  "SUNUSDT": 0.017587,
  "MEMEUSDT": 0.0007165,
  "YGGUSDT": 0.04104,
  "SOONUSDT": 0.1831,
  "CELOUSDT": 0.086,
  "IOUSDT": 0.1063,
  "AKEUSDT": 0.0002722,
  "ONTUSDT": 0.0458,
  "SONICUSDT": 0.04786,
  "THEUSDT": 0.2717,
  "ASRUSDT": 1.518,
  "SUPERUSDT": 0.1259,
  "INUSDT": 0.06566,
  "GLMUSDT": 0.19008,
  "XPTUSDT": 2069.95,
  "ALTUSDT": 0.00855,
  "JCTUSDT": 0.001823,
  "VELODROMEUSDT": 0.01442,
  "VELVETUSDT": 0.08532,
  "STOUSDT": 0.05515,
  "CTSIUSDT": 0.0269,
  "AIXBTUSDT": 0.02103,
  "SOLVUSDT": 0.00485,
  "ZEREBROUSDT": 0.00861,
  "QTUMUSDT": 0.986,
  "SYNUSDT": 0.0467,
  "BROCCOLI714USDT": 0.01447,
  "WALUSDT": 0.0833,
  "DEXEUSDT": 2.395,
  "IDUSDT": 0.0523,
  "RAREUSDT": 0.01979,
  "HYPERUSDT": 0.1026,
  "ANKRUSDT": 0.004595,
  "KMNOUSDT": 0.03035,
  "KERNELUSDT": 0.06554,
  "DYMUSDT": 0.04596,
  "CVXUSDT": 1.926,
  "MELANIAUSDT": 0.1199,
  "AINUSDT": 0.03428,
  "BASUSDT": 0.005428,
  "KAVAUSDT": 0.0547,
  "EDENUSDT": 0.03349,
  "ORCAUSDT": 0.79,
  "BANANAUSDT": 4.68,
  "ERAUSDT": 0.1564,
  "DRIFTUSDT": 0.0916,
  "POLYXUSDT": 0.04469,
  "NAORISUSDT": 0.02992,
  "RSRUSDT": 0.001577,
  "KOMAUSDT": 0.00783,
  "GUSDT": 0.004053,
  "STBLUSDT": 0.03886,
  "HEMIUSDT": 0.01014,
  "NOTUSDT": 0.0004053,
  "DEGOUSDT": 0.3328,