{
  "BTCUSDT": 63984.8,
  "ETHUSDT": 1869.4,
  "SOLUSDT": 78.97,
  "XRPUSDT": 1.2958,
  "BNBUSDT": 597.12,
  "XAUUSDT": 5330.84,
  "DOGEUSDT": 0.08896,
  "XAGUSDT": 94.17,
  "PAXGUSDT": 5464.99,
  "BCHUSDT": 445.76,
  "HYPEUSDT": 27.479,
  "WLFIUSDT": 0.1074,
  "TRXUSDT": 0.27924,
  "ZECUSDT": 207.89,
  "ADAUSDT": 0.2633,
  "UNIUSDT": 3.567,
  "SUIUSDT": 0.837,
  "ASTERUSDT": 0.6854,
  "LINKUSDT": 8.306,
  "AVAXUSDT": 8.498,
  "LTCUSDT": 51.77,
  "1000PEPEUSDT": 0.0034734,
  "PUMPUSDT": 0.001752,
  "ENAUSDT": 0.0961,
  "PIPPINUSDT": 0.61171,
  "NEARUSDT": 1.061,
  "DOTUSDT": 1.492,
  "AAVEUSDT": 106.77,
  "WLDUSDT": 0.3715,
  "KITEUSDT": 0.24586,
  "POWERUSDT": 1.83162,
  "FILUSDT": 0.929,
  "TRUMPUSDT": 3.251,
  "LITUSDT": 1.308,
  "XPLUSDT": 0.0903,
  "TAOUSDT": 167.47,
  "1000SHIBUSDT": 0.005487,
  "ZROUSDT": 1.527,
  "TONUSDT": 1.2363,
  "APTUSDT": 0.8766,
  "ATOMUSDT": 1.793,
  "RIVERUSDT": 12.418,
  "HBARUSDT": 0.0949,
  "BERAUSDT": 0.5863,
  "ICPUSDT": 2.29,
  "ARBUSDT": 0.0918,
  "XLMUSDT": 0.14896,
  "XMRUSDT": 326.6,
  "WIFUSDT": 0.1851,
  "HUSDT": 0.11735,
  "AXSUSDT": 1.241,
  "MONUSDT": 0.01997,
  "CRVUSDT": 0.23,
  "FFUSDT": 0.07707,
  "FETUSDT": 0.1453,
  "OPUSDT": 0.1107,
  "ETCUSDT": 8.195,
  "VIRTUALUSDT": 0.632,
  "CCUSDT": 0.16236,
  "BARDUSDT": 0.9991,
  "PENGUUSDT": 0.006349,
  "PARTIUSDT": 0.09174,
  "\u5e01\u5b89\u4eba\u751fUSDT": 0.06683,
  "POLUSDT": 0.10227,
  "BTCDOMUSDT": 5131.9,
  "FARTCOINUSDT": 0.1531,
  "1000BONKUSDT": 0.005567,
  "ARCUSDT": 0.02739,
  "IPUSDT": 0.885,
  "BANUSDT": 0.10965,
  "INJUSDT": 2.936,
  "ETHFIUSDT": 0.4713,
  "CHZUSDT": 0.03182,
  "TIAUSDT": 0.3007,
  "ONDOUSDT": 0.2413,
  "ENSOUSDT": 1.3211,
  "SKYAIUSDT": 0.0531,
  "ESPUSDT": 0.11616,
  "0GUSDT": 0.5932,
  "DASHUSDT": 31.02,
  "SENTUSDT": 0.02084,
  "VVVUSDT": 4.923,
  "STABLEUSDT": 0.030752,
  "SEIUSDT": 0.06341,
  "SAHARAUSDT": 0.01894,
  "JUPUSDT": 0.1463,
  "GWEIUSDT": 0.043502,
  "KAITOUSDT": 0.3185,
  "ALCHUSDT": 0.07856,
  "ZKUSDT": 0.01796,
  "ZAMAUSDT": 0.02138,
  "QUSDT": 0.023362,
  "BUSDT": 0.1802,
  "PENDLEUSDT": 1.1886,
  "SIRENUSDT": 0.29637,
  "MORPHOUSDT": 1.7439,
  "BULLAUSDT": 0.01958,
  "LDOUSDT": 0.2827,
  "RENDERUSDT": 1.306,
  "BANANAS31USDT": 0.004596,
  "ATUSDT": 0.15889,
  "HOMEUSDT": 0.028753,
  "GUAUSDT": 0.21103,
  "MYXUSDT": 0.41,
  "SIGNUSDT": 0.02573,
  "NIGHTUSDT": 0.05496,
  "MUSDT": 1.4771,
  "ZENUSDT": 5.025,
  "PIEVERSEUSDT": 0.4775,
  "CAKEUSDT": 1.2464,
  "LYNUSDT": 0.28169,
  "1000RATSUSDT": 0.03755,
  "MSTRUSDT": 129.04,
  "BIOUSDT": 0.02036,
  "ALGOUSDT": 0.0826,
  "BTRUSDT": 0.18301,
  "USDCUSDT": 0.999428,
  "GPSUSDT": 0.009149,
  "STRKUSDT": 0.03893,
  "HANAUSDT": 0.03428,
  "ALLOUSDT": 0.10644,
  "SANDUSDT": 0.07813,
  "GALAUSDT": 0.00337,
  "CRCLUSDT": 83.12,
  "SKYUSDT": 0.06537,
  "UBUSDT": 0.03783,
  "1000LUNCUSDT": 0.04069,
  "JTOUSDT": 0.2528,
  "APEUSDT": 0.0951,
  "GIGGLEUSDT": 24.25,
  "DUSKUSDT": 0.07543,
  "GUNUSDT": 0.02611,
  "ATHUSDT": 0.005389,
  "TSLAUSDT": 401.0,
  "JELLYJELLYUSDT": 0.06793,
  "AZTECUSDT": 0.01993,
  "B2USDT": 0.7197,
  "TRADOORUSDT": 1.304,
  "XPINUSDT": 0.001403,
  "AEROUSDT": 0.3199,
  "OPNUSDT": 0.4692,
  "ZILUSDT": 0.004,
  "SYRUPUSDT": 0.21027,
  "METUSDT": 0.1729,
  "PYTHUSDT": 0.0459,
  "ROSEUSDT": 0.01103,
  "HUMAUSDT": 0.011239,
  "EIGENUSDT": 0.1734,
  "VETUSDT": 0.006902,
  "BEAMXUSDT": 0.001804,
  "LAUSDT": 0.2168,
  "FOGOUSDT": 0.02563,
  "AVNTUSDT": 0.1661,
  "NEOUSDT": 2.537,
  "STGUSDT": 0.1344,
  "\u6211\u8e0f\u9a6c\u6765\u4e86USDT": 0.011018,
  "DENTUSDT": 0.00025,
  "MOVEUSDT": 0.02073,
  "DYDXUSDT": 0.087,
  "LAYERUSDT": 0.0927,
  "NXPCUSDT": 0.2644,
  "ORDIUSDT": 2.265,
  "ORCAUSDT": 0.867,
  "ESPORTSUSDT": 0.30394,
  "XTZUSDT": 0.361,
  "COLLECTUSDT": 0.04132,
  "EULUSDT": 1.076,
  "ZKPUSDT": 0.07878,
  "RAVEUSDT": 0.32877,
  "BEATUSDT": 0.2262,
  "AUCTIONUSDT": 4.61,
  "FORMUSDT": 0.1812,
  "SUSDT": 0.03719,
  "COMPUSDT": 17.38,
  "PNUTUSDT": 0.04145,
  "LINEAUSDT": 0.002895,
  "STXUSDT": 0.2464,
  "CYBERUSDT": 0.5083,
  "WUSDT": 0.01776,
  "LPTUSDT": 2.188,
  "SKRUSDT": 0.019611,
  "ARUSDT": 1.503,
  "SNXUSDT": 0.312,
  "ENSUSDT": 5.756,
  "WETUSDT": 0.09949,
  "SOMIUSDT": 0.2013,
  "1000FLOKIUSDT": 0.02669,
  "MEUSDT": 0.1123,
  "ROBOUSDT": 0.03619,
  "TRBUSDT": 13.353,
  "AWEUSDT": 0.05197,
  "JASMYUSDT": 0.005262,
  "JSTUSDT": 0.047114,
  "TRIAUSDT": 0.01866,
  "PLUMEUSDT": 0.00873,
  "RESOLVUSDT": 0.05855,
  "BIRBUSDT": 0.15789,
  "BANKUSDT": 0.03596,
  "AXLUSDT": 0.05123,
  "AGTUSDT": 0.005387,
  "ALICEUSDT": 0.13,
  "DEXEUSDT": 3.397,
  "FLOWUSDT": 0.03687,
  "TAUSDT": 0.03775,
  "AGLDUSDT": 0.2243,
  "CFXUSDT": 0.04568,
  "CYSUSDT": 0.3193,
  "MANAUSDT": 0.0907,
  "IMXUSDT": 0.1527,
  "USELESSUSDT": 0.03727,
  "YGGUSDT": 0.0359,
  "2ZUSDT": 0.07101,
  "GRTUSDT": 0.02457,
  "WCTUSDT": 0.05692,
  "IOTAUSDT": 0.0639,
  "SPXUSDT": 0.275,
  "OGUSDT": 2.893,
  "COAIUSDT": 0.3088,
  "CLOUSDT": 0.07161,
  "MERLUSDT": 0.03985,
  "EDUUSDT": 0.1032,
  "API3USDT": 0.2711,
  "INITUSDT": 0.07645,
  "NMRUSDT": 7.334,
  "SOPHUSDT": 0.009114,
  "QNTUSDT": 61.17,
  "FOLKSUSDT": 1.342,
  "TAGUSDT": 0.0003438,
  "NAORISUSDT": 0.03168,
  "XPTUSDT": 2381.71,
  "VANAUSDT": 1.389,
  "MMTUSDT": 0.1124,
  "SFPUSDT": 0.2487,
  "GRASSUSDT": 0.198,
  "PTBUSDT": 0.001112,
  "MOODENGUSDT": 0.04648,
  "LIGHTUSDT": 0.1793,
  "ZRXUSDT": 0.0983,
  "1INCHUSDT": 0.0873,
  "THETAUSDT": 0.1776,
  "ZORAUSDT": 0.01776,
  "SPKUSDT": 0.01809,
  "4USDT": 0.00728,
  "ANIMEUSDT": 0.004718,
  "NEIROUSDT": 6.158e-05,
  "RUNEUSDT": 0.3795,
  "SPACEUSDT": 0.008115,
  "TRUTHUSDT": 0.010216,
  "BATUSDT": 0.1029,
  "ARKMUSDT": 0.1001,
  "KAIAUSDT": 0.05263,
  "YFIUSDT": 2547.0,
  "AIXBTUSDT": 0.02016,
  "KASUSDT": 0.02874,
  "EGLDUSDT": 4.194,
  "IOUSDT": 0.1028,
  "KGENUSDT": 0.18016,
  "MIRAUSDT": 0.085,
  "LRCUSDT": 0.03039,
  "LUNA2USDT": 0.06147,
  "UAIUSDT": 0.1704,
  "VELVETUSDT": 0.0829,
  "STEEMUSDT": 0.05391,
  "MEGAUSDT": 0.13213,
  "COWUSDT": 0.2027,
  "BLUAIUSDT": 0.004814,
  "KERNELUSDT": 0.07564,
  "AKEUSDT": 0.000237,
  "BREVUSDT": 0.127,
  "TWTUSDT": 0.4785,
  "FHEUSDT": 0.02748,
  "PEOPLEUSDT": 0.00599,
  "BOMEUSDT": 0.00035,
  "STOUSDT": 0.0614,
  "NOMUSDT": 0.003466,
  "AUSDT": 0.0749,
  "OPENUSDT": 0.1417,
  "PROVEUSDT": 0.272,
  "FIGHTUSDT": 0.006472,
  "POPCATUSDT": 0.04448,
  "SUSHIUSDT": 0.1893,
  "BSVUSDT": 15.12,
  "SWARMSUSDT": 0.007079,
  "AIAUSDT": 0.07936,
  "RPLUSDT": 1.797,
  "AVAAIUSDT": 0.007007,
  "GMTUSDT": 0.01087,
  "TURBOUSDT": 0.0009033,
  "TSTUSDT": 0.00887,
  "ACTUSDT": 0.01273,
  "KSMUSDT": 4.63,
  "HOLOUSDT": 0.05752,
  "VELODROMEUSDT": 0.01494,
  "YBUSDT": 0.1644,
  "MANTAUSDT": 0.059,
  "CATIUSDT": 0.03672,
  "SOONUSDT": 0.1567,
  "MAGICUSDT": 0.05951,
  "AINUSDT": 0.0419,
  "MEMEUSDT": 0.000556,
  "MINAUSDT": 0.05378,
  "XVGUSDT": 0.005358,
  "TUTUSDT": 0.00928,
  "BABYUSDT": 0.01131,
  "FUSDT": 0.005456,
  "ZBTUSDT": 0.07285,
  "GASUSDT": 1.514,
  "STBLUSDT": 0.04047,
  "SUNUSDT": 0.015653,
  "TNSRUSDT": 0.0434,
  "SUPERUSDT": 0.1072,
  "IOTXUSDT": 0.00493,
  "AIOUSDT": 0.06991,
  "TAKEUSDT": 0.01834,
  "NEWTUSDT": 0.06758,
  "ACHUSDT": 0.006536,
  "BLURUSDT": 0.0188,
  "ALTUSDT": 0.006848,
  "IDOLUSDT": 0.01941,
  "C98USDT": 0.0246,
  "XNYUSDT": 0.005014,
  "MUBARAKUSDT": 0.01288,
  "HOTUSDT": 0.000381,
  "NILUSDT": 0.04523,
  "UMAUSDT": 0.4134,
  "MASKUSDT": 0.4004,
  "SAPIENUSDT": 0.08362,
  "REDUSDT": 0.1491,
  "ASRUSDT": 1.249,
  "GLMUSDT": 0.12837,
  "INUSDT": 0.06601,
  "ONTUSDT": 0.0401,
  "WALUSDT": 0.0709,
  "RAYSOLUSDT": 0.5615,
  "ERAUSDT": 0.1399,
  "CTSIUSDT": 0.0231,
  "ANKRUSDT": 0.004034,
  "CELOUSDT": 0.072,
  "ICNTUSDT": 0.378,
  "SKLUSDT": 0.00624,
  "ZKCUSDT": 0.0812,
  "KMNOUSDT": 0.02016,
  "SOLVUSDT": 0.003806,
  "KOMAUSDT": 0.007388,
  "EDENUSDT": 0.03144,
  "DAMUSDT": 0.0219,
  "DRIFTUSDT": 0.0808,
  "MELANIAUSDT": 0.1036,
  "SONICUSDT": 0.04224,
  "RAREUSDT": 0.01662,
  "ARIAUSDT": 0.07029,
  "IDUSDT": 0.04181,
  "POLYXUSDT": 0.04043,
  "GMXUSDT": 6.536,
  "RSRUSDT": 0.001371,
  "STORJUSDT": 0.0902,