{
  "BTCUSDT": 68120.0,
  "ETHUSDT": 1994.86,
  "SOLUSDT": 85.48,
  "XRPUSDT": 1.3625,
  "BNBUSDT": 633.51,
  "XAUUSDT": 5327.14,
  "DOGEUSDT": 0.09128,
  "HYPEUSDT": 32.996,
  "BCHUSDT": 443.15,
  "PAXGUSDT": 5340.14,
  "XAGUSDT": 87.16,
  "WLFIUSDT": 0.1058,
  "ZECUSDT": 220.94,
  "TRXUSDT": 0.28196,
  "UNIUSDT": 3.878,
  "SUIUSDT": 0.9143,
  "ADAUSDT": 0.2685,
  "ASTERUSDT": 0.6952,
  "1000PEPEUSDT": 0.0034664,
  "LINKUSDT": 8.78,
  "AVAXUSDT": 9.102,
  "LTCUSDT": 54.03,
  "NEARUSDT": 1.341,
  "PUMPUSDT": 0.001954,
  "ENAUSDT": 0.1131,
  "AAVEUSDT": 119.75,
  "DOTUSDT": 1.514,
  "PIPPINUSDT": 0.52849,
  "WLDUSDT": 0.399,
  "XPLUSDT": 0.1137,
  "FILUSDT": 0.983,
  "LITUSDT": 1.34,
  "1000SHIBUSDT": 0.005411,
  "TRUMPUSDT": 3.474,
  "TAOUSDT": 181.6,
  "ZROUSDT": 1.8908,
  "TONUSDT": 1.2453,
  "APTUSDT": 0.9882,
  "ATOMUSDT": 1.83,
  "POWERUSDT": 1.8638,
  "HUSDT": 0.12781,
  "ARCUSDT": 0.04884,
  "HBARUSDT": 0.09632,
  "RIVERUSDT": 14.222,
  "XMRUSDT": 339.55,
  "XLMUSDT": 0.15243,
  "BERAUSDT": 0.5845,
  "WIFUSDT": 0.2033,
  "KITEUSDT": 0.19904,
  "ARBUSDT": 0.101,
  "ICPUSDT": 2.416,
  "CRVUSDT": 0.248,
  "VIRTUALUSDT": 0.755,
  "MONUSDT": 0.02112,
  "VVVUSDT": 6.928,
  "FETUSDT": 0.1475,
  "PENGUUSDT": 0.006997,
  "FFUSDT": 0.07435,
  "OPUSDT": 0.1252,
  "AXSUSDT": 1.235,
  "CCUSDT": 0.15788,
  "SIRENUSDT": 0.38239,
  "ETCUSDT": 8.472,
  "SAHARAUSDT": 0.02893,
  "POLUSDT": 0.10032,
  "BARDUSDT": 1.0843,
  "CHZUSDT": 0.03653,
  "BTCDOMUSDT": 5167.9,
  "PARTIUSDT": 0.08948,
  "FARTCOINUSDT": 0.1634,
  "BANUSDT": 0.11739,
  "IPUSDT": 0.859,
  "DASHUSDT": 34.0,
  "ONDOUSDT": 0.255,
  "1000BONKUSDT": 0.005953,
  "ETHFIUSDT": 0.5036,
  "TIAUSDT": 0.3223,
  "ENSOUSDT": 1.3483,
  "ESPUSDT": 0.11863,
  "\u5e01\u5b89\u4eba\u751fUSDT": 0.06182,
  "SENTUSDT": 0.02128,
  "SEIUSDT": 0.06886,
  "0GUSDT": 0.6307,
  "INJUSDT": 3.059,
  "JUPUSDT": 0.1759,
  "STABLEUSDT": 0.03073,
  "SKYAIUSDT": 0.04742,
  "KAITOUSDT": 0.3517,
  "FORMUSDT": 0.2852,
  "ALCHUSDT": 0.07997,
  "ZAMAUSDT": 0.01936,
  "BUSDT": 0.1959,
  "ZKUSDT": 0.01876,
  "PENDLEUSDT": 1.2797,
  "GUAUSDT": 0.243,
  "LDOUSDT": 0.303,
  "LYNUSDT": 0.33013,
  "BANANAS31USDT": 0.005067,
  "RENDERUSDT": 1.34,
  "MORPHOUSDT": 1.9402,
  "ROBOUSDT": 0.04798,
  "QUSDT": 0.024989,
  "ATUSDT": 0.15937,
  "HOMEUSDT": 0.029513,
  "SIGNUSDT": 0.02783,
  "GWEIUSDT": 0.040737,
  "PIEVERSEUSDT": 0.5042,
  "BIOUSDT": 0.02048,
  "MYXUSDT": 0.356,
  "NIGHTUSDT": 0.05958,
  "CAKEUSDT": 1.3422,
  "1000RATSUSDT": 0.03994,
  "ZENUSDT": 5.57,
  "BULLAUSDT": 0.02459,
  "SANDUSDT": 0.08454,
  "GALAUSDT": 0.00349,
  "MUSDT": 1.4338,
  "GIGGLEUSDT": 26.73,
  "JELLYJELLYUSDT": 0.07645,
  "STRKUSDT": 0.04029,
  "SKYUSDT": 0.06959,
  "STGUSDT": 0.1676,
  "USDCUSDT": 0.999639,
  "ALGOUSDT": 0.0868,
  "HANAUSDT": 0.03421,
  "GPSUSDT": 0.008674,
  "BTRUSDT": 0.17533,
  "PHAUSDT": 0.03632,
  "ALLOUSDT": 0.10446,
  "APEUSDT": 0.1014,
  "OPNUSDT": 0.523,
  "EIGENUSDT": 0.1854,
  "MSTRUSDT": 134.91,
  "GUNUSDT": 0.02763,
  "DUSKUSDT": 0.08288,
  "JTOUSDT": 0.2785,
  "TRADOORUSDT": 1.465,
  "AEROUSDT": 0.3396,
  "TSLAUSDT": 395.39,
  "AZTECUSDT": 0.02098,
  "ATHUSDT": 0.006229,
  "SYRUPUSDT": 0.23435,
  "B2USDT": 0.7172,
  "CRCLUSDT": 92.73,
  "1000LUNCUSDT": 0.04371,
  "XPINUSDT": 0.001434,
  "HUMAUSDT": 0.012741,
  "BEAMXUSDT": 0.00191,
  "ZILUSDT": 0.00425,
  "UBUSDT": 0.03358,
  "LAUSDT": 0.2178,
  "NEOUSDT": 2.605,
  "ORDIUSDT": 2.467,
  "ROSEUSDT": 0.01172,
  "PYTHUSDT": 0.04811,
  "AVNTUSDT": 0.1711,
  "VETUSDT": 0.007153,
  "MOVEUSDT": 0.02207,
  "METUSDT": 0.1749,
  "GRASSUSDT": 0.299,
  "XTZUSDT": 0.372,
  "LINEAUSDT": 0.003242,
  "DENTUSDT": 0.000291,
  "DYDXUSDT": 0.095,
  "COMPUSDT": 17.34,
  "\u6211\u8e0f\u9a6c\u6765\u4e86USDT": 0.010819,
  "NXPCUSDT": 0.2728,
  "FOGOUSDT": 0.02344,
  "RAVEUSDT": 0.35369,
  "BEATUSDT": 0.2596,
  "ESPORTSUSDT": 0.30395,
  "COLLECTUSDT": 0.03836,
  "SUSDT": 0.04056,
  "ARUSDT": 1.634,
  "PNUTUSDT": 0.04545,
  "4USDT": 0.00984,
  "ZKPUSDT": 0.08682,
  "1000FLOKIUSDT": 0.02779,
  "ENSUSDT": 5.993,
  "SNXUSDT": 0.31,
  "ORCAUSDT": 0.854,
  "TRBUSDT": 14.3,
  "SKRUSDT": 0.021096,
  "AGLDUSDT": 0.2165,
  "AGTUSDT": 0.006253,
  "JASMYUSDT": 0.00564,
  "AUCTIONUSDT": 4.745,
  "SPXUSDT": 0.322,
  "KAVAUSDT": 0.0535,
  "TRIAUSDT": 0.01906,
  "EULUSDT": 1.146,
  "TAUSDT": 0.04165,
  "AIXBTUSDT": 0.0252,
  "LPTUSDT": 2.325,
  "STXUSDT": 0.2577,
  "WUSDT": 0.01882,
  "MEUSDT": 0.1151,
  "PLUMEUSDT": 0.00944,
  "SOMIUSDT": 0.1899,
  "CYBERUSDT": 0.5515,
  "MANAUSDT": 0.0966,
  "WETUSDT": 0.10674,
  "BANKUSDT": 0.03594,
  "DEXEUSDT": 3.496,
  "COAIUSDT": 0.3359,
  "RESOLVUSDT": 0.05801,
  "JSTUSDT": 0.047668,
  "IMXUSDT": 0.1602,
  "USELESSUSDT": 0.04162,
  "IOTAUSDT": 0.0659,
  "EDUUSDT": 0.1056,
  "INITUSDT": 0.08187,
  "LAYERUSDT": 0.0877,
  "CFXUSDT": 0.04826,
  "GRTUSDT": 0.02579,
  "API3USDT": 0.2823,
  "MERLUSDT": 0.04118,
  "FLOWUSDT": 0.03607,
  "WCTUSDT": 0.05898,
  "YGGUSDT": 0.03888,
  "AWEUSDT": 0.05124,
  "CYSUSDT": 0.3202,
  "PTBUSDT": 0.001217,
  "2ZUSDT": 0.07345,
  "NMRUSDT": 7.62,
  "AIOUSDT": 0.0922,
  "QNTUSDT": 63.28,
  "NAORISUSDT": 0.03073,
  "SFPUSDT": 0.2694,
  "KNCUSDT": 0.1424,
  "MOODENGUSDT": 0.04848,
  "CLOUSDT": 0.06982,
  "RUNEUSDT": 0.4073,
  "BIRBUSDT": 0.14648,
  "SPKUSDT": 0.01944,
  "AXLUSDT": 0.05388,
  "MMTUSDT": 0.1185,
  "LIGHTUSDT": 0.1886,
  "EGLDUSDT": 4.256,
  "NEIROUSDT": 6.842e-05,
  "TAGUSDT": 0.0003451,
  "BREVUSDT": 0.1461,
  "1INCHUSDT": 0.0951,
  "SUNUSDT": 0.015956,
  "VANAUSDT": 1.447,
  "THETAUSDT": 0.1926,
  "FOLKSUSDT": 1.232,
  "ARKMUSDT": 0.1077,
  "KGENUSDT": 0.19663,
  "ZRXUSDT": 0.1034,
  "KASUSDT": 0.03003,
  "MIRAUSDT": 0.0892,
  "NILUSDT": 0.05332,
  "IOUSDT": 0.1116,
  "FIOUSDT": 0.01107,
  "MEGAUSDT": 0.13602,
  "SPACEUSDT": 0.00715,
  "ZORAUSDT": 0.01736,
  "SOPHUSDT": 0.008824,
  "ALICEUSDT": 0.137,
  "STEEMUSDT": 0.05891,
  "ANIMEUSDT": 0.004762,
  "KAIAUSDT": 0.05494,
  "USUALUSDT": 0.01479,
  "YFIUSDT": 2650.0,
  "AKEUSDT": 0.0002435,
  "COWUSDT": 0.2241,
  "PEOPLEUSDT": 0.00637,
  "AIAUSDT": 0.08601,
  "POPCATUSDT": 0.04774,
  "TSTUSDT": 0.00962,
  "LRCUSDT": 0.03069,
  "GMTUSDT": 0.01155,
  "OPENUSDT": 0.146,
  "LUNA2USDT": 0.06475,
  "VELVETUSDT": 0.08281,
  "PROVEUSDT": 0.295,
  "AVAAIUSDT": 0.007546,
  "BLUAIUSDT": 0.004795,
  "OGUSDT": 2.832,
  "SWARMSUSDT": 0.007106,
  "ACTUSDT": 0.01412,
  "BATUSDT": 0.1024,
  "AUSDT": 0.0776,
  "TWTUSDT": 0.4885,
  "TURBOUSDT": 0.0009729,
  "STOUSDT": 0.06083,
  "BSVUSDT": 15.16,
  "SUSHIUSDT": 0.2041,
  "BOMEUSDT": 0.0003927,
  "CATIUSDT": 0.04001,
  "HIPPOUSDT": 0.000728,
  "TUTUSDT": 0.01052,
  "GASUSDT": 1.609,
  "VELODROMEUSDT": 0.01561,
  "XPTUSDT": 2223.66,
  "ZBTUSDT": 0.07699,
  "FHEUSDT": 0.02804,
  "BABYUSDT": 0.01169,
  "MUBARAKUSDT": 0.01415,
  "SOONUSDT": 0.1648,
  "SUPERUSDT": 0.1164,
  "MANTAUSDT": 0.06231,
  "KSMUSDT": 4.626,
  "TNSRUSDT": 0.04446,
  "KERNELUSDT": 0.07395,
  "UAIUSDT": 0.2086,
  "MEMEUSDT": 0.0005849,
  "UMAUSDT": 0.4305,
  "KATUSDT": 0.02385,
  "RPLUSDT": 1.903,
  "MAGICUSDT": 0.06109,
  "FIGHTUSDT": 0.006088,
  "TAKEUSDT": 0.02081,
  "NOMUSDT": 0.003556,
  "MINAUSDT": 0.05665,
  "NEWTUSDT": 0.07165,
  "ALTUSDT": 0.007163,
  "YBUSDT": 0.1784,
  "XNYUSDT": 0.005604,
  "MASKUSDT": 0.434,
  "FUSDT": 0.005562,
  "DAMUSDT": 0.0252,
  "XVGUSDT": 0.005511,
  "IOTXUSDT": 0.00495,
  "CELOUSDT": 0.077,
  "ASRUSDT": 1.311,
  "BLURUSDT": 0.01986,
  "SAPIENUSDT": 0.0834,
  "STBLUSDT": 0.04102,
  "ACHUSDT": 0.006926,
  "AINUSDT": 0.03953,
  "HOLOUSDT": 0.06041,
  "ONTUSDT": 0.0429,
  "SONICUSDT": 0.04559,
  "INUSDT": 0.06619,
  "ANKRUSDT": 0.004206,
  "RAYSOLUSDT": 0.5958,
  "KOMAUSDT": 0.007993,
  "TRUTHUSDT": 0.009544,
  "1000SATSUSDT": 1.13e-05,
  "ENJUSDT": 0.01927,
  "POLYXUSDT": 0.0419,
  "REDUSDT": 0.1521,
  "ERAUSDT": 0.1424,
  "WALUSDT": 0.07823,
  "RSRUSDT": 0.001506,
  "KMNOUSDT": 0.02218,
  "GLMUSDT": 0.13228,
  "1000CHEEMSUSDT": 0.0005408,
  "ZKCUSDT": 0.0835,
  "SKLUSDT": 0.00666,
  "EDENUSDT": 0.03206,
  "TRUUSDT": 0.005318,
  "C98USDT": 0.0262,