{
  "BTCUSDT": 70695.0,
  "ETHUSDT": 2083.51,
  "SOLUSDT": 89.89,
  "XRPUSDT": 1.599,
  "BNBUSDT": 639.14,
  "DOGEUSDT": 0.11532,
  "BCHUSDT": 562.93,
  "HYPEUSDT": 31.34,
  "PAXGUSDT": 5033.0,
  "ZECUSDT": 313.87,
  "XAGUSDT": 77.43,
  "XAUUSDT": 5038.86,
  "1000PEPEUSDT": 0.0049044,
  "SUIUSDT": 1.0357,
  "TRXUSDT": 0.28157,
  "ASTERUSDT": 0.7326,
  "ADAUSDT": 0.2988,
  "LINKUSDT": 9.171,
  "LTCUSDT": 56.38,
  "AVAXUSDT": 9.678,
  "PIPPINUSDT": 0.70032,
  "UNIUSDT": 3.62,
  "PUMPUSDT": 0.002336,
  "ENAUSDT": 0.1295,
  "AAVEUSDT": 131.02,
  "WLFIUSDT": 0.1087,
  "NEARUSDT": 1.083,
  "KITEUSDT": 0.21985,
  "LITUSDT": 1.72,
  "WLDUSDT": 0.4282,
  "FILUSDT": 1.017,
  "TRUMPUSDT": 3.582,
  "XPLUSDT": 0.103,
  "ARCUSDT": 0.07807,
  "TAOUSDT": 191.16,
  "HUSDT": 0.2189,
  "ZROUSDT": 1.8964,
  "DOTUSDT": 1.428,
  "1000SHIBUSDT": 0.006973,
  "RIVERUSDT": 13.535,
  "TONUSDT": 1.4763,
  "APTUSDT": 0.9775,
  "HBARUSDT": 0.10515,
  "BERAUSDT": 0.6797,
  "ATOMUSDT": 2.222,
  "XLMUSDT": 0.17998,
  "XMRUSDT": 354.43,
  "AXSUSDT": 1.452,
  "ARBUSDT": 0.1203,
  "MONUSDT": 0.02324,
  "ICPUSDT": 2.539,
  "WIFUSDT": 0.2476,
  "FARTCOINUSDT": 0.2135,
  "DASHUSDT": 40.68,
  "PENGUUSDT": 0.007702,
  "BTRUSDT": 0.22616,
  "\u5e01\u5b89\u4eba\u751fUSDT": 0.11853,
  "CRVUSDT": 0.265,
  "1000BONKUSDT": 0.007104,
  "IPUSDT": 1.197,
  "FETUSDT": 0.18,
  "SPACEUSDT": 0.014467,
  "FFUSDT": 0.08228,
  "ETCUSDT": 9.105,
  "BARDUSDT": 0.8085,
  "OPUSDT": 0.1971,
  "CHZUSDT": 0.04312,
  "POLUSDT": 0.11143,
  "VIRTUALUSDT": 0.6835,
  "PARTIUSDT": 0.1055,
  "ONDOUSDT": 0.2924,
  "SENTUSDT": 0.02295,
  "TIAUSDT": 0.3586,
  "JUPUSDT": 0.1745,
  "BTCDOMUSDT": 5008.8,
  "0GUSDT": 0.6827,
  "ZAMAUSDT": 0.022,
  "ETHFIUSDT": 0.5075,
  "SEIUSDT": 0.0783,
  "ZKUSDT": 0.02277,
  "BANUSDT": 0.09743,
  "UBUSDT": 0.0501,
  "ZENUSDT": 6.617,
  "PENDLEUSDT": 1.3097,
  "\u6211\u8e0f\u9a6c\u6765\u4e86USDT": 0.029718,
  "LDOUSDT": 0.358,
  "ALCHUSDT": 0.08671,
  "CCUSDT": 0.16213,
  "KAITOUSDT": 0.3319,
  "INJUSDT": 3.281,
  "SKYUSDT": 0.06837,
  "OMUSDT": 0.06179,
  "RENDERUSDT": 1.506,
  "CYSUSDT": 0.5276,
  "BANANAS31USDT": 0.005052,
  "ENSOUSDT": 1.145,
  "COMPUSDT": 22.65,
  "STABLEUSDT": 0.023485,
  "HANAUSDT": 0.04175,
  "ATUSDT": 0.16,
  "SANDUSDT": 0.09276,
  "OGUSDT": 5.008,
  "1000RATSUSDT": 0.04785,
  "GIGGLEUSDT": 34.48,
  "NIGHTUSDT": 0.0591,
  "QUSDT": 0.021074,
  "AWEUSDT": 0.0899,
  "DUSKUSDT": 0.10505,
  "MSTRUSDT": 135.04,
  "STRKUSDT": 0.05129,
  "MYXUSDT": 2.089,
  "HOMEUSDT": 0.028328,
  "VVVUSDT": 3.722,
  "PYTHUSDT": 0.0569,
  "ROSEUSDT": 0.01323,
  "CAKEUSDT": 1.3639,
  "SKYAIUSDT": 0.03871,
  "METUSDT": 0.2346,
  "GPSUSDT": 0.012349,
  "ALGOUSDT": 0.0996,
  "POWERUSDT": 0.21465,
  "TRADOORUSDT": 1.383,
  "USDCUSDT": 0.999803,
  "PIEVERSEUSDT": 0.4242,
  "MORPHOUSDT": 1.4257,
  "ESPUSDT": 0.06044,
  "GALAUSDT": 0.00433,
  "ZILUSDT": 0.00452,
  "LYNUSDT": 0.21565,
  "AVNTUSDT": 0.2091,
  "MUSDT": 1.3216,
  "LINEAUSDT": 0.003864,
  "ENSUSDT": 6.952,
  "AEROUSDT": 0.3377,
  "AUCTIONUSDT": 5.405,
  "BUSDT": 0.1484,
  "SUSDT": 0.05104,
  "MOVEUSDT": 0.02502,
  "B2USDT": 0.7104,
  "EIGENUSDT": 0.2182,
  "GUNUSDT": 0.02363,
  "COLLECTUSDT": 0.07679,
  "BIRBUSDT": 0.21134,
  "VETUSDT": 0.008861,
  "MEUSDT": 0.1509,
  "ZKPUSDT": 0.09792,
  "BEAMXUSDT": 0.0025,
  "PNUTUSDT": 0.05392,
  "XTZUSDT": 0.418,
  "HUMAUSDT": 0.013725,
  "XPINUSDT": 0.001616,
  "BIOUSDT": 0.02592,
  "SYRUPUSDT": 0.27909,
  "DYDXUSDT": 0.113,
  "1000LUNCUSDT": 0.03507,
  "MOODENGUSDT": 0.06166,
  "FORMUSDT": 0.2263,
  "TSLAUSDT": 417.75,
  "NEOUSDT": 2.94,
  "LAUSDT": 0.2202,
  "RESOLVUSDT": 0.06228,
  "BEATUSDT": 0.2666,
  "ORDIUSDT": 2.939,
  "XNYUSDT": 0.007305,
  "LPTUSDT": 2.541,
  "JELLYJELLYUSDT": 0.05712,
  "SIRENUSDT": 0.14173,
  "1000FLOKIUSDT": 0.03458,
  "BULLAUSDT": 0.02397,
  "SOMIUSDT": 0.1988,
  "LRCUSDT": 0.03435,
  "MERLUSDT": 0.06261,
  "NXPCUSDT": 0.2867,
  "GUAUSDT": 0.14413,
  "TAKEUSDT": 0.04141,
  "FOGOUSDT": 0.02308,
  "RAVEUSDT": 0.37181,
  "ALLOUSDT": 0.08888,
  "AIAUSDT": 0.12613,
  "ESPORTSUSDT": 0.35384,
  "CLOUSDT": 0.09416,
  "FHEUSDT": 0.04167,
  "STXUSDT": 0.2768,
  "JTOUSDT": 0.2869,
  "ATHUSDT": 0.006393,
  "COAIUSDT": 0.4163,
  "VANAUSDT": 1.632,
  "COWUSDT": 0.2133,
  "PLUMEUSDT": 0.0117,
  "EULUSDT": 1.206,
  "STGUSDT": 0.1646,
  "TRBUSDT": 16.562,
  "BANKUSDT": 0.04329,
  "LIGHTUSDT": 0.286,
  "EDUUSDT": 0.1317,
  "2ZUSDT": 0.08225,
  "WCTUSDT": 0.06585,
  "API3USDT": 0.3233,
  "ARUSDT": 2.112,
  "NMRUSDT": 8.876,
  "FIGHTUSDT": 0.008053,
  "CFXUSDT": 0.0575,
  "JASMYUSDT": 0.00616,
  "4USDT": 0.01102,
  "SPXUSDT": 0.338,
  "XVGUSDT": 0.006407,
  "FLOWUSDT": 0.04449,
  "WUSDT": 0.02131,
  "MANAUSDT": 0.1083,
  "QNTUSDT": 74.08,
  "GWEIUSDT": 0.026668,
  "UAIUSDT": 0.2503,
  "KAIAUSDT": 0.06056,
  "APEUSDT": 0.1366,
  "TAGUSDT": 0.0003948,
  "BREVUSDT": 0.1509,
  "AZTECUSDT": 0.02336,
  "MUBARAKUSDT": 0.01942,
  "TAUSDT": 0.03714,
  "USELESSUSDT": 0.04519,
  "IRYSUSDT": 0.04289,
  "GRASSUSDT": 0.2358,
  "ZKCUSDT": 0.0997,
  "NEIROUSDT": 8.18e-05,
  "GRTUSDT": 0.02906,
  "1INCHUSDT": 0.0996,
  "AXLUSDT": 0.06607,
  "IMXUSDT": 0.1756,
  "THETAUSDT": 0.2191,
  "MMTUSDT": 0.1386,
  "JSTUSDT": 0.041873,
  "SFPUSDT": 0.2778,
  "TRIAUSDT": 0.01795,
  "FOLKSUSDT": 1.49,
  "IOTAUSDT": 0.072,
  "BOMEUSDT": 0.0004581,
  "ACTUSDT": 0.01586,
  "ZORAUSDT": 0.02195,
  "ZRXUSDT": 0.1148,
  "MASKUSDT": 0.5128,
  "EGLDUSDT": 5.306,
  "YFIUSDT": 2961.0,
  "SPKUSDT": 0.0225,
  "C98USDT": 0.032,
  "SKRUSDT": 0.023284,
  "RUNEUSDT": 0.4237,
  "FRAXUSDT": 0.6418,
  "BSVUSDT": 17.84,
  "TNSRUSDT": 0.05477,
  "TSTUSDT": 0.01183,
  "AGTUSDT": 0.004617,
  "ANIMEUSDT": 0.00591,
  "TURBOUSDT": 0.0011926,
  "PTBUSDT": 0.001393,
  "NOMUSDT": 0.005651,
  "SNXUSDT": 0.31,
  "MEGAUSDT": 0.13089,
  "PROVEUSDT": 0.3407,
  "PEOPLEUSDT": 0.00742,
  "ONUSDT": 0.1159,
  "TWTUSDT": 0.5331,
  "NILUSDT": 0.05562,
  "MINAUSDT": 0.06883,
  "MANTAUSDT": 0.07912,
  "FUSDT": 0.00648,
  "AUSDT": 0.09,
  "KASUSDT": 0.03353,
  "ARKMUSDT": 0.1237,
  "POPCATUSDT": 0.0578,
  "ICNTUSDT": 0.4727,
  "ACHUSDT": 0.00789,
  "YBUSDT": 0.1881,
  "GASUSDT": 1.714,
  "KGENUSDT": 0.17688,
  "TUTUSDT": 0.01196,
  "GMTUSDT": 0.01314,
  "MAGICUSDT": 0.07169,
  "BATUSDT": 0.1351,
  "SIGNUSDT": 0.02868,
  "SAHARAUSDT": 0.01667,
  "SOPHUSDT": 0.010107,
  "AVAAIUSDT": 0.00805,
  "BLUAIUSDT": 0.005855,
  "SWARMSUSDT": 0.00779,
  "CYBERUSDT": 0.5893,
  "BASUSDT": 0.00672,
  "OPENUSDT": 0.1722,
  "LAYERUSDT": 0.0944,
  "BABYUSDT": 0.01409,
  "SANTOSUSDT": 1.9,
  "TRUTHUSDT": 0.015373,
  "ZBTUSDT": 0.07461,
  "CATIUSDT": 0.04245,
  "AKEUSDT": 0.0002958,
  "MEMEUSDT": 0.0007658,
  "THEUSDT": 0.2861,
  "IOUSDT": 0.1126,
  "AIOUSDT": 0.08294,
  "DEEPUSDT": 0.02922,
  "BLURUSDT": 0.02244,
  "SOONUSDT": 0.189,
  "YGGUSDT": 0.04314,
  "LUNA2USDT": 0.06471,
  "SUPERUSDT": 0.1329,
  "SUSHIUSDT": 0.2188,
  "NAORISUSDT": 0.03384,
  "CELOUSDT": 0.09,
  "ONTUSDT": 0.0482,
  "IDOLUSDT": 0.02114,
  "SONICUSDT": 0.04979,
  "SUNUSDT": 0.017766,
  "BROCCOLI714USDT": 0.01535,
  "STOUSDT": 0.05807,
  "INUSDT": 0.06609,
  "AIXBTUSDT": 0.02272,
  "GLMUSDT": 0.19921,
  "ZEREBROUSDT": 0.00899,
  "VELODROMEUSDT": 0.0152,
  "SOLVUSDT": 0.00504,
  "ALTUSDT": 0.00903,
  "XPTUSDT": 2070.95,
  "CTSIUSDT": 0.028,
  "SYNUSDT": 0.04951,
  "DEXEUSDT": 2.54,
  "WALUSDT": 0.0878,
  "QTUMUSDT": 1.027,
  "INITUSDT": 0.07102,
  "MELANIAUSDT": 0.1261,
  "RAREUSDT": 0.02074,
  "VELVETUSDT": 0.08351,
  "ASRUSDT": 1.447,
  "HYPERUSDT": 0.1069,
  "IDUSDT": 0.05466,
  "ANKRUSDT": 0.004803,
  "KMNOUSDT": 0.03129,
  "ERAUSDT": 0.1638,
  "KERNELUSDT": 0.0679,
  "DYMUSDT": 0.04716,
  "DRIFTUSDT": 0.0984,
  "CVXUSDT": 1.991,
  "BANANAUSDT": 4.862,
  "EDENUSDT": 0.03445,
  "SKLUSDT": 0.00719,
  "TOSHIUSDT": 0.0002445,
  "KAVAUSDT": 0.0581,
  "AINUSDT": 0.03536,
  "RSRUSDT": 0.001664,
  "ORCAUSDT": 0.825,
  "HEMIUSDT": 0.01059,
  "NOTUSDT": 0.0004315,
  "SAPIENUSDT": 0.09395,
  "POLYXUSDT": 0.04682,
  "LISTAUSDT": 0.0958,
  "KOMAUSDT": 0.00814,
  "STBLUSDT": 0.04007,
  "GUSDT": 0.004156,