{
  "BTCUSDT": 67124.3,
  "ETHUSDT": 1937.48,
  "SOLUSDT": 80.34,
  "BTC/USDCUSDT": 66334.3,
  "ETH/USDCUSDT": 1919.39,
  "BTC/USDUSDT": 67064.7,
  "XRPUSDT": 1.393,
  "XAGUSDT": 86.75,
  "XAUUSDT": 5153.86,
  "AGLDUSDT": 0.358,
  "ETH/USDUSDT": 1937.0,
  "DOGEUSDT": 0.09647,
  "PIPPINUSDT": 0.72696,
  "BNBUSDT": 608.07,
  "SOL/USDCUSDT": 80.34,
  "OPNUSDT": 0.6209,
  "ZECUSDT": 247.35,
  "1000PEPEUSDT": 0.0040782,
  "HYPEUSDT": 28.041,
  "BCHUSDT": 541.61,
  "WLFIUSDT": 0.1169,
  "PAXGUSDT": 5164.09,
  "SUIUSDT": 0.9067,
  "RAVEUSDT": 0.28132,
  "ENSOUSDT": 1.9453,
  "ADAUSDT": 0.2703,
  "AVAXUSDT": 8.688,
  "KITEUSDT": 0.25943,
  "LINKUSDT": 8.5,
  "XRP/USDCUSDT": 1.3928,
  "SIRENUSDT": 0.2871,
  "RIVERUSDT": 8.21,
  "ARCUSDT": 0.09527,
  "ESPUSDT": 0.08252,
  "SOL/USDUSDT": 79.94,
  "ENAUSDT": 0.1008,
  "AZTECUSDT": 0.02809,
  "\u5e01\u5b89\u4eba\u751fUSDT": 0.06153,
  "ASTERUSDT": 0.701,
  "OPUSDT": 0.1242,
  "LAUSDT": 0.251,
  "FILUSDT": 0.91,
  "PROMPTUSDT": 0.04818,
  "LTCUSDT": 52.82,
  "DOTUSDT": 1.289,
  "MYXUSDT": 0.708,
  "TAOUSDT": 172.32,
  "SPACEUSDT": 0.00904,
  "BNB/USDUSDT": 610.46,
  "UNIUSDT": 3.469,
  "YGGUSDT": 0.04783,
  "PUMPUSDT": 0.001929,
  "NEARUSDT": 1.01,
  "BNB/USDCUSDT": 608.36,
  "AAVEUSDT": 117.39,
  "APTUSDT": 0.8586,
  "BELUSDT": 0.1082,
  "POWERUSDT": 0.444,
  "NAORISUSDT": 0.04296,
  "TRUMPUSDT": 3.333,
  "WLDUSDT": 0.3835,
  "ARBUSDT": 0.0943,
  "FARTCOINUSDT": 0.1577,
  "INJUSDT": 3.464,
  "ZROUSDT": 1.5987,
  "SNXUSDT": 0.415,
  "ETCUSDT": 8.45,
  "TRXUSDT": 0.28812,
  "WIFUSDT": 0.2086,
  "XRP/USDUSDT": 1.3874,
  "VVVUSDT": 3.853,
  "AXSUSDT": 1.247,
  "BERAUSDT": 0.5674,
  "XPLUSDT": 0.0877,
  "ETH/BTCUSDT": 1918.6158819,
  "DOGE/USDUSDT": 0.09643,
  "BIOUSDT": 0.02598,
  "1000SHIBUSDT": 0.006141,
  "XLMUSDT": 0.1558,
  "HBARUSDT": 0.09626,
  "PENGUUSDT": 0.00656,
  "1000BONKUSDT": 0.006015,
  "DOGE/USDCUSDT": 0.09645,
  "ICPUSDT": 2.08,
  "DASHUSDT": 33.11,
  "FLOCKUSDT": 0.07128,
  "XMRUSDT": 323.49,
  "SPORTFUNUSDT": 0.04543,
  "DUSKUSDT": 0.08195,
  "BULLAUSDT": 0.03128,
  "CRVUSDT": 0.23,
  "VIRTUALUSDT": 0.6176,
  "ORCAUSDT": 0.985,
  "JTOUSDT": 0.2902,
  "ZAMAUSDT": 0.02161,
  "AWEUSDT": 0.05816,
  "SAPIENUSDT": 0.09658,
  "COWUSDT": 0.2187,
  "SENTUSDT": 0.02298,
  "ARPAUSDT": 0.01041,
  "CYBERUSDT": 0.5607,
  "ATOMUSDT": 2.232,
  "TONUSDT": 1.3657,
  "GALAUSDT": 0.00363,
  "ATUSDT": 0.16237,
  "0GUSDT": 0.6661,
  "\u6211\u8e0f\u9a6c\u6765\u4e86USDT": 0.012441,
  "TIAUSDT": 0.3052,
  "ALLOUSDT": 0.10817,
  "SOMIUSDT": 0.2016,
  "POLUSDT": 0.10881,
  "LITUSDT": 1.42,
  "ONDOUSDT": 0.2568,
  "CHZUSDT": 0.03469,
  "IPUSDT": 1.048,
  "BCH/USDCUSDT": 541.46,
  "STABLEUSDT": 0.029573,
  "COLLECTUSDT": 0.04601,
  "TRADOORUSDT": 1.501,
  "ZEC/USDCUSDT": 247.25,
  "ZILUSDT": 0.00419,
  "SEIUSDT": 0.0681,
  "FETUSDT": 0.1586,
  "RENDERUSDT": 1.417,
  "1000PEPE/USDCUSDT": 0.0040761,
  "LDOUSDT": 0.3094,
  "GIGGLEUSDT": 26.27,
  "SUI/USDCUSDT": 0.9064,
  "IDOLUSDT": 0.02399,
  "LYNUSDT": 0.31545,
  "HUSDT": 0.16078,
  "MORPHOUSDT": 1.6469,
  "FHEUSDT": 0.03059,
  "ALGOUSDT": 0.0859,
  "TRIAUSDT": 0.01525,
  "MONUSDT": 0.01956,
  "JUPUSDT": 0.1492,
  "ORDIUSDT": 2.458,
  "PENDLEUSDT": 1.1771,
  "SANDUSDT": 0.08117,
  "BTRUSDT": 0.18772,
  "ADA/USDUSDT": 0.2704,
  "CLOUSDT": 0.0874,
  "MOODENGUSDT": 0.05296,
  "NEIROUSDT": 6.9e-05,
  "STGUSDT": 0.1398,
  "ROSEUSDT": 0.0123,
  "INITUSDT": 0.08724,
  "EIGENUSDT": 0.1837,
  "CAKEUSDT": 1.2726,
  "BEATUSDT": 0.2147,
  "ETHFIUSDT": 0.4663,
  "ZENUSDT": 5.561,
  "APEUSDT": 0.1055,
  "ZKUSDT": 0.01939,
  "BANUSDT": 0.13066,
  "USELESSUSDT": 0.0369,
  "VTHOUSDT": 0.0006072,
  "1000FLOKIUSDT": 0.02881,
  "LINEAUSDT": 0.003307,
  "ADA/USDCUSDT": 0.2703,
  "MEUSDT": 0.1203,
  "TAKEUSDT": 0.02553,
  "GWEIUSDT": 0.031395,
  "PLAYUSDT": 0.01867,
  "SPXUSDT": 0.2955,
  "BARDUSDT": 0.7621,
  "ENA/USDCUSDT": 0.1007,
  "ENSUSDT": 6.29,
  "ZKPUSDT": 0.08626,
  "LIGHTUSDT": 0.2383,
  "DYDXUSDT": 0.093,
  "SUI/USDUSDT": 0.9062,
  "BIRBUSDT": 0.15844,
  "AVAX/USDCUSDT": 8.686,
  "LINK/USDCUSDT": 8.499,
  "TSLAUSDT": 408.2,
  "STRKUSDT": 0.04229,
  "TRBUSDT": 14.555,
  "VETUSDT": 0.007433,
  "WLFI/USDCUSDT": 0.1168,
  "CYSUSDT": 0.3517,
  "LINK/USDUSDT": 8.501,
  "FIL/USDCUSDT": 0.91,
  "KSMUSDT": 4.724,
  "GPSUSDT": 0.013241,
  "RESOLVUSDT": 0.06552,
  "IOTAUSDT": 0.0669,
  "PTBUSDT": 0.001275,
  "EULUSDT": 0.895,
  "WETUSDT": 0.0892,
  "NOMUSDT": 0.004791,
  "C98USDT": 0.0265,
  "FOGOUSDT": 0.02474,
  "PNUTUSDT": 0.04516,
  "ARB/USDCUSDT": 0.0941,
  "FIDAUSDT": 0.01652,
  "XPTUSDT": 2170.32,
  "DEXEUSDT": 2.814,
  "JASMYUSDT": 0.005891,
  "XTZUSDT": 0.376,
  "KASUSDT": 0.03079,
  "TRUTHUSDT": 0.009487,
  "PYTHUSDT": 0.05161,
  "BCH/USDUSDT": 541.39,
  "MANAUSDT": 0.0938,
  "VANAUSDT": 1.464,
  "LTC/USDCUSDT": 52.81,
  "MERLUSDT": 0.04853,
  "SUSDT": 0.04049,
  "CCUSDT": 0.16121,
  "AVNTUSDT": 0.1778,
  "TURBOUSDT": 0.0010096,
  "RPLUSDT": 2.122,
  "STOUSDT": 0.0592,
  "ACHUSDT": 0.0074,
  "BASUSDT": 0.005816,
  "MUSDT": 1.3975,
  "XPDUSDT": 1775.04,
  "AEROUSDT": 0.3094,
  "ARUSDT": 1.924,
  "WCTUSDT": 0.05919,
  "GUNUSDT": 0.02867,
  "PROMUSDT": 1.248,
  "WUSDT": 0.01883,
  "PARTIUSDT": 0.11152,
  "CHRUSDT": 0.0201,
  "AIAUSDT": 0.08939,
  "FIGHTUSDT": 0.006728,
  "OLUSDT": 0.01188,
  "ZORAUSDT": 0.01978,
  "GRTUSDT": 0.02692,
  "LRCUSDT": 0.03344,
  "COMPUSDT": 17.63,
  "BOMEUSDT": 0.0003864,
  "INUSDT": 0.06636,
  "FIL/USDUSDT": 0.91,
  "BANANAS31USDT": 0.004816,
  "STXUSDT": 0.2407,
  "HUMAUSDT": 0.011937,
  "SYRUPUSDT": 0.213,
  "JELLYJELLYUSDT": 0.06252,
  "TNSRUSDT": 0.04928,
  "SKRUSDT": 0.018171,
  "MUBARAKUSDT": 0.01428,
  "NIGHTUSDT": 0.05841,
  "LPTUSDT": 2.25,
  "1000LUNCUSDT": 0.03501,
  "MOVEUSDT": 0.02251,
  "AVAX/USDUSDT": 8.68,
  "RUNEUSDT": 0.3947,
  "HANAUSDT": 0.03153,
  "METUSDT": 0.2006,
  "WOOUSDT": 0.01655,
  "XNYUSDT": 0.004877,
  "OGUSDT": 3.028,
  "CFXUSDT": 0.05025,
  "BTCDOMUSDT": 5121.8,
  "QUSDT": 0.021868,
  "LTC/USDUSDT": 52.81,
  "THETAUSDT": 0.1921,
  "ARKMUSDT": 0.1077,
  "MEMEUSDT": 0.0006607,
  "DUSDT": 0.0073,
  "FOLKSUSDT": 1.189,
  "FLOWUSDT": 0.03525,
  "SKYUSDT": 0.06303,
  "KAITOUSDT": 0.2908,
  "BREVUSDT": 0.1285,
  "FFUSDT": 0.07838,
  "QNTUSDT": 64.74,
  "IMXUSDT": 0.1595,
  "GMTUSDT": 0.01116,
  "AUCTIONUSDT": 4.992,
  "IOTXUSDT": 0.00462,
  "ZETAUSDT": 0.05301,
  "1INCHUSDT": 0.09,
  "PEOPLEUSDT": 0.0064,
  "IOUSDT": 0.1122,
  "APRUSDT": 0.09816,
  "MMTUSDT": 0.1224,
  "LUNA2USDT": 0.0603,
  "ACUUSDT": 0.10262,
  "BIO/USDCUSDT": 0.02595,
  "UNI/USDUSDT": 3.467,
  "4USDT": 0.00789,
  "MAGICUSDT": 0.06744,
  "MAGMAUSDT": 0.10092,
  "FRAXUSDT": 0.6298,
  "RAYSOLUSDT": 0.6091,
  "SUPERUSDT": 0.1111,
  "AAVE/USDCUSDT": 117.29,
  "BOBUSDT": 0.005356,
  "OP/USDUSDT": 0.1241,
  "UAIUSDT": 0.2309,
  "GOATUSDT": 0.01985,
  "KAIAUSDT": 0.05448,
  "GUAUSDT": 0.16277,
  "EGLDUSDT": 4.412,
  "SUSHIUSDT": 0.1992,
  "PROVEUSDT": 0.2822,
  "NXPCUSDT": 0.2633,
  "CRV/USDCUSDT": 0.229,
  "KGENUSDT": 0.18288,
  "TAGUSDT": 0.0004027,
  "MINAUSDT": 0.05899,
  "OPENUSDT": 0.1473,
  "NEAR/USDCUSDT": 1.01,
  "ZKCUSDT": 0.0865,
  "HOMEUSDT": 0.030286,
  "AIOTUSDT": 0.02346,
  "HOODUSDT": 75.07,
  "TRUMP/USDCUSDT": 3.33,
  "MOCAUSDT": 0.01644,
  "MASKUSDT": 0.4237,
  "SIGNUSDT": 0.02366,
  "RECALLUSDT": 0.05308,
  "BBUSDT": 0.0276,
  "POPCATUSDT": 0.04777,
  "AIOUSDT": 0.08096,
  "MANTAUSDT": 0.06573,
  "IRYSUSDT": 0.02163,
  "ALICEUSDT": 0.103,
  "BEAMXUSDT": 0.002073,
  "TAUSDT": 0.0383,
  "SPKUSDT": 0.02061,
  "UBUSDT": 0.03689,
  "DOLOUSDT": 0.03879,
  "PLUMEUSDT": 0.0096,
  "1000RATSUSDT": 0.04982,
  "AXLUSDT": 0.05316,
  "KAVAUSDT": 0.0499,
  "B2USDT": 0.7474,
  "INXUSDT": 0.011242,
  "AIXBTUSDT": 0.01901,
  "BIGTIMEUSDT": 0.01493,
  "ZBTUSDT": 0.07147,
  "BRETTUSDT": 0.00703,
  "NEOUSDT": 2.659,
  "USDCUSDT": 0.999644,
  "NOTUSDT": 0.00037,
  "DAMUSDT": 0.01917,
  "WIF/USDCUSDT": 0.2084,
  "2ZUSDT": 0.06876,
  "NILUSDT": 0.04838,
  "PIEVERSEUSDT": 0.4228,
  "FORMUSDT": 0.2017,
  "STEEMUSDT": 0.0469,
  "1MBABYDOGEUSDT": 0.0003736,
  "GRASSUSDT": 0.174,