{
  "BTCUSDT": 68086.2,
  "ETHUSDT": 1979.06,
  "SOLUSDT": 85.45,
  "XRPUSDT": 1.4423,
  "BNBUSDT": 630.5,
  "BCHUSDT": 568.29,
  "DOGEUSDT": 0.10002,
  "HYPEUSDT": 30.249,
  "XAGUSDT": 84.54,
  "WLFIUSDT": 0.1193,
  "PAXGUSDT": 5124.92,
  "XAUUSDT": 5112.79,
  "ZECUSDT": 261.76,
  "TRXUSDT": 0.28602,
  "SUIUSDT": 0.9586,
  "ASTERUSDT": 0.7278,
  "LINKUSDT": 8.944,
  "ADAUSDT": 0.2833,
  "UNIUSDT": 3.646,
  "AVAXUSDT": 9.277,
  "LTCUSDT": 54.99,
  "1000PEPEUSDT": 0.0042918,
  "PUMPUSDT": 0.002118,
  "ENAUSDT": 0.1115,
  "AAVEUSDT": 122.62,
  "KITEUSDT": 0.23618,
  "NEARUSDT": 1.086,
  "PIPPINUSDT": 0.49415,
  "WLDUSDT": 0.3948,
  "TRUMPUSDT": 3.517,
  "LITUSDT": 1.493,
  "FILUSDT": 1.0,
  "TAOUSDT": 181.62,
  "XPLUSDT": 0.0986,
  "DOTUSDT": 1.386,
  "ARCUSDT": 0.07211,
  "ZROUSDT": 1.7079,
  "ATOMUSDT": 2.369,
  "APTUSDT": 0.9022,
  "ENSOUSDT": 2.0195,
  "ARBUSDT": 0.1032,
  "TONUSDT": 1.3304,
  "1000SHIBUSDT": 0.006502,
  "HBARUSDT": 0.10026,
  "XLMUSDT": 0.16269,
  "AXSUSDT": 1.348,
  "ICPUSDT": 2.241,
  "BERAUSDT": 0.583,
  "ETCUSDT": 9.66,
  "OPUSDT": 0.1314,
  "RIVERUSDT": 8.16,
  "HUSDT": 0.16451,
  "XMRUSDT": 328.72,
  "MONUSDT": 0.02109,
  "AZTECUSDT": 0.03556,
  "POWERUSDT": 0.45739,
  "FETUSDT": 0.1684,
  "WIFUSDT": 0.2265,
  "FFUSDT": 0.08067,
  "PENGUUSDT": 0.007019,
  "CRVUSDT": 0.244,
  "INJUSDT": 3.835,
  "BARDUSDT": 0.7569,
  "1000BONKUSDT": 0.006477,
  "FARTCOINUSDT": 0.1876,
  "BANUSDT": 0.12974,
  "IPUSDT": 1.11,
  "\u5e01\u5b89\u4eba\u751fUSDT": 0.08774,
  "POLUSDT": 0.11066,
  "PARTIUSDT": 0.10483,
  "DASHUSDT": 34.61,
  "CHZUSDT": 0.03599,
  "ZAMAUSDT": 0.0254,
  "BTCDOMUSDT": 5072.9,
  "SENTUSDT": 0.0232,
  "TIAUSDT": 0.3436,
  "RAVEUSDT": 0.56382,
  "VIRTUALUSDT": 0.6455,
  "ONDOUSDT": 0.2719,
  "0GUSDT": 0.6835,
  "ETHFIUSDT": 0.4755,
  "SEIUSDT": 0.0713,
  "VVVUSDT": 4.37,
  "ZKUSDT": 0.02023,
  "JUPUSDT": 0.1592,
  "BIOUSDT": 0.02988,
  "LYNUSDT": 0.30504,
  "MYXUSDT": 1.129,
  "STABLEUSDT": 0.029848,
  "RENDERUSDT": 1.486,
  "ALCHUSDT": 0.08038,
  "CCUSDT": 0.15992,
  "ESPUSDT": 0.08355,
  "LDOUSDT": 0.3356,
  "PENDLEUSDT": 1.235,
  "ALLOUSDT": 0.1382,
  "KAITOUSDT": 0.3066,
  "QUSDT": 0.021844,
  "BTRUSDT": 0.19704,
  "1000RATSUSDT": 0.04657,
  "HOMEUSDT": 0.029092,
  "NIGHTUSDT": 0.05987,
  "ZENUSDT": 5.894,
  "BANANAS31USDT": 0.004602,
  "SANDUSDT": 0.08603,
  "DUSKUSDT": 0.08577,
  "SKYAIUSDT": 0.03907,
  "ATUSDT": 0.16074,
  "HANAUSDT": 0.03596,
  "STRKUSDT": 0.04601,
  "ALGOUSDT": 0.0903,
  "CAKEUSDT": 1.3189,
  "ORCAUSDT": 1.081,
  "SIRENUSDT": 0.20411,
  "JTOUSDT": 0.3069,
  "UBUSDT": 0.03796,
  "TRADOORUSDT": 1.414,
  "GUNUSDT": 0.02833,
  "GPSUSDT": 0.013108,
  "ZILUSDT": 0.00423,
  "OMUSDT": 0.06456,
  "MORPHOUSDT": 1.5966,
  "PIEVERSEUSDT": 0.4151,
  "SKYUSDT": 0.0644,
  "\u6211\u8e0f\u9a6c\u6765\u4e86USDT": 0.016415,
  "MUSDT": 1.3344,
  "USDCUSDT": 0.999847,
  "GALAUSDT": 0.00399,
  "ROSEUSDT": 0.01368,
  "YGGUSDT": 0.04844,
  "APEUSDT": 0.1112,
  "GIGGLEUSDT": 29.55,
  "PYTHUSDT": 0.05496,
  "B2USDT": 0.7209,
  "XPINUSDT": 0.001752,
  "AWEUSDT": 0.05772,
  "METUSDT": 0.2131,
  "AVNTUSDT": 0.1949,
  "CYSUSDT": 0.3845,
  "HUMAUSDT": 0.012764,
  "BEAMXUSDT": 0.002309,
  "SNXUSDT": 0.386,
  "JELLYJELLYUSDT": 0.06699,
  "NAORISUSDT": 0.04749,
  "EIGENUSDT": 0.197,
  "SYRUPUSDT": 0.22909,
  "BUSDT": 0.1319,
  "MSTRUSDT": 131.54,
  "AEROUSDT": 0.3309,
  "COMPUSDT": 18.28,
  "DYDXUSDT": 0.102,
  "ORDIUSDT": 2.734,
  "GUAUSDT": 0.15457,
  "BULLAUSDT": 0.02627,
  "XTZUSDT": 0.396,
  "INITUSDT": 0.09792,
  "FOGOUSDT": 0.02687,
  "ENSUSDT": 6.978,
  "MEUSDT": 0.1301,
  "SPACEUSDT": 0.010058,
  "TSLAUSDT": 411.52,
  "MOVEUSDT": 0.02389,
  "ZKPUSDT": 0.09223,
  "VETUSDT": 0.00784,
  "SUSDT": 0.04496,
  "NXPCUSDT": 0.2746,
  "NEOUSDT": 2.763,
  "ESPORTSUSDT": 0.33493,
  "FORMUSDT": 0.2116,
  "PNUTUSDT": 0.04917,
  "AUCTIONUSDT": 5.102,
  "COLLECTUSDT": 0.0501,
  "CYBERUSDT": 0.5731,
  "LINEAUSDT": 0.003507,
  "LAUSDT": 0.2098,
  "VANAUSDT": 1.63,
  "1000LUNCUSDT": 0.03702,
  "EULUSDT": 1.043,
  "SOMIUSDT": 0.2107,
  "STGUSDT": 0.1475,
  "RESOLVUSDT": 0.06501,
  "BEATUSDT": 0.2443,
  "1000FLOKIUSDT": 0.03082,
  "LPTUSDT": 2.381,
  "PLUMEUSDT": 0.01019,
  "OGUSDT": 3.318,
  "GWEIUSDT": 0.029924,
  "STXUSDT": 0.257,
  "TRBUSDT": 15.51,
  "CLOUSDT": 0.08713,
  "MERLUSDT": 0.05203,
  "FHEUSDT": 0.04032,
  "BIRBUSDT": 0.17445,
  "EDUUSDT": 0.1253,
  "GRTUSDT": 0.02879,
  "ATHUSDT": 0.005644,
  "LRCUSDT": 0.03406,
  "MOODENGUSDT": 0.05781,
  "BANKUSDT": 0.04022,
  "WUSDT": 0.02011,
  "UAIUSDT": 0.2456,
  "2ZUSDT": 0.07398,
  "MANAUSDT": 0.0998,
  "NMRUSDT": 8.224,
  "JASMYUSDT": 0.005893,
  "CFXUSDT": 0.05381,
  "TRUTHUSDT": 0.012065,
  "ARUSDT": 2.065,
  "MMTUSDT": 0.1306,
  "WCTUSDT": 0.06154,
  "AGTUSDT": 0.00534,
  "RPLUSDT": 2.417,
  "SPXUSDT": 0.3236,
  "COAIUSDT": 0.3313,
  "USELESSUSDT": 0.0423,
  "API3USDT": 0.305,
  "TAUSDT": 0.03877,
  "TRIAUSDT": 0.01675,
  "LIGHTUSDT": 0.2418,
  "IMXUSDT": 0.1701,
  "ZORAUSDT": 0.02072,
  "LUNA2USDT": 0.06492,
  "AIAUSDT": 0.10456,
  "4USDT": 0.00926,
  "THETAUSDT": 0.207,
  "ZRXUSDT": 0.1137,
  "FLOWUSDT": 0.03829,
  "IOTAUSDT": 0.0703,
  "PTBUSDT": 0.001434,
  "SFPUSDT": 0.2772,
  "IOUSDT": 0.1215,
  "SPKUSDT": 0.02123,
  "QNTUSDT": 65.62,
  "JSTUSDT": 0.042947,
  "BREVUSDT": 0.1416,
  "AXLUSDT": 0.05577,
  "1INCHUSDT": 0.0937,
  "TAGUSDT": 0.0003395,
  "FOLKSUSDT": 1.397,
  "RUNEUSDT": 0.4152,
  "NEIROUSDT": 7.52e-05,
  "KAIAUSDT": 0.05612,
  "ARKMUSDT": 0.1162,
  "SKRUSDT": 0.019886,
  "NOMUSDT": 0.005499,
  "YFIUSDT": 2845.0,
  "EGLDUSDT": 4.665,
  "ANIMEUSDT": 0.005066,
  "FIGHTUSDT": 0.007253,
  "KGENUSDT": 0.18122,
  "BOMEUSDT": 0.0004216,
  "SAHARAUSDT": 0.01586,
  "MEGAUSDT": 0.12987,
  "MAGICUSDT": 0.07046,
  "TWTUSDT": 0.5291,
  "AUSDT": 0.0841,
  "ZKCUSDT": 0.0913,
  "XNYUSDT": 0.004624,
  "PROVEUSDT": 0.3091,
  "BLUAIUSDT": 0.005162,
  "TAKEUSDT": 0.02475,
  "KASUSDT": 0.03152,
  "PEOPLEUSDT": 0.00689,
  "GASUSDT": 1.611,
  "COWUSDT": 0.207,
  "MANTAUSDT": 0.0721,
  "ACTUSDT": 0.01481,
  "TSTUSDT": 0.01071,
  "CTSIUSDT": 0.0286,
  "SIGNUSDT": 0.02591,
  "AVAAIUSDT": 0.00776,
  "TURBOUSDT": 0.0010914,
  "MINAUSDT": 0.06323,
  "TUTUSDT": 0.01127,
  "NILUSDT": 0.05253,
  "OPENUSDT": 0.1535,
  "GMTUSDT": 0.01227,
  "SUPERUSDT": 0.1211,
  "AIOUSDT": 0.07836,
  "GRASSUSDT": 0.1914,
  "SWARMSUSDT": 0.00719,
  "BATUSDT": 0.1226,
  "BSVUSDT": 16.43,
  "SANTOSUSDT": 1.896,
  "ZBTUSDT": 0.07379,
  "TNSRUSDT": 0.04984,
  "YBUSDT": 0.1644,
  "FUSDT": 0.005946,
  "SOPHUSDT": 0.009288,
  "VELVETUSDT": 0.07895,
  "IDOLUSDT": 0.02195,
  "MUBARAKUSDT": 0.01591,
  "CATIUSDT": 0.04042,
  "POPCATUSDT": 0.05216,
  "SUSHIUSDT": 0.2132,
  "AKEUSDT": 0.000278,
  "KSMUSDT": 4.99,
  "XPTUSDT": 2160.5,
  "BABYUSDT": 0.01331,
  "LAYERUSDT": 0.0892,
  "XVGUSDT": 0.006144,
  "EDENUSDT": 0.03658,
  "CVXUSDT": 1.978,
  "VELODROMEUSDT": 0.01503,
  "ICNTUSDT": 0.4014,
  "BLURUSDT": 0.02113,
  "C98USDT": 0.0272,
  "RAYSOLUSDT": 0.6577,
  "ACHUSDT": 0.007609,
  "SOLVUSDT": 0.00464,
  "ALTUSDT": 0.0082,
  "MASKUSDT": 0.4565,
  "DOLOUSDT": 0.04059,
  "GLMUSDT": 0.16667,
  "DEXEUSDT": 2.452,
  "AIXBTUSDT": 0.02044,
  "CELOUSDT": 0.079,
  "IRUSDT": 0.09297,
  "SOONUSDT": 0.1711,
  "ONTUSDT": 0.0445,
  "ASRUSDT": 1.419,
  "ANKRUSDT": 0.00461,
  "STOUSDT": 0.05683,
  "DRIFTUSDT": 0.0917,
  "SONICUSDT": 0.05041,
  "MEMEUSDT": 0.0006969,
  "UMAUSDT": 0.4746,
  "RAREUSDT": 0.01929,
  "THEUSDT": 0.2635,
  "SUNUSDT": 0.016935,
  "FRAXUSDT": 0.6733,
  "KERNELUSDT": 0.06998,
  "DEGOUSDT": 0.3565,
  "ZEREBROUSDT": 0.00794,
  "MELANIAUSDT": 0.1168,
  "ERAUSDT": 0.1583,
  "PROMUSDT": 1.313,
  "SAPIENUSDT": 0.08674,
  "GMXUSDT": 6.86,
  "IDUSDT": 0.04895,
  "ONUSDT": 0.09896,
  "WOOUSDT": 0.01866,
  "KAVAUSDT": 0.0531,
  "WALUSDT": 0.0814,
  "RSRUSDT": 0.001512,
  "HYPERUSDT": 0.0983,
  "KMNOUSDT": 0.02814,
  "BANANAUSDT": 4.567,
  "POLYXUSDT": 0.04437,
  "LSKUSDT": 0.1425,
  "SKLUSDT": 0.00692,
  "STORJUSDT": 0.0983,
  "STBLUSDT": 0.0377,
  "AKTUSDT": 0.323,
  "KOMAUSDT": 0.00743,
  "BIGTIMEUSDT": 0.01556,