{
  "BTCUSDT": 68080.9,
  "ETHUSDT": 1970.33,
  "SOLUSDT": 84.85,
  "XRPUSDT": 1.4363,
  "BNBUSDT": 628.59,
  "BCHUSDT": 567.24,
  "DOGEUSDT": 0.10033,
  "HYPEUSDT": 30.38,
  "XAGUSDT": 84.59,
  "WLFIUSDT": 0.1206,
  "PAXGUSDT": 5121.28,
  "XAUUSDT": 5112.5,
  "ZECUSDT": 263.21,
  "TRXUSDT": 0.2861,
  "SUIUSDT": 0.9561,
  "ASTERUSDT": 0.7342,
  "LINKUSDT": 8.903,
  "ADAUSDT": 0.2848,
  "UNIUSDT": 3.589,
  "LTCUSDT": 55.42,
  "1000PEPEUSDT": 0.0043642,
  "AVAXUSDT": 9.216,
  "PUMPUSDT": 0.002137,
  "ENAUSDT": 0.1118,
  "AAVEUSDT": 119.58,
  "KITEUSDT": 0.23564,
  "NEARUSDT": 1.091,
  "PIPPINUSDT": 0.49472,
  "WLDUSDT": 0.3961,
  "TRUMPUSDT": 3.52,
  "LITUSDT": 1.505,
  "FILUSDT": 0.993,
  "XPLUSDT": 0.1002,
  "TAOUSDT": 180.99,
  "DOTUSDT": 1.385,
  "ARCUSDT": 0.07279,
  "ZROUSDT": 1.6876,
  "ATOMUSDT": 2.389,
  "APTUSDT": 0.9013,
  "ARBUSDT": 0.1038,
  "TONUSDT": 1.3345,
  "1000SHIBUSDT": 0.00656,
  "HBARUSDT": 0.09976,
  "XLMUSDT": 0.16309,
  "ENSOUSDT": 1.9435,
  "AXSUSDT": 1.311,
  "OPUSDT": 0.1346,
  "ICPUSDT": 2.201,
  "BERAUSDT": 0.5903,
  "RIVERUSDT": 8.434,
  "HUSDT": 0.1622,
  "AZTECUSDT": 0.0361,
  "XMRUSDT": 330.9,
  "MONUSDT": 0.02097,
  "ETCUSDT": 9.591,
  "WIFUSDT": 0.2277,
  "FETUSDT": 0.1683,
  "FFUSDT": 0.08148,
  "POWERUSDT": 0.45358,
  "PENGUUSDT": 0.007002,
  "CRVUSDT": 0.245,
  "BARDUSDT": 0.7571,
  "FARTCOINUSDT": 0.1882,
  "1000BONKUSDT": 0.006458,
  "IPUSDT": 1.109,
  "PARTIUSDT": 0.10694,
  "\u5e01\u5b89\u4eba\u751fUSDT": 0.08904,
  "INJUSDT": 3.597,
  "POLUSDT": 0.11113,
  "BANUSDT": 0.12595,
  "DASHUSDT": 34.78,
  "CHZUSDT": 0.03646,
  "BTCDOMUSDT": 5088.5,
  "SENTUSDT": 0.02323,
  "ZAMAUSDT": 0.02491,
  "TIAUSDT": 0.3438,
  "RAVEUSDT": 0.55728,
  "VIRTUALUSDT": 0.6522,
  "ONDOUSDT": 0.2715,
  "0GUSDT": 0.6896,
  "ETHFIUSDT": 0.4786,
  "SEIUSDT": 0.0713,
  "VVVUSDT": 4.228,
  "ZKUSDT": 0.02034,
  "JUPUSDT": 0.1589,
  "BIOUSDT": 0.0296,
  "LYNUSDT": 0.30744,
  "MYXUSDT": 1.164,
  "STABLEUSDT": 0.02982,
  "RENDERUSDT": 1.493,
  "ALCHUSDT": 0.08066,
  "CCUSDT": 0.16066,
  "LDOUSDT": 0.3325,
  "KAITOUSDT": 0.3093,
  "PENDLEUSDT": 1.2324,
  "ALLOUSDT": 0.13804,
  "ESPUSDT": 0.08385,
  "QUSDT": 0.022233,
  "1000RATSUSDT": 0.04658,
  "HOMEUSDT": 0.029113,
  "BTRUSDT": 0.1898,
  "NIGHTUSDT": 0.06082,
  "SIRENUSDT": 0.21988,
  "ZENUSDT": 5.924,
  "BANANAS31USDT": 0.004609,
  "SANDUSDT": 0.08611,
  "DUSKUSDT": 0.08706,
  "ORCAUSDT": 1.091,
  "HANAUSDT": 0.03632,
  "SKYAIUSDT": 0.03894,
  "ATUSDT": 0.16089,
  "STRKUSDT": 0.04641,
  "ALGOUSDT": 0.0909,
  "JTOUSDT": 0.3095,
  "CAKEUSDT": 1.3049,
  "UBUSDT": 0.03838,
  "TRADOORUSDT": 1.399,
  "GUNUSDT": 0.02853,
  "OMUSDT": 0.06453,
  "GPSUSDT": 0.013,
  "ZILUSDT": 0.00427,
  "MORPHOUSDT": 1.5707,
  "\u6211\u8e0f\u9a6c\u6765\u4e86USDT": 0.016632,
  "PIEVERSEUSDT": 0.4144,
  "MUSDT": 1.3412,
  "SKYUSDT": 0.06424,
  "GALAUSDT": 0.00402,
  "USDCUSDT": 0.999868,
  "APEUSDT": 0.1133,
  "GIGGLEUSDT": 29.69,
  "YGGUSDT": 0.0482,
  "ROSEUSDT": 0.01356,
  "B2USDT": 0.7209,
  "PYTHUSDT": 0.05488,
  "METUSDT": 0.2142,
  "XPINUSDT": 0.001721,
  "CYSUSDT": 0.3869,
  "BEAMXUSDT": 0.002319,
  "HUMAUSDT": 0.012777,
  "SNXUSDT": 0.387,
  "AWEUSDT": 0.05732,
  "AVNTUSDT": 0.1929,
  "JELLYJELLYUSDT": 0.0671,
  "EIGENUSDT": 0.1975,
  "COMPUSDT": 18.36,
  "DYDXUSDT": 0.102,
  "SYRUPUSDT": 0.22861,
  "ORDIUSDT": 2.753,
  "BUSDT": 0.1323,
  "NAORISUSDT": 0.04515,
  "MSTRUSDT": 131.47,
  "BULLAUSDT": 0.02669,
  "AEROUSDT": 0.3261,
  "XTZUSDT": 0.399,
  "GUAUSDT": 0.15494,
  "FOGOUSDT": 0.02692,
  "MEUSDT": 0.1308,
  "INITUSDT": 0.0983,
  "MOVEUSDT": 0.02404,
  "TSLAUSDT": 411.36,
  "ZKPUSDT": 0.09275,
  "VETUSDT": 0.007893,
  "NXPCUSDT": 0.2757,
  "FORMUSDT": 0.2139,
  "NEOUSDT": 2.771,
  "EULUSDT": 1.067,
  "ENSUSDT": 6.867,
  "PNUTUSDT": 0.04955,
  "SPACEUSDT": 0.009978,
  "AUCTIONUSDT": 5.126,
  "ESPORTSUSDT": 0.32727,
  "CYBERUSDT": 0.572,
  "COLLECTUSDT": 0.05083,
  "LAUSDT": 0.2115,
  "SUSDT": 0.04408,
  "1000LUNCUSDT": 0.03721,
  "VANAUSDT": 1.609,
  "LINEAUSDT": 0.003503,
  "SOMIUSDT": 0.2119,
  "STGUSDT": 0.1464,
  "RESOLVUSDT": 0.06521,
  "BEATUSDT": 0.2518,
  "1000FLOKIUSDT": 0.03098,
  "OGUSDT": 3.351,
  "PLUMEUSDT": 0.0102,
  "STXUSDT": 0.2579,
  "LPTUSDT": 2.371,
  "MERLUSDT": 0.05279,
  "CLOUSDT": 0.08697,
  "TRBUSDT": 15.583,
  "FHEUSDT": 0.04046,
  "GWEIUSDT": 0.029388,
  "BIRBUSDT": 0.17649,
  "GRTUSDT": 0.02905,
  "ATHUSDT": 0.005683,
  "EDUUSDT": 0.1252,
  "MOODENGUSDT": 0.05839,
  "LRCUSDT": 0.03411,
  "BANKUSDT": 0.04096,
  "UAIUSDT": 0.2467,
  "CFXUSDT": 0.0542,
  "WUSDT": 0.02016,
  "2ZUSDT": 0.07444,
  "MANAUSDT": 0.0998,
  "JASMYUSDT": 0.005903,
  "ARUSDT": 2.093,
  "MMTUSDT": 0.1319,
  "NMRUSDT": 8.229,
  "SPXUSDT": 0.3263,
  "COAIUSDT": 0.3368,
  "WCTUSDT": 0.06163,
  "USELESSUSDT": 0.04313,
  "RPLUSDT": 2.385,
  "TAUSDT": 0.03903,
  "API3USDT": 0.3051,
  "LIGHTUSDT": 0.2452,
  "ZORAUSDT": 0.02084,
  "4USDT": 0.00935,
  "THETAUSDT": 0.2111,
  "AIAUSDT": 0.10463,
  "LUNA2USDT": 0.06521,
  "TRIAUSDT": 0.01626,
  "IMXUSDT": 0.1695,
  "FLOWUSDT": 0.03816,
  "ZRXUSDT": 0.1136,
  "AGTUSDT": 0.005146,
  "IOTAUSDT": 0.0703,
  "IOUSDT": 0.122,
  "SFPUSDT": 0.278,
  "SPKUSDT": 0.02119,
  "PTBUSDT": 0.001406,
  "1INCHUSDT": 0.0948,
  "JSTUSDT": 0.043073,
  "QNTUSDT": 66.06,
  "AXLUSDT": 0.05614,
  "BREVUSDT": 0.1405,
  "RUNEUSDT": 0.4163,
  "FOLKSUSDT": 1.394,
  "NEIROUSDT": 7.6e-05,
  "TAGUSDT": 0.0003376,
  "ARKMUSDT": 0.1168,
  "KAIAUSDT": 0.05635,
  "NOMUSDT": 0.005527,
  "SKRUSDT": 0.019756,
  "YFIUSDT": 2845.0,
  "EGLDUSDT": 4.675,
  "ANIMEUSDT": 0.005074,
  "BOMEUSDT": 0.0004242,
  "FIGHTUSDT": 0.007199,
  "SAHARAUSDT": 0.01593,
  "MAGICUSDT": 0.07073,
  "MEGAUSDT": 0.13069,
  "TAKEUSDT": 0.02515,
  "CTSIUSDT": 0.0292,
  "KGENUSDT": 0.1749,
  "ZKCUSDT": 0.0912,
  "BLUAIUSDT": 0.00519,
  "AUSDT": 0.0831,
  "COWUSDT": 0.2082,
  "MANTAUSDT": 0.07333,
  "TWTUSDT": 0.5239,
  "PEOPLEUSDT": 0.00692,
  "PROVEUSDT": 0.311,
  "GASUSDT": 1.62,
  "ACTUSDT": 0.01493,
  "SIGNUSDT": 0.02644,
  "XNYUSDT": 0.004544,
  "TSTUSDT": 0.01069,
  "KASUSDT": 0.03099,
  "AVAAIUSDT": 0.00772,
  "MINAUSDT": 0.06402,
  "NILUSDT": 0.05303,
  "TURBOUSDT": 0.0010938,
  "OPENUSDT": 0.1569,
  "GMTUSDT": 0.01241,
  "TUTUSDT": 0.01129,
  "AIOUSDT": 0.07862,
  "SUPERUSDT": 0.121,
  "GRASSUSDT": 0.192,
  "SWARMSUSDT": 0.00721,
  "BATUSDT": 0.1224,
  "VELVETUSDT": 0.08128,
  "BSVUSDT": 16.43,
  "TNSRUSDT": 0.05026,
  "SANTOSUSDT": 1.9,
  "ZBTUSDT": 0.07444,
  "MUBARAKUSDT": 0.01617,
  "FUSDT": 0.005983,
  "POPCATUSDT": 0.05241,
  "IDOLUSDT": 0.02202,
  "SOPHUSDT": 0.009391,
  "YBUSDT": 0.1647,
  "CATIUSDT": 0.0406,
  "AKEUSDT": 0.0002752,
  "SUSHIUSDT": 0.2138,
  "BABYUSDT": 0.01336,
  "KSMUSDT": 5.177,
  "XVGUSDT": 0.006168,
  "XPTUSDT": 2160.87,
  "DOLOUSDT": 0.04144,
  "CVXUSDT": 1.986,
  "LAYERUSDT": 0.0887,
  "ICNTUSDT": 0.4084,
  "BLURUSDT": 0.02126,
  "C98USDT": 0.0271,
  "EDENUSDT": 0.03645,
  "VELODROMEUSDT": 0.01475,
  "RAYSOLUSDT": 0.6535,
  "SOLVUSDT": 0.0046,
  "ACHUSDT": 0.007603,
  "MASKUSDT": 0.4595,
  "ALTUSDT": 0.0083,
  "GLMUSDT": 0.16893,
  "IRUSDT": 0.09439,
  "DEXEUSDT": 2.458,
  "TRUTHUSDT": 0.010585,
  "AIXBTUSDT": 0.02057,
  "CELOUSDT": 0.079,
  "ONTUSDT": 0.0445,
  "SOONUSDT": 0.1728,
  "ASRUSDT": 1.421,
  "ANKRUSDT": 0.004608,
  "SONICUSDT": 0.05027,
  "STOUSDT": 0.05644,
  "MEMEUSDT": 0.0006989,
  "DRIFTUSDT": 0.092,
  "RAREUSDT": 0.01931,
  "UMAUSDT": 0.4766,
  "SUNUSDT": 0.016941,
  "MELANIAUSDT": 0.1171,
  "THEUSDT": 0.2606,
  "KERNELUSDT": 0.06986,
  "DEGOUSDT": 0.3544,
  "PROMUSDT": 1.329,
  "FRAXUSDT": 0.6588,
  "ZEREBROUSDT": 0.00798,
  "ERAUSDT": 0.1585,
  "GMXUSDT": 6.861,
  "ONUSDT": 0.09985,
  "SAPIENUSDT": 0.08653,
  "WALUSDT": 0.0817,
  "IDUSDT": 0.04915,
  "KAVAUSDT": 0.0534,
  "LSKUSDT": 0.1431,
  "BANANAUSDT": 4.586,
  "HYPERUSDT": 0.0987,
  "RSRUSDT": 0.001524,
  "AKTUSDT": 0.3242,
  "WOOUSDT": 0.01861,
  "POLYXUSDT": 0.04452,
  "SKLUSDT": 0.00696,
  "KMNOUSDT": 0.02795,
  "BIGTIMEUSDT": 0.01576,
  "STBLUSDT": 0.03793,
  "STORJUSDT": 0.0987,
  "FIDAUSDT": 0.01822,