{
  "BTCUSDT": 68756.6,
  "ETHUSDT": 2019.77,
  "BTC/USDCUSDT": 67839.3,
  "ETH/USDCUSDT": 1997.8,
  "SOLUSDT": 85.1,
  "XAGUSDT": 75.58,
  "XAUUSDT": 4932.64,
  "XRPUSDT": 1.4848,
  "BTC/USDUSDT": 68642.8,
  "PIPPINUSDT": 0.46172,
  "ETH/USDUSDT": 2018.23,
  "ORCAUSDT": 1.161,
  "DOGEUSDT": 0.1008,
  "ZECUSDT": 294.72,
  "RIVERUSDT": 8.948,
  "BNBUSDT": 617.51,
  "1000PEPEUSDT": 0.0044055,
  "SOL/USDCUSDT": 85.06,
  "PAXGUSDT": 4935.9,
  "HYPEUSDT": 29.342,
  "SPACEUSDT": 0.010814,
  "RPLUSDT": 2.228,
  "JTOUSDT": 0.3021,
  "VVVUSDT": 4.3,
  "INITUSDT": 0.10686,
  "JELLYJELLYUSDT": 0.07179,
  "WLFIUSDT": 0.1147,
  "XRP/USDCUSDT": 1.484,
  "SUIUSDT": 0.9707,
  "ADAUSDT": 0.2821,
  "TAOUSDT": 191.52,
  "BCHUSDT": 568.84,
  "SIRENUSDT": 0.21341,
  "POWERUSDT": 0.31641,
  "STABLEUSDT": 0.027897,
  "BERAUSDT": 0.636,
  "AVAXUSDT": 9.068,
  "ASTERUSDT": 0.7142,
  "LINKUSDT": 8.851,
  "PUMPUSDT": 0.002166,
  "CYBERUSDT": 0.7026,
  "LTCUSDT": 54.26,
  "GPSUSDT": 0.013374,
  "FILUSDT": 0.961,
  "AAVEUSDT": 126.71,
  "SOL/USDUSDT": 84.52,
  "TRUMPUSDT": 3.557,
  "WLDUSDT": 0.3926,
  "UNIUSDT": 3.549,
  "DOTUSDT": 1.353,
  "NEARUSDT": 1.047,
  "ENAUSDT": 0.1206,
  "AXSUSDT": 1.342,
  "\u6211\u8e0f\u9a6c\u6765\u4e86USDT": 0.017275,
  "TRXUSDT": 0.28196,
  "0GUSDT": 0.6569,
  "CLOUSDT": 0.08875,
  "XRP/USDUSDT": 1.473,
  "FARTCOINUSDT": 0.1932,
  "WIFUSDT": 0.2293,
  "APTUSDT": 0.9193,
  "ZROUSDT": 1.5677,
  "TRUTHUSDT": 0.010523,
  "MYXUSDT": 1.249,
  "ZAMAUSDT": 0.01875,
  "PENGUUSDT": 0.007114,
  "MMTUSDT": 0.1367,
  "ENSOUSDT": 1.2588,
  "BNB/USDCUSDT": 617.71,
  "KITEUSDT": 0.22448,
  "DOGE/USDCUSDT": 0.10073,
  "RAYSOLUSDT": 0.6523,
  "DOGE/USDUSDT": 0.10072,
  "BTRUSDT": 0.18713,
  "ZORAUSDT": 0.02223,
  "MERLUSDT": 0.06153,
  "LITUSDT": 1.567,
  "HBARUSDT": 0.10199,
  "ESPUSDT": 0.05849,
  "ARBUSDT": 0.1132,
  "ETH/BTCUSDT": 2000.7870854,
  "XLMUSDT": 0.16657,
  "1000SHIBUSDT": 0.006496,
  "ATOMUSDT": 2.286,
  "DASHUSDT": 37.81,
  "VIRTUALUSDT": 0.642,
  "TSLAUSDT": 412.45,
  "ARIAUSDT": 0.07523,
  "ZEC/USDCUSDT": 294.42,
  "USELESSUSDT": 0.05024,
  "STEEMUSDT": 0.06008,
  "CRVUSDT": 0.252,
  "XMRUSDT": 334.81,
  "XPLUSDT": 0.0968,
  "HUSDT": 0.17924,
  "GUNUSDT": 0.02585,
  "MUSDT": 1.5786,
  "BNB/USDUSDT": 619.31,
  "OPUSDT": 0.1876,
  "MONUSDT": 0.02141,
  "MAGICUSDT": 0.07432,
  "HUMAUSDT": 0.014387,
  "ETCUSDT": 8.712,
  "BULLAUSDT": 0.02714,
  "MOVEUSDT": 0.02555,
  "1000BONKUSDT": 0.006511,
  "\u5e01\u5b89\u4eba\u751fUSDT": 0.098,
  "HOODUSDT": 75.24,
  "BASUSDT": 0.006326,
  "1000PEPE/USDCUSDT": 0.0044022,
  "JUPUSDT": 0.1643,
  "IPUSDT": 1.144,
  "TONUSDT": 1.4218,
  "PROMUSDT": 1.324,
  "FHEUSDT": 0.04214,
  "MOODENGUSDT": 0.06007,
  "TIAUSDT": 0.3432,
  "ICPUSDT": 2.373,
  "LAUSDT": 0.2103,
  "MORPHOUSDT": 1.4988,
  "AZTECUSDT": 0.01908,
  "ONDOUSDT": 0.2758,
  "POLUSDT": 0.10926,
  "RENDERUSDT": 1.458,
  "BREVUSDT": 0.1407,
  "ARCUSDT": 0.07744,
  "SEIUSDT": 0.0744,
  "ZKPUSDT": 0.0936,
  "OGNUSDT": 0.024,
  "BEATUSDT": 0.2439,
  "SPXUSDT": 0.3599,
  "DUSKUSDT": 0.10212,
  "FIGHTUSDT": 0.006557,
  "ROSEUSDT": 0.01312,
  "GALAUSDT": 0.00405,
  "SENTUSDT": 0.0219,
  "AVNTUSDT": 0.2042,
  "INJUSDT": 3.106,
  "PENDLEUSDT": 1.2201,
  "TAKEUSDT": 0.02539,
  "SUI/USDCUSDT": 0.97,
  "LINEAUSDT": 0.003764,
  "TRIAUSDT": 0.01751,
  "COINUSDT": 167.42,
  "EULUSDT": 0.969,
  "LDOUSDT": 0.3411,
  "DYDXUSDT": 0.108,
  "INTCUSDT": 46.63,
  "MUBARAKUSDT": 0.01991,
  "FETUSDT": 0.1713,
  "BCH/USDCUSDT": 568.53,
  "ADA/USDUSDT": 0.282,
  "ALGOUSDT": 0.0934,
  "OMUSDT": 0.05871,
  "METUSDT": 0.2169,
  "ONTUSDT": 0.0492,
  "CCUSDT": 0.16613,
  "NEIROUSDT": 7.65e-05,
  "AWEUSDT": 0.09429,
  "COMPUSDT": 18.97,
  "FOGOUSDT": 0.02469,
  "MSTRUSDT": 129.22,
  "MEUSDT": 0.1372,
  "ZENUSDT": 6.2,
  "SONICUSDT": 0.05094,
  "UMAUSDT": 0.5193,
  "IRYSUSDT": 0.02935,
  "AMZNUSDT": 201.92,
  "CHZUSDT": 0.04077,
  "ZKUSDT": 0.0219,
  "SANDUSDT": 0.08673,
  "CRCLUSDT": 62.49,
  "ADA/USDCUSDT": 0.2821,
  "LUNA2USDT": 0.06431,
  "DEEPUSDT": 0.02981,
  "TNSRUSDT": 0.05289,
  "ALLOUSDT": 0.09405,
  "SUSDT": 0.04837,
  "SKYUSDT": 0.06284,
  "SKRUSDT": 0.021351,
  "CVXUSDT": 2.161,
  "COTIUSDT": 0.0124,
  "NAORISUSDT": 0.03695,
  "EIGENUSDT": 0.2079,
  "AIAUSDT": 0.11204,
  "XPTUSDT": 2057.86,
  "SUI/USDUSDT": 0.9702,
  "RESOLVUSDT": 0.06206,
  "BIRBUSDT": 0.19313,
  "ZILUSDT": 0.0042,
  "FRAXUSDT": 0.7078,
  "ETHFIUSDT": 0.4789,
  "SNXUSDT": 0.299,
  "GIGGLEUSDT": 30.75,
  "C98USDT": 0.0306,
  "CAKEUSDT": 1.3046,
  "XPDUSDT": 1724.4,
  "LINK/USDUSDT": 8.845,
  "CYSUSDT": 0.5329,
  "PTBUSDT": 0.00139,
  "JASMYUSDT": 0.005923,
  "WLFI/USDCUSDT": 0.1143,
  "PYTHUSDT": 0.0568,
  "IOUSDT": 0.1122,
  "GASUSDT": 1.697,
  "WUSDT": 0.02056,
  "DRIFTUSDT": 0.0932,
  "STGUSDT": 0.1354,
  "REZUSDT": 0.00327,
  "1000FLOKIUSDT": 0.03173,
  "LINK/USDCUSDT": 8.844,
  "ENSUSDT": 6.828,
  "KSMUSDT": 4.853,
  "ANIMEUSDT": 0.005387,
  "COLLECTUSDT": 0.07854,
  "VETUSDT": 0.008133,
  "COWUSDT": 0.2118,
  "LTC/USDCUSDT": 54.21,
  "SUPERUSDT": 0.1334,
  "OGUSDT": 3.356,
  "AVAX/USDCUSDT": 9.062,
  "TWTUSDT": 0.5609,
  "LPTUSDT": 2.463,
  "PLAYUSDT": 0.02186,
  "WETUSDT": 0.08862,
  "TRBUSDT": 15.665,
  "FIL/USDCUSDT": 0.961,
  "ARUSDT": 2.029,
  "APEUSDT": 0.1272,
  "NILUSDT": 0.05573,
  "SYRUPUSDT": 0.23891,
  "BANUSDT": 0.10912,
  "GWEIUSDT": 0.028432,
  "STRKUSDT": 0.04856,
  "SAFEUSDT": 0.1143,
  "QNTUSDT": 70.27,
  "STXUSDT": 0.263,
  "LRCUSDT": 0.03471,
  "NOMUSDT": 0.005575,
  "TURBOUSDT": 0.0011076,
  "PNUTUSDT": 0.05053,
  "LYNUSDT": 0.2391,
  "OPENUSDT": 0.1615,
  "ORDIUSDT": 2.797,
  "ALTUSDT": 0.00882,
  "SOMIUSDT": 0.1947,
  "ENA/USDCUSDT": 0.1205,
  "ARB/USDCUSDT": 0.1132,
  "KASUSDT": 0.03188,
  "AIXBTUSDT": 0.0213,
  "MANAUSDT": 0.1016,
  "RUNEUSDT": 0.4044,
  "XVGUSDT": 0.006193,
  "PLTRUSDT": 133.52,
  "AUCTIONUSDT": 5.318,
  "HAEDALUSDT": 0.03019,
  "MEMEUSDT": 0.0007147,
  "1000LUNCUSDT": 0.03398,
  "INUSDT": 0.06312,
  "SYNUSDT": 0.05114,
  "LIGHTUSDT": 0.2366,
  "AEROUSDT": 0.3164,
  "AEVOUSDT": 0.02846,
  "BCH/USDUSDT": 568.43,
  "ZKCUSDT": 0.0993,
  "BIOUSDT": 0.02477,
  "RAVEUSDT": 0.39111,
  "STORJUSDT": 0.1011,
  "BOMEUSDT": 0.0004361,
  "NEAR/USDCUSDT": 1.046,
  "VANRYUSDT": 0.005995,
  "LTC/USDUSDT": 54.22,
  "IOTAUSDT": 0.0696,
  "SAGAUSDT": 0.03494,
  "FIL/USDUSDT": 0.961,
  "XTZUSDT": 0.395,
  "COAIUSDT": 0.3418,
  "ACHUSDT": 0.008012,
  "ARKMUSDT": 0.1188,
  "EGLDUSDT": 4.681,
  "FLOWUSDT": 0.03893,
  "PARTIUSDT": 0.10546,
  "LAYERUSDT": 0.0906,
  "UAIUSDT": 0.2335,
  "IMXUSDT": 0.1691,
  "FFUSDT": 0.08164,
  "APRUSDT": 0.08849,
  "SPORTFUNUSDT": 0.03407,
  "GRTUSDT": 0.02782,
  "ANKRUSDT": 0.004706,
  "ACUUSDT": 0.1131,
  "ATUSDT": 0.15994,
  "VANAUSDT": 1.557,
  "POPCATUSDT": 0.05252,
  "BARDUSDT": 0.758,
  "2ZUSDT": 0.07842,
  "USUSDT": 0.003749,
  "KAITOUSDT": 0.3169,
  "BANKUSDT": 0.042,
  "POLYXUSDT": 0.04568,
  "CLANKERUSDT": 33.03,
  "LISTAUSDT": 0.0944,
  "ALICEUSDT": 0.112,
  "ZBTUSDT": 0.07301,
  "HEMIUSDT": 0.01056,
  "FUSDT": 0.006399,
  "BATUSDT": 0.1293,
  "AXLUSDT": 0.06061,
  "ARPAUSDT": 0.01031,
  "PLUMEUSDT": 0.01095,
  "CFXUSDT": 0.05467,
  "BANANAS31USDT": 0.004475,
  "ELSAUSDT": 0.07945,
  "TRUMP/USDCUSDT": 3.554,
  "DOLOUSDT": 0.03652,
  "LABUSDT": 0.14464,
  "CKBUSDT": 0.001659,
  "KMNOUSDT": 0.02968,
  "ILVUSDT": 3.991,
  "MASKUSDT": 0.4745,
  "XNYUSDT": 0.005597,
  "SUSHIUSDT": 0.2111,
  "BROCCOLI714USDT": 0.01436,
  "NIGHTUSDT": 0.05651,
  "HANAUSDT": 0.03682,
  "SHELLUSDT": 0.03351,
  "API3USDT": 0.3152,
  "LUMIAUSDT": 0.06786,
  "MANTAUSDT": 0.0787,
  "WALUSDT": 0.0843,
  "MIRAUSDT": 0.0948,
  "SSVUSDT": 3.361,
  "TREEUSDT": 0.07568,
  "CRV/USDCUSDT": 0.2518,
  "TOWNSUSDT": 0.004194,
  "NEOUSDT": 2.811,
  "NXPCUSDT": 0.2821,
  "PENGU/USDCUSDT": 0.007109,
  "FOLKSUSDT": 1.317,
  "WLD/USDCUSDT": 0.3922,
  "THETAUSDT": 0.2057,
  "PEOPLEUSDT": 0.00699,
  "GMTUSDT": 0.01258,
  "METISUSDT": 3.684,
  "YFIUSDT": 2864.0,
  "ACTUSDT": 0.01525,
  "AVAX/USDUSDT": 9.05,
  "GLMUSDT": 0.18044,
  "HOTUSDT": 0.000401,
  "IDUSDT": 0.05113,