{
  "BTCUSDT": 66207.0,
  "ETHUSDT": 1963.76,
  "SOLUSDT": 83.78,
  "XRPUSDT": 1.4128,
  "BNBUSDT": 614.1,
  "DOGEUSDT": 0.097,
  "BCHUSDT": 507.25,
  "XAGUSDT": 90.5,
  "XAUUSDT": 5187.36,
  "HYPEUSDT": 27.646,
  "PAXGUSDT": 5200.33,
  "WLFIUSDT": 0.1154,
  "ZECUSDT": 243.01,
  "TRXUSDT": 0.28554,
  "SUIUSDT": 0.912,
  "UNIUSDT": 3.715,
  "ADAUSDT": 0.2787,
  "ASTERUSDT": 0.7055,
  "AVAXUSDT": 9.399,
  "PIPPINUSDT": 0.75772,
  "LINKUSDT": 8.885,
  "LTCUSDT": 55.14,
  "1000PEPEUSDT": 0.0040939,
  "ARCUSDT": 0.12494,
  "PUMPUSDT": 0.001798,
  "ENAUSDT": 0.1032,
  "KITEUSDT": 0.26811,
  "NEARUSDT": 1.071,
  "WLDUSDT": 0.4002,
  "AAVEUSDT": 117.08,
  "DOTUSDT": 1.464,
  "FILUSDT": 0.98,
  "TRUMPUSDT": 3.47,
  "LITUSDT": 1.454,
  "TAOUSDT": 179.78,
  "XPLUSDT": 0.0908,
  "POWERUSDT": 0.81029,
  "APTUSDT": 0.891,
  "ATOMUSDT": 2.073,
  "1000SHIBUSDT": 0.006148,
  "ZROUSDT": 1.5062,
  "TONUSDT": 1.2981,
  "HBARUSDT": 0.09985,
  "XLMUSDT": 0.15818,
  "BERAUSDT": 0.6086,
  "RIVERUSDT": 9.483,
  "ARBUSDT": 0.0963,
  "ENSOUSDT": 1.8907,
  "WIFUSDT": 0.2058,
  "ICPUSDT": 2.215,
  "AXSUSDT": 1.334,
  "ESPUSDT": 0.15007,
  "XMRUSDT": 337.11,
  "OPUSDT": 0.1202,
  "MONUSDT": 0.0207,
  "CRVUSDT": 0.247,
  "PENGUUSDT": 0.006951,
  "VIRTUALUSDT": 0.6931,
  "FETUSDT": 0.1613,
  "FFUSDT": 0.07809,
  "BARDUSDT": 0.7665,
  "ETCUSDT": 8.762,
  "POLUSDT": 0.1151,
  "1000BONKUSDT": 0.006106,
  "PARTIUSDT": 0.10477,
  "FARTCOINUSDT": 0.1633,
  "SIRENUSDT": 0.36886,
  "IPUSDT": 1.022,
  "ETHFIUSDT": 0.5181,
  "BANUSDT": 0.1181,
  "CHZUSDT": 0.03475,
  "BTCDOMUSDT": 5016.0,
  "ONDOUSDT": 0.2634,
  "INJUSDT": 3.24,
  "DASHUSDT": 34.09,
  "SENTUSDT": 0.02327,
  "HUSDT": 0.12836,
  "TIAUSDT": 0.33,
  "\u5e01\u5b89\u4eba\u751fUSDT": 0.06132,
  "SEIUSDT": 0.0695,
  "0GUSDT": 0.6535,
  "ZKUSDT": 0.01988,
  "STABLEUSDT": 0.030367,
  "JUPUSDT": 0.1524,
  "KAITOUSDT": 0.3279,
  "ZAMAUSDT": 0.02204,
  "PENDLEUSDT": 1.2853,
  "ALCHUSDT": 0.08058,
  "CCUSDT": 0.15927,
  "MORPHOUSDT": 1.9266,
  "MYXUSDT": 0.423,
  "LYNUSDT": 0.32928,
  "LDOUSDT": 0.3134,
  "1000RATSUSDT": 0.04839,
  "VVVUSDT": 4.323,
  "RENDERUSDT": 1.444,
  "SKYAIUSDT": 0.04353,
  "GUAUSDT": 0.21702,
  "HOMEUSDT": 0.029842,
  "BULLAUSDT": 0.01938,
  "BANANAS31USDT": 0.004694,
  "ATUSDT": 0.15988,
  "CAKEUSDT": 1.3116,
  "PIEVERSEUSDT": 0.4814,
  "BIOUSDT": 0.0256,
  "QUSDT": 0.020704,
  "GPSUSDT": 0.01005,
  "UBUSDT": 0.04171,
  "ZENUSDT": 5.534,
  "NIGHTUSDT": 0.05701,
  "SANDUSDT": 0.08301,
  "GUNUSDT": 0.03055,
  "ALGOUSDT": 0.0885,
  "MUSDT": 1.4205,
  "STRKUSDT": 0.04341,
  "AZTECUSDT": 0.02468,
  "DUSKUSDT": 0.08789,
  "OPNUSDT": 0.5753,
  "HANAUSDT": 0.03488,
  "BTRUSDT": 0.18682,
  "GALAUSDT": 0.00362,
  "USDCUSDT": 0.999571,
  "ALLOUSDT": 0.10836,
  "LAUSDT": 0.2412,
  "ZILUSDT": 0.00428,
  "APEUSDT": 0.1071,
  "SKYUSDT": 0.06831,
  "JTOUSDT": 0.2866,
  "TRADOORUSDT": 1.483,
  "COLLECTUSDT": 0.05489,
  "GIGGLEUSDT": 25.63,
  "AEROUSDT": 0.3409,
  "SYRUPUSDT": 0.22565,
  "ROSEUSDT": 0.01278,
  "XPINUSDT": 0.001577,
  "MSTRUSDT": 129.83,
  "BEAMXUSDT": 0.002026,
  "METUSDT": 0.1797,
  "SKRUSDT": 0.021887,
  "AXLUSDT": 0.06168,
  "PYTHUSDT": 0.05307,
  "B2USDT": 0.7399,
  "ORCAUSDT": 0.954,
  "EIGENUSDT": 0.1949,
  "FOGOUSDT": 0.02766,
  "\u6211\u8e0f\u9a6c\u6765\u4e86USDT": 0.0125,
  "VETUSDT": 0.007497,
  "HUMAUSDT": 0.011884,
  "SNXUSDT": 0.376,
  "TSLAUSDT": 411.08,
  "DENTUSDT": 0.000216,
  "ORDIUSDT": 2.449,
  "AVNTUSDT": 0.1805,
  "JELLYJELLYUSDT": 0.06289,
  "BUSDT": 0.1244,
  "DYDXUSDT": 0.098,
  "SOMIUSDT": 0.2104,
  "AWEUSDT": 0.0524,
  "MOVEUSDT": 0.02209,
  "NEOUSDT": 2.713,
  "XTZUSDT": 0.384,
  "SUSDT": 0.04098,
  "LINEAUSDT": 0.003122,
  "NXPCUSDT": 0.2701,
  "ZKPUSDT": 0.0853,
  "LPTUSDT": 2.383,
  "ESPORTSUSDT": 0.32526,
  "FORMUSDT": 0.1957,
  "ARUSDT": 1.747,
  "AGLDUSDT": 0.28,
  "CYSUSDT": 0.3896,
  "COMPUSDT": 18.28,
  "PNUTUSDT": 0.04662,
  "AUCTIONUSDT": 4.955,
  "TRIAUSDT": 0.02154,
  "CYBERUSDT": 0.551,
  "RAVEUSDT": 0.26318,
  "MEUSDT": 0.1208,
  "STGUSDT": 0.1322,
  "1000FLOKIUSDT": 0.02955,
  "STXUSDT": 0.2514,
  "GWEIUSDT": 0.030882,
  "RESOLVUSDT": 0.06687,
  "1000LUNCUSDT": 0.03602,
  "ENSUSDT": 6.358,
  "DEXEUSDT": 3.167,
  "USELESSUSDT": 0.04325,
  "TRBUSDT": 14.682,
  "YGGUSDT": 0.04119,
  "CRCLUSDT": 74.11,
  "PLUMEUSDT": 0.00953,
  "AKEUSDT": 0.0003618,
  "VANAUSDT": 1.483,
  "WUSDT": 0.01954,
  "BANKUSDT": 0.04167,
  "BEATUSDT": 0.2231,
  "SPXUSDT": 0.3034,
  "JASMYUSDT": 0.005831,
  "2ZUSDT": 0.07301,
  "IMXUSDT": 0.1698,
  "EDUUSDT": 0.1164,
  "CLOUSDT": 0.09034,
  "UAIUSDT": 0.2411,
  "MANAUSDT": 0.0949,
  "STEEMUSDT": 0.05678,
  "ATHUSDT": 0.005231,
  "CFXUSDT": 0.05065,
  "MERLUSDT": 0.04504,
  "EULUSDT": 0.987,
  "INITUSDT": 0.08449,
  "GRTUSDT": 0.0271,
  "WCTUSDT": 0.06101,
  "SPACEUSDT": 0.009,
  "OGUSDT": 3.077,
  "NMRUSDT": 7.953,
  "TAUSDT": 0.03837,
  "IOTAUSDT": 0.0689,
  "FLOWUSDT": 0.03653,
  "QNTUSDT": 64.05,
  "MOODENGUSDT": 0.05259,
  "JSTUSDT": 0.044935,
  "API3USDT": 0.2939,
  "MMTUSDT": 0.123,
  "COAIUSDT": 0.3122,
  "TAGUSDT": 0.0003648,
  "ZRXUSDT": 0.1082,
  "SPKUSDT": 0.02059,
  "NAORISUSDT": 0.03181,
  "HOLOUSDT": 0.06032,
  "SFPUSDT": 0.2622,
  "ZORAUSDT": 0.01987,
  "AGTUSDT": 0.004941,
  "KSMUSDT": 5.286,
  "LIGHTUSDT": 0.2216,
  "KASUSDT": 0.03065,
  "4USDT": 0.00801,
  "KAIAUSDT": 0.05514,
  "IOUSDT": 0.116,
  "1INCHUSDT": 0.0927,
  "THETAUSDT": 0.1892,
  "BIRBUSDT": 0.1638,
  "RUNEUSDT": 0.4071,
  "NEIROUSDT": 6.98e-05,
  "COWUSDT": 0.2197,
  "BREVUSDT": 0.1338,
  "LRCUSDT": 0.03303,
  "FIGHTUSDT": 0.007707,
  "SIGNUSDT": 0.02395,
  "ARKMUSDT": 0.1114,
  "PTBUSDT": 0.001288,
  "EGLDUSDT": 4.548,
  "SWARMSUSDT": 0.00731,
  "LUNA2USDT": 0.06227,
  "FHEUSDT": 0.02953,
  "YFIUSDT": 2723.0,
  "OPENUSDT": 0.1522,
  "RPLUSDT": 1.972,
  "XPTUSDT": 2323.25,
  "XNYUSDT": 0.005488,
  "GASUSDT": 1.602,
  "AIAUSDT": 0.08981,
  "KGENUSDT": 0.18728,
  "IDOLUSDT": 0.02286,
  "AVAAIUSDT": 0.00783,
  "KERNELUSDT": 0.07996,
  "BSVUSDT": 16.33,
  "ANIMEUSDT": 0.004823,
  "SAHARAUSDT": 0.01523,
  "POPCATUSDT": 0.04985,
  "BLUAIUSDT": 0.005194,
  "VELVETUSDT": 0.08677,
  "PROVEUSDT": 0.2943,
  "ACTUSDT": 0.01414,
  "GRASSUSDT": 0.1935,
  "AUSDT": 0.082,
  "TWTUSDT": 0.5128,
  "BOMEUSDT": 0.0003957,
  "GMTUSDT": 0.01144,
  "PEOPLEUSDT": 0.00648,
  "BATUSDT": 0.1217,
  "MINAUSDT": 0.05871,
  "TNSRUSDT": 0.04903,
  "MAGICUSDT": 0.06434,
  "TSTUSDT": 0.00979,
  "TURBOUSDT": 0.0010234,
  "UMAUSDT": 0.4668,
  "SUSHIUSDT": 0.2055,
  "YBUSDT": 0.1617,
  "FOLKSUSDT": 1.214,
  "STOUSDT": 0.0584,
  "VELODROMEUSDT": 0.01539,
  "AINUSDT": 0.04345,
  "MEGAUSDT": 0.12887,
  "AIOUSDT": 0.0748,
  "MANTAUSDT": 0.06551,
  "SOPHUSDT": 0.009205,
  "BABYUSDT": 0.01234,
  "NOMUSDT": 0.00448,
  "ACHUSDT": 0.007181,
  "TUTUSDT": 0.01012,
  "ZBTUSDT": 0.07185,
  "CATIUSDT": 0.03821,
  "DAMUSDT": 0.02686,
  "LAYERUSDT": 0.084,
  "MEMEUSDT": 0.0006448,
  "SUPERUSDT": 0.1116,
  "FUSDT": 0.005727,
  "BLURUSDT": 0.02015,
  "AIXBTUSDT": 0.01987,
  "ZKCUSDT": 0.0873,
  "SOONUSDT": 0.1683,
  "MASKUSDT": 0.4325,
  "XVGUSDT": 0.005982,
  "GLMUSDT": 0.15098,
  "SAPIENUSDT": 0.08907,
  "CVXUSDT": 1.873,
  "NILUSDT": 0.04786,
  "ONTUSDT": 0.043,
  "SONICUSDT": 0.0477,
  "STORJUSDT": 0.0964,
  "RAREUSDT": 0.01874,
  "MUBARAKUSDT": 0.01428,
  "ICNTUSDT": 0.3842,
  "SUNUSDT": 0.016543,
  "ASRUSDT": 1.367,
  "TRUTHUSDT": 0.009502,
  "C98USDT": 0.0261,
  "TAKEUSDT": 0.02078,
  "RAYSOLUSDT": 0.6263,
  "ALTUSDT": 0.00751,
  "EDENUSDT": 0.03331,
  "INUSDT": 0.06633,
  "CELOUSDT": 0.077,
  "ANKRUSDT": 0.004394,
  "KMNOUSDT": 0.02253,
  "SOLVUSDT": 0.00441,
  "SXTUSDT": 0.0227,
  "ERAUSDT": 0.1458,
  "BELUSDT": 0.099,
  "ARPAUSDT": 0.00968,
  "KOMAUSDT": 0.00798,
  "DRIFTUSDT": 0.085,
  "CTSIUSDT": 0.0244,
  "WETUSDT": 0.08831,
  "MELANIAUSDT": 0.1128,
  "PROMPTUSDT": 0.04637,
  "SANTOSUSDT": 1.486,
  "ENJUSDT": 0.02011,
  "DEGOUSDT": 0.3204,
  "RSRUSDT": 0.001531,
  "GMXUSDT": 6.843,
  "THEUSDT": 0.2488,
  "WOOUSDT": 0.01683,
  "POLYXUSDT": 0.04309,
  "AKTUSDT": 0.3131,
  "MIRAUSDT": 0.0862,