{
  "BTCUSDT": 67525.8,
  "ETHUSDT": 1995.7,
  "SOLUSDT": 85.0,
  "XRPUSDT": 1.4745,
  "BNBUSDT": 618.37,
  "BCHUSDT": 565.95,
  "DOGEUSDT": 0.10061,
  "HYPEUSDT": 29.621,
  "XAGUSDT": 73.79,
  "PAXGUSDT": 4893.26,
  "ZECUSDT": 288.5,
  "XAUUSDT": 4889.99,
  "TRXUSDT": 0.28237,
  "SUIUSDT": 0.9684,
  "ASTERUSDT": 0.7029,
  "LINKUSDT": 8.85,
  "ADAUSDT": 0.2815,
  "1000PEPEUSDT": 0.0043942,
  "LTCUSDT": 54.08,
  "AVAXUSDT": 9.166,
  "UNIUSDT": 3.53,
  "PUMPUSDT": 0.002213,
  "ENAUSDT": 0.1205,
  "WLFIUSDT": 0.1075,
  "PIPPINUSDT": 0.5108,
  "AAVEUSDT": 126.56,
  "NEARUSDT": 1.043,
  "KITEUSDT": 0.20632,
  "LITUSDT": 1.586,
  "TRUMPUSDT": 3.435,
  "WLDUSDT": 0.3976,
  "TAOUSDT": 192.26,
  "XPLUSDT": 0.0964,
  "FILUSDT": 0.961,
  "ARCUSDT": 0.07712,
  "DOTUSDT": 1.348,
  "ZROUSDT": 1.5956,
  "TONUSDT": 1.4242,
  "ATOMUSDT": 2.238,
  "APTUSDT": 0.9174,
  "1000SHIBUSDT": 0.006505,
  "HBARUSDT": 0.10155,
  "RIVERUSDT": 9.856,
  "HUSDT": 0.18528,
  "ARBUSDT": 0.1128,
  "BERAUSDT": 0.6506,
  "AXSUSDT": 1.341,
  "XLMUSDT": 0.16617,
  "XMRUSDT": 334.18,
  "MONUSDT": 0.02217,
  "ICPUSDT": 2.382,
  "WIFUSDT": 0.2303,
  "PENGUUSDT": 0.007127,
  "FFUSDT": 0.07966,
  "CRVUSDT": 0.252,
  "FETUSDT": 0.1712,
  "FARTCOINUSDT": 0.1966,
  "IPUSDT": 1.153,
  "BARDUSDT": 0.7928,
  "ETCUSDT": 8.684,
  "\u5e01\u5b89\u4eba\u751fUSDT": 0.09667,
  "CHZUSDT": 0.04048,
  "1000BONKUSDT": 0.006499,
  "PARTIUSDT": 0.10631,
  "DASHUSDT": 37.08,
  "OPUSDT": 0.1865,
  "POLUSDT": 0.10868,
  "BTCDOMUSDT": 5009.9,
  "VVVUSDT": 4.37,
  "TIAUSDT": 0.342,
  "ONDOUSDT": 0.2743,
  "SENTUSDT": 0.02221,
  "0GUSDT": 0.6807,
  "VIRTUALUSDT": 0.6493,
  "ZKUSDT": 0.0219,
  "BANUSDT": 0.10729,
  "SEIUSDT": 0.0745,
  "STABLEUSDT": 0.029821,
  "ETHFIUSDT": 0.4774,
  "POWERUSDT": 0.31072,
  "JUPUSDT": 0.1648,
  "ZAMAUSDT": 0.01926,
  "ORCAUSDT": 1.141,
  "CYSUSDT": 0.5613,
  "SIRENUSDT": 0.22003,
  "INITUSDT": 0.11248,
  "UBUSDT": 0.04866,
  "ALCHUSDT": 0.08335,
  "CCUSDT": 0.165,
  "JTOUSDT": 0.3226,
  "BTRUSDT": 0.19937,
  "PENDLEUSDT": 1.2174,
  "LDOUSDT": 0.3408,
  "INJUSDT": 3.098,
  "ENSOUSDT": 1.1701,
  "KAITOUSDT": 0.3167,
  "ATUSDT": 0.15603,
  "RENDERUSDT": 1.445,
  "1000RATSUSDT": 0.04574,
  "ZENUSDT": 6.163,
  "GPSUSDT": 0.013389,
  "QUSDT": 0.02075,
  "NIGHTUSDT": 0.05664,
  "SANDUSDT": 0.08586,
  "OMUSDT": 0.05999,
  "MUSDT": 1.5302,
  "HANAUSDT": 0.036,
  "BANANAS31USDT": 0.00446,
  "HOMEUSDT": 0.027682,
  "AWEUSDT": 0.08808,
  "SKYUSDT": 0.06341,
  "JELLYJELLYUSDT": 0.07351,
  "STRKUSDT": 0.0483,
  "LYNUSDT": 0.23535,
  "SKYAIUSDT": 0.03726,
  "DUSKUSDT": 0.10192,
  "GIGGLEUSDT": 30.59,
  "ROSEUSDT": 0.01269,
  "\u6211\u8e0f\u9a6c\u6765\u4e86USDT": 0.017711,
  "TRADOORUSDT": 1.399,
  "SPACEUSDT": 0.010981,
  "PYTHUSDT": 0.05616,
  "CAKEUSDT": 1.3022,
  "ALGOUSDT": 0.0931,
  "USDCUSDT": 0.999901,
  "ESPUSDT": 0.06068,
  "PIEVERSEUSDT": 0.4013,
  "GUNUSDT": 0.02602,
  "GALAUSDT": 0.00403,
  "MORPHOUSDT": 1.4679,
  "MYXUSDT": 1.527,
  "AVNTUSDT": 0.2096,
  "MOVEUSDT": 0.02601,
  "COMPUSDT": 19.09,
  "XPINUSDT": 0.00188,
  "METUSDT": 0.2251,
  "MSTRUSDT": 128.45,
  "HUMAUSDT": 0.014616,
  "ZILUSDT": 0.00425,
  "B2USDT": 0.7013,
  "COLLECTUSDT": 0.07658,
  "BULLAUSDT": 0.02801,
  "LINEAUSDT": 0.003819,
  "BUSDT": 0.1407,
  "SUSDT": 0.04904,
  "MEUSDT": 0.1353,
  "ZKPUSDT": 0.09442,
  "SYRUPUSDT": 0.24492,
  "1000LUNCUSDT": 0.03384,
  "BEAMXUSDT": 0.002399,
  "EIGENUSDT": 0.2073,
  "ENSUSDT": 6.691,
  "RPLUSDT": 2.262,
  "AUCTIONUSDT": 5.207,
  "VETUSDT": 0.00815,
  "LAUSDT": 0.204,
  "XTZUSDT": 0.395,
  "TSLAUSDT": 410.38,
  "ESPORTSUSDT": 0.38501,
  "ALLOUSDT": 0.09129,
  "BIOUSDT": 0.02418,
  "NEOUSDT": 2.797,
  "RAVEUSDT": 0.39619,
  "FORMUSDT": 0.2194,
  "GUAUSDT": 0.14833,
  "DYDXUSDT": 0.106,
  "PNUTUSDT": 0.05043,
  "FOGOUSDT": 0.02435,
  "NXPCUSDT": 0.2744,
  "ORDIUSDT": 2.781,
  "AEROUSDT": 0.3156,
  "BIRBUSDT": 0.19116,
  "RESOLVUSDT": 0.06188,
  "FHEUSDT": 0.04226,
  "CLOUSDT": 0.08489,
  "MERLUSDT": 0.06446,
  "OGUSDT": 3.367,
  "BEATUSDT": 0.249,
  "PLUMEUSDT": 0.01078,
  "LPTUSDT": 2.468,
  "1000FLOKIUSDT": 0.03177,
  "MOODENGUSDT": 0.06056,
  "MMTUSDT": 0.146,
  "LRCUSDT": 0.03479,
  "SOMIUSDT": 0.1919,
  "TRIAUSDT": 0.0175,
  "STXUSDT": 0.2614,
  "ATHUSDT": 0.005992,
  "TRBUSDT": 15.687,
  "ZORAUSDT": 0.02294,
  "VANAUSDT": 1.552,
  "STGUSDT": 0.1377,
  "EDUUSDT": 0.1277,
  "AIAUSDT": 0.1142,
  "GWEIUSDT": 0.028213,
  "APEUSDT": 0.1265,
  "BANKUSDT": 0.04077,
  "2ZUSDT": 0.07759,
  "ARUSDT": 2.047,
  "WUSDT": 0.02052,
  "SPXUSDT": 0.3407,
  "COAIUSDT": 0.3492,
  "JASMYUSDT": 0.005962,
  "API3USDT": 0.3148,
  "WCTUSDT": 0.06218,
  "USELESSUSDT": 0.04974,
  "NMRUSDT": 8.426,
  "CFXUSDT": 0.0546,
  "LUNA2USDT": 0.06495,
  "MANAUSDT": 0.1011,
  "EULUSDT": 0.956,
  "FLOWUSDT": 0.03897,
  "TAGUSDT": 0.0003854,
  "MAGICUSDT": 0.07733,
  "4USDT": 0.00979,
  "BREVUSDT": 0.141,
  "PTBUSDT": 0.001507,
  "TAUSDT": 0.03693,
  "AZTECUSDT": 0.02092,
  "IMXUSDT": 0.1665,
  "MUBARAKUSDT": 0.02024,
  "QNTUSDT": 69.8,
  "JSTUSDT": 0.042454,
  "LIGHTUSDT": 0.2392,
  "UAIUSDT": 0.2312,
  "SPKUSDT": 0.02094,
  "GRTUSDT": 0.02773,
  "ZRXUSDT": 0.1103,
  "SFPUSDT": 0.2707,
  "1INCHUSDT": 0.0952,
  "XNYUSDT": 0.004888,
  "COWUSDT": 0.2149,
  "KAIAUSDT": 0.05739,
  "TWTUSDT": 0.5673,
  "ANIMEUSDT": 0.005381,
  "AGTUSDT": 0.004723,
  "ZKCUSDT": 0.0973,
  "BOMEUSDT": 0.0004306,
  "SKRUSDT": 0.021817,
  "MANTAUSDT": 0.07936,
  "THETAUSDT": 0.2064,
  "RAYSOLUSDT": 0.6765,
  "IOTAUSDT": 0.0689,
  "EGLDUSDT": 4.672,
  "NEIROUSDT": 7.62e-05,
  "YFIUSDT": 2842.0,
  "FRAXUSDT": 0.7102,
  "RUNEUSDT": 0.4039,
  "MEGAUSDT": 0.13151,
  "TAKEUSDT": 0.02756,
  "SNXUSDT": 0.296,
  "NOMUSDT": 0.005482,
  "AXLUSDT": 0.06083,
  "NILUSDT": 0.05575,
  "ARKMUSDT": 0.1171,
  "TNSRUSDT": 0.05401,
  "SAHARAUSDT": 0.01582,
  "CVXUSDT": 2.081,
  "BLUAIUSDT": 0.005592,
  "PEOPLEUSDT": 0.00698,
  "FIGHTUSDT": 0.006252,
  "AUSDT": 0.0849,
  "MINAUSDT": 0.06533,
  "ACTUSDT": 0.015,
  "PROVEUSDT": 0.3208,
  "KASUSDT": 0.03191,
  "GRASSUSDT": 0.201,
  "IOUSDT": 0.1134,
  "TSTUSDT": 0.01096,
  "FUSDT": 0.006458,
  "FOLKSUSDT": 1.325,
  "TUTUSDT": 0.01189,
  "SIGNUSDT": 0.0268,
  "UMAUSDT": 0.5315,
  "BSVUSDT": 16.84,
  "C98USDT": 0.031,
  "YBUSDT": 0.1746,
  "SOPHUSDT": 0.009839,
  "SUPERUSDT": 0.1299,
  "TURBOUSDT": 0.001095,
  "AVAAIUSDT": 0.00774,
  "KGENUSDT": 0.16766,
  "OPENUSDT": 0.1609,
  "BATUSDT": 0.1277,
  "SWARMSUSDT": 0.00744,
  "ACHUSDT": 0.007911,
  "GASUSDT": 1.649,
  "XVGUSDT": 0.005969,
  "GMTUSDT": 0.0124,
  "TRUTHUSDT": 0.010631,
  "SUSHIUSDT": 0.2092,
  "CATIUSDT": 0.04107,
  "POPCATUSDT": 0.05273,
  "BABYUSDT": 0.01408,
  "LAYERUSDT": 0.0908,
  "SANTOSUSDT": 1.885,
  "BASUSDT": 0.006064,
  "AIOUSDT": 0.07616,
  "CYBERUSDT": 0.559,
  "XPTUSDT": 2016.08,
  "ICNTUSDT": 0.413,
  "MASKUSDT": 0.4673,
  "IDOLUSDT": 0.02096,
  "ZBTUSDT": 0.0713,
  "IRYSUSDT": 0.02978,
  "DRIFTUSDT": 0.095,
  "AKEUSDT": 0.0002751,
  "DEEPUSDT": 0.03046,
  "BLURUSDT": 0.02111,
  "YGGUSDT": 0.04105,
  "SOONUSDT": 0.1794,
  "CELOUSDT": 0.082,
  "ONTUSDT": 0.0465,
  "STORJUSDT": 0.1048,
  "SUNUSDT": 0.017047,
  "SOLVUSDT": 0.00461,
  "MEMEUSDT": 0.0007127,
  "CTSIUSDT": 0.0272,
  "VELVETUSDT": 0.08501,
  "ALTUSDT": 0.00872,
  "VELODROMEUSDT": 0.01441,
  "STOUSDT": 0.05587,
  "KMNOUSDT": 0.03014,
  "ASRUSDT": 1.432,
  "ZEREBROUSDT": 0.00835,
  "IDUSDT": 0.05101,
  "RAREUSDT": 0.02005,
  "GLMUSDT": 0.17995,
  "PLAYUSDT": 0.02328,
  "THEUSDT": 0.2723,
  "ANKRUSDT": 0.004694,
  "DEXEUSDT": 2.396,
  "SKLUSDT": 0.00699,
  "SONICUSDT": 0.04594,
  "PROMUSDT": 1.395,
  "RSRUSDT": 0.001553,
  "SYNUSDT": 0.0518,
  "ERAUSDT": 0.1596,
  "AIXBTUSDT": 0.02116,
  "LISTAUSDT": 0.0957,
  "INUSDT": 0.06321,
  "WALUSDT": 0.0844,
  "SAGAUSDT": 0.03457,
  "MELANIAUSDT": 0.1199,
  "QTUMUSDT": 0.964,
  "GMXUSDT": 6.525,
  "ARPAUSDT": 0.01031,
  "KSMUSDT": 4.8,
  "EDENUSDT": 0.03488,
  "ONUSDT": 0.09358,
  "KERNELUSDT": 0.06606,
  "DEGOUSDT": 0.3402,
  "KAVAUSDT": 0.0544,
  "AINUSDT": 0.03441,
  "HYPERUSDT": 0.1016,
  "STBLUSDT": 0.0376,
  "ARIAUSDT": 0.07429,