{
  "BTCUSDT": 63800.1,
  "ETHUSDT": 1866.16,
  "SOLUSDT": 78.68,
  "XRPUSDT": 1.3014,
  "BNBUSDT": 597.33,
  "DOGEUSDT": 0.08928,
  "XAGUSDT": 94.4,
  "XAUUSDT": 5301.89,
  "BCHUSDT": 446.29,
  "PAXGUSDT": 5368.36,
  "HYPEUSDT": 26.596,
  "WLFIUSDT": 0.1077,
  "ZECUSDT": 208.17,
  "TRXUSDT": 0.28039,
  "ADAUSDT": 0.2649,
  "UNIUSDT": 3.636,
  "SUIUSDT": 0.85,
  "ASTERUSDT": 0.6878,
  "LINKUSDT": 8.352,
  "LTCUSDT": 52.49,
  "AVAXUSDT": 8.619,
  "1000PEPEUSDT": 0.0035039,
  "PUMPUSDT": 0.001763,
  "PIPPINUSDT": 0.61505,
  "ENAUSDT": 0.0975,
  "NEARUSDT": 1.056,
  "DOTUSDT": 1.503,
  "AAVEUSDT": 106.9,
  "WLDUSDT": 0.3699,
  "KITEUSDT": 0.25436,
  "FILUSDT": 0.95,
  "TRUMPUSDT": 3.295,
  "LITUSDT": 1.326,
  "TAOUSDT": 170.41,
  "XPLUSDT": 0.0878,
  "1000SHIBUSDT": 0.005569,
  "ZROUSDT": 1.5406,
  "TONUSDT": 1.2541,
  "APTUSDT": 0.895,
  "POWERUSDT": 1.44413,
  "HBARUSDT": 0.09638,
  "ATOMUSDT": 1.812,
  "RIVERUSDT": 11.634,
  "BERAUSDT": 0.5829,
  "ARBUSDT": 0.0947,
  "ICPUSDT": 2.348,
  "XMRUSDT": 339.68,
  "XLMUSDT": 0.15115,
  "HUSDT": 0.11656,
  "WIFUSDT": 0.19,
  "AXSUSDT": 1.248,
  "MONUSDT": 0.01988,
  "CRVUSDT": 0.233,
  "FFUSDT": 0.07825,
  "FETUSDT": 0.1487,
  "OPUSDT": 0.1123,
  "ETCUSDT": 8.297,
  "VIRTUALUSDT": 0.6434,
  "CCUSDT": 0.16142,
  "PARTIUSDT": 0.09852,
  "PENGUUSDT": 0.006389,
  "BARDUSDT": 0.9971,
  "ARCUSDT": 0.02993,
  "POLUSDT": 0.10333,
  "\u5e01\u5b89\u4eba\u751fUSDT": 0.06512,
  "BTCDOMUSDT": 5111.2,
  "FARTCOINUSDT": 0.1502,
  "1000BONKUSDT": 0.005682,
  "BANUSDT": 0.11054,
  "IPUSDT": 0.889,
  "CHZUSDT": 0.03217,
  "ETHFIUSDT": 0.4748,
  "TIAUSDT": 0.3055,
  "ONDOUSDT": 0.2449,
  "INJUSDT": 2.932,
  "ENSOUSDT": 1.3593,
  "ESPUSDT": 0.12043,
  "0GUSDT": 0.6106,
  "SENTUSDT": 0.02139,
  "SAHARAUSDT": 0.0201,
  "SKYAIUSDT": 0.05199,
  "DASHUSDT": 31.12,
  "VVVUSDT": 4.898,
  "STABLEUSDT": 0.030409,
  "SEIUSDT": 0.06592,
  "JUPUSDT": 0.1477,
  "GWEIUSDT": 0.044036,
  "KAITOUSDT": 0.317,
  "ALCHUSDT": 0.07757,
  "ZKUSDT": 0.01822,
  "ZAMAUSDT": 0.02187,
  "SIRENUSDT": 0.32535,
  "PENDLEUSDT": 1.2086,
  "QUSDT": 0.022915,
  "MORPHOUSDT": 1.7542,
  "BUSDT": 0.169,
  "LDOUSDT": 0.2882,
  "RENDERUSDT": 1.332,
  "ATUSDT": 0.15789,
  "SIGNUSDT": 0.02763,
  "LYNUSDT": 0.30922,
  "BANANAS31USDT": 0.004562,
  "HOMEUSDT": 0.028539,
  "GUAUSDT": 0.21095,
  "NIGHTUSDT": 0.05807,
  "BULLAUSDT": 0.01727,
  "MYXUSDT": 0.393,
  "CAKEUSDT": 1.2464,
  "MUSDT": 1.4642,
  "MSTRUSDT": 126.96,
  "BIOUSDT": 0.02108,
  "PIEVERSEUSDT": 0.4686,
  "ZENUSDT": 5.058,
  "ALGOUSDT": 0.0835,
  "BTRUSDT": 0.17936,
  "1000RATSUSDT": 0.03612,
  "GPSUSDT": 0.009134,
  "USDCUSDT": 0.999473,
  "STRKUSDT": 0.03978,
  "ALLOUSDT": 0.10717,
  "HANAUSDT": 0.03406,
  "1000LUNCUSDT": 0.03997,
  "SANDUSDT": 0.07925,
  "GALAUSDT": 0.00349,
  "ATHUSDT": 0.005791,
  "CRCLUSDT": 82.0,
  "UBUSDT": 0.03865,
  "JTOUSDT": 0.2593,
  "SKYUSDT": 0.0644,
  "APEUSDT": 0.0965,
  "GIGGLEUSDT": 24.5,
  "DUSKUSDT": 0.07942,
  "GUNUSDT": 0.02603,
  "AZTECUSDT": 0.02025,
  "TSLAUSDT": 400.4,
  "TRADOORUSDT": 1.324,
  "B2USDT": 0.7159,
  "SYRUPUSDT": 0.22138,
  "JELLYJELLYUSDT": 0.06613,
  "AEROUSDT": 0.3247,
  "XPINUSDT": 0.001397,
  "OPNUSDT": 0.4627,
  "METUSDT": 0.1744,
  "HUMAUSDT": 0.011505,
  "PYTHUSDT": 0.0468,
  "ZILUSDT": 0.00398,
  "EIGENUSDT": 0.1794,
  "LAUSDT": 0.219,
  "BEAMXUSDT": 0.001823,
  "DENTUSDT": 0.000259,
  "FOGOUSDT": 0.02611,
  "VETUSDT": 0.007021,
  "AVNTUSDT": 0.1676,
  "NEOUSDT": 2.578,
  "ROSEUSDT": 0.01141,
  "MOVEUSDT": 0.02078,
  "STGUSDT": 0.1356,
  "\u6211\u8e0f\u9a6c\u6765\u4e86USDT": 0.011016,
  "DYDXUSDT": 0.09,
  "NXPCUSDT": 0.2683,
  "ORCAUSDT": 0.865,
  "ESPORTSUSDT": 0.30418,
  "ORDIUSDT": 2.293,
  "XTZUSDT": 0.361,
  "RAVEUSDT": 0.3337,
  "ZKPUSDT": 0.07901,
  "COLLECTUSDT": 0.03834,
  "FORMUSDT": 0.1826,
  "AUCTIONUSDT": 4.649,
  "COMPUSDT": 17.57,
  "SUSDT": 0.03749,
  "PNUTUSDT": 0.04231,
  "CYBERUSDT": 0.5317,
  "LINEAUSDT": 0.002933,
  "STXUSDT": 0.2469,
  "LPTUSDT": 2.218,
  "BEATUSDT": 0.2165,
  "SKRUSDT": 0.01924,
  "SNXUSDT": 0.32,
  "WUSDT": 0.01798,
  "ARUSDT": 1.533,
  "ENSUSDT": 5.789,
  "WETUSDT": 0.10268,
  "ROBOUSDT": 0.03862,
  "EULUSDT": 1.027,
  "SOMIUSDT": 0.2017,
  "AWEUSDT": 0.05088,
  "MEUSDT": 0.1146,
  "1000FLOKIUSDT": 0.02705,
  "TRIAUSDT": 0.01912,
  "LAYERUSDT": 0.0938,
  "TRBUSDT": 13.582,
  "RESOLVUSDT": 0.05946,
  "JASMYUSDT": 0.005338,
  "JSTUSDT": 0.04655,
  "PLUMEUSDT": 0.00872,
  "AXLUSDT": 0.05219,
  "BANKUSDT": 0.03575,
  "BIRBUSDT": 0.1525,
  "FLOWUSDT": 0.03736,
  "TAUSDT": 0.03829,
  "AGLDUSDT": 0.2325,
  "WCTUSDT": 0.05749,
  "YGGUSDT": 0.0371,
  "AGTUSDT": 0.005332,
  "IMXUSDT": 0.155,
  "DEXEUSDT": 3.321,
  "CYSUSDT": 0.3233,
  "2ZUSDT": 0.07195,
  "MERLUSDT": 0.04044,
  "EDUUSDT": 0.1053,
  "CFXUSDT": 0.04601,
  "API3USDT": 0.2777,
  "MANAUSDT": 0.0921,
  "CLOUSDT": 0.06924,
  "GRTUSDT": 0.025,
  "INITUSDT": 0.07865,
  "SPXUSDT": 0.2787,
  "USELESSUSDT": 0.03671,
  "IOTAUSDT": 0.0642,
  "NMRUSDT": 7.483,
  "OGUSDT": 2.823,
  "COAIUSDT": 0.301,
  "XPTUSDT": 2374.56,
  "ALICEUSDT": 0.125,
  "QNTUSDT": 61.51,
  "NAORISUSDT": 0.03221,
  "MMTUSDT": 0.1144,
  "SOPHUSDT": 0.009207,
  "TAGUSDT": 0.0003418,
  "VANAUSDT": 1.396,
  "SFPUSDT": 0.2524,
  "PTBUSDT": 0.001149,
  "FOLKSUSDT": 1.279,
  "GRASSUSDT": 0.2036,
  "ANIMEUSDT": 0.004818,
  "MOODENGUSDT": 0.04707,
  "LIGHTUSDT": 0.1806,
  "SPKUSDT": 0.01902,
  "SPACEUSDT": 0.008009,
  "ZRXUSDT": 0.0981,
  "ZORAUSDT": 0.01795,
  "1INCHUSDT": 0.0873,
  "THETAUSDT": 0.1789,
  "4USDT": 0.00729,
  "RUNEUSDT": 0.3837,
  "BATUSDT": 0.1038,
  "MIRAUSDT": 0.0888,
  "YFIUSDT": 2569.0,
  "NEIROUSDT": 6.365e-05,
  "LRCUSDT": 0.03093,
  "LUNA2USDT": 0.06188,
  "STEEMUSDT": 0.05457,
  "IOUSDT": 0.1046,
  "ARKMUSDT": 0.102,
  "EGLDUSDT": 4.204,
  "AIXBTUSDT": 0.02002,
  "COWUSDT": 0.2078,
  "KASUSDT": 0.02866,
  "KAIAUSDT": 0.05277,
  "KERNELUSDT": 0.07733,
  "VELVETUSDT": 0.08353,
  "KGENUSDT": 0.17522,
  "BLUAIUSDT": 0.004826,
  "TWTUSDT": 0.4823,
  "BREVUSDT": 0.1261,
  "NOMUSDT": 0.003582,
  "FHEUSDT": 0.02773,
  "PEOPLEUSDT": 0.00612,
  "OPENUSDT": 0.1452,
  "AKEUSDT": 0.0002295,
  "FIGHTUSDT": 0.006586,
  "PROVEUSDT": 0.2758,
  "MEGAUSDT": 0.12932,
  "AUSDT": 0.0764,
  "UAIUSDT": 0.1662,
  "BSVUSDT": 15.0,
  "AIAUSDT": 0.08106,
  "SUSHIUSDT": 0.1918,
  "POPCATUSDT": 0.04514,
  "STOUSDT": 0.0607,
  "YBUSDT": 0.1746,
  "HOLOUSDT": 0.0583,
  "RPLUSDT": 1.775,
  "SWARMSUSDT": 0.006977,
  "AVAAIUSDT": 0.007014,
  "ACTUSDT": 0.01309,
  "TSTUSDT": 0.0091,
  "CATIUSDT": 0.03747,
  "GMTUSDT": 0.01088,
  "ZBTUSDT": 0.07525,
  "TURBOUSDT": 0.0009174,
  "VELODROMEUSDT": 0.01506,
  "BOMEUSDT": 0.0003592,
  "KSMUSDT": 4.709,
  "SOONUSDT": 0.1579,
  "STBLUSDT": 0.04197,
  "MAGICUSDT": 0.06046,
  "AINUSDT": 0.0426,
  "HOTUSDT": 0.000398,
  "MANTAUSDT": 0.05927,
  "GASUSDT": 1.522,
  "MINAUSDT": 0.05473,
  "MEMEUSDT": 0.0005776,
  "TRUTHUSDT": 0.009779,
  "BABYUSDT": 0.01146,
  "TUTUSDT": 0.00944,
  "NEWTUSDT": 0.0679,
  "FUSDT": 0.005518,
  "IOTXUSDT": 0.0049,
  "TNSRUSDT": 0.04418,
  "REDUSDT": 0.1538,
  "AIOUSDT": 0.07109,
  "SUPERUSDT": 0.1098,
  "SUNUSDT": 0.015652,
  "XVGUSDT": 0.005405,
  "BLURUSDT": 0.01922,
  "C98USDT": 0.0251,
  "IDOLUSDT": 0.01938,
  "NILUSDT": 0.04606,
  "ACHUSDT": 0.006551,
  "MUBARAKUSDT": 0.01305,
  "ALTUSDT": 0.006999,
  "ASRUSDT": 1.278,
  "UMAUSDT": 0.4166,
  "SAPIENUSDT": 0.08496,
  "MASKUSDT": 0.4025,
  "XNYUSDT": 0.004826,
  "GLMUSDT": 0.128,
  "INUSDT": 0.0659,
  "WALUSDT": 0.07205,
  "DRIFTUSDT": 0.0818,
  "SKLUSDT": 0.00642,
  "ZKCUSDT": 0.0825,
  "TAKEUSDT": 0.01649,
  "CELOUSDT": 0.074,
  "ICNTUSDT": 0.376,
  "ERAUSDT": 0.1404,
  "CTSIUSDT": 0.0232,
  "ANKRUSDT": 0.004061,
  "KMNOUSDT": 0.02023,
  "RAREUSDT": 0.01721,
  "SOLVUSDT": 0.003817,
  "EDENUSDT": 0.03162,
  "RAYSOLUSDT": 0.5654,
  "SONICUSDT": 0.043,
  "LABUSDT": 0.168,
  "KOMAUSDT": 0.007279,
  "IDUSDT": 0.04184,
  "MELANIAUSDT": 0.1051,
  "GMXUSDT": 6.494,
  "ONTUSDT": 0.041,
  "DAMUSDT": 0.02119,
  "ARPAUSDT": 0.00912,
  "STORJUSDT": 0.0917,
  "ARIAUSDT": 0.07013,