{
  "BTCUSDT": 68218.2,
  "ETHUSDT": 1984.22,
  "SOLUSDT": 85.57,
  "XRPUSDT": 1.3707,
  "BNBUSDT": 634.62,
  "XAUUSDT": 5102.5,
  "DOGEUSDT": 0.09105,
  "PAXGUSDT": 5115.99,
  "BCHUSDT": 441.18,
  "HYPEUSDT": 32.215,
  "XAGUSDT": 82.14,
  "WLFIUSDT": 0.1059,
  "TRXUSDT": 0.28047,
  "ZECUSDT": 219.17,
  "UNIUSDT": 3.879,
  "SUIUSDT": 0.9172,
  "ADAUSDT": 0.2684,
  "ASTERUSDT": 0.7017,
  "1000PEPEUSDT": 0.0034707,
  "AVAXUSDT": 9.215,
  "LINKUSDT": 8.824,
  "LTCUSDT": 54.89,
  "NEARUSDT": 1.363,
  "PUMPUSDT": 0.00192,
  "ENAUSDT": 0.1113,
  "AAVEUSDT": 110.42,
  "DOTUSDT": 1.521,
  "XPLUSDT": 0.1152,
  "WLDUSDT": 0.3946,
  "PIPPINUSDT": 0.45717,
  "FILUSDT": 1.0,
  "1000SHIBUSDT": 0.005497,
  "LITUSDT": 1.329,
  "TRUMPUSDT": 3.437,
  "TAOUSDT": 181.56,
  "RIVERUSDT": 18.163,
  "ZROUSDT": 1.8424,
  "TONUSDT": 1.2376,
  "APTUSDT": 0.9823,
  "ATOMUSDT": 1.81,
  "KITEUSDT": 0.22005,
  "HBARUSDT": 0.09591,
  "HUSDT": 0.12589,
  "XMRUSDT": 344.69,
  "XLMUSDT": 0.152,
  "ARBUSDT": 0.1025,
  "BERAUSDT": 0.5776,
  "CRVUSDT": 0.254,
  "ICPUSDT": 2.411,
  "WIFUSDT": 0.2037,
  "MONUSDT": 0.02056,
  "FETUSDT": 0.1493,
  "ARCUSDT": 0.0392,
  "VIRTUALUSDT": 0.739,
  "AXSUSDT": 1.239,
  "OPUSDT": 0.1261,
  "FFUSDT": 0.07451,
  "VVVUSDT": 6.695,
  "PENGUUSDT": 0.007035,
  "CCUSDT": 0.15772,
  "POWERUSDT": 0.67305,
  "SAHARAUSDT": 0.02995,
  "ETCUSDT": 8.539,
  "BARDUSDT": 1.0837,
  "POLUSDT": 0.10097,
  "BTCDOMUSDT": 5175.6,
  "SIRENUSDT": 0.4082,
  "PARTIUSDT": 0.08781,
  "FARTCOINUSDT": 0.1632,
  "CHZUSDT": 0.03622,
  "ETHFIUSDT": 0.5171,
  "1000BONKUSDT": 0.00599,
  "ONDOUSDT": 0.2554,
  "IPUSDT": 0.847,
  "BANUSDT": 0.1125,
  "DASHUSDT": 33.34,
  "TIAUSDT": 0.3291,
  "SEIUSDT": 0.06766,
  "\u5e01\u5b89\u4eba\u751fUSDT": 0.06074,
  "ENSOUSDT": 1.3518,
  "ESPUSDT": 0.12077,
  "SENTUSDT": 0.02108,
  "INJUSDT": 3.052,
  "JUPUSDT": 0.1788,
  "0GUSDT": 0.6215,
  "JELLYJELLYUSDT": 0.09416,
  "STABLEUSDT": 0.030638,
  "KAITOUSDT": 0.3524,
  "SKYAIUSDT": 0.04668,
  "LDOUSDT": 0.3073,
  "ZAMAUSDT": 0.0197,
  "ALCHUSDT": 0.08043,
  "BANANAS31USDT": 0.0053,
  "BUSDT": 0.1967,
  "RENDERUSDT": 1.351,
  "PENDLEUSDT": 1.2811,
  "GUAUSDT": 0.24166,
  "ZKUSDT": 0.0187,
  "FORMUSDT": 0.2693,
  "MORPHOUSDT": 1.8989,
  "QUSDT": 0.025282,
  "ATUSDT": 0.16036,
  "GWEIUSDT": 0.042783,
  "LYNUSDT": 0.31902,
  "BULLAUSDT": 0.02654,
  "PIEVERSEUSDT": 0.5268,
  "BIOUSDT": 0.02098,
  "SIGNUSDT": 0.0281,
  "HOMEUSDT": 0.029195,
  "CRCLUSDT": 101.52,
  "MYXUSDT": 0.357,
  "1000RATSUSDT": 0.04042,
  "ROBOUSDT": 0.04574,
  "NIGHTUSDT": 0.0611,
  "ZENUSDT": 5.507,
  "CAKEUSDT": 1.3432,
  "GALAUSDT": 0.00355,
  "SANDUSDT": 0.08452,
  "PHAUSDT": 0.03499,
  "ALGOUSDT": 0.0868,
  "STRKUSDT": 0.04052,
  "GIGGLEUSDT": 27.08,
  "BTRUSDT": 0.18568,
  "TSLAUSDT": 392.65,
  "SKYUSDT": 0.07063,
  "MUSDT": 1.3701,
  "HANAUSDT": 0.03441,
  "STGUSDT": 0.1639,
  "ALLOUSDT": 0.10642,
  "APEUSDT": 0.1017,
  "USDCUSDT": 0.999455,
  "TRADOORUSDT": 1.564,
  "MSTRUSDT": 135.11,
  "EIGENUSDT": 0.1855,
  "GPSUSDT": 0.008485,
  "GUNUSDT": 0.02493,
  "DUSKUSDT": 0.08376,
  "HUMAUSDT": 0.013432,
  "OPNUSDT": 0.4972,
  "AEROUSDT": 0.3456,
  "SYRUPUSDT": 0.23323,
  "JTOUSDT": 0.2768,
  "ATHUSDT": 0.006237,
  "AZTECUSDT": 0.02099,
  "XPINUSDT": 0.001397,
  "BEAMXUSDT": 0.001927,
  "B2USDT": 0.6927,
  "1000LUNCUSDT": 0.04363,
  "PYTHUSDT": 0.04868,
  "ZILUSDT": 0.00416,
  "NEOUSDT": 2.575,
  "ORDIUSDT": 2.475,
  "XTZUSDT": 0.381,
  "VETUSDT": 0.007177,
  "UBUSDT": 0.03209,
  "LAUSDT": 0.2146,
  "FOGOUSDT": 0.02392,
  "GRASSUSDT": 0.3147,
  "AVNTUSDT": 0.1715,
  "METUSDT": 0.1708,
  "ROSEUSDT": 0.01181,
  "MOVEUSDT": 0.02202,
  "LINEAUSDT": 0.003213,
  "COMPUSDT": 17.3,
  "DYDXUSDT": 0.093,
  "\u6211\u8e0f\u9a6c\u6765\u4e86USDT": 0.010946,
  "NXPCUSDT": 0.2742,
  "BEATUSDT": 0.2612,
  "ESPORTSUSDT": 0.30979,
  "RAVEUSDT": 0.34653,
  "SUSDT": 0.04136,
  "TAUSDT": 0.0471,
  "COLLECTUSDT": 0.03939,
  "PNUTUSDT": 0.04559,
  "ZKPUSDT": 0.08982,
  "1000FLOKIUSDT": 0.02844,
  "ARUSDT": 1.656,
  "ENSUSDT": 6.006,
  "DENTUSDT": 0.000266,
  "SNXUSDT": 0.313,
  "4USDT": 0.00975,
  "ORCAUSDT": 0.868,
  "AUCTIONUSDT": 4.759,
  "TRBUSDT": 14.368,
  "EULUSDT": 1.178,
  "SPXUSDT": 0.3272,
  "AGLDUSDT": 0.2175,
  "AIXBTUSDT": 0.02685,
  "SKRUSDT": 0.021323,
  "JASMYUSDT": 0.005506,
  "LPTUSDT": 2.315,
  "STXUSDT": 0.2599,
  "TRIAUSDT": 0.01873,
  "WUSDT": 0.01871,
  "MEUSDT": 0.1152,
  "PLUMEUSDT": 0.00935,
  "KAVAUSDT": 0.0533,
  "DEXEUSDT": 3.601,
  "MANAUSDT": 0.0965,
  "RESOLVUSDT": 0.06035,
  "SOMIUSDT": 0.1909,
  "JSTUSDT": 0.048918,
  "BANKUSDT": 0.0361,
  "CYBERUSDT": 0.54,
  "WETUSDT": 0.10687,
  "AGTUSDT": 0.005654,
  "COAIUSDT": 0.3238,
  "GRTUSDT": 0.02612,
  "IOTAUSDT": 0.0663,
  "IMXUSDT": 0.1599,
  "INITUSDT": 0.08516,
  "USELESSUSDT": 0.04096,
  "EDUUSDT": 0.104,
  "YGGUSDT": 0.03926,
  "CFXUSDT": 0.04815,
  "SFPUSDT": 0.2823,
  "WCTUSDT": 0.05917,
  "API3USDT": 0.2831,
  "MERLUSDT": 0.04162,
  "CYSUSDT": 0.3225,
  "AWEUSDT": 0.05098,
  "FLOWUSDT": 0.03552,
  "2ZUSDT": 0.07389,
  "LAYERUSDT": 0.0866,
  "MOODENGUSDT": 0.04876,
  "CLOUSDT": 0.07049,
  "NMRUSDT": 7.566,
  "QNTUSDT": 62.45,
  "RUNEUSDT": 0.41,
  "PTBUSDT": 0.00117,
  "AIOUSDT": 0.08695,
  "AXLUSDT": 0.05294,
  "LIGHTUSDT": 0.1882,
  "NAORISUSDT": 0.03153,
  "TAGUSDT": 0.000352,
  "MMTUSDT": 0.1176,
  "SPKUSDT": 0.01923,
  "EGLDUSDT": 4.264,
  "THETAUSDT": 0.1925,
  "NEIROUSDT": 6.849e-05,
  "BIRBUSDT": 0.14574,
  "ARKMUSDT": 0.1074,
  "VANAUSDT": 1.445,
  "KASUSDT": 0.0303,
  "KGENUSDT": 0.20153,
  "1INCHUSDT": 0.0941,
  "USUALUSDT": 0.01509,
  "BREVUSDT": 0.1445,
  "SUNUSDT": 0.015952,
  "ZRXUSDT": 0.1046,
  "IOUSDT": 0.1141,
  "KNCUSDT": 0.1391,
  "FOLKSUSDT": 1.224,
  "MUBARAKUSDT": 0.01533,
  "MEGAUSDT": 0.1389,
  "SPACEUSDT": 0.007253,
  "AIAUSDT": 0.08877,
  "ZORAUSDT": 0.01739,
  "KAIAUSDT": 0.05425,
  "GMTUSDT": 0.01119,
  "YFIUSDT": 2655.0,
  "PEOPLEUSDT": 0.00635,
  "SOPHUSDT": 0.008752,
  "MIRAUSDT": 0.0885,
  "LRCUSDT": 0.03123,
  "TSTUSDT": 0.00974,
  "COWUSDT": 0.2221,
  "POPCATUSDT": 0.04786,
  "AKEUSDT": 0.0002351,
  "ANIMEUSDT": 0.004745,
  "SWARMSUSDT": 0.007241,
  "PROVEUSDT": 0.2964,
  "XPTUSDT": 2080.82,
  "AVAAIUSDT": 0.007611,
  "NILUSDT": 0.05064,
  "VELVETUSDT": 0.08295,
  "TWTUSDT": 0.4889,
  "STOUSDT": 0.06165,
  "TURBOUSDT": 0.0009725,
  "AUSDT": 0.0778,
  "SUSHIUSDT": 0.2045,
  "FIOUSDT": 0.01034,
  "OGUSDT": 2.82,
  "STEEMUSDT": 0.05791,
  "OPENUSDT": 0.1469,
  "BATUSDT": 0.1027,
  "BOMEUSDT": 0.0003938,
  "ALICEUSDT": 0.136,
  "ACTUSDT": 0.01369,
  "LUNA2USDT": 0.06363,
  "CATIUSDT": 0.0397,
  "GASUSDT": 1.607,
  "VELODROMEUSDT": 0.01575,
  "MANTAUSDT": 0.06538,
  "BSVUSDT": 15.03,
  "TUTUSDT": 0.01047,
  "BLUAIUSDT": 0.004397,
  "FHEUSDT": 0.02785,
  "SUPERUSDT": 0.1181,
  "KSMUSDT": 4.566,
  "BABYUSDT": 0.01147,
  "SOONUSDT": 0.1628,
  "ZBTUSDT": 0.07566,
  "TNSRUSDT": 0.04531,
  "KATUSDT": 0.02322,
  "DAMUSDT": 0.02724,
  "AKTUSDT": 0.3376,
  "HIPPOUSDT": 0.0007134,
  "MEMEUSDT": 0.0005924,
  "KERNELUSDT": 0.07597,
  "UAIUSDT": 0.2121,
  "FIGHTUSDT": 0.006259,
  "UMAUSDT": 0.4362,
  "MAGICUSDT": 0.06105,
  "ALTUSDT": 0.007255,
  "MINAUSDT": 0.05648,
  "IOTXUSDT": 0.0053,
  "NOMUSDT": 0.003583,
  "MASKUSDT": 0.4328,
  "XNYUSDT": 0.005694,
  "YBUSDT": 0.1714,
  "FUSDT": 0.005544,
  "RPLUSDT": 1.906,
  "XVGUSDT": 0.005505,
  "NEWTUSDT": 0.06972,
  "BLURUSDT": 0.01975,
  "ASRUSDT": 1.31,
  "INUSDT": 0.06689,
  "1000CHEEMSUSDT": 0.0005394,
  "XPDUSDT": 1669.2,
  "SAPIENUSDT": 0.08225,
  "WALUSDT": 0.07926,
  "ANKRUSDT": 0.004193,
  "ONTUSDT": 0.0429,
  "ZEREBROUSDT": 0.007273,
  "AINUSDT": 0.03856,
  "ENJUSDT": 0.01917,
  "CELOUSDT": 0.075,
  "STBLUSDT": 0.0398,
  "ACHUSDT": 0.006803,
  "TRUTHUSDT": 0.00957,
  "ERAUSDT": 0.1422,
  "SANTOSUSDT": 1.289,
  "BASUSDT": 0.007675,
  "KMNOUSDT": 0.0229,
  "TAKEUSDT": 0.01985,
  "SONICUSDT": 0.046,
  "KOMAUSDT": 0.00795,
  "REDUSDT": 0.1436,
  "GLMUSDT": 0.12999,
  "RAYSOLUSDT": 0.5971,
  "C98USDT": 0.0263,
  "QTUMUSDT": 0.916,
  "HOLOUSDT": 0.06003,
  "POLYXUSDT": 0.04171,