{
  "AAVE/USDCUSDT": 117.67,
  "SAPIENUSDT": 0.0898,
  "ALLOUSDT": 0.15339,
  "FOGOUSDT": 0.02702,
  "CCUSDT": 0.16187,
  "RUNEUSDT": 0.4112,
  "HIGHUSDT": 0.1562,
  "ZROUSDT": 1.6294,
  "VINEUSDT": 0.01868,
  "STGUSDT": 0.1405,
  "RECALLUSDT": 0.05495,
  "BNB/USDCUSDT": 620.38,
  "ZAMAUSDT": 0.02393,
  "CTKUSDT": 0.2307,
  "SENTUSDT": 0.02365,
  "KSMUSDT": 4.893,
  "MAGMAUSDT": 0.10696,
  "EDENUSDT": 0.0368,
  "TOWNSUSDT": 0.003767,
  "AIAUSDT": 0.10767
}