{
  "BTCUSDT": 70483.6,
  "ETHUSDT": 2098.87,
  "SOLUSDT": 87.22,
  "XRPUSDT": 1.4721,
  "BNBUSDT": 633.66,
  "BCHUSDT": 564.96,
  "DOGEUSDT": 0.10061,
  "HYPEUSDT": 32.107,
  "PAXGUSDT": 5028.01,
  "XAGUSDT": 77.44,
  "ZECUSDT": 280.7,
  "XAUUSDT": 5038.04,
  "SUIUSDT": 1.0063,
  "TRXUSDT": 0.28346,
  "ASTERUSDT": 0.72,
  "LINKUSDT": 9.035,
  "LTCUSDT": 55.75,
  "AVAXUSDT": 9.371,
  "UNIUSDT": 3.516,
  "ADAUSDT": 0.2831,
  "PIPPINUSDT": 0.66589,
  "1000PEPEUSDT": 0.0039464,
  "ENAUSDT": 0.1251,
  "PUMPUSDT": 0.00216,
  "AAVEUSDT": 128.37,
  "WLFIUSDT": 0.1061,
  "NEARUSDT": 1.052,
  "KITEUSDT": 0.19947,
  "LITUSDT": 1.613,
  "WLDUSDT": 0.4102,
  "TRUMPUSDT": 3.481,
  "FILUSDT": 0.972,
  "TAOUSDT": 194.9,
  "XPLUSDT": 0.0989,
  "ARCUSDT": 0.07665,
  "HUSDT": 0.2006,
  "ZROUSDT": 1.876,
  "DOTUSDT": 1.37,
  "TONUSDT": 1.4954,
  "HBARUSDT": 0.10366,
  "1000SHIBUSDT": 0.006535,
  "APTUSDT": 0.9635,
  "BERAUSDT": 0.6912,
  "RIVERUSDT": 14.19,
  "MONUSDT": 0.02406,
  "ATOMUSDT": 2.139,
  "AXSUSDT": 1.468,
  "XLMUSDT": 0.17021,
  "XMRUSDT": 355.61,
  "ARBUSDT": 0.119,
  "ICPUSDT": 2.458,
  "WIFUSDT": 0.2327,
  "DASHUSDT": 38.67,
  "FARTCOINUSDT": 0.1955,
  "CRVUSDT": 0.257,
  "PENGUUSDT": 0.007059,
  "IPUSDT": 1.162,
  "FFUSDT": 0.08101,
  "FETUSDT": 0.172,
  "ETCUSDT": 8.808,
  "1000BONKUSDT": 0.006516,
  "POLUSDT": 0.10722,
  "\u5e01\u5b89\u4eba\u751fUSDT": 0.10484,
  "BARDUSDT": 0.8,
  "CHZUSDT": 0.04314,
  "OPUSDT": 0.1941,
  "PARTIUSDT": 0.11213,
  "VIRTUALUSDT": 0.6807,
  "TIAUSDT": 0.3453,
  "BTCDOMUSDT": 5086.4,
  "SENTUSDT": 0.02273,
  "ONDOUSDT": 0.2827,
  "JUPUSDT": 0.1587,
  "ZKUSDT": 0.023,
  "SEIUSDT": 0.0773,
  "ZAMAUSDT": 0.01984,
  "0GUSDT": 0.6286,
  "ETHFIUSDT": 0.4832,
  "BANUSDT": 0.09561,
  "CCUSDT": 0.16396,
  "LDOUSDT": 0.3556,
  "OMUSDT": 0.06052,
  "BTRUSDT": 0.16757,
  "UBUSDT": 0.04731,
  "ALCHUSDT": 0.08477,
  "PENDLEUSDT": 1.277,
  "ZENUSDT": 6.508,
  "RENDERUSDT": 1.463,
  "SKYUSDT": 0.06882,
  "KAITOUSDT": 0.3306,
  "INJUSDT": 3.2,
  "BANANAS31USDT": 0.005106,
  "1000RATSUSDT": 0.05138,
  "ATUSDT": 0.16014,
  "POWERUSDT": 0.2837,
  "ENSOUSDT": 1.1583,
  "OGUSDT": 5.044,
  "TAKEUSDT": 0.0575,
  "SANDUSDT": 0.08972,
  "STABLEUSDT": 0.023828,
  "AWEUSDT": 0.09536,
  "\u6211\u8e0f\u9a6c\u6765\u4e86USDT": 0.025388,
  "GIGGLEUSDT": 32.45,
  "DUSKUSDT": 0.10974,
  "CYSUSDT": 0.4564,
  "STRKUSDT": 0.05058,
  "MSTRUSDT": 135.21,
  "NIGHTUSDT": 0.05722,
  "ROSEUSDT": 0.01282,
  "QUSDT": 0.020007,
  "SKYAIUSDT": 0.0401,
  "COMPUSDT": 19.82,
  "SPACEUSDT": 0.009514,
  "HOMEUSDT": 0.027201,
  "HANAUSDT": 0.03559,
  "CAKEUSDT": 1.3392,
  "PIEVERSEUSDT": 0.4288,
  "TRADOORUSDT": 1.362,
  "ALGOUSDT": 0.0982,
  "METUSDT": 0.2251,
  "USDCUSDT": 0.999968,
  "MYXUSDT": 2.348,
  "ZILUSDT": 0.00453,
  "LYNUSDT": 0.21227,
  "PYTHUSDT": 0.05476,
  "GALAUSDT": 0.00423,
  "GPSUSDT": 0.010957,
  "ENSUSDT": 6.974,
  "AVNTUSDT": 0.2057,
  "AUCTIONUSDT": 5.36,
  "MUSDT": 1.3813,
  "LINEAUSDT": 0.003859,
  "VVVUSDT": 2.94,
  "GUNUSDT": 0.02527,
  "MORPHOUSDT": 1.2986,
  "B2USDT": 0.7167,
  "BUSDT": 0.1454,
  "MEUSDT": 0.1551,
  "EIGENUSDT": 0.2145,
  "SUSDT": 0.04983,
  "COLLECTUSDT": 0.07332,
  "BIRBUSDT": 0.20694,
  "XTZUSDT": 0.416,
  "AEROUSDT": 0.3245,
  "VETUSDT": 0.008428,
  "BEAMXUSDT": 0.002456,
  "LPTUSDT": 2.499,
  "LAUSDT": 0.2196,
  "BIOUSDT": 0.02544,
  "SYRUPUSDT": 0.27974,
  "DYDXUSDT": 0.109,
  "XPINUSDT": 0.001516,
  "TSLAUSDT": 418.04,
  "ZKPUSDT": 0.09351,
  "BEATUSDT": 0.2779,
  "HUMAUSDT": 0.013187,
  "MOVEUSDT": 0.02421,
  "RESOLVUSDT": 0.06308,
  "1000LUNCUSDT": 0.03421,
  "BULLAUSDT": 0.02452,
  "NEOUSDT": 2.893,
  "COAIUSDT": 0.4358,
  "ESPUSDT": 0.06095,
  "AIAUSDT": 0.12936,
  "FORMUSDT": 0.2202,
  "COWUSDT": 0.2501,
  "JELLYJELLYUSDT": 0.05733,
  "PNUTUSDT": 0.05046,
  "ORDIUSDT": 2.9,
  "MOODENGUSDT": 0.05577,
  "FOGOUSDT": 0.02297,
  "CLOUSDT": 0.08836,
  "RAVEUSDT": 0.3647,
  "LRCUSDT": 0.03398,
  "BANKUSDT": 0.04384,
  "GUAUSDT": 0.14326,
  "NXPCUSDT": 0.2867,
  "STXUSDT": 0.2754,
  "SOMIUSDT": 0.1972,
  "XNYUSDT": 0.006764,
  "SIRENUSDT": 0.12863,
  "ATHUSDT": 0.00651,
  "VANAUSDT": 1.645,
  "ESPORTSUSDT": 0.35501,
  "STGUSDT": 0.1634,
  "FHEUSDT": 0.0413,
  "MERLUSDT": 0.0564,
  "TRBUSDT": 16.317,
  "ALLOUSDT": 0.08212,
  "PLUMEUSDT": 0.01181,
  "WCTUSDT": 0.06656,
  "1000FLOKIUSDT": 0.03157,
  "JTOUSDT": 0.2733,
  "ARUSDT": 2.066,
  "API3USDT": 0.3244,
  "NMRUSDT": 8.727,
  "EDUUSDT": 0.1302,
  "CFXUSDT": 0.05558,
  "2ZUSDT": 0.08062,
  "TRIAUSDT": 0.01885,
  "SPXUSDT": 0.3253,
  "FLOWUSDT": 0.04537,
  "QNTUSDT": 74.26,
  "XVGUSDT": 0.006546,
  "JASMYUSDT": 0.006174,
  "MANAUSDT": 0.1042,
  "WUSDT": 0.02118,
  "ZKCUSDT": 0.1015,
  "4USDT": 0.01046,
  "AZTECUSDT": 0.0223,
  "EULUSDT": 0.961,
  "TNSRUSDT": 0.0568,
  "BREVUSDT": 0.1479,
  "IRYSUSDT": 0.04292,
  "LIGHTUSDT": 0.2452,
  "KAIAUSDT": 0.05881,
  "GWEIUSDT": 0.025808,
  "ZORAUSDT": 0.02202,
  "UAIUSDT": 0.2422,
  "TAGUSDT": 0.0003775,
  "GRTUSDT": 0.02834,
  "APEUSDT": 0.1329,
  "C98USDT": 0.0327,
  "TAUSDT": 0.03666,
  "THETAUSDT": 0.2199,
  "1INCHUSDT": 0.0986,
  "EGLDUSDT": 5.185,
  "JSTUSDT": 0.041945,
  "SPKUSDT": 0.02277,
  "ZRXUSDT": 0.1144,
  "IMXUSDT": 0.1707,
  "NAORISUSDT": 0.03096,
  "MMTUSDT": 0.1375,
  "MUBARAKUSDT": 0.01853,
  "RUNEUSDT": 0.4235,
  "SFPUSDT": 0.2581,
  "IOTAUSDT": 0.0704,
  "MANTAUSDT": 0.08076,
  "SKRUSDT": 0.023504,
  "AGTUSDT": 0.004745,
  "FRAXUSDT": 0.6433,
  "ACTUSDT": 0.01504,
  "ANIMEUSDT": 0.005805,
  "NILUSDT": 0.05702,
  "BOMEUSDT": 0.0004248,
  "NEIROUSDT": 7.81e-05,
  "AXLUSDT": 0.0624,
  "BSVUSDT": 16.95,
  "FUSDT": 0.006412,
  "MEGAUSDT": 0.12986,
  "PROVEUSDT": 0.3335,
  "SNXUSDT": 0.303,
  "FOLKSUSDT": 1.428,
  "GRASSUSDT": 0.2051,
  "NOMUSDT": 0.005502,
  "ARKMUSDT": 0.1237,
  "PTBUSDT": 0.001396,
  "TWTUSDT": 0.528,
  "KASUSDT": 0.03345,
  "GASUSDT": 1.712,
  "TSTUSDT": 0.01125,
  "AUSDT": 0.0892,
  "MINAUSDT": 0.06848,
  "ICNTUSDT": 0.4625,
  "KGENUSDT": 0.17787,
  "YFIUSDT": 2924.0,
  "BATUSDT": 0.1346,
  "BLUAIUSDT": 0.005909,
  "PEOPLEUSDT": 0.00696,
  "SOPHUSDT": 0.010022,
  "SIGNUSDT": 0.02864,
  "FIGHTUSDT": 0.006416,
  "DEEPUSDT": 0.0297,
  "TUTUSDT": 0.01192,
  "GMTUSDT": 0.01299,
  "POPCATUSDT": 0.05259,
  "YBUSDT": 0.177,
  "AVAAIUSDT": 0.00798,
  "ACHUSDT": 0.00799,
  "CYBERUSDT": 0.5877,
  "TURBOUSDT": 0.0011291,
  "LAYERUSDT": 0.0957,
  "SAHARAUSDT": 0.01655,
  "OPENUSDT": 0.1745,
  "MAGICUSDT": 0.07077,
  "SONICUSDT": 0.05044,
  "ZBTUSDT": 0.07573,
  "SWARMSUSDT": 0.00764,
  "IDOLUSDT": 0.02222,
  "SOONUSDT": 0.1916,
  "BABYUSDT": 0.01408,
  "BLURUSDT": 0.02194,
  "TRUTHUSDT": 0.015076,
  "CATIUSDT": 0.04206,
  "AIOUSDT": 0.08048,
  "SANTOSUSDT": 1.915,
  "MEMEUSDT": 0.0007193,
  "BASUSDT": 0.006035,
  "AKEUSDT": 0.0002819,
  "SUPERUSDT": 0.1319,
  "SUSHIUSDT": 0.2149,
  "LUNA2USDT": 0.06386,
  "THEUSDT": 0.2779,
  "ONTUSDT": 0.0474,
  "CELOUSDT": 0.088,
  "YGGUSDT": 0.04286,
  "INUSDT": 0.06835,
  "IOUSDT": 0.1092,
  "TOSHIUSDT": 0.0002431,
  "SKLUSDT": 0.00726,
  "GLMUSDT": 0.19984,
  "ALTUSDT": 0.00905,
  "XPTUSDT": 2070.03,
  "VELODROMEUSDT": 0.01512,
  "STOUSDT": 0.05541,
  "SYNUSDT": 0.04905,
  "DYMUSDT": 0.04716,
  "CTSIUSDT": 0.0274,
  "SUNUSDT": 0.017165,
  "SOLVUSDT": 0.00498,
  "KERNELUSDT": 0.0691,
  "HYPERUSDT": 0.1083,
  "IDUSDT": 0.05484,
  "ERAUSDT": 0.1655,
  "AIXBTUSDT": 0.02184,
  "ASRUSDT": 1.453,
  "MASKUSDT": 0.4762,
  "WALUSDT": 0.0856,
  "BROCCOLI714USDT": 0.01536,
  "STBLUSDT": 0.04164,
  "RAREUSDT": 0.02027,
  "ANKRUSDT": 0.004714,
  "QTUMUSDT": 1.013,
  "INITUSDT": 0.06988,
  "EDENUSDT": 0.03456,
  "CVXUSDT": 2.01,
  "GUSDT": 0.00413,
  "MELANIAUSDT": 0.1215,
  "ORCAUSDT": 0.819,
  "KAVAUSDT": 0.0574,
  "AINUSDT": 0.0352,
  "ZEREBROUSDT": 0.00837,
  "DEXEUSDT": 2.43,
  "BANANAUSDT": 4.821,
  "ARPAUSDT": 0.01032,
  "KMNOUSDT": 0.02984,
  "VELVETUSDT": 0.07697,
  "SAPIENUSDT": 0.09238,
  "KOMAUSDT": 0.00796,
  "POLYXUSDT": 0.04707,
  "ONUSDT": 0.08634,
  "HEMIUSDT": 0.01017,
  "ELSAUSDT": 0.0837,
  "XVSUSDT": 2.982,
  "DEGOUSDT": 0.3467,
  "KSMUSDT": 4.719,