{
  "BTCUSDT": 67715.0,
  "ETHUSDT": 1964.7,
  "SOLUSDT": 84.83,
  "XRPUSDT": 1.4543,
  "BNBUSDT": 616.53,
  "BCHUSDT": 557.64,
  "DOGEUSDT": 0.09869,
  "HYPEUSDT": 29.625,
  "PAXGUSDT": 4926.8,
  "XAGUSDT": 74.4,
  "ZECUSDT": 283.41,
  "XAUUSDT": 4923.73,
  "TRXUSDT": 0.28156,
  "SUIUSDT": 0.9656,
  "ASTERUSDT": 0.7012,
  "1000PEPEUSDT": 0.004346,
  "ADAUSDT": 0.2798,
  "LINKUSDT": 8.743,
  "LTCUSDT": 54.9,
  "UNIUSDT": 3.52,
  "AVAXUSDT": 9.076,
  "PIPPINUSDT": 0.61507,
  "ENAUSDT": 0.12,
  "PUMPUSDT": 0.002148,
  "WLFIUSDT": 0.099,
  "AAVEUSDT": 124.34,
  "NEARUSDT": 1.05,
  "KITEUSDT": 0.20611,
  "LITUSDT": 1.576,
  "TRUMPUSDT": 3.358,
  "WLDUSDT": 0.3947,
  "XPLUSDT": 0.0977,
  "FILUSDT": 0.961,
  "TAOUSDT": 189.8,
  "ARCUSDT": 0.07256,
  "DOTUSDT": 1.357,
  "RIVERUSDT": 12.154,
  "ZROUSDT": 1.6356,
  "TONUSDT": 1.422,
  "HUSDT": 0.19648,
  "APTUSDT": 0.9195,
  "ATOMUSDT": 2.233,
  "BERAUSDT": 0.7014,
  "1000SHIBUSDT": 0.006475,
  "HBARUSDT": 0.0994,
  "AXSUSDT": 1.358,
  "XLMUSDT": 0.1652,
  "ARBUSDT": 0.1129,
  "XMRUSDT": 330.04,
  "MONUSDT": 0.02213,
  "ICPUSDT": 2.373,
  "WIFUSDT": 0.2319,
  "FFUSDT": 0.0797,
  "CRVUSDT": 0.25,
  "FETUSDT": 0.1698,
  "FARTCOINUSDT": 0.1891,
  "PENGUUSDT": 0.007061,
  "IPUSDT": 1.149,
  "BARDUSDT": 0.7948,
  "ETCUSDT": 8.645,
  "\u5e01\u5b89\u4eba\u751fUSDT": 0.09809,
  "DASHUSDT": 37.34,
  "CHZUSDT": 0.04011,
  "1000BONKUSDT": 0.006466,
  "OPUSDT": 0.1864,
  "PARTIUSDT": 0.10253,
  "POLUSDT": 0.10662,
  "BTCDOMUSDT": 5080.4,
  "ONDOUSDT": 0.2729,
  "SENTUSDT": 0.02186,
  "STABLEUSDT": 0.0306,
  "TIAUSDT": 0.3383,
  "0GUSDT": 0.6572,
  "ORCAUSDT": 1.223,
  "VIRTUALUSDT": 0.6352,
  "INITUSDT": 0.11668,
  "ZKUSDT": 0.02173,
  "SEIUSDT": 0.0742,
  "ETHFIUSDT": 0.474,
  "VVVUSDT": 4.005,
  "JUPUSDT": 0.1649,
  "BANUSDT": 0.09948,
  "ZAMAUSDT": 0.02036,
  "SIRENUSDT": 0.21981,
  "POWERUSDT": 0.2994,
  "UBUSDT": 0.04919,
  "CYSUSDT": 0.549,
  "CCUSDT": 0.16379,
  "ALCHUSDT": 0.08203,
  "INJUSDT": 3.092,
  "PENDLEUSDT": 1.2032,
  "LDOUSDT": 0.3369,
  "BTRUSDT": 0.19599,
  "ENSOUSDT": 1.1503,
  "KAITOUSDT": 0.3157,
  "SKYUSDT": 0.06769,
  "ZENUSDT": 6.168,
  "ATUSDT": 0.15859,
  "RENDERUSDT": 1.436,
  "1000RATSUSDT": 0.04681,
  "QUSDT": 0.020844,
  "AWEUSDT": 0.093,
  "GPSUSDT": 0.012837,
  "BANANAS31USDT": 0.004643,
  "SANDUSDT": 0.08545,
  "OMUSDT": 0.05989,
  "NIGHTUSDT": 0.05567,
  "SPACEUSDT": 0.011218,
  "HANAUSDT": 0.03602,
  "MSTRUSDT": 129.66,
  "HOMEUSDT": 0.027613,
  "RPLUSDT": 2.496,
  "\u6211\u8e0f\u9a6c\u6765\u4e86USDT": 0.018982,
  "MUSDT": 1.4862,
  "GIGGLEUSDT": 31.09,
  "SKYAIUSDT": 0.03749,
  "STRKUSDT": 0.04816,
  "LYNUSDT": 0.23672,
  "DUSKUSDT": 0.10266,
  "ROSEUSDT": 0.01251,
  "PYTHUSDT": 0.05595,
  "MYXUSDT": 1.509,
  "TRADOORUSDT": 1.382,
  "ALGOUSDT": 0.093,
  "CAKEUSDT": 1.2993,
  "PIEVERSEUSDT": 0.4085,
  "USDCUSDT": 0.999946,
  "COMPUSDT": 19.28,
  "MOVEUSDT": 0.02707,
  "HUMAUSDT": 0.015745,
  "METUSDT": 0.2233,
  "GALAUSDT": 0.00403,
  "BULLAUSDT": 0.02966,
  "ESPUSDT": 0.05999,
  "ZILUSDT": 0.00428,
  "XPINUSDT": 0.001842,
  "JELLYJELLYUSDT": 0.06927,
  "MORPHOUSDT": 1.3858,
  "AVNTUSDT": 0.1995,
  "B2USDT": 0.6967,
  "ZKPUSDT": 0.09765,
  "SUSDT": 0.04796,
  "GUNUSDT": 0.02293,
  "BUSDT": 0.1411,
  "COLLECTUSDT": 0.07337,
  "MEUSDT": 0.1347,
  "1000LUNCUSDT": 0.03411,
  "EIGENUSDT": 0.2105,
  "BEAMXUSDT": 0.002395,
  "ENSUSDT": 6.644,
  "LINEAUSDT": 0.003654,
  "AUCTIONUSDT": 5.21,
  "SYRUPUSDT": 0.24395,
  "VETUSDT": 0.008059,
  "LAUSDT": 0.2021,
  "XTZUSDT": 0.394,
  "TSLAUSDT": 412.21,
  "RAVEUSDT": 0.39949,
  "ESPORTSUSDT": 0.37819,
  "NEOUSDT": 2.785,
  "AEROUSDT": 0.3141,
  "BIOUSDT": 0.02401,
  "MERLUSDT": 0.07033,
  "FORMUSDT": 0.2185,
  "PNUTUSDT": 0.05004,
  "GUAUSDT": 0.14703,
  "DYDXUSDT": 0.104,
  "ORDIUSDT": 2.77,
  "NXPCUSDT": 0.2735,
  "ALLOUSDT": 0.08683,
  "FOGOUSDT": 0.02377,
  "FHEUSDT": 0.04204,
  "RESOLVUSDT": 0.06326,
  "BIRBUSDT": 0.19319,
  "JTOUSDT": 0.2888,
  "OGUSDT": 3.38,
  "MOODENGUSDT": 0.06001,
  "LPTUSDT": 2.444,
  "PLUMEUSDT": 0.01082,
  "BEATUSDT": 0.2487,
  "LRCUSDT": 0.03408,
  "SOMIUSDT": 0.19,
  "1000FLOKIUSDT": 0.03164,
  "CLOUSDT": 0.07902,
  "STXUSDT": 0.2592,
  "STGUSDT": 0.1413,
  "VANAUSDT": 1.549,
  "EDUUSDT": 0.1287,
  "TRBUSDT": 15.765,
  "ATHUSDT": 0.005917,
  "GWEIUSDT": 0.028565,
  "TRIAUSDT": 0.01574,
  "2ZUSDT": 0.07729,
  "ARUSDT": 2.01,
  "AIAUSDT": 0.10848,
  "EULUSDT": 0.989,
  "USELESSUSDT": 0.05055,
  "API3USDT": 0.3122,
  "JASMYUSDT": 0.006006,
  "WUSDT": 0.02042,
  "COAIUSDT": 0.3446,
  "CFXUSDT": 0.05397,
  "WCTUSDT": 0.06151,
  "LUNA2USDT": 0.06563,
  "NMRUSDT": 8.332,
  "APEUSDT": 0.1269,
  "BANKUSDT": 0.03782,
  "MANAUSDT": 0.1,
  "PTBUSDT": 0.001549,
  "XNYUSDT": 0.005277,
  "FLOWUSDT": 0.03899,
  "SPXUSDT": 0.3198,
  "QNTUSDT": 68.93,
  "IMXUSDT": 0.1685,
  "RAYSOLUSDT": 0.7218,
  "TAUSDT": 0.0373,
  "4USDT": 0.0097,
  "TAGUSDT": 0.0003776,
  "UAIUSDT": 0.2398,
  "AZTECUSDT": 0.02146,
  "LIGHTUSDT": 0.2357,
  "JSTUSDT": 0.042196,
  "TAKEUSDT": 0.02959,
  "KAIAUSDT": 0.05738,
  "COWUSDT": 0.2114,
  "GRTUSDT": 0.02768,
  "BREVUSDT": 0.14,
  "MUBARAKUSDT": 0.01889,
  "1INCHUSDT": 0.0944,
  "MMTUSDT": 0.1347,
  "SFPUSDT": 0.2701,
  "SPKUSDT": 0.02091,
  "UMAUSDT": 0.536,
  "ZRXUSDT": 0.1081,
  "TNSRUSDT": 0.05639,
  "SKRUSDT": 0.021653,
  "AGTUSDT": 0.004696,
  "BOMEUSDT": 0.0004285,
  "THETAUSDT": 0.2052,
  "MAGICUSDT": 0.07332,
  "ZORAUSDT": 0.02202,
  "ZKCUSDT": 0.0938,
  "FRAXUSDT": 0.6759,
  "YFIUSDT": 2850.0,
  "NILUSDT": 0.05521,
  "TWTUSDT": 0.5529,
  "MANTAUSDT": 0.07888,
  "IOTAUSDT": 0.0693,
  "EGLDUSDT": 4.689,
  "NEIROUSDT": 7.57e-05,
  "AXLUSDT": 0.06026,
  "RUNEUSDT": 0.4016,
  "FIGHTUSDT": 0.006414,
  "MEGAUSDT": 0.13192,
  "SNXUSDT": 0.29,
  "C98USDT": 0.0325,
  "NOMUSDT": 0.005316,
  "ACTUSDT": 0.01514,
  "SAHARAUSDT": 0.01568,
  "XVGUSDT": 0.005963,
  "SUPERUSDT": 0.1307,
  "PEOPLEUSDT": 0.00696,
  "MINAUSDT": 0.06487,
  "TSTUSDT": 0.01108,
  "ARKMUSDT": 0.1158,
  "AUSDT": 0.0844,
  "PROVEUSDT": 0.317,
  "FOLKSUSDT": 1.328,
  "GRASSUSDT": 0.197,
  "SIGNUSDT": 0.02685,
  "BSVUSDT": 16.8,
  "BLUAIUSDT": 0.005431,
  "ANIMEUSDT": 0.005684,
  "FUSDT": 0.006304,
  "TUTUSDT": 0.01177,
  "KASUSDT": 0.03171,
  "YBUSDT": 0.1732,
  "SOPHUSDT": 0.00973,
  "KGENUSDT": 0.16744,
  "OPENUSDT": 0.1629,
  "TURBOUSDT": 0.0010908,
  "IOUSDT": 0.1101,
  "IRYSUSDT": 0.0315,
  "ACHUSDT": 0.007705,
  "AVAAIUSDT": 0.00762,
  "BATUSDT": 0.1272,
  "AIOUSDT": 0.07843,
  "GMTUSDT": 0.01225,
  "SWARMSUSDT": 0.00739,
  "GASUSDT": 1.64,
  "ICNTUSDT": 0.4464,
  "BABYUSDT": 0.01409,
  "POPCATUSDT": 0.05225,
  "CATIUSDT": 0.04086,
  "CYBERUSDT": 0.5602,
  "SANTOSUSDT": 1.87,
  "SUSHIUSDT": 0.2078,
  "LAYERUSDT": 0.089,
  "DEEPUSDT": 0.03113,
  "STORJUSDT": 0.1057,
  "ZBTUSDT": 0.07104,
  "IDOLUSDT": 0.02084,
  "AKEUSDT": 0.0002762,
  "MASKUSDT": 0.4639,
  "PROMUSDT": 1.446,
  "BLURUSDT": 0.02103,
  "CELOUSDT": 0.083,
  "XPTUSDT": 2003.34,
  "TRUTHUSDT": 0.012013,
  "ONTUSDT": 0.0464,
  "YGGUSDT": 0.0407,
  "SUNUSDT": 0.017318,
  "SOONUSDT": 0.1799,
  "BASUSDT": 0.00584,
  "PLAYUSDT": 0.023,
  "ALTUSDT": 0.00868,
  "KMNOUSDT": 0.0317,
  "ARIAUSDT": 0.08698,
  "STOUSDT": 0.05553,
  "MEMEUSDT": 0.0007135,
  "VELODROMEUSDT": 0.01437,
  "CTSIUSDT": 0.027,
  "SOLVUSDT": 0.0046,
  "GLMUSDT": 0.1837,
  "THEUSDT": 0.274,
  "VELVETUSDT": 0.08373,
  "ZEREBROUSDT": 0.00846,
  "AIXBTUSDT": 0.02111,
  "IDUSDT": 0.0508,
  "ASRUSDT": 1.417,
  "WALUSDT": 0.0839,
  "RAREUSDT": 0.02002,
  "CVXUSDT": 1.949,
  "SKLUSDT": 0.00708,
  "ONUSDT": 0.09675,
  "INUSDT": 0.06212,
  "SONICUSDT": 0.04622,
  "ARPAUSDT": 0.01034,
  "BROCCOLI714USDT": 0.01437,
  "SYNUSDT": 0.05108,
  "QTUMUSDT": 0.966,
  "DEXEUSDT": 2.349,
  "LISTAUSDT": 0.0942,
  "RSRUSDT": 0.001552,
  "KSMUSDT": 4.872,
  "STBLUSDT": 0.03937,
  "ANKRUSDT": 0.004658,
  "MELANIAUSDT": 0.1177,
  "ERAUSDT": 0.1555,
  "DRIFTUSDT": 0.0914,
  "HEMIUSDT": 0.01045,
  "EDENUSDT": 0.03472,
  "KERNELUSDT": 0.06622,
  "KAVAUSDT": 0.0539,
  "DEGOUSDT": 0.3364,
  "HYPERUSDT": 0.1018,
  "AINUSDT": 0.03361,