{
  "BTCUSDT": 67518.5,
  "ETHUSDT": 1951.67,
  "SOLUSDT": 82.8,
  "XRPUSDT": 1.3922,
  "BNBUSDT": 614.76,
  "BCHUSDT": 569.59,
  "DOGEUSDT": 0.09526,
  "XAGUSDT": 86.28,
  "HYPEUSDT": 28.945,
  "XAUUSDT": 5145.09,
  "PAXGUSDT": 5168.44,
  "WLFIUSDT": 0.1143,
  "ZECUSDT": 244.09,
  "TRXUSDT": 0.29026,
  "SUIUSDT": 0.9234,
  "ASTERUSDT": 0.6949,
  "LINKUSDT": 8.666,
  "UNIUSDT": 3.489,
  "ADAUSDT": 0.2706,
  "LTCUSDT": 53.33,
  "AVAXUSDT": 8.851,
  "1000PEPEUSDT": 0.0040318,
  "PUMPUSDT": 0.002012,
  "PIPPINUSDT": 0.62204,
  "ENAUSDT": 0.1001,
  "KITEUSDT": 0.25731,
  "AAVEUSDT": 117.89,
  "NEARUSDT": 1.015,
  "ARCUSDT": 0.09021,
  "WLDUSDT": 0.3831,
  "TRUMPUSDT": 3.377,
  "LITUSDT": 1.451,
  "FILUSDT": 0.927,
  "TAOUSDT": 173.26,
  "XPLUSDT": 0.0893,
  "DOTUSDT": 1.31,
  "ATOMUSDT": 2.25,
  "ZROUSDT": 1.6259,
  "TONUSDT": 1.3435,
  "APTUSDT": 0.8375,
  "HBARUSDT": 0.09795,
  "ENSOUSDT": 1.9373,
  "1000SHIBUSDT": 0.006179,
  "AXSUSDT": 1.296,
  "XLMUSDT": 0.15478,
  "ARBUSDT": 0.0942,
  "BERAUSDT": 0.5826,
  "ICPUSDT": 2.15,
  "RIVERUSDT": 8.023,
  "OPUSDT": 0.1222,
  "HUSDT": 0.16333,
  "XMRUSDT": 326.53,
  "MONUSDT": 0.01987,
  "POWERUSDT": 0.45107,
  "WIFUSDT": 0.211,
  "ETCUSDT": 8.52,
  "RAVEUSDT": 0.68112,
  "CRVUSDT": 0.231,
  "BARDUSDT": 0.7874,
  "FETUSDT": 0.1593,
  "FFUSDT": 0.0787,
  "PENGUUSDT": 0.006552,
  "FARTCOINUSDT": 0.1744,
  "1000BONKUSDT": 0.006087,
  "AGLDUSDT": 0.3863,
  "PARTIUSDT": 0.10924,
  "BANUSDT": 0.12948,
  "IPUSDT": 1.072,
  "INJUSDT": 3.507,
  "POLUSDT": 0.10643,
  "BTCDOMUSDT": 5143.0,
  "CHZUSDT": 0.03462,
  "DASHUSDT": 32.99,
  "\u5e01\u5b89\u4eba\u751fUSDT": 0.06628,
  "OPNUSDT": 0.7106,
  "SENTUSDT": 0.02148,
  "ONDOUSDT": 0.2617,
  "TIAUSDT": 0.3121,
  "0GUSDT": 0.6412,
  "ETHFIUSDT": 0.4451,
  "SIRENUSDT": 0.26926,
  "VIRTUALUSDT": 0.6213,
  "SEIUSDT": 0.0688,
  "AZTECUSDT": 0.03075,
  "MYXUSDT": 0.886,
  "ZKUSDT": 0.0191,
  "JUPUSDT": 0.1502,
  "LYNUSDT": 0.3023,
  "STABLEUSDT": 0.029432,
  "ZAMAUSDT": 0.02138,
  "ALCHUSDT": 0.07994,
  "CCUSDT": 0.16002,
  "VVVUSDT": 3.877,
  "PENDLEUSDT": 1.1933,
  "1000RATSUSDT": 0.04784,
  "DUSKUSDT": 0.08408,
  "KAITOUSDT": 0.2975,
  "QUSDT": 0.022205,
  "ATUSDT": 0.17443,
  "BIOUSDT": 0.02641,
  "BTRUSDT": 0.19766,
  "RENDERUSDT": 1.411,
  "HOMEUSDT": 0.029642,
  "LDOUSDT": 0.3071,
  "BANANAS31USDT": 0.004642,
  "NIGHTUSDT": 0.05781,
  "ALGOUSDT": 0.0867,
  "ZENUSDT": 5.691,
  "SKYAIUSDT": 0.03912,
  "HANAUSDT": 0.03637,
  "SANDUSDT": 0.08132,
  "JTOUSDT": 0.3024,
  "STRKUSDT": 0.04338,
  "ESPUSDT": 0.07376,
  "MORPHOUSDT": 1.5982,
  "TRADOORUSDT": 1.511,
  "CAKEUSDT": 1.2862,
  "GUNUSDT": 0.02865,
  "MUSDT": 1.3562,
  "ZILUSDT": 0.00406,
  "GPSUSDT": 0.012859,
  "GALAUSDT": 0.00363,
  "SNXUSDT": 0.429,
  "PIEVERSEUSDT": 0.4074,
  "OMUSDT": 0.0674,
  "USDCUSDT": 0.99981,
  "UBUSDT": 0.03398,
  "ALLOUSDT": 0.11035,
  "APEUSDT": 0.1073,
  "SKYUSDT": 0.06401,
  "ORCAUSDT": 1.009,
  "B2USDT": 0.714,
  "GIGGLEUSDT": 27.2,
  "\u6211\u8e0f\u9a6c\u6765\u4e86USDT": 0.014382,
  "BULLAUSDT": 0.02713,
  "AWEUSDT": 0.05337,
  "PYTHUSDT": 0.0519,
  "XPINUSDT": 0.001667,
  "ROSEUSDT": 0.01276,
  "CYSUSDT": 0.407,
  "GUAUSDT": 0.16215,
  "METUSDT": 0.1989,
  "BEAMXUSDT": 0.002132,
  "BUSDT": 0.1325,
  "AVNTUSDT": 0.1813,
  "CYBERUSDT": 0.5907,
  "JELLYJELLYUSDT": 0.06488,
  "HUMAUSDT": 0.011911,
  "MSTRUSDT": 130.82,
  "TSLAUSDT": 410.49,
  "EIGENUSDT": 0.1802,
  "SYRUPUSDT": 0.22035,
  "AEROUSDT": 0.3149,
  "VETUSDT": 0.007456,
  "NAORISUSDT": 0.04375,
  "ESPORTSUSDT": 0.34334,
  "DYDXUSDT": 0.094,
  "XTZUSDT": 0.379,
  "NXPCUSDT": 0.2702,
  "ORDIUSDT": 2.489,
  "NEOUSDT": 2.674,
  "MOVEUSDT": 0.02283,
  "FORMUSDT": 0.2057,
  "ZKPUSDT": 0.08506,
  "COMPUSDT": 17.57,
  "INITUSDT": 0.08998,
  "MEUSDT": 0.1242,
  "YGGUSDT": 0.04652,
  "AUCTIONUSDT": 4.967,
  "LAUSDT": 0.2114,
  "SOMIUSDT": 0.2135,
  "PNUTUSDT": 0.04608,
  "SUSDT": 0.04123,
  "FOGOUSDT": 0.02547,
  "LINEAUSDT": 0.003369,
  "ENSUSDT": 6.306,
  "COLLECTUSDT": 0.04,
  "RESOLVUSDT": 0.06484,
  "1000LUNCUSDT": 0.03533,
  "SPACEUSDT": 0.009712,
  "1000FLOKIUSDT": 0.02908,
  "GWEIUSDT": 0.030324,
  "STXUSDT": 0.2437,
  "BEATUSDT": 0.2315,
  "OGUSDT": 3.224,
  "STGUSDT": 0.1414,
  "MERLUSDT": 0.04959,
  "PLUMEUSDT": 0.00965,
  "VANAUSDT": 1.509,
  "LPTUSDT": 2.265,
  "AGTUSDT": 0.00556,
  "EDUUSDT": 0.1234,
  "TRIAUSDT": 0.0152,
  "CLOUSDT": 0.0866,
  "WUSDT": 0.01897,
  "TRBUSDT": 14.646,
  "EULUSDT": 0.973,
  "BIRBUSDT": 0.16274,
  "TAUSDT": 0.04082,
  "USELESSUSDT": 0.03778,
  "TAGUSDT": 0.0004031,
  "UAIUSDT": 0.2417,
  "FHEUSDT": 0.03557,
  "ARUSDT": 1.971,
  "BANKUSDT": 0.03815,
  "ATHUSDT": 0.005306,
  "COWUSDT": 0.2241,
  "JASMYUSDT": 0.005616,
  "NMRUSDT": 8.009,
  "MANAUSDT": 0.0946,
  "WCTUSDT": 0.05985,
  "LRCUSDT": 0.03315,
  "GRTUSDT": 0.02669,
  "2ZUSDT": 0.06985,
  "IDOLUSDT": 0.0252,
  "IOTAUSDT": 0.0679,
  "CFXUSDT": 0.05091,
  "API3USDT": 0.2948,
  "LIGHTUSDT": 0.2419,
  "MMTUSDT": 0.1239,
  "ZORAUSDT": 0.02011,
  "SPXUSDT": 0.3052,
  "IMXUSDT": 0.16,
  "MOODENGUSDT": 0.05351,
  "QNTUSDT": 63.89,
  "COAIUSDT": 0.3126,
  "1INCHUSDT": 0.0912,
  "BELUSDT": 0.1156,
  "SPKUSDT": 0.02071,
  "LUNA2USDT": 0.0615,
  "RPLUSDT": 2.229,
  "AIAUSDT": 0.09982,
  "THETAUSDT": 0.1923,
  "SFPUSDT": 0.2581,
  "AXLUSDT": 0.05305,
  "ZRXUSDT": 0.1063,
  "FLOWUSDT": 0.03688,
  "JSTUSDT": 0.04293,
  "4USDT": 0.00816,
  "IOUSDT": 0.1115,
  "KAIAUSDT": 0.0552,
  "ARKMUSDT": 0.1079,
  "NEIROUSDT": 6.97e-05,
  "BREVUSDT": 0.129,
  "ARPAUSDT": 0.01086,
  "PTBUSDT": 0.001287,
  "YFIUSDT": 2797.0,
  "SKRUSDT": 0.018848,
  "SAPIENUSDT": 0.09465,
  "EGLDUSDT": 4.447,
  "RUNEUSDT": 0.4007,
  "FOLKSUSDT": 1.242,
  "KGENUSDT": 0.17716,
  "AIOUSDT": 0.0836,
  "XPTUSDT": 2197.72,
  "MEGAUSDT": 0.1287,
  "ANIMEUSDT": 0.00488,
  "TWTUSDT": 0.5174,
  "BOMEUSDT": 0.0003895,
  "NOMUSDT": 0.004748,
  "PROVEUSDT": 0.2902,
  "MAGICUSDT": 0.06685,
  "SIGNUSDT": 0.02418,
  "PEOPLEUSDT": 0.00644,
  "BLUAIUSDT": 0.005189,
  "SAHARAUSDT": 0.01506,
  "TAKEUSDT": 0.02625,
  "MINAUSDT": 0.06036,
  "TSTUSDT": 0.01011,
  "OPENUSDT": 0.1497,
  "MANTAUSDT": 0.06641,
  "ACTUSDT": 0.01404,
  "GMTUSDT": 0.01152,
  "DEXEUSDT": 2.611,
  "AUSDT": 0.0798,
  "GASUSDT": 1.542,
  "AVAAIUSDT": 0.00733,
  "TURBOUSDT": 0.0010107,
  "KASUSDT": 0.03032,
  "ZKCUSDT": 0.086,
  "TUTUSDT": 0.0106,
  "TNSRUSDT": 0.04688,
  "VELVETUSDT": 0.07953,
  "SANTOSUSDT": 1.882,
  "BATUSDT": 0.1171,
  "STOUSDT": 0.06071,
  "AKEUSDT": 0.0002709,
  "SOPHUSDT": 0.009012,
  "ACHUSDT": 0.007321,
  "SUPERUSDT": 0.1131,
  "CATIUSDT": 0.03909,
  "BSVUSDT": 15.6,
  "YBUSDT": 0.1552,
  "GRASSUSDT": 0.1774,
  "ZBTUSDT": 0.07163,
  "C98USDT": 0.0275,
  "FIGHTUSDT": 0.006604,
  "SWARMSUSDT": 0.00677,
  "FUSDT": 0.005757,
  "NILUSDT": 0.05013,
  "SUSHIUSDT": 0.2003,
  "POPCATUSDT": 0.04886,
  "ICNTUSDT": 0.4065,
  "BABYUSDT": 0.0125,
  "MUBARAKUSDT": 0.01464,
  "XNYUSDT": 0.004379,
  "LAYERUSDT": 0.0842,
  "CVXUSDT": 1.884,
  "VELODROMEUSDT": 0.01444,
  "XVGUSDT": 0.005943,
  "BLURUSDT": 0.01998,
  "VTHOUSDT": 0.0006148,
  "ASRUSDT": 1.412,
  "CTSIUSDT": 0.0246,
  "MASKUSDT": 0.433,
  "KSMUSDT": 4.755,
  "SOONUSDT": 0.1648,
  "RAREUSDT": 0.01866,
  "ALTUSDT": 0.00763,
  "MEMEUSDT": 0.0006612,
  "GLMUSDT": 0.16267,
  "SOLVUSDT": 0.00426,
  "TRUTHUSDT": 0.009276,
  "AIXBTUSDT": 0.01913,
  "RAYSOLUSDT": 0.6174,
  "ANKRUSDT": 0.004358,
  "DRIFTUSDT": 0.0865,
  "ONTUSDT": 0.0417,
  "EDENUSDT": 0.03285,
  "SONICUSDT": 0.04634,
  "CELOUSDT": 0.074,
  "IRUSDT": 0.09192,
  "FRAXUSDT": 0.6269,
  "THEUSDT": 0.2499,
  "KERNELUSDT": 0.06754,
  "MELANIAUSDT": 0.1128,
  "DEGOUSDT": 0.3349,
  "DOLOUSDT": 0.03981,
  "PLAYUSDT": 0.02081,
  "UMAUSDT": 0.4409,
  "SUNUSDT": 0.017012,
  "ERAUSDT": 0.1493,
  "ZEREBROUSDT": 0.00725,
  "STORJUSDT": 0.0931,
  "INUSDT": 0.06228,
  "IDUSDT": 0.04597,
  "RSRUSDT": 0.001438,
  "WALUSDT": 0.0765,
  "APRUSDT": 0.10188,
  "PROMUSDT": 1.266,
  "KAVAUSDT": 0.0511,
  "AKTUSDT": 0.3077,
  "POLYXUSDT": 0.042,
  "QTUMUSDT": 0.911,
  "DYMUSDT": 0.04026,
  "WOOUSDT": 0.01745,
  "HYPERUSDT": 0.0945,