{
  "BTCUSDT": 63118.4,
  "ETHUSDT": 1823.57,
  "SOLUSDT": 76.5,
  "XRPUSDT": 1.3255,
  "BNBUSDT": 588.94,
  "DOGEUSDT": 0.09118,
  "XAGUSDT": 88.02,
  "BCHUSDT": 482.85,
  "XAUUSDT": 5171.34,
  "HYPEUSDT": 26.344,
  "PAXGUSDT": 5185.47,
  "WLFIUSDT": 0.1068,
  "ZECUSDT": 231.23,
  "TRXUSDT": 0.28074,
  "PIPPINUSDT": 0.76104,
  "SUIUSDT": 0.8556,
  "ASTERUSDT": 0.6944,
  "ADAUSDT": 0.2565,
  "AVAXUSDT": 8.257,
  "UNIUSDT": 3.319,
  "LINKUSDT": 8.144,
  "LTCUSDT": 50.75,
  "1000PEPEUSDT": 0.0038989,
  "PUMPUSDT": 0.001752,
  "ENAUSDT": 0.0945,
  "NEARUSDT": 0.97,
  "ARCUSDT": 0.09443,
  "KITEUSDT": 0.23265,
  "AAVEUSDT": 112.9,
  "WLDUSDT": 0.3659,
  "LITUSDT": 1.359,
  "FILUSDT": 0.873,
  "TRUMPUSDT": 3.251,
  "DOTUSDT": 1.242,
  "TAOUSDT": 166.47,
  "XPLUSDT": 0.0851,
  "TONUSDT": 1.3239,
  "ATOMUSDT": 2.048,
  "ESPUSDT": 0.17481,
  "ENSOUSDT": 2.0852,
  "ZROUSDT": 1.4895,
  "APTUSDT": 0.8039,
  "BERAUSDT": 0.5679,
  "HBARUSDT": 0.09311,
  "XLMUSDT": 0.14905,
  "1000SHIBUSDT": 0.005909,
  "ARBUSDT": 0.0906,
  "RIVERUSDT": 8.495,
  "ICPUSDT": 2.032,
  "AXSUSDT": 1.191,
  "OPUSDT": 0.1158,
  "XMRUSDT": 315.89,
  "MONUSDT": 0.01997,
  "CRVUSDT": 0.217,
  "WIFUSDT": 0.1981,
  "FFUSDT": 0.07652,
  "PENGUUSDT": 0.006249,
  "BARDUSDT": 0.7611,
  "FETUSDT": 0.1515,
  "ETCUSDT": 8.149,
  "POLUSDT": 0.10538,
  "1000BONKUSDT": 0.005734,
  "POWERUSDT": 0.58129,
  "IPUSDT": 1.003,
  "BANUSDT": 0.12311,
  "PARTIUSDT": 0.09827,
  "HUSDT": 0.13162,
  "BTCDOMUSDT": 5111.8,
  "FARTCOINUSDT": 0.1401,
  "INJUSDT": 3.188,
  "SENTUSDT": 0.02349,
  "CHZUSDT": 0.03372,
  "ETHFIUSDT": 0.4442,
  "VIRTUALUSDT": 0.5769,
  "ONDOUSDT": 0.2434,
  "DASHUSDT": 31.33,
  "TIAUSDT": 0.2934,
  "\u5e01\u5b89\u4eba\u751fUSDT": 0.05737,
  "0GUSDT": 0.6195,
  "ZAMAUSDT": 0.02301,
  "SEIUSDT": 0.0647,
  "SIRENUSDT": 0.28961,
  "ZKUSDT": 0.01855,
  "LYNUSDT": 0.31698,
  "STABLEUSDT": 0.028744,
  "JUPUSDT": 0.141,
  "CCUSDT": 0.16033,
  "ALCHUSDT": 0.07778,
  "KAITOUSDT": 0.2875,
  "PENDLEUSDT": 1.1725,
  "LDOUSDT": 0.2931,
  "HOMEUSDT": 0.030149,
  "RENDERUSDT": 1.336,
  "BANANAS31USDT": 0.004694,
  "1000RATSUSDT": 0.04477,
  "QUSDT": 0.020892,
  "SKRUSDT": 0.024555,
  "NIGHTUSDT": 0.05755,
  "UBUSDT": 0.04007,
  "BIOUSDT": 0.02402,
  "SKYAIUSDT": 0.03845,
  "BTRUSDT": 0.19087,
  "ATUSDT": 0.16058,
  "AZTECUSDT": 0.02365,
  "STRKUSDT": 0.03988,
  "OPNUSDT": 0.5246,
  "DUSKUSDT": 0.0772,
  "ZENUSDT": 5.284,
  "CAKEUSDT": 1.1946,
  "VVVUSDT": 3.42,
  "MYXUSDT": 0.51,
  "SANDUSDT": 0.07739,
  "ALGOUSDT": 0.0829,
  "MUSDT": 1.4055,
  "HANAUSDT": 0.0335,
  "GPSUSDT": 0.012325,
  "PIEVERSEUSDT": 0.4257,
  "MORPHOUSDT": 1.5558,
  "BULLAUSDT": 0.0295,
  "TRADOORUSDT": 1.483,
  "USDCUSDT": 0.999699,
  "GALAUSDT": 0.00345,
  "LAUSDT": 0.2071,
  "GUNUSDT": 0.02736,
  "ZILUSDT": 0.00402,
  "JTOUSDT": 0.2733,
  "APEUSDT": 0.1006,
  "RAVEUSDT": 0.30401,
  "SKYUSDT": 0.06306,
  "GUAUSDT": 0.17154,
  "B2USDT": 0.7652,
  "STEEMUSDT": 0.05773,
  "ROSEUSDT": 0.01183,
  "ALLOUSDT": 0.09273,
  "AGLDUSDT": 0.2775,
  "XPINUSDT": 0.00158,
  "ORCAUSDT": 0.914,
  "FOGOUSDT": 0.02808,
  "METUSDT": 0.1691,
  "TSLAUSDT": 399.09,
  "GIGGLEUSDT": 24.52,
  "BEAMXUSDT": 0.001874,
  "BUSDT": 0.1304,
  "EIGENUSDT": 0.1793,
  "JELLYJELLYUSDT": 0.0613,
  "HUMAUSDT": 0.011694,
  "SYRUPUSDT": 0.19644,
  "PYTHUSDT": 0.04941,
  "MSTRUSDT": 122.12,
  "SNXUSDT": 0.341,
  "\u6211\u8e0f\u9a6c\u6765\u4e86USDT": 0.01116,
  "AWEUSDT": 0.05075,
  "VETUSDT": 0.007134,
  "ESPORTSUSDT": 0.3414,
  "LPTUSDT": 2.194,
  "AVNTUSDT": 0.1706,
  "COLLECTUSDT": 0.0458,
  "AEROUSDT": 0.3039,
  "ORDIUSDT": 2.298,
  "XTZUSDT": 0.366,
  "NEOUSDT": 2.597,
  "TRIAUSDT": 0.01887,
  "NXPCUSDT": 0.2555,
  "MOVEUSDT": 0.02083,
  "RESOLVUSDT": 0.06659,
  "ZKPUSDT": 0.08334,
  "DYDXUSDT": 0.087,
  "FORMUSDT": 0.1871,
  "CYSUSDT": 0.3694,
  "SUSDT": 0.03869,
  "CYBERUSDT": 0.5177,
  "PNUTUSDT": 0.04293,
  "MEUSDT": 0.1137,
  "AUCTIONUSDT": 4.728,
  "COMPUSDT": 17.0,
  "DEXEUSDT": 3.193,
  "GWEIUSDT": 0.030696,
  "ENSUSDT": 5.913,
  "STGUSDT": 0.1301,
  "SOMIUSDT": 0.1902,
  "1000LUNCUSDT": 0.03482,
  "STXUSDT": 0.2308,
  "1000FLOKIUSDT": 0.0276,
  "LINEAUSDT": 0.003174,
  "BEATUSDT": 0.2034,
  "YGGUSDT": 0.03995,
  "VANAUSDT": 1.376,
  "AGTUSDT": 0.005655,
  "NAORISUSDT": 0.03567,
  "WUSDT": 0.01809,
  "CLOUSDT": 0.09091,
  "TRBUSDT": 13.829,
  "PLUMEUSDT": 0.00894,
  "INITUSDT": 0.0804,
  "EDUUSDT": 0.1184,
  "JASMYUSDT": 0.00552,
  "UAIUSDT": 0.2409,
  "SPACEUSDT": 0.008871,
  "BANKUSDT": 0.03732,
  "MERLUSDT": 0.04492,
  "EULUSDT": 0.929,
  "TAUSDT": 0.03989,
  "SPXUSDT": 0.273,
  "USELESSUSDT": 0.03693,
  "NMRUSDT": 7.626,
  "2ZUSDT": 0.06647,
  "MANAUSDT": 0.0892,
  "JSTUSDT": 0.045356,
  "ARUSDT": 1.832,
  "ATHUSDT": 0.004873,
  "TAGUSDT": 0.0003801,
  "GRTUSDT": 0.02552,
  "BIRBUSDT": 0.15165,
  "WCTUSDT": 0.05567,
  "API3USDT": 0.2776,
  "CFXUSDT": 0.04783,
  "OGUSDT": 2.944,
  "IMXUSDT": 0.1522,
  "COWUSDT": 0.2185,
  "FLOWUSDT": 0.03507,
  "MMTUSDT": 0.116,
  "MOODENGUSDT": 0.04976,
  "QNTUSDT": 62.78,
  "COAIUSDT": 0.3001,
  "IOTAUSDT": 0.0649,
  "LUNA2USDT": 0.06182,
  "SPKUSDT": 0.01989,
  "ZRXUSDT": 0.1019,
  "ZORAUSDT": 0.01881,
  "1INCHUSDT": 0.086,
  "LRCUSDT": 0.03231,
  "SFPUSDT": 0.2494,
  "LIGHTUSDT": 0.2179,
  "KAIAUSDT": 0.05237,
  "THETAUSDT": 0.1831,
  "ARKMUSDT": 0.1025,
  "RUNEUSDT": 0.3814,
  "4USDT": 0.00756,
  "IOUSDT": 0.1075,
  "PTBUSDT": 0.001203,
  "FHEUSDT": 0.02827,
  "AKEUSDT": 0.0003041,
  "IDOLUSDT": 0.02267,
  "UMAUSDT": 0.4529,
  "YFIUSDT": 2644.0,
  "BREVUSDT": 0.1285,
  "SIGNUSDT": 0.0228,
  "AXLUSDT": 0.05013,
  "FIGHTUSDT": 0.007038,
  "GASUSDT": 1.492,
  "NEIROUSDT": 6.54e-05,
  "RPLUSDT": 1.984,
  "TNSRUSDT": 0.04765,
  "EGLDUSDT": 4.206,
  "KGENUSDT": 0.17598,
  "SAHARAUSDT": 0.01412,
  "GMTUSDT": 0.01079,
  "BLUAIUSDT": 0.005056,
  "ANIMEUSDT": 0.004559,
  "XNYUSDT": 0.005023,
  "TWTUSDT": 0.4907,
  "KASUSDT": 0.0294,
  "VELVETUSDT": 0.08317,
  "PROVEUSDT": 0.2712,
  "BOMEUSDT": 0.0003696,
  "SXTUSDT": 0.02365,
  "AIOUSDT": 0.07646,
  "AIAUSDT": 0.08091,
  "ACTUSDT": 0.01346,
  "XPTUSDT": 2164.66,
  "TSTUSDT": 0.00947,
  "AUSDT": 0.0761,
  "MINAUSDT": 0.05658,
  "MEGAUSDT": 0.12893,
  "OPENUSDT": 0.1427,
  "PEOPLEUSDT": 0.00616,
  "MAGICUSDT": 0.06249,
  "AVAAIUSDT": 0.00695,
  "STORJUSDT": 0.0955,
  "FOLKSUSDT": 1.131,
  "STOUSDT": 0.05823,
  "NOMUSDT": 0.004383,
  "YBUSDT": 0.1541,
  "SUSHIUSDT": 0.1891,
  "GRASSUSDT": 0.1685,
  "BATUSDT": 0.1136,
  "TUTUSDT": 0.00987,
  "POPCATUSDT": 0.04543,
  "CATIUSDT": 0.03693,
  "MANTAUSDT": 0.06275,
  "TURBOUSDT": 0.0009534,
  "BSVUSDT": 14.81,
  "ZBTUSDT": 0.06784,
  "SOPHUSDT": 0.008336,
  "KERNELUSDT": 0.07068,
  "FUSDT": 0.005412,
  "SUPERUSDT": 0.1051,
  "ACHUSDT": 0.006933,
  "ZKCUSDT": 0.0799,
  "BABYUSDT": 0.01175,
  "GLMUSDT": 0.14897,
  "ICNTUSDT": 0.3935,
  "SWARMSUSDT": 0.00615,
  "ARPAUSDT": 0.00943,
  "SAPIENUSDT": 0.08673,
  "LAYERUSDT": 0.0796,
  "NILUSDT": 0.04687,
  "BLURUSDT": 0.01889,
  "VELODROMEUSDT": 0.01347,
  "AINUSDT": 0.03798,
  "TRUTHUSDT": 0.009906,
  "ONTUSDT": 0.0395,
  "KSMUSDT": 4.49,
  "DAMUSDT": 0.02136,
  "MASKUSDT": 0.4044,
  "XVGUSDT": 0.005684,
  "SOLVUSDT": 0.00424,
  "ASRUSDT": 1.337,
  "TAKEUSDT": 0.02184,
  "CVXUSDT": 1.719,
  "EDENUSDT": 0.03201,
  "SONICUSDT": 0.04389,
  "SOONUSDT": 0.1551,
  "BELUSDT": 0.0955,
  "AIXBTUSDT": 0.018,
  "CTSIUSDT": 0.0241,
  "RAYSOLUSDT": 0.5764,
  "PROMPTUSDT": 0.04431,
  "INUSDT": 0.06413,
  "RAREUSDT": 0.01797,
  "ALTUSDT": 0.0072,
  "MUBARAKUSDT": 0.01363,
  "ANKRUSDT": 0.00416,
  "DRIFTUSDT": 0.079,
  "SANTOSUSDT": 1.565,
  "MEMEUSDT": 0.0006375,
  "C98USDT": 0.024,
  "SUNUSDT": 0.01638,
  "CRCLUSDT": 60.51,
  "CELOUSDT": 0.072,
  "THEUSDT": 0.2395,
  "ERAUSDT": 0.1399,
  "AKTUSDT": 0.293,
  "ARIAUSDT": 0.07423,
  "KMNOUSDT": 0.02375,
  "DEGOUSDT": 0.3125,
  "MELANIAUSDT": 0.1068,
  "FRAXUSDT": 0.6215,
  "WETUSDT": 0.08001,
  "FLOCKUSDT": 0.0617,
  "POLYXUSDT": 0.04015,
  "IDUSDT": 0.04237,
  "KOMAUSDT": 0.00722,
  "KAVAUSDT": 0.0461,
  "PROMUSDT": 1.223,
  "HYPERUSDT": 0.0881,