{
  "DENTUSDT": 0.000178,
  "AKEUSDT": 0.0004426,
  "DUSDT": 0.00749,
  "HOTUSDT": 0.000373,
  "VELODROMEUSDT": 0.01521,
  "COLLECTUSDT": 0.05704,
  "MIRAUSDT": 0.0813,
  "OPNUSDT": 0.5339,
  "VANRYUSDT": 0.005349,
  "TRIAUSDT": 0.02018,
  "ETHFIUSDT": 0.5107,
  "TRUMPUSDT": 3.455,
  "SOPHUSDT": 0.00891,
  "PORTALUSDT": 0.01253,
  "ETHFI/USDCUSDT": 0.5104,
  "POWERUSDT": 0.60059,
  "EDENUSDT": 0.03254,
  "RLSUSDT": 0.005094,
  "LAUSDT": 0.243,
  "GRASSUSDT": 0.1813
}