{
  "BTCUSDT": 73518.7,
  "ETHUSDT": 2171.6,
  "SOLUSDT": 92.5,
  "XRPUSDT": 1.4589,
  "BNBUSDT": 662.35,
  "DOGEUSDT": 0.10302,
  "XAUUSDT": 5125.59,
  "BCHUSDT": 472.06,
  "PAXGUSDT": 5133.31,
  "HYPEUSDT": 32.423,
  "ZECUSDT": 245.21,
  "XAGUSDT": 83.47,
  "WLFIUSDT": 0.1091,
  "TRXUSDT": 0.28742,
  "UNIUSDT": 4.046,
  "SUIUSDT": 0.9781,
  "ADAUSDT": 0.2826,
  "1000PEPEUSDT": 0.0037446,
  "AVAXUSDT": 9.66,
  "LINKUSDT": 9.515,
  "ASTERUSDT": 0.7277,
  "LTCUSDT": 57.2,
  "PUMPUSDT": 0.002112,
  "NEARUSDT": 1.322,
  "ENAUSDT": 0.1176,
  "AAVEUSDT": 117.53,
  "WLDUSDT": 0.4271,
  "DOTUSDT": 1.553,
  "XPLUSDT": 0.116,
  "FILUSDT": 1.028,
  "1000SHIBUSDT": 0.005807,
  "TRUMPUSDT": 3.47,
  "TAOUSDT": 192.7,
  "LITUSDT": 1.32,
  "ZROUSDT": 1.9562,
  "PIPPINUSDT": 0.33316,
  "RIVERUSDT": 17.447,
  "KITEUSDT": 0.22762,
  "APTUSDT": 1.009,
  "TONUSDT": 1.3053,
  "HBARUSDT": 0.10224,
  "ATOMUSDT": 1.894,
  "HUSDT": 0.12379,
  "XLMUSDT": 0.16419,
  "XMRUSDT": 360.33,
  "ARBUSDT": 0.1061,
  "WIFUSDT": 0.2203,
  "MONUSDT": 0.02347,
  "CRVUSDT": 0.264,
  "ICPUSDT": 2.527,
  "BERAUSDT": 0.55,
  "VIRTUALUSDT": 0.7746,
  "PENGUUSDT": 0.007429,
  "FETUSDT": 0.1575,
  "AXSUSDT": 1.242,
  "FFUSDT": 0.07362,
  "OPUSDT": 0.1299,
  "ARCUSDT": 0.03939,
  "ETCUSDT": 8.932,
  "CCUSDT": 0.15473,
  "POLUSDT": 0.10476,
  "ONDOUSDT": 0.2745,
  "1000BONKUSDT": 0.00643,
  "VVVUSDT": 6.225,
  "BTCDOMUSDT": 5187.3,
  "SAHARAUSDT": 0.02934,
  "ETHFIUSDT": 0.5458,
  "IPUSDT": 0.89,
  "FARTCOINUSDT": 0.179,
  "PARTIUSDT": 0.08707,
  "TIAUSDT": 0.3424,
  "POWERUSDT": 0.17282,
  "CHZUSDT": 0.03769,
  "BARDUSDT": 0.9931,
  "\u5e01\u5b89\u4eba\u751fUSDT": 0.06223,
  "BANUSDT": 0.10862,
  "DASHUSDT": 35.63,
  "SEIUSDT": 0.07082,
  "SIRENUSDT": 0.378,
  "ENSOUSDT": 1.3236,
  "SENTUSDT": 0.02136,
  "JUPUSDT": 0.1931,
  "INJUSDT": 3.134,
  "1000RATSUSDT": 0.05253,
  "PHAUSDT": 0.04826,
  "FORMUSDT": 0.3382,
  "KAITOUSDT": 0.365,
  "0GUSDT": 0.6217,
  "ESPUSDT": 0.11766,
  "RENDERUSDT": 1.44,
  "STABLEUSDT": 0.029186,
  "GUAUSDT": 0.26663,
  "SIGNUSDT": 0.03372,
  "LDOUSDT": 0.3243,
  "BANANAS31USDT": 0.005231,
  "BUSDT": 0.2096,
  "SKYAIUSDT": 0.04553,
  "PENDLEUSDT": 1.317,
  "ALCHUSDT": 0.08024,
  "ROBOUSDT": 0.04333,
  "ZKUSDT": 0.01924,
  "ZAMAUSDT": 0.01931,
  "MORPHOUSDT": 1.9147,
  "JELLYJELLYUSDT": 0.08773,
  "MANTRAUSDT": 0.02205,
  "GIGGLEUSDT": 31.08,
  "CRCLUSDT": 104.59,
  "ATUSDT": 0.15632,
  "CAKEUSDT": 1.4266,
  "PIEVERSEUSDT": 0.5389,
  "QUSDT": 0.025124,
  "BIOUSDT": 0.02149,
  "SANDUSDT": 0.08835,
  "HOMEUSDT": 0.029184,
  "GWEIUSDT": 0.041262,
  "ZENUSDT": 5.886,
  "SKYUSDT": 0.07666,
  "BULLAUSDT": 0.02653,
  "ALLOUSDT": 0.12119,
  "NIGHTUSDT": 0.06225,
  "GALAUSDT": 0.0037,
  "STRKUSDT": 0.04161,
  "ALGOUSDT": 0.0897,
  "MSTRUSDT": 147.26,
  "LYNUSDT": 0.29971,
  "HANAUSDT": 0.03567,
  "MYXUSDT": 0.32,
  "MUSDT": 1.3673,
  "STGUSDT": 0.1723,
  "AEROUSDT": 0.3742,
  "EIGENUSDT": 0.1988,
  "BTRUSDT": 0.18218,
  "OPNUSDT": 0.5282,
  "TSLAUSDT": 405.55,
  "AZTECUSDT": 0.02378,
  "APEUSDT": 0.1058,
  "GUNUSDT": 0.02094,
  "GPSUSDT": 0.008892,
  "HUMAUSDT": 0.013578,
  "USDCUSDT": 0.999281,
  "SYRUPUSDT": 0.24861,
  "TRADOORUSDT": 1.499,
  "ATHUSDT": 0.006572,
  "ZILUSDT": 0.00438,
  "BEAMXUSDT": 0.001979,
  "NEOUSDT": 2.723,
  "ORDIUSDT": 2.597,
  "JTOUSDT": 0.2793,
  "PYTHUSDT": 0.0514,
  "XPINUSDT": 0.001384,
  "DUSKUSDT": 0.08762,
  "B2USDT": 0.7005,
  "1000LUNCUSDT": 0.04471,
  "VETUSDT": 0.007574,
  "DYDXUSDT": 0.1,
  "METUSDT": 0.1783,
  "XTZUSDT": 0.391,
  "UBUSDT": 0.03358,
  "TAUSDT": 0.05039,
  "NXPCUSDT": 0.2779,
  "AVNTUSDT": 0.1755,
  "BEATUSDT": 0.2771,
  "MOVEUSDT": 0.0228,
  "COMPUSDT": 18.29,
  "PNUTUSDT": 0.04923,
  "ROSEUSDT": 0.01231,
  "1000FLOKIUSDT": 0.03024,
  "LAUSDT": 0.2128,
  "\u6211\u8e0f\u9a6c\u6765\u4e86USDT": 0.011137,
  "FOGOUSDT": 0.02273,
  "ENSUSDT": 6.416,
  "AIXBTUSDT": 0.03009,
  "CYSUSDT": 0.3831,
  "SPXUSDT": 0.3675,
  "SUSDT": 0.043,
  "LINEAUSDT": 0.003289,
  "ESPORTSUSDT": 0.30006,
  "SNXUSDT": 0.339,
  "TRBUSDT": 15.168,
  "ZKPUSDT": 0.08878,
  "KAVAUSDT": 0.0595,
  "COLLECTUSDT": 0.03737,
  "TAGUSDT": 0.0004235,
  "AGLDUSDT": 0.2329,
  "LPTUSDT": 2.401,
  "USELESSUSDT": 0.04712,
  "ARUSDT": 1.711,
  "4USDT": 0.00976,
  "AUCTIONUSDT": 4.867,
  "GRASSUSDT": 0.2924,
  "ORCAUSDT": 0.918,
  "JASMYUSDT": 0.00598,
  "SKRUSDT": 0.02273,
  "WETUSDT": 0.11637,
  "EULUSDT": 1.165,
  "STXUSDT": 0.2713,
  "BANKUSDT": 0.04063,
  "RAVEUSDT": 0.35436,
  "PLUMEUSDT": 0.00983,
  "MANAUSDT": 0.1004,
  "TRIAUSDT": 0.01766,
  "CFXUSDT": 0.05165,
  "AGTUSDT": 0.006091,
  "WUSDT": 0.01922,
  "IOTAUSDT": 0.0693,
  "MOODENGUSDT": 0.0532,
  "DEXEUSDT": 3.632,
  "MEUSDT": 0.1159,
  "IMXUSDT": 0.1618,
  "DENTUSDT": 0.000261,
  "PEOPLEUSDT": 0.00732,
  "JSTUSDT": 0.046195,
  "CYBERUSDT": 0.5575,
  "RUNEUSDT": 0.446,
  "RESOLVUSDT": 0.05941,
  "COAIUSDT": 0.3273,
  "SOMIUSDT": 0.1952,
  "FLOWUSDT": 0.03507,
  "GRTUSDT": 0.02685,
  "YGGUSDT": 0.03982,
  "WCTUSDT": 0.06101,
  "EDUUSDT": 0.1045,
  "NMRUSDT": 7.901,
  "THETAUSDT": 0.2011,
  "AWEUSDT": 0.05119,
  "PTBUSDT": 0.001189,
  "SFPUSDT": 0.2776,
  "KASUSDT": 0.03237,
  "QNTUSDT": 65.67,
  "KGENUSDT": 0.2198,
  "SPKUSDT": 0.02014,
  "MERLUSDT": 0.042,
  "NEIROUSDT": 7.222e-05,
  "2ZUSDT": 0.07469,
  "API3USDT": 0.288,
  "MMTUSDT": 0.1179,
  "LIGHTUSDT": 0.1896,
  "MEMEUSDT": 0.0006435,
  "INITUSDT": 0.07909,
  "1INCHUSDT": 0.1009,
  "AXLUSDT": 0.05509,
  "ZRXUSDT": 0.1085,
  "LAYERUSDT": 0.0877,
  "USUALUSDT": 0.01662,
  "COWUSDT": 0.2442,
  "ARKMUSDT": 0.1122,
  "EGLDUSDT": 4.343,
  "SPACEUSDT": 0.007503,
  "CLOUSDT": 0.07053,
  "NAORISUSDT": 0.03015,
  "FOLKSUSDT": 1.194,
  "BIRBUSDT": 0.14715,
  "VANAUSDT": 1.465,
  "ZORAUSDT": 0.01758,
  "BREVUSDT": 0.147,
  "IOUSDT": 0.115,
  "POPCATUSDT": 0.0524,
  "KAIAUSDT": 0.0546,
  "AKEUSDT": 0.0002527,
  "BOMEUSDT": 0.0004295,
  "COOKIEUSDT": 0.02296,
  "YFIUSDT": 2774.0,
  "PROVEUSDT": 0.2804,
  "TSTUSDT": 0.01009,
  "GMTUSDT": 0.0121,
  "SWARMSUSDT": 0.007365,
  "TWTUSDT": 0.5055,
  "STEEMUSDT": 0.05819,
  "LRCUSDT": 0.03169,
  "SOPHUSDT": 0.008724,
  "SUSHIUSDT": 0.212,
  "SUNUSDT": 0.015952,
  "AVAAIUSDT": 0.007934,
  "AUSDT": 0.0809,
  "AIAUSDT": 0.08636,
  "TURBOUSDT": 0.0010263,
  "HIPPOUSDT": 0.0008293,
  "MUBARAKUSDT": 0.01484,
  "ACTUSDT": 0.01393,
  "LUNA2USDT": 0.06615,
  "ANIMEUSDT": 0.004789,
  "NILUSDT": 0.05281,
  "VELODROMEUSDT": 0.01695,
  "VELVETUSDT": 0.085,
  "OPENUSDT": 0.1478,
  "MEGAUSDT": 0.13576,
  "BATUSDT": 0.1051,
  "OGUSDT": 2.844,
  "CATIUSDT": 0.0402,
  "KNCUSDT": 0.1413,
  "TUTUSDT": 0.01088,
  "GASUSDT": 1.656,
  "MIRAUSDT": 0.09,
  "STOUSDT": 0.05988,
  "MANTAUSDT": 0.06678,
  "BLUAIUSDT": 0.004421,
  "FHEUSDT": 0.02873,
  "SUPERUSDT": 0.1205,
  "BSVUSDT": 15.48,
  "BABYUSDT": 0.01151,
  "AIOUSDT": 0.08059,
  "AKTUSDT": 0.3415,
  "DAMUSDT": 0.0297,
  "SOONUSDT": 0.1645,
  "TNSRUSDT": 0.04572,
  "ALICEUSDT": 0.132,
  "ZBTUSDT": 0.07434,
  "MASKUSDT": 0.4681,
  "MAGICUSDT": 0.06273,
  "RPLUSDT": 2.011,
  "XVGUSDT": 0.005706,
  "MINAUSDT": 0.05849,
  "FIOUSDT": 0.00987,
  "UMAUSDT": 0.4402,
  "KSMUSDT": 4.857,
  "SAPIENUSDT": 0.08553,
  "KERNELUSDT": 0.07534,
  "KMNOUSDT": 0.02397,
  "ALTUSDT": 0.007505,
  "FUSDT": 0.005646,
  "CELOUSDT": 0.08,
  "BLURUSDT": 0.0202,
  "FIGHTUSDT": 0.006054,
  "ASRUSDT": 1.329,
  "NOMUSDT": 0.00357,
  "XNYUSDT": 0.006044,
  "INUSDT": 0.07184,
  "GMXUSDT": 7.545,
  "REDUSDT": 0.1423,
  "ONTUSDT": 0.0445,
  "ZEREBROUSDT": 0.007458,
  "ENJUSDT": 0.01962,
  "STBLUSDT": 0.04153,
  "ANKRUSDT": 0.004339,
  "RSRUSDT": 0.001668,
  "AINUSDT": 0.03858,
  "LABUSDT": 0.19728,
  "WALUSDT": 0.08064,
  "RAYSOLUSDT": 0.637,
  "1000SATSUSDT": 1.17e-05,
  "KATUSDT": 0.01683,
  "IOTXUSDT": 0.0053,
  "TRUTHUSDT": 0.009546,
  "KOMAUSDT": 0.008167,
  "SKLUSDT": 0.00695,
  "YBUSDT": 0.1678,
  "GLMUSDT": 0.13377,
  "POLYXUSDT": 0.04266,
  "EDENUSDT": 0.0338,
  "QTUMUSDT": 0.951,
  "XPTUSDT": 2161.93,
  "NEWTUSDT": 0.0691,
  "UAIUSDT": 0.2027,
  "DRIFTUSDT": 0.0887,
  "TAKEUSDT": 0.01858,
  "ERAUSDT": 0.1433,