{
  "BTCUSDT": 65109.3,
  "ETHUSDT": 1892.0,
  "SOLUSDT": 82.25,
  "XRPUSDT": 1.3661,
  "BNBUSDT": 595.66,
  "DOGEUSDT": 0.0927,
  "XAGUSDT": 90.52,
  "BCHUSDT": 490.64,
  "XAUUSDT": 5190.2,
  "HYPEUSDT": 26.927,
  "PAXGUSDT": 5203.52,
  "WLFIUSDT": 0.1138,
  "ZECUSDT": 236.05,
  "TRXUSDT": 0.28609,
  "SUIUSDT": 0.8761,
  "PIPPINUSDT": 0.79754,
  "ASTERUSDT": 0.6955,
  "ADAUSDT": 0.2656,
  "LTCUSDT": 52.57,
  "UNIUSDT": 3.48,
  "LINKUSDT": 8.462,
  "AVAXUSDT": 8.555,
  "1000PEPEUSDT": 0.0039283,
  "ARCUSDT": 0.12157,
  "PUMPUSDT": 0.001722,
  "ENAUSDT": 0.1005,
  "KITEUSDT": 0.26944,
  "NEARUSDT": 0.99,
  "WLDUSDT": 0.3884,
  "AAVEUSDT": 116.89,
  "ENSOUSDT": 2.9677,
  "FILUSDT": 0.901,
  "TRUMPUSDT": 3.392,
  "LITUSDT": 1.429,
  "TAOUSDT": 172.23,
  "DOTUSDT": 1.267,
  "XPLUSDT": 0.0872,
  "ESPUSDT": 0.16473,
  "ATOMUSDT": 2.032,
  "APTUSDT": 0.8468,
  "TONUSDT": 1.291,
  "BERAUSDT": 0.6111,
  "1000SHIBUSDT": 0.005953,
  "HBARUSDT": 0.09672,
  "ZROUSDT": 1.4827,
  "XLMUSDT": 0.15234,
  "RIVERUSDT": 9.19,
  "ICPUSDT": 2.177,
  "ARBUSDT": 0.0923,
  "AXSUSDT": 1.267,
  "XMRUSDT": 334.26,
  "OPUSDT": 0.1176,
  "WIFUSDT": 0.1946,
  "MONUSDT": 0.02018,
  "CRVUSDT": 0.233,
  "PENGUUSDT": 0.006611,
  "FFUSDT": 0.07841,
  "BARDUSDT": 0.7722,
  "FETUSDT": 0.1541,
  "POLUSDT": 0.114,
  "ETCUSDT": 8.354,
  "PARTIUSDT": 0.11035,
  "POWERUSDT": 0.67652,
  "1000BONKUSDT": 0.005841,
  "BANUSDT": 0.12208,
  "ETHFIUSDT": 0.5124,
  "VIRTUALUSDT": 0.6541,
  "IPUSDT": 1.018,
  "HUSDT": 0.13982,
  "FARTCOINUSDT": 0.1549,
  "SIRENUSDT": 0.36723,
  "BTCDOMUSDT": 5101.1,
  "CHZUSDT": 0.03359,
  "SENTUSDT": 0.02413,
  "ONDOUSDT": 0.253,
  "INJUSDT": 3.149,
  "DASHUSDT": 32.92,
  "\u5e01\u5b89\u4eba\u751fUSDT": 0.06176,
  "TIAUSDT": 0.3085,
  "SEIUSDT": 0.0673,
  "0GUSDT": 0.6446,
  "ZKUSDT": 0.02,
  "ZAMAUSDT": 0.02303,
  "JUPUSDT": 0.1472,
  "KAITOUSDT": 0.3227,
  "STABLEUSDT": 0.028741,
  "LYNUSDT": 0.32772,
  "PENDLEUSDT": 1.2418,
  "1000RATSUSDT": 0.05099,
  "ALCHUSDT": 0.07811,
  "CCUSDT": 0.16028,
  "LDOUSDT": 0.3025,
  "PIEVERSEUSDT": 0.5143,
  "HOMEUSDT": 0.030024,
  "RENDERUSDT": 1.381,
  "ATUSDT": 0.16014,
  "GUAUSDT": 0.21284,
  "MYXUSDT": 0.385,
  "BANANAS31USDT": 0.0046,
  "SKYAIUSDT": 0.04068,
  "BULLAUSDT": 0.01955,
  "UBUSDT": 0.04237,
  "QUSDT": 0.020513,
  "MORPHOUSDT": 1.7354,
  "CAKEUSDT": 1.2354,
  "GUNUSDT": 0.03291,
  "GPSUSDT": 0.010271,
  "BIOUSDT": 0.02455,
  "NIGHTUSDT": 0.05701,
  "ZENUSDT": 5.472,
  "OPNUSDT": 0.5794,
  "SANDUSDT": 0.07962,
  "VVVUSDT": 3.883,
  "MUSDT": 1.4379,
  "HANAUSDT": 0.03574,
  "BTRUSDT": 0.18894,
  "DUSKUSDT": 0.08876,
  "AZTECUSDT": 0.02473,
  "STRKUSDT": 0.0418,
  "LAUSDT": 0.2481,
  "ALGOUSDT": 0.0848,
  "GALAUSDT": 0.00352,
  "USDCUSDT": 0.999619,
  "ZILUSDT": 0.00417,
  "TRADOORUSDT": 1.504,
  "JTOUSDT": 0.285,
  "SKYUSDT": 0.067,
  "APEUSDT": 0.1039,
  "SKRUSDT": 0.023124,
  "ALLOUSDT": 0.10411,
  "FOGOUSDT": 0.02918,
  "COLLECTUSDT": 0.05485,
  "METUSDT": 0.1813,
  "GIGGLEUSDT": 24.97,
  "ROSEUSDT": 0.01271,
  "SYRUPUSDT": 0.21951,
  "AEROUSDT": 0.3282,
  "B2USDT": 0.7437,
  "XPINUSDT": 0.001551,
  "BEAMXUSDT": 0.001966,
  "EIGENUSDT": 0.1914,
  "SOMIUSDT": 0.2354,
  "ORCAUSDT": 0.92,
  "MSTRUSDT": 126.47,
  "\u6211\u8e0f\u9a6c\u6765\u4e86USDT": 0.012275,
  "PYTHUSDT": 0.05198,
  "HUMAUSDT": 0.011754,
  "VETUSDT": 0.007174,
  "TSLAUSDT": 409.18,
  "SNXUSDT": 0.367,
  "AVNTUSDT": 0.1797,
  "BUSDT": 0.1264,
  "JELLYJELLYUSDT": 0.06272,
  "ORDIUSDT": 2.392,
  "GWEIUSDT": 0.033695,
  "AWEUSDT": 0.05173,
  "MOVEUSDT": 0.0218,
  "DYDXUSDT": 0.093,
  "NEOUSDT": 2.63,
  "NXPCUSDT": 0.2681,
  "ESPORTSUSDT": 0.32789,
  "DEXEUSDT": 3.43,
  "LPTUSDT": 2.288,
  "XTZUSDT": 0.371,
  "ZKPUSDT": 0.08445,
  "AGLDUSDT": 0.2865,
  "STEEMUSDT": 0.06326,
  "SUSDT": 0.03949,
  "RAVEUSDT": 0.25035,
  "FORMUSDT": 0.1931,
  "COMPUSDT": 18.01,
  "AUCTIONUSDT": 4.898,
  "CYBERUSDT": 0.5501,
  "CYSUSDT": 0.3738,
  "PNUTUSDT": 0.04529,
  "LINEAUSDT": 0.002981,
  "TRIAUSDT": 0.02046,
  "MEUSDT": 0.1185,
  "STXUSDT": 0.2438,
  "RESOLVUSDT": 0.06765,
  "ENSUSDT": 6.094,
  "STGUSDT": 0.1299,
  "1000FLOKIUSDT": 0.02839,
  "1000LUNCUSDT": 0.03515,
  "AKEUSDT": 0.0003422,
  "TRBUSDT": 14.244,
  "WUSDT": 0.01907,
  "VANAUSDT": 1.447,
  "PLUMEUSDT": 0.0093,
  "BEATUSDT": 0.2206,
  "HOLOUSDT": 0.06995,
  "YGGUSDT": 0.04059,
  "2ZUSDT": 0.07539,
  "EULUSDT": 1.014,
  "BANKUSDT": 0.04039,
  "JASMYUSDT": 0.005713,
  "UAIUSDT": 0.2453,
  "USELESSUSDT": 0.04023,
  "SPXUSDT": 0.2939,
  "MANAUSDT": 0.0905,
  "INITUSDT": 0.08466,
  "CLOUSDT": 0.08792,
  "EDUUSDT": 0.1107,
  "IMXUSDT": 0.1638,
  "WCTUSDT": 0.05949,
  "ATHUSDT": 0.005103,
  "MERLUSDT": 0.04513,
  "ARUSDT": 1.889,
  "TAUSDT": 0.03934,
  "GRTUSDT": 0.02612,
  "NMRUSDT": 7.858,
  "JSTUSDT": 0.045866,
  "SPACEUSDT": 0.009054,
  "OGUSDT": 3.034,
  "CFXUSDT": 0.0493,
  "QNTUSDT": 64.08,
  "TAGUSDT": 0.0003741,
  "MMTUSDT": 0.1221,
  "NAORISUSDT": 0.03291,
  "API3USDT": 0.2888,
  "MOODENGUSDT": 0.05125,
  "COAIUSDT": 0.3075,
  "IOTAUSDT": 0.0666,
  "FLOWUSDT": 0.03506,
  "SPKUSDT": 0.0204,
  "AGTUSDT": 0.004939,
  "ZRXUSDT": 0.1038,
  "KSMUSDT": 5.405,
  "ZORAUSDT": 0.01951,
  "DENTUSDT": 0.000191,
  "KAIAUSDT": 0.0544,
  "1INCHUSDT": 0.0898,
  "SFPUSDT": 0.2519,
  "LIGHTUSDT": 0.2221,
  "BIRBUSDT": 0.16152,
  "RUNEUSDT": 0.396,
  "FIGHTUSDT": 0.007629,
  "LRCUSDT": 0.03299,
  "THETAUSDT": 0.1825,
  "4USDT": 0.00782,
  "KERNELUSDT": 0.08385,
  "COWUSDT": 0.2159,
  "AXLUSDT": 0.05347,
  "NEIROUSDT": 6.75e-05,
  "IOUSDT": 0.1118,
  "SIGNUSDT": 0.02374,
  "BREVUSDT": 0.132,
  "ARKMUSDT": 0.1076,
  "IDOLUSDT": 0.02335,
  "KASUSDT": 0.02936,
  "YFIUSDT": 2675.0,
  "PTBUSDT": 0.001262,
  "LUNA2USDT": 0.06144,
  "EGLDUSDT": 4.362,
  "FHEUSDT": 0.02896,
  "GASUSDT": 1.573,
  "OPENUSDT": 0.1505,
  "PROVEUSDT": 0.2992,
  "KGENUSDT": 0.18509,
  "SAHARAUSDT": 0.01564,
  "ANIMEUSDT": 0.004766,
  "BSVUSDT": 15.95,
  "AIAUSDT": 0.08609,
  "RPLUSDT": 1.913,
  "XNYUSDT": 0.005225,
  "VELVETUSDT": 0.08598,
  "BLUAIUSDT": 0.005162,
  "TWTUSDT": 0.5073,
  "AUSDT": 0.0806,
  "DAMUSDT": 0.02788,
  "TNSRUSDT": 0.04814,
  "ACTUSDT": 0.01381,
  "UMAUSDT": 0.457,
  "BATUSDT": 0.1196,
  "MINAUSDT": 0.05706,
  "GMTUSDT": 0.01111,
  "GRASSUSDT": 0.1866,
  "MAGICUSDT": 0.06354,
  "PEOPLEUSDT": 0.0063,
  "VELODROMEUSDT": 0.01534,
  "AVAAIUSDT": 0.00732,
  "XPTUSDT": 2282.24,
  "NOMUSDT": 0.004599,
  "BOMEUSDT": 0.0003818,
  "STOUSDT": 0.06006,
  "FOLKSUSDT": 1.2,
  "AIOUSDT": 0.07522,
  "POPCATUSDT": 0.04817,
  "TSTUSDT": 0.00944,
  "MEGAUSDT": 0.12959,
  "BABYUSDT": 0.01264,
  "AINUSDT": 0.04231,
  "MANTAUSDT": 0.06427,
  "SOPHUSDT": 0.009,
  "TURBOUSDT": 0.0009919,
  "CATIUSDT": 0.03862,
  "ZBTUSDT": 0.07233,
  "ACHUSDT": 0.00696,
  "SUSHIUSDT": 0.1961,
  "YBUSDT": 0.156,
  "ZKCUSDT": 0.0861,
  "SWARMSUSDT": 0.00666,
  "TUTUSDT": 0.00971,
  "FUSDT": 0.005622,
  "SUPERUSDT": 0.1117,
  "LAYERUSDT": 0.0824,
  "CRCLUSDT": 62.61,
  "GLMUSDT": 0.14881,
  "MASKUSDT": 0.4201,
  "XVGUSDT": 0.005895,
  "STORJUSDT": 0.0956,
  "SOONUSDT": 0.1654,
  "ONTUSDT": 0.0417,
  "SAPIENUSDT": 0.08937,
  "BLURUSDT": 0.01963,
  "MEMEUSDT": 0.0006445,
  "CVXUSDT": 1.806,
  "ICNTUSDT": 0.3859,
  "AIXBTUSDT": 0.01928,
  "RAREUSDT": 0.01843,
  "SONICUSDT": 0.04783,
  "INUSDT": 0.06692,
  "ASRUSDT": 1.36,
  "ARPAUSDT": 0.00962,
  "NILUSDT": 0.04585,
  "TRUTHUSDT": 0.009457,
  "ALTUSDT": 0.00747,
  "ENJUSDT": 0.02048,
  "SXTUSDT": 0.02199,
  "C98USDT": 0.0259,
  "SUNUSDT": 0.016488,
  "DRIFTUSDT": 0.0845,
  "RAYSOLUSDT": 0.6021,
  "MUBARAKUSDT": 0.01396,
  "EDENUSDT": 0.03302,
  "TAKEUSDT": 0.02088,
  "BELUSDT": 0.099,
  "SOLVUSDT": 0.00431,
  "ANKRUSDT": 0.00427,
  "ERAUSDT": 0.1432,
  "KMNOUSDT": 0.0227,
  "CTSIUSDT": 0.0244,
  "PROMPTUSDT": 0.04549,
  "KOMAUSDT": 0.00766,
  "MELANIAUSDT": 0.1121,
  "WETUSDT": 0.08872,
  "CELOUSDT": 0.075,
  "THEUSDT": 0.2436,
  "DEGOUSDT": 0.3204,
  "SANTOSUSDT": 1.494,
  "MIRAUSDT": 0.0874,
  "RSRUSDT": 0.001478,
  "GMXUSDT": 6.593,
  "POLYXUSDT": 0.04173,
  "HYPERUSDT": 0.0935,
  "NEWTUSDT": 0.06864,