{
  "BTCUSDT": 68272.4,
  "ETHUSDT": 1986.7,
  "XAUUSDT": 5098.46,
  "XAGUSDT": 82.48,
  "BTC/USDCUSDT": 68130.0,
  "SOLUSDT": 84.63,
  "ETH/USDCUSDT": 1972.91,
  "BTC/USDUSDT": 68601.4,
  "POWERUSDT": 0.20535,
  "XRPUSDT": 1.3529,
  "ETH/USDUSDT": 1986.19,
  "PAXGUSDT": 5111.79,
  "DOGEUSDT": 0.08892,
  "RIVERUSDT": 18.946,
  "BNBUSDT": 630.75,
  "HYPEUSDT": 31.369,
  "NEARUSDT": 1.369,
  "1000PEPEUSDT": 0.0034134,
  "SIRENUSDT": 0.40165,
  "SOL/USDCUSDT": 84.63,
  "PHAUSDT": 0.0428,
  "ZECUSDT": 217.91,
  "SAHARAUSDT": 0.03114,
  "PIPPINUSDT": 0.39956,
  "ADAUSDT": 0.2611,
  "VVVUSDT": 6.018,
  "SUIUSDT": 0.9017,
  "ROBOUSDT": 0.04943,
  "ARCUSDT": 0.03836,
  "XRP/USDCUSDT": 1.3528,
  "KITEUSDT": 0.2262,
  "AVAXUSDT": 9.124,
  "AAVEUSDT": 108.59,
  "FILUSDT": 0.996,
  "DOTUSDT": 1.528,
  "LINKUSDT": 8.737,
  "FORMUSDT": 0.3145,
  "BCHUSDT": 438.9,
  "SOL/USDUSDT": 84.0,
  "TAOUSDT": 180.7,
  "XPLUSDT": 0.1115,
  "TSLAUSDT": 392.51,
  "LTCUSDT": 54.52,
  "ENAUSDT": 0.1096,
  "JELLYJELLYUSDT": 0.08522,
  "PUMPUSDT": 0.001899,
  "1000SHIBUSDT": 0.005446,
  "CRVUSDT": 0.251,
  "ASTERUSDT": 0.6933,
  "WIFUSDT": 0.2011,
  "ETH/BTCUSDT": 1972.6940988,
  "CRCLUSDT": 99.64,
  "VIRTUALUSDT": 0.7309,
  "APTUSDT": 0.9998,
  "UNIUSDT": 3.867,
  "WLDUSDT": 0.3898,
  "ENSOUSDT": 1.3366,
  "BNB/USDCUSDT": 631.15,
  "XRP/USDUSDT": 1.3574,
  "BARDUSDT": 1.0811,
  "ESPUSDT": 0.11775,
  "PENGUUSDT": 0.006911,
  "ARBUSDT": 0.1026,
  "AIOUSDT": 0.0863,
  "BNB/USDUSDT": 632.78,
  "DOGE/USDUSDT": 0.08889,
  "WLFIUSDT": 0.1033,
  "ZROUSDT": 1.8336,
  "IPUSDT": 0.843,
  "XPTUSDT": 2104.7,
  "HBARUSDT": 0.09657,
  "GALAUSDT": 0.00349,
  "OPUSDT": 0.1256,
  "DOGE/USDCUSDT": 0.08891,
  "FARTCOINUSDT": 0.1608,
  "OPNUSDT": 0.4764,
  "XLMUSDT": 0.15028,
  "MYXUSDT": 0.309,
  "AIXBTUSDT": 0.02788,
  "DENTUSDT": 0.000261,
  "ETCUSDT": 8.426,
  "TRXUSDT": 0.28026,
  "CHZUSDT": 0.03675,
  "TRUMPUSDT": 3.391,
  "XMRUSDT": 340.97,
  "1000BONKUSDT": 0.005898,
  "KAVAUSDT": 0.053,
  "SEIUSDT": 0.06709,
  "DASHUSDT": 33.53,
  "AXSUSDT": 1.213,
  "TONUSDT": 1.2391,
  "LYNUSDT": 0.30811,
  "GRASSUSDT": 0.2982,
  "USUALUSDT": 0.0159,
  "ICPUSDT": 2.429,
  "TIAUSDT": 0.3284,
  "MORPHOUSDT": 1.9413,
  "POLUSDT": 0.10028,
  "1000RATSUSDT": 0.04337,
  "MSTRUSDT": 133.03,
  "NEAR/USDCUSDT": 1.368,
  "FETUSDT": 0.1473,
  "BIOUSDT": 0.02109,
  "ATOMUSDT": 1.802,
  "\u5e01\u5b89\u4eba\u751fUSDT": 0.06088,
  "ADA/USDUSDT": 0.2612,
  "BULLAUSDT": 0.02556,
  "ONDOUSDT": 0.2528,
  "INJUSDT": 3.006,
  "ZEC/USDCUSDT": 217.86,
  "EULUSDT": 1.146,
  "RENDERUSDT": 1.332,
  "ZAMAUSDT": 0.02021,
  "BERAUSDT": 0.5664,
  "HUSDT": 0.12457,
  "LITUSDT": 1.301,
  "GUNUSDT": 0.02031,
  "LDOUSDT": 0.3016,
  "ALGOUSDT": 0.0855,
  "COINUSDT": 182.28,
  "BEATUSDT": 0.2556,
  "XPDUSDT": 1668.63,
  "JUPUSDT": 0.1764,
  "4USDT": 0.00954,
  "SANDUSDT": 0.08416,
  "HOODUSDT": 75.99,
  "SUI/USDCUSDT": 0.9012,
  "SKYAIUSDT": 0.04927,
  "EIGENUSDT": 0.1893,
  "KNCUSDT": 0.1383,
  "1000PEPE/USDCUSDT": 0.0034117,
  "STABLEUSDT": 0.02956,
  "ALICEUSDT": 0.133,
  "GWEIUSDT": 0.043563,
  "IRYSUSDT": 0.02028,
  "KATUSDT": 0.01741,
  "AKTUSDT": 0.3299,
  "LAUSDT": 0.2097,
  "HIPPOUSDT": 0.0007374,
  "SNXUSDT": 0.305,
  "PLTRUSDT": 147.3,
  "SIGNUSDT": 0.02757,
  "SPACEUSDT": 0.007199,
  "BASUSDT": 0.00737,
  "APEUSDT": 0.0999,
  "SPXUSDT": 0.3222,
  "WETUSDT": 0.10769,
  "BCH/USDCUSDT": 438.86,
  "ADA/USDCUSDT": 0.2612,
  "FFUSDT": 0.07393,
  "FIOUSDT": 0.01009,
  "SENTUSDT": 0.02075,
  "ZENUSDT": 5.486,
  "MONUSDT": 0.02042,
  "NEIROUSDT": 6.707e-05,
  "ETHFIUSDT": 0.5099,
  "PENDLEUSDT": 1.26,
  "RAVEUSDT": 0.33155,
  "INTCUSDT": 43.05,
  "SUI/USDUSDT": 0.9012,
  "TRIAUSDT": 0.01824,
  "FIL/USDCUSDT": 0.997,
  "DUSKUSDT": 0.08436,
  "GIGGLEUSDT": 26.8,
  "ORDIUSDT": 2.462,
  "BANANAS31USDT": 0.005684,
  "MUBARAKUSDT": 0.01516,
  "TRBUSDT": 14.292,
  "1000CHEEMSUSDT": 0.000531,
  "SKRUSDT": 0.022209,
  "KAITOUSDT": 0.3482,
  "STEEMUSDT": 0.05746,
  "0GUSDT": 0.6113,
  "MIRAUSDT": 0.087,
  "ATHUSDT": 0.006181,
  "INITUSDT": 0.08304,
  "LINEAUSDT": 0.003178,
  "LINK/USDCUSDT": 8.734,
  "XTZUSDT": 0.376,
  "DYDXUSDT": 0.095,
  "\u6211\u8e0f\u9a6c\u6765\u4e86USDT": 0.010563,
  "AVAX/USDCUSDT": 9.119,
  "VETUSDT": 0.007072,
  "CAKEUSDT": 1.3345,
  "1000LUNCUSDT": 0.04332,
  "BTRUSDT": 0.18721,
  "1000FLOKIUSDT": 0.02783,
  "AZTECUSDT": 0.02043,
  "JASMYUSDT": 0.005508,
  "LINK/USDUSDT": 8.734,
  "LAYERUSDT": 0.0854,
  "ROSEUSDT": 0.01184,
  "BREVUSDT": 0.1432,
  "FOGOUSDT": 0.02342,
  "AAVE/USDCUSDT": 108.57,
  "ARUSDT": 1.658,
  "CCUSDT": 0.15706,
  "ZILUSDT": 0.00408,
  "STRKUSDT": 0.03972,
  "TRUUSDT": 0.005065,
  "GPSUSDT": 0.008506,
  "TAUSDT": 0.04704,
  "ZKUSDT": 0.01842,
  "USELESSUSDT": 0.04094,
  "AGLDUSDT": 0.2131,
  "MOODENGUSDT": 0.04805,
  "ENA/USDCUSDT": 0.1096,
  "ORCAUSDT": 0.858,
  "EGLDUSDT": 4.164,
  "PIEVERSEUSDT": 0.547,
  "JTOUSDT": 0.2725,
  "SOMIUSDT": 0.1892,
  "ENSUSDT": 5.939,
  "PYTHUSDT": 0.048,
  "ALLOUSDT": 0.10358,
  "IMXUSDT": 0.1585,
  "IP/USDCUSDT": 0.842,
  "LTC/USDCUSDT": 54.51,
  "EPICUSDT": 0.2906,
  "NILUSDT": 0.04965,
  "ARB/USDCUSDT": 0.1025,
  "ARKMUSDT": 0.1074,
  "AEROUSDT": 0.3412,
  "KASUSDT": 0.0301,
  "MEMEUSDT": 0.0006263,
  "ZKPUSDT": 0.08826,
  "TURBOUSDT": 0.0009505,
  "STGUSDT": 0.163,
  "TAKEUSDT": 0.01874,
  "AVNTUSDT": 0.1686,
  "NAORISUSDT": 0.03061,
  "NEAR/USDUSDT": 1.368,
  "PNUTUSDT": 0.04508,
  "THETAUSDT": 0.1912,
  "GRTUSDT": 0.0259,
  "COMPUSDT": 17.0,
  "IOUSDT": 0.1131,
  "MANAUSDT": 0.0962,
  "PHBUSDT": 0.143,
  "DEXEUSDT": 3.479,
  "GMTUSDT": 0.01116,
  "RUNEUSDT": 0.4074,
  "BTCDOMUSDT": 5212.5,
  "SKYUSDT": 0.07059,
  "SAGAUSDT": 0.03225,
  "SYRUPUSDT": 0.22871,
  "STXUSDT": 0.2556,
  "HUMAUSDT": 0.012864,
  "BIRBUSDT": 0.14476,
  "AMZNUSDT": 208.79,
  "COOKIEUSDT": 0.0189,
  "LSKUSDT": 0.133,
  "SUSDT": 0.04072,
  "NEWTUSDT": 0.06846,
  "LTC/USDUSDT": 54.53,
  "NIGHTUSDT": 0.05971,
  "AXLUSDT": 0.05237,
  "KMNOUSDT": 0.02471,
  "AAVE/USDUSDT": 108.56,
  "YGGUSDT": 0.03868,
  "CLOUSDT": 0.07096,
  "TRADOORUSDT": 1.534,
  "CRV/USDCUSDT": 0.2507,
  "UAIUSDT": 0.2078,
  "SUSHIUSDT": 0.2027,
  "WUSDT": 0.0185,
  "BOMEUSDT": 0.0003897,
  "INXUSDT": 0.0124,
  "COLLECTUSDT": 0.03986,
  "NEOUSDT": 2.546,
  "CYBERUSDT": 0.5381,
  "FIL/USDUSDT": 0.996,
  "FOLKSUSDT": 1.195,
  "PLUMEUSDT": 0.00929,
  "METUSDT": 0.17,
  "C98USDT": 0.0255,
  "HOLOUSDT": 0.06031,
  "CELOUSDT": 0.075,
  "GUAUSDT": 0.23853,
  "MOVEUSDT": 0.02195,
  "MUSDT": 1.3662,
  "1INCHUSDT": 0.0932,
  "KSMUSDT": 4.577,
  "QUSDT": 0.025035,
  "MASKUSDT": 0.4288,
  "DOT/USDUSDT": 1.528,
  "ZETAUSDT": 0.05371,
  "ATUSDT": 0.15739,
  "MEUSDT": 0.1132,
  "WOOUSDT": 0.01763,
  "SONICUSDT": 0.04558,
  "USDCUSDT": 0.999456,
  "IOTAUSDT": 0.0651,
  "PEOPLEUSDT": 0.00642,
  "LUNA2USDT": 0.063,
  "SPORTFUNUSDT": 0.04285,
  "LIGHTUSDT": 0.1841,
  "LPTUSDT": 2.281,
  "RLSUSDT": 0.004297,
  "FIGHTUSDT": 0.00611,
  "ZBTUSDT": 0.07437,
  "PROMPTUSDT": 0.04271,
  "MERLUSDT": 0.04123,
  "AUCTIONUSDT": 4.683,
  "ACHUSDT": 0.006673,
  "PLAYUSDT": 0.01992,
  "ONTUSDT": 0.0421,
  "TLMUSDT": 0.001656,
  "CFXUSDT": 0.04799,
  "PARTIUSDT": 0.085,
  "QNTUSDT": 62.39,
  "IOTXUSDT": 0.00521,
  "NOMUSDT": 0.003475,
  "AIAUSDT": 0.08701,
  "BCH/USDUSDT": 438.92,
  "SUNUSDT": 0.015778,
  "ALTUSDT": 0.007323,
  "RESOLVUSDT": 0.06072,
  "AVAX/USDUSDT": 9.12,
  "BATUSDT": 0.1036,
  "1000SHIB/USDCUSDT": 0.005447,
  "FHEUSDT": 0.02712,
  "FLOWUSDT": 0.03513,
  "FRAXUSDT": 0.6197,
  "EDUUSDT": 0.102,
  "KERNELUSDT": 0.07396,
  "ETHWUSDT": 0.3198,
  "COWUSDT": 0.2192,
  "WIF/USDCUSDT": 0.2009,
  "ZORAUSDT": 0.01706,
  "1000SATSUSDT": 1.13e-05,
  "SKLUSDT": 0.00662,
  "YBUSDT": 0.1685,
  "TRUTHUSDT": 0.009343,
  "WCTUSDT": 0.05889,
  "YFIUSDT": 2623.0,
  "SUPERUSDT": 0.1161,
  "HFTUSDT": 0.01442,
  "NOTUSDT": 0.0003647,
  "COAIUSDT": 0.3179,
  "UNI/USDUSDT": 3.863,
  "RAYSOLUSDT": 0.5881,
  "DODOXUSDT": 0.017611,
  "LQTYUSDT": 0.2907,
  "XNYUSDT": 0.005785,
  "RPLUSDT": 1.874,
  "AUSDT": 0.0765,
  "PENGU/USDCUSDT": 0.006909,
  "ZKCUSDT": 0.0821,