{
  "BTCUSDT": 65261.0,
  "ETHUSDT": 1925.76,
  "SOLUSDT": 82.82,
  "XRPUSDT": 1.3506,
  "BNBUSDT": 615.91,
  "XAUUSDT": 5366.12,
  "XAGUSDT": 96.83,
  "PAXGUSDT": 5415.6,
  "DOGEUSDT": 0.09228,
  "HYPEUSDT": 31.648,
  "BCHUSDT": 439.51,
  "WLFIUSDT": 0.1087,
  "TRXUSDT": 0.28036,
  "ZECUSDT": 214.73,
  "ADAUSDT": 0.2719,
  "UNIUSDT": 3.735,
  "SUIUSDT": 0.8855,
  "ASTERUSDT": 0.7041,
  "1000PEPEUSDT": 0.0034375,
  "LINKUSDT": 8.627,
  "AVAXUSDT": 8.985,
  "LTCUSDT": 53.19,
  "PUMPUSDT": 0.001899,
  "ENAUSDT": 0.1035,
  "NEARUSDT": 1.135,
  "DOTUSDT": 1.521,
  "PIPPINUSDT": 0.56902,
  "AAVEUSDT": 112.66,
  "WLDUSDT": 0.3836,
  "KITEUSDT": 0.24644,
  "FILUSDT": 0.962,
  "XPLUSDT": 0.0976,
  "LITUSDT": 1.359,
  "TRUMPUSDT": 3.406,
  "TAOUSDT": 176.49,
  "1000SHIBUSDT": 0.005528,
  "ZROUSDT": 1.7749,
  "TONUSDT": 1.2028,
  "POWERUSDT": 1.72525,
  "APTUSDT": 0.9239,
  "RIVERUSDT": 14.487,
  "ATOMUSDT": 1.788,
  "HBARUSDT": 0.09733,
  "HUSDT": 0.12513,
  "BERAUSDT": 0.5984,
  "XMRUSDT": 341.37,
  "ARBUSDT": 0.0989,
  "XLMUSDT": 0.15403,
  "WIFUSDT": 0.1894,
  "ICPUSDT": 2.37,
  "ARCUSDT": 0.03992,
  "MONUSDT": 0.02087,
  "CRVUSDT": 0.241,
  "AXSUSDT": 1.257,
  "OPUSDT": 0.1218,
  "FFUSDT": 0.07871,
  "FETUSDT": 0.1502,
  "VIRTUALUSDT": 0.6826,
  "VVVUSDT": 6.148,
  "ETCUSDT": 8.444,
  "CCUSDT": 0.15954,
  "PENGUUSDT": 0.006683,
  "BARDUSDT": 0.9875,
  "PARTIUSDT": 0.09056,
  "POLUSDT": 0.10452,
  "BTCDOMUSDT": 5069.8,
  "1000BONKUSDT": 0.005807,
  "ETHFIUSDT": 0.4969,
  "CHZUSDT": 0.03301,
  "BANUSDT": 0.11149,
  "FARTCOINUSDT": 0.154,
  "ONDOUSDT": 0.252,
  "TIAUSDT": 0.3171,
  "IPUSDT": 0.877,
  "\u5e01\u5b89\u4eba\u751fUSDT": 0.06352,
  "DASHUSDT": 31.77,
  "ENSOUSDT": 1.3053,
  "INJUSDT": 2.994,
  "ESPUSDT": 0.12985,
  "SENTUSDT": 0.02105,
  "SAHARAUSDT": 0.0228,
  "SEIUSDT": 0.068,
  "STABLEUSDT": 0.032295,
  "JUPUSDT": 0.1649,
  "0GUSDT": 0.6195,
  "KAITOUSDT": 0.3285,
  "ALCHUSDT": 0.07996,
  "SKYAIUSDT": 0.04033,
  "ZKUSDT": 0.01845,
  "BUSDT": 0.1892,
  "LYNUSDT": 0.34153,
  "PENDLEUSDT": 1.2564,
  "QUSDT": 0.02485,
  "ZAMAUSDT": 0.02048,
  "BULLAUSDT": 0.0244,
  "LDOUSDT": 0.2989,
  "RENDERUSDT": 1.334,
  "BANANAS31USDT": 0.004718,
  "GWEIUSDT": 0.040672,
  "GUAUSDT": 0.21781,
  "HOMEUSDT": 0.029008,
  "MORPHOUSDT": 1.7003,
  "PIEVERSEUSDT": 0.5163,
  "ATUSDT": 0.13763,
  "MYXUSDT": 0.383,
  "NIGHTUSDT": 0.05707,
  "SIRENUSDT": 0.25202,
  "SIGNUSDT": 0.02595,
  "MUSDT": 1.4907,
  "ZENUSDT": 5.25,
  "BIOUSDT": 0.02046,
  "CAKEUSDT": 1.2944,
  "ALLOUSDT": 0.11064,
  "GALAUSDT": 0.00348,
  "USDCUSDT": 0.999499,
  "HANAUSDT": 0.0352,
  "STRKUSDT": 0.03999,
  "SANDUSDT": 0.08207,
  "GIGGLEUSDT": 25.53,
  "GPSUSDT": 0.008957,
  "BTRUSDT": 0.17663,
  "ALGOUSDT": 0.0855,
  "STGUSDT": 0.1578,
  "FORMUSDT": 0.2105,
  "SKYUSDT": 0.06652,
  "JELLYJELLYUSDT": 0.07144,
  "ATHUSDT": 0.006139,
  "APEUSDT": 0.1005,
  "1000RATSUSDT": 0.03149,
  "MSTRUSDT": 128.68,
  "AEROUSDT": 0.3403,
  "JTOUSDT": 0.2625,
  "DUSKUSDT": 0.0795,
  "AZTECUSDT": 0.02152,
  "1000LUNCUSDT": 0.04287,
  "GUNUSDT": 0.02579,
  "SYRUPUSDT": 0.23032,
  "B2USDT": 0.7187,
  "HUMAUSDT": 0.01244,
  "DENTUSDT": 0.000301,
  "TRADOORUSDT": 1.384,
  "TSLAUSDT": 399.2,
  "XPINUSDT": 0.001426,
  "OPNUSDT": 0.4482,
  "EIGENUSDT": 0.1766,
  "BEAMXUSDT": 0.001854,
  "UBUSDT": 0.0328,
  "ZILUSDT": 0.00414,
  "ROSEUSDT": 0.011,
  "METUSDT": 0.1781,
  "XTZUSDT": 0.372,
  "VETUSDT": 0.007112,
  "PYTHUSDT": 0.04781,
  "LAUSDT": 0.2139,
  "DYDXUSDT": 0.091,
  "AVNTUSDT": 0.1705,
  "FOGOUSDT": 0.02531,
  "NEOUSDT": 2.579,
  "ZKPUSDT": 0.09157,
  "CRCLUSDT": 82.93,
  "NXPCUSDT": 0.2681,
  "MOVEUSDT": 0.02145,
  "ESPORTSUSDT": 0.31104,
  "ORDIUSDT": 2.379,
  "RAVEUSDT": 0.36368,
  "COMPUSDT": 17.61,
  "COLLECTUSDT": 0.04253,
  "\u6211\u8e0f\u9a6c\u6765\u4e86USDT": 0.010127,
  "1000FLOKIUSDT": 0.02708,
  "GRASSUSDT": 0.2579,
  "LINEAUSDT": 0.003016,
  "SUSDT": 0.03906,
  "AUCTIONUSDT": 4.709,
  "ROBOUSDT": 0.03877,
  "BEATUSDT": 0.2374,
  "PNUTUSDT": 0.04322,
  "CYBERUSDT": 0.5335,
  "ORCAUSDT": 0.865,
  "ARUSDT": 1.534,
  "SKRUSDT": 0.021656,
  "SPXUSDT": 0.316,
  "AGLDUSDT": 0.2185,
  "ENSUSDT": 5.935,
  "SNXUSDT": 0.313,
  "TRBUSDT": 13.777,
  "STXUSDT": 0.2527,
  "LPTUSDT": 2.277,
  "ALICEUSDT": 0.152,
  "FIOUSDT": 0.00981,
  "EULUSDT": 1.032,
  "MEUSDT": 0.1153,
  "TRIAUSDT": 0.01869,
  "WUSDT": 0.01831,
  "JASMYUSDT": 0.005392,
  "BANKUSDT": 0.03687,
  "HIPPOUSDT": 0.0007254,
  "PLUMEUSDT": 0.00895,
  "4USDT": 0.00843,
  "TAUSDT": 0.03933,
  "BIRBUSDT": 0.1541,
  "RESOLVUSDT": 0.0578,
  "JSTUSDT": 0.047493,
  "MANAUSDT": 0.0951,
  "AWEUSDT": 0.05149,
  "USELESSUSDT": 0.04033,
  "WETUSDT": 0.0958,
  "IMXUSDT": 0.1601,
  "IOTAUSDT": 0.0657,
  "AGTUSDT": 0.005405,
  "LAYERUSDT": 0.0918,
  "SUNUSDT": 0.015021,
  "YGGUSDT": 0.03768,
  "SOMIUSDT": 0.1925,
  "CYSUSDT": 0.3202,
  "COAIUSDT": 0.3145,
  "INITUSDT": 0.07567,
  "AXLUSDT": 0.05248,
  "DEXEUSDT": 3.327,
  "GRTUSDT": 0.02551,
  "CLOUSDT": 0.07014,
  "EDUUSDT": 0.1036,
  "QNTUSDT": 62.23,
  "MERLUSDT": 0.03899,
  "API3USDT": 0.2797,
  "2ZUSDT": 0.0723,
  "WCTUSDT": 0.05741,
  "CFXUSDT": 0.04679,
  "FLOWUSDT": 0.03591,
  "NMRUSDT": 7.44,
  "NAORISUSDT": 0.03164,
  "LIGHTUSDT": 0.1901,
  "PTBUSDT": 0.001194,
  "MMTUSDT": 0.1161,
  "SFPUSDT": 0.2589,
  "TAGUSDT": 0.0003423,
  "XPTUSDT": 2400.96,
  "MOODENGUSDT": 0.04819,
  "SPKUSDT": 0.01897,
  "NEIROUSDT": 6.66e-05,
  "STEEMUSDT": 0.06106,
  "MIRAUSDT": 0.0914,
  "VANAUSDT": 1.421,
  "FOLKSUSDT": 1.206,
  "ARKMUSDT": 0.1044,
  "ZRXUSDT": 0.1029,
  "ZORAUSDT": 0.01768,
  "THETAUSDT": 0.1846,
  "ANIMEUSDT": 0.00482,
  "SOPHUSDT": 0.009196,
  "1INCHUSDT": 0.091,
  "RUNEUSDT": 0.3916,
  "IOUSDT": 0.1053,
  "EGLDUSDT": 4.321,
  "KGENUSDT": 0.18758,
  "KASUSDT": 0.02921,
  "TAKEUSDT": 0.02242,
  "KAIAUSDT": 0.05416,
  "LRCUSDT": 0.03063,
  "AKEUSDT": 0.0002413,
  "YFIUSDT": 2598.0,
  "AIXBTUSDT": 0.02038,
  "SPACEUSDT": 0.007388,
  "MEGAUSDT": 0.13222,
  "PEOPLEUSDT": 0.00617,
  "OGUSDT": 2.77,
  "BLUAIUSDT": 0.004919,
  "STOUSDT": 0.06417,
  "AIAUSDT": 0.08414,
  "FHEUSDT": 0.02865,
  "VELVETUSDT": 0.08241,
  "COWUSDT": 0.2055,
  "SUSHIUSDT": 0.1975,
  "PROVEUSDT": 0.2891,
  "KERNELUSDT": 0.07735,
  "BREVUSDT": 0.1298,
  "BSVUSDT": 15.07,
  "AUSDT": 0.078,
  "BATUSDT": 0.1011,
  "LUNA2USDT": 0.06222,
  "TSTUSDT": 0.00906,
  "TWTUSDT": 0.4899,
  "AVAAIUSDT": 0.007245,
  "OPENUSDT": 0.1436,
  "GMTUSDT": 0.01144,
  "YBUSDT": 0.1705,
  "POPCATUSDT": 0.04584,
  "CATIUSDT": 0.03885,
  "SWARMSUSDT": 0.006885,
  "ACTUSDT": 0.01303,
  "TURBOUSDT": 0.0009464,
  "NOMUSDT": 0.003466,
  "SOONUSDT": 0.1661,
  "VELODROMEUSDT": 0.0152,
  "MANTAUSDT": 0.0602,
  "BOMEUSDT": 0.0003779,
  "RPLUSDT": 1.828,
  "GASUSDT": 1.579,
  "BABYUSDT": 0.01111,
  "MINAUSDT": 0.05598,
  "SUPERUSDT": 0.1116,
  "TNSRUSDT": 0.04456,
  "UAIUSDT": 0.1933,
  "XNYUSDT": 0.005563,
  "FIGHTUSDT": 0.00597,
  "FUSDT": 0.005575,
  "TUTUSDT": 0.00969,
  "KSMUSDT": 4.691,
  "MAGICUSDT": 0.06003,
  "NEWTUSDT": 0.07061,
  "NILUSDT": 0.04694,
  "XVGUSDT": 0.005432,
  "MEMEUSDT": 0.0005772,
  "BLURUSDT": 0.01943,
  "ALTUSDT": 0.007092,
  "HOLOUSDT": 0.06129,
  "AINUSDT": 0.04037,
  "ZBTUSDT": 0.07409,
  "AIOUSDT": 0.06853,
  "INUSDT": 0.06911,
  "CELOUSDT": 0.077,
  "ASRUSDT": 1.327,
  "UMAUSDT": 0.4136,
  "TRUTHUSDT": 0.009773,
  "REDUSDT": 0.1472,
  "STBLUSDT": 0.0392,
  "BASUSDT": 0.006838,
  "MASKUSDT": 0.4176,
  "SAPIENUSDT": 0.08067,
  "ACHUSDT": 0.006533,
  "ONTUSDT": 0.0428,
  "DAMUSDT": 0.02234,
  "MUBARAKUSDT": 0.01323,
  "IDOLUSDT": 0.01978,
  "KMNOUSDT": 0.02143,
  "C98USDT": 0.0259,
  "IOTXUSDT": 0.00438,
  "KOMAUSDT": 0.007778,
  "SKLUSDT": 0.00648,
  "RAYSOLUSDT": 0.5862,
  "ERAUSDT": 0.1433,
  "WALUSDT": 0.07555,
  "MELANIAUSDT": 0.1083,
  "GLMUSDT": 0.13327,
  "EDENUSDT": 0.03141,
  "DRIFTUSDT": 0.0844,
  "ZKCUSDT": 0.0839,
  "SONICUSDT": 0.04371,
  "CTSIUSDT": 0.0234,
  "ANKRUSDT": 0.004134,
  "TLMUSDT": 0.001742,
  "GMXUSDT": 6.697,
  "ENJUSDT": 0.01894,
  "SANTOSUSDT": 1.259,
  "ZEREBROUSDT": 0.006915,
  "ICNTUSDT": 0.3669,