{
  "BTCUSDT": 65539.0,
  "ETHUSDT": 1918.37,
  "SOLUSDT": 81.35,
  "XRPUSDT": 1.3471,
  "BNBUSDT": 610.79,
  "DOGEUSDT": 0.09251,
  "BCHUSDT": 456.32,
  "XAGUSDT": 93.87,
  "PAXGUSDT": 5313.27,
  "XAUUSDT": 5283.8,
  "HYPEUSDT": 26.878,
  "WLFIUSDT": 0.1106,
  "ZECUSDT": 219.07,
  "TRXUSDT": 0.2824,
  "ADAUSDT": 0.2748,
  "UNIUSDT": 3.695,
  "SUIUSDT": 0.8866,
  "ASTERUSDT": 0.6939,
  "LINKUSDT": 8.629,
  "LTCUSDT": 54.42,
  "AVAXUSDT": 8.861,
  "1000PEPEUSDT": 0.0036228,
  "PUMPUSDT": 0.001809,
  "PIPPINUSDT": 0.66743,
  "ENAUSDT": 0.1018,
  "NEARUSDT": 1.072,
  "DOTUSDT": 1.538,
  "AAVEUSDT": 110.95,
  "WLDUSDT": 0.3835,
  "FILUSDT": 0.973,
  "KITEUSDT": 0.2445,
  "TRUMPUSDT": 3.354,
  "TAOUSDT": 177.48,
  "LITUSDT": 1.345,
  "XPLUSDT": 0.0917,
  "1000SHIBUSDT": 0.005745,
  "TONUSDT": 1.2908,
  "ZROUSDT": 1.5758,
  "POWERUSDT": 1.50019,
  "HBARUSDT": 0.09913,
  "APTUSDT": 0.9164,
  "ATOMUSDT": 1.833,
  "RIVERUSDT": 12.183,
  "ARBUSDT": 0.0988,
  "ICPUSDT": 2.418,
  "BERAUSDT": 0.5982,
  "XLMUSDT": 0.15693,
  "XMRUSDT": 337.55,
  "HUSDT": 0.12523,
  "WIFUSDT": 0.2006,
  "AXSUSDT": 1.289,
  "MONUSDT": 0.02045,
  "CRVUSDT": 0.239,
  "FETUSDT": 0.155,
  "FFUSDT": 0.07879,
  "ETCUSDT": 8.576,
  "OPUSDT": 0.1174,
  "VIRTUALUSDT": 0.6621,
  "CCUSDT": 0.16702,
  "PENGUUSDT": 0.006688,
  "POLUSDT": 0.10656,
  "ARCUSDT": 0.03058,
  "PARTIUSDT": 0.09798,
  "\u5e01\u5b89\u4eba\u751fUSDT": 0.06304,
  "FARTCOINUSDT": 0.1571,
  "BARDUSDT": 0.9953,
  "CHZUSDT": 0.03424,
  "BTCDOMUSDT": 5103.7,
  "1000BONKUSDT": 0.005905,
  "IPUSDT": 0.927,
  "ETHFIUSDT": 0.4896,
  "BANUSDT": 0.11164,
  "TIAUSDT": 0.3187,
  "ONDOUSDT": 0.2532,
  "ESPUSDT": 0.12706,
  "INJUSDT": 3.027,
  "SAHARAUSDT": 0.02166,
  "ENSOUSDT": 1.3894,
  "SENTUSDT": 0.02229,
  "DASHUSDT": 32.66,
  "VVVUSDT": 4.951,
  "0GUSDT": 0.6179,
  "STABLEUSDT": 0.031129,
  "SKYAIUSDT": 0.05243,
  "SEIUSDT": 0.06858,
  "JUPUSDT": 0.1521,
  "KAITOUSDT": 0.3297,
  "ZKUSDT": 0.01914,
  "GWEIUSDT": 0.044839,
  "ZAMAUSDT": 0.02285,
  "ALCHUSDT": 0.07981,
  "PENDLEUSDT": 1.2401,
  "SIGNUSDT": 0.03018,
  "QUSDT": 0.023551,
  "SIRENUSDT": 0.3092,
  "MORPHOUSDT": 1.7917,
  "BUSDT": 0.1759,
  "LDOUSDT": 0.2983,
  "RENDERUSDT": 1.394,
  "BANANAS31USDT": 0.004711,
  "LYNUSDT": 0.31247,
  "HOMEUSDT": 0.029032,
  "GUAUSDT": 0.21533,
  "ATUSDT": 0.15915,
  "MYXUSDT": 0.419,
  "NIGHTUSDT": 0.05883,
  "CAKEUSDT": 1.2857,
  "1000LUNCUSDT": 0.04304,
  "BIOUSDT": 0.02225,
  "PIEVERSEUSDT": 0.4929,
  "ZENUSDT": 5.341,
  "1000RATSUSDT": 0.03863,
  "GPSUSDT": 0.009454,
  "ALGOUSDT": 0.0856,
  "MUSDT": 1.4054,
  "STRKUSDT": 0.04055,
  "SANDUSDT": 0.08206,
  "USDCUSDT": 0.999474,
  "ATHUSDT": 0.006212,
  "HANAUSDT": 0.035,
  "BTRUSDT": 0.18008,
  "UBUSDT": 0.04076,
  "GALAUSDT": 0.00359,
  "GIGGLEUSDT": 25.96,
  "ALLOUSDT": 0.1072,
  "APEUSDT": 0.1012,
  "SKYUSDT": 0.06662,
  "JTOUSDT": 0.2672,
  "AZTECUSDT": 0.02146,
  "DUSKUSDT": 0.08015,
  "BULLAUSDT": 0.01456,
  "GUNUSDT": 0.0265,
  "TSLAUSDT": 401.72,
  "MSTRUSDT": 128.76,
  "SYRUPUSDT": 0.22899,
  "B2USDT": 0.7413,
  "TRADOORUSDT": 1.359,
  "JELLYJELLYUSDT": 0.06775,
  "DENTUSDT": 0.000281,
  "AEROUSDT": 0.3354,
  "XPINUSDT": 0.001464,
  "LAUSDT": 0.2301,
  "METUSDT": 0.1798,
  "OPNUSDT": 0.4718,
  "FOGOUSDT": 0.02732,
  "EIGENUSDT": 0.1854,
  "ZILUSDT": 0.00407,
  "BEAMXUSDT": 0.001895,
  "PYTHUSDT": 0.04889,
  "HUMAUSDT": 0.01149,
  "AVNTUSDT": 0.1765,
  "RAVEUSDT": 0.34761,
  "MOVEUSDT": 0.02162,
  "CRCLUSDT": 82.86,
  "VETUSDT": 0.007252,
  "\u6211\u8e0f\u9a6c\u6765\u4e86USDT": 0.011763,
  "NXPCUSDT": 0.2811,
  "NEOUSDT": 2.67,
  "ROSEUSDT": 0.01193,
  "ROBOUSDT": 0.04299,
  "STGUSDT": 0.1387,
  "DYDXUSDT": 0.094,
  "ZKPUSDT": 0.08287,
  "ORDIUSDT": 2.407,
  "ORCAUSDT": 0.879,
  "XTZUSDT": 0.373,
  "COMPUSDT": 18.11,
  "FORMUSDT": 0.1898,
  "AUCTIONUSDT": 4.805,
  "ESPORTSUSDT": 0.302,
  "CYBERUSDT": 0.5517,
  "COLLECTUSDT": 0.03746,
  "SUSDT": 0.03932,
  "LINEAUSDT": 0.003049,
  "PNUTUSDT": 0.04431,
  "LPTUSDT": 2.285,
  "SNXUSDT": 0.331,
  "STXUSDT": 0.2563,
  "WETUSDT": 0.10771,
  "SKRUSDT": 0.019965,
  "WUSDT": 0.01882,
  "EULUSDT": 1.062,
  "ENSUSDT": 6.016,
  "AWEUSDT": 0.05222,
  "MEUSDT": 0.1196,
  "ARUSDT": 1.571,
  "SOMIUSDT": 0.207,
  "1000FLOKIUSDT": 0.02823,
  "TRBUSDT": 14.182,
  "BEATUSDT": 0.2052,
  "JASMYUSDT": 0.00555,
  "WCTUSDT": 0.06332,
  "CLOUSDT": 0.0763,
  "TRIAUSDT": 0.01918,
  "YGGUSDT": 0.0389,
  "BIRBUSDT": 0.1591,
  "FOLKSUSDT": 1.469,
  "RESOLVUSDT": 0.06018,
  "FLOWUSDT": 0.03782,
  "ALICEUSDT": 0.137,
  "PLUMEUSDT": 0.00909,
  "BANKUSDT": 0.03738,
  "AXLUSDT": 0.05395,
  "JSTUSDT": 0.047706,
  "LAYERUSDT": 0.0918,
  "AGLDUSDT": 0.2429,
  "API3USDT": 0.2891,
  "2ZUSDT": 0.07586,
  "IMXUSDT": 0.1611,
  "TAUSDT": 0.03846,
  "MERLUSDT": 0.04204,
  "SPXUSDT": 0.2913,
  "USELESSUSDT": 0.03887,
  "INITUSDT": 0.08101,
  "EDUUSDT": 0.1075,
  "CFXUSDT": 0.0478,
  "SOPHUSDT": 0.009722,
  "SPACEUSDT": 0.008628,
  "MANAUSDT": 0.095,
  "IOTAUSDT": 0.066,
  "DEXEUSDT": 3.302,
  "NMRUSDT": 7.737,
  "OGUSDT": 2.932,
  "CYSUSDT": 0.3206,
  "AGTUSDT": 0.005126,
  "GRTUSDT": 0.02577,
  "MMTUSDT": 0.1192,
  "COAIUSDT": 0.3018,
  "VANAUSDT": 1.44,
  "PTBUSDT": 0.001216,
  "LIGHTUSDT": 0.1947,
  "TAGUSDT": 0.0003545,
  "QNTUSDT": 63.21,
  "SPKUSDT": 0.02015,
  "NAORISUSDT": 0.0328,
  "SFPUSDT": 0.2613,
  "ANIMEUSDT": 0.005045,
  "GRASSUSDT": 0.2074,
  "MIRAUSDT": 0.0943,
  "MOODENGUSDT": 0.04898,
  "LUNA2USDT": 0.0664,
  "AIXBTUSDT": 0.021,
  "4USDT": 0.00787,
  "RUNEUSDT": 0.3962,
  "1INCHUSDT": 0.0897,
  "ZRXUSDT": 0.0999,
  "ZORAUSDT": 0.0185,
  "THETAUSDT": 0.1842,
  "LRCUSDT": 0.03224,
  "AKEUSDT": 0.0002578,
  "NEIROUSDT": 6.687e-05,
  "XPTUSDT": 2367.36,
  "BATUSDT": 0.107,
  "IOUSDT": 0.1086,
  "STEEMUSDT": 0.05613,
  "KAIAUSDT": 0.05479,
  "EGLDUSDT": 4.379,
  "ZBTUSDT": 0.08086,
  "KASUSDT": 0.02968,
  "YFIUSDT": 2615.0,
  "FHEUSDT": 0.02949,
  "ARKMUSDT": 0.1064,
  "KERNELUSDT": 0.08098,
  "YBUSDT": 0.1846,
  "TWTUSDT": 0.5008,
  "COWUSDT": 0.2124,
  "OPENUSDT": 0.1522,
  "BREVUSDT": 0.1339,
  "AVAAIUSDT": 0.007687,
  "UAIUSDT": 0.1785,
  "HOLOUSDT": 0.06217,
  "AIAUSDT": 0.08556,
  "VELVETUSDT": 0.08355,
  "BLUAIUSDT": 0.004847,
  "KGENUSDT": 0.1767,
  "PEOPLEUSDT": 0.00637,
  "NOMUSDT": 0.003645,
  "PROVEUSDT": 0.2859,
  "BSVUSDT": 15.51,
  "HOTUSDT": 0.000404,
  "AUSDT": 0.0787,
  "BOMEUSDT": 0.0003767,
  "SWARMSUSDT": 0.007275,
  "STOUSDT": 0.06274,
  "POPCATUSDT": 0.04701,
  "MEGAUSDT": 0.1286,
  "RPLUSDT": 1.801,
  "TSTUSDT": 0.00955,
  "ACTUSDT": 0.01364,
  "SUSHIUSDT": 0.1991,
  "REDUSDT": 0.1595,
  "MAGICUSDT": 0.06309,
  "FIGHTUSDT": 0.006452,
  "GMTUSDT": 0.01151,
  "TURBOUSDT": 0.0009646,
  "NEWTUSDT": 0.07225,
  "VELODROMEUSDT": 0.01567,
  "STBLUSDT": 0.04322,
  "CATIUSDT": 0.03816,
  "MEMEUSDT": 0.000603,
  "MANTAUSDT": 0.06217,
  "AINUSDT": 0.04409,
  "KSMUSDT": 4.899,
  "SOONUSDT": 0.1612,
  "MINAUSDT": 0.05714,
  "NILUSDT": 0.04883,
  "SUPERUSDT": 0.1162,
  "IOTXUSDT": 0.00521,
  "TUTUSDT": 0.00984,
  "GASUSDT": 1.565,
  "BABYUSDT": 0.01193,
  "TNSRUSDT": 0.04577,
  "MUBARAKUSDT": 0.0136,
  "ACHUSDT": 0.006788,
  "FUSDT": 0.00572,
  "AIOUSDT": 0.0729,
  "SKLUSDT": 0.00691,
  "C98USDT": 0.0255,
  "BLURUSDT": 0.01987,
  "TRUTHUSDT": 0.009678,
  "IDOLUSDT": 0.0198,
  "SAPIENUSDT": 0.08984,
  "SUNUSDT": 0.015952,
  "ALTUSDT": 0.007431,
  "UMAUSDT": 0.4296,
  "DAMUSDT": 0.02498,
  "ASRUSDT": 1.33,
  "XVGUSDT": 0.0055,
  "TAKEUSDT": 0.01806,
  "MASKUSDT": 0.4166,
  "CELOUSDT": 0.078,
  "DRIFTUSDT": 0.0885,
  "RAREUSDT": 0.01834,
  "ZKCUSDT": 0.0869,
  "XNYUSDT": 0.004922,
  "INUSDT": 0.06774,
  "GLMUSDT": 0.13317,
  "WALUSDT": 0.07479,
  "ERAUSDT": 0.1473,
  "CTSIUSDT": 0.0241,
  "BELUSDT": 0.0965,
  "EDENUSDT": 0.03266,
  "ICNTUSDT": 0.3783,
  "IDUSDT": 0.04357,
  "ANKRUSDT": 0.004181,
  "SONICUSDT": 0.04464,
  "KMNOUSDT": 0.02071,
  "RAYSOLUSDT": 0.588,
  "SANTOSUSDT": 1.355,
  "SOLVUSDT": 0.003989,
  "MELANIAUSDT": 0.1084,
  "ARPAUSDT": 0.00964,
  "DEGOUSDT": 0.3057,
  "ONTUSDT": 0.0422,
  "KOMAUSDT": 0.007394,
  "ARIAUSDT": 0.07508,