{
  "BTCUSDT": 70080.1,
  "ETHUSDT": 2089.79,
  "SOLUSDT": 88.11,
  "XRPUSDT": 1.4952,
  "BNBUSDT": 632.89,
  "BCHUSDT": 566.54,
  "DOGEUSDT": 0.10952,
  "HYPEUSDT": 31.791,
  "PAXGUSDT": 5027.55,
  "ZECUSDT": 317.07,
  "XAGUSDT": 77.44,
  "XAUUSDT": 5035.73,
  "SUIUSDT": 1.0335,
  "TRXUSDT": 0.28256,
  "1000PEPEUSDT": 0.0047697,
  "ASTERUSDT": 0.7328,
  "ADAUSDT": 0.2973,
  "LINKUSDT": 9.142,
  "LTCUSDT": 56.29,
  "PIPPINUSDT": 0.7197,
  "AVAXUSDT": 9.601,
  "UNIUSDT": 3.678,
  "PUMPUSDT": 0.002357,
  "ENAUSDT": 0.1285,
  "AAVEUSDT": 130.3,
  "WLFIUSDT": 0.1078,
  "NEARUSDT": 1.088,
  "LITUSDT": 1.693,
  "WLDUSDT": 0.4339,
  "KITEUSDT": 0.19728,
  "TRUMPUSDT": 3.605,
  "FILUSDT": 1.023,
  "XPLUSDT": 0.103,
  "ARCUSDT": 0.0784,
  "TAOUSDT": 192.42,
  "ZROUSDT": 1.9102,
  "HUSDT": 0.20361,
  "DOTUSDT": 1.419,
  "1000SHIBUSDT": 0.006893,
  "TONUSDT": 1.5077,
  "APTUSDT": 0.9939,
  "HBARUSDT": 0.10385,
  "RIVERUSDT": 14.1,
  "BERAUSDT": 0.688,
  "ATOMUSDT": 2.197,
  "XLMUSDT": 0.17415,
  "MONUSDT": 0.02409,
  "XMRUSDT": 359.02,
  "AXSUSDT": 1.482,
  "ARBUSDT": 0.1211,
  "ICPUSDT": 2.577,
  "WIFUSDT": 0.2532,
  "FARTCOINUSDT": 0.2174,
  "DASHUSDT": 40.31,
  "PENGUUSDT": 0.007913,
  "CRVUSDT": 0.266,
  "1000BONKUSDT": 0.007158,
  "FETUSDT": 0.182,
  "IPUSDT": 1.183,
  "FFUSDT": 0.08189,
  "ETCUSDT": 9.0,
  "\u5e01\u5b89\u4eba\u751fUSDT": 0.111,
  "BARDUSDT": 0.8158,
  "OPUSDT": 0.1987,
  "CHZUSDT": 0.04382,
  "POLUSDT": 0.10988,
  "BTRUSDT": 0.20276,
  "VIRTUALUSDT": 0.6879,
  "PARTIUSDT": 0.1096,
  "TIAUSDT": 0.36,
  "SENTUSDT": 0.02302,
  "ONDOUSDT": 0.2937,
  "BTCDOMUSDT": 5027.0,
  "SPACEUSDT": 0.012861,
  "JUPUSDT": 0.1655,
  "ETHFIUSDT": 0.5042,
  "ZAMAUSDT": 0.02208,
  "ZKUSDT": 0.02333,
  "SEIUSDT": 0.0783,
  "0GUSDT": 0.628,
  "LDOUSDT": 0.3627,
  "PENDLEUSDT": 1.3098,
  "CCUSDT": 0.1678,
  "BANUSDT": 0.09164,
  "ZENUSDT": 6.648,
  "INJUSDT": 3.3,
  "RENDERUSDT": 1.531,
  "ALCHUSDT": 0.08509,
  "SKYUSDT": 0.06969,
  "KAITOUSDT": 0.3343,
  "UBUSDT": 0.04656,
  "ATUSDT": 0.16087,
  "ENSOUSDT": 1.1539,
  "BANANAS31USDT": 0.004976,
  "OMUSDT": 0.06051,
  "1000RATSUSDT": 0.04885,
  "\u6211\u8e0f\u9a6c\u6765\u4e86USDT": 0.026694,
  "OGUSDT": 5.055,
  "STABLEUSDT": 0.023407,
  "CYSUSDT": 0.4952,
  "SANDUSDT": 0.09227,
  "GIGGLEUSDT": 34.47,
  "NIGHTUSDT": 0.05938,
  "PYTHUSDT": 0.05971,
  "STRKUSDT": 0.05215,
  "HANAUSDT": 0.03812,
  "POWERUSDT": 0.26663,
  "QUSDT": 0.020549,
  "ROSEUSDT": 0.01328,
  "DUSKUSDT": 0.10995,
  "MSTRUSDT": 135.4,
  "AWEUSDT": 0.09054,
  "COMPUSDT": 20.38,
  "HOMEUSDT": 0.027755,
  "SKYAIUSDT": 0.03921,
  "CAKEUSDT": 1.3519,
  "ALGOUSDT": 0.0998,
  "METUSDT": 0.2299,
  "USDCUSDT": 0.999938,
  "TRADOORUSDT": 1.364,
  "GPSUSDT": 0.011749,
  "MYXUSDT": 2.352,
  "PIEVERSEUSDT": 0.4207,
  "ZILUSDT": 0.00459,
  "GALAUSDT": 0.0043,
  "AVNTUSDT": 0.2134,
  "LYNUSDT": 0.2217,
  "SUSDT": 0.05175,
  "ENSUSDT": 6.898,
  "LINEAUSDT": 0.003981,
  "MORPHOUSDT": 1.3879,
  "MUSDT": 1.3641,
  "BEATUSDT": 0.3151,
  "AUCTIONUSDT": 5.49,
  "GUNUSDT": 0.02513,
  "ESPUSDT": 0.06041,
  "BUSDT": 0.1495,
  "EIGENUSDT": 0.2202,
  "B2USDT": 0.7186,
  "SIRENUSDT": 0.15148,
  "VVVUSDT": 2.988,
  "VETUSDT": 0.008798,
  "PNUTUSDT": 0.05512,
  "MEUSDT": 0.1548,
  "BEAMXUSDT": 0.002517,
  "AEROUSDT": 0.3314,
  "XTZUSDT": 0.423,
  "LAUSDT": 0.226,
  "BIRBUSDT": 0.20358,
  "BIOUSDT": 0.02609,
  "SYRUPUSDT": 0.28577,
  "XPINUSDT": 0.00164,
  "DYDXUSDT": 0.112,
  "HUMAUSDT": 0.013601,
  "FORMUSDT": 0.2289,
  "MOODENGUSDT": 0.06122,
  "ZKPUSDT": 0.09513,
  "COLLECTUSDT": 0.07051,
  "TAKEUSDT": 0.04431,
  "MOVEUSDT": 0.02442,
  "TSLAUSDT": 417.91,
  "NEOUSDT": 2.936,
  "1000LUNCUSDT": 0.0348,
  "RESOLVUSDT": 0.06254,
  "LPTUSDT": 2.51,
  "ORDIUSDT": 2.978,
  "JELLYJELLYUSDT": 0.05779,
  "BULLAUSDT": 0.02417,
  "AIAUSDT": 0.1295,
  "RAVEUSDT": 0.38134,
  "COAIUSDT": 0.4402,
  "SOMIUSDT": 0.2,
  "NXPCUSDT": 0.2911,
  "LRCUSDT": 0.0343,
  "FOGOUSDT": 0.02333,
  "1000FLOKIUSDT": 0.03447,
  "GUAUSDT": 0.14316,
  "STXUSDT": 0.279,
  "COWUSDT": 0.2238,
  "ESPORTSUSDT": 0.35475,
  "ATHUSDT": 0.006569,
  "STGUSDT": 0.166,
  "MERLUSDT": 0.06004,
  "JTOUSDT": 0.2829,
  "FHEUSDT": 0.04092,
  "PLUMEUSDT": 0.01187,
  "ALLOUSDT": 0.08397,
  "VANAUSDT": 1.636,
  "CLOUSDT": 0.08644,
  "TRBUSDT": 16.664,
  "TRIAUSDT": 0.02072,
  "XNYUSDT": 0.006407,
  "WCTUSDT": 0.06689,
  "SPXUSDT": 0.3572,
  "BANKUSDT": 0.04099,
  "ARUSDT": 2.154,
  "API3USDT": 0.3266,
  "EDUUSDT": 0.1322,
  "NMRUSDT": 8.845,
  "2ZUSDT": 0.08193,
  "JASMYUSDT": 0.006272,
  "CFXUSDT": 0.0572,
  "WUSDT": 0.02171,
  "QNTUSDT": 75.31,
  "XVGUSDT": 0.006566,
  "FLOWUSDT": 0.04498,
  "4USDT": 0.01103,
  "MANAUSDT": 0.1081,
  "GWEIUSDT": 0.02727,
  "EULUSDT": 1.031,
  "LIGHTUSDT": 0.2592,
  "MUBARAKUSDT": 0.01935,
  "AZTECUSDT": 0.02409,
  "ZKCUSDT": 0.1018,
  "ACTUSDT": 0.01607,
  "UAIUSDT": 0.2461,
  "APEUSDT": 0.1352,
  "KAIAUSDT": 0.0597,
  "BREVUSDT": 0.1517,
  "IRYSUSDT": 0.04353,
  "SFPUSDT": 0.2871,
  "NEIROUSDT": 8.31e-05,
  "THETAUSDT": 0.2229,
  "TAUSDT": 0.03668,
  "GRTUSDT": 0.02923,
  "TAGUSDT": 0.0003779,
  "IOTAUSDT": 0.0728,
  "IMXUSDT": 0.1753,
  "BOMEUSDT": 0.0004587,
  "MMTUSDT": 0.1407,
  "1INCHUSDT": 0.1004,
  "TNSRUSDT": 0.05669,
  "ZORAUSDT": 0.02217,
  "JSTUSDT": 0.041634,
  "AGTUSDT": 0.004983,
  "ZRXUSDT": 0.1164,
  "C98USDT": 0.0326,
  "EGLDUSDT": 5.322,
  "RUNEUSDT": 0.4252,
  "SPKUSDT": 0.02285,
  "SKRUSDT": 0.024135,
  "TSTUSDT": 0.0119,
  "FRAXUSDT": 0.6511,
  "GRASSUSDT": 0.2179,
  "AXLUSDT": 0.06344,
  "YFIUSDT": 2891.0,
  "ANIMEUSDT": 0.005899,
  "BSVUSDT": 17.62,
  "FOLKSUSDT": 1.449,
  "POPCATUSDT": 0.05997,
  "SNXUSDT": 0.312,
  "NOMUSDT": 0.005683,
  "TWTUSDT": 0.5392,
  "FUSDT": 0.006518,
  "PROVEUSDT": 0.3371,
  "MEGAUSDT": 0.12927,
  "MANTAUSDT": 0.08021,
  "PTBUSDT": 0.001379,
  "ARKMUSDT": 0.127,
  "NILUSDT": 0.05623,
  "MINAUSDT": 0.06956,
  "NAORISUSDT": 0.03383,
  "PEOPLEUSDT": 0.0074,
  "FIGHTUSDT": 0.006628,
  "TURBOUSDT": 0.0012056,
  "AUSDT": 0.0902,
  "KASUSDT": 0.03356,
  "TUTUSDT": 0.01227,
  "ACHUSDT": 0.008087,
  "GASUSDT": 1.73,
  "BLUAIUSDT": 0.006106,
  "GMTUSDT": 0.01333,
  "KGENUSDT": 0.17895,
  "YBUSDT": 0.1837,
  "ONUSDT": 0.11105,
  "ICNTUSDT": 0.4506,
  "SAHARAUSDT": 0.0169,
  "BATUSDT": 0.1369,
  "SOPHUSDT": 0.010193,
  "SIGNUSDT": 0.02888,
  "MAGICUSDT": 0.07213,
  "CYBERUSDT": 0.6006,
  "AVAAIUSDT": 0.00809,
  "BASUSDT": 0.006547,
  "SWARMSUSDT": 0.00799,
  "OPENUSDT": 0.1749,
  "MEMEUSDT": 0.000773,
  "DEEPUSDT": 0.02925,
  "LAYERUSDT": 0.0954,
  "BROCCOLI714USDT": 0.01583,
  "CATIUSDT": 0.04317,
  "BABYUSDT": 0.0142,
  "ZBTUSDT": 0.07495,
  "SOONUSDT": 0.195,
  "AKEUSDT": 0.0003061,
  "SANTOSUSDT": 1.927,
  "BLURUSDT": 0.02241,
  "TRUTHUSDT": 0.015165,
  "SONICUSDT": 0.05061,
  "SUPERUSDT": 0.1341,
  "AIXBTUSDT": 0.02336,
  "IOUSDT": 0.1138,
  "YGGUSDT": 0.04375,
  "CELOUSDT": 0.09,
  "SUSHIUSDT": 0.2196,
  "ONTUSDT": 0.0485,
  "LUNA2USDT": 0.06541,
  "AIOUSDT": 0.07994,
  "THEUSDT": 0.2751,
  "SOLVUSDT": 0.00512,
  "TOSHIUSDT": 0.0002498,
  "ALTUSDT": 0.00913,
  "INUSDT": 0.06679,
  "SUNUSDT": 0.017589,
  "STOUSDT": 0.05767,
  "SYNUSDT": 0.04973,
  "GLMUSDT": 0.19876,
  "CTSIUSDT": 0.0283,
  "IDOLUSDT": 0.02043,
  "VELODROMEUSDT": 0.01523,
  "MASKUSDT": 0.4888,
  "XPTUSDT": 2069.47,
  "USELESSUSDT": 0.03963,
  "DYMUSDT": 0.04729,
  "ZEREBROUSDT": 0.00881,
  "WALUSDT": 0.0887,
  "IDUSDT": 0.05581,
  "ASRUSDT": 1.465,
  "INITUSDT": 0.07123,
  "VELVETUSDT": 0.083,
  "HYPERUSDT": 0.1078,
  "RSRUSDT": 0.001692,
  "MELANIAUSDT": 0.1245,
  "SKLUSDT": 0.00724,
  "QTUMUSDT": 1.029,
  "KERNELUSDT": 0.0688,
  "ERAUSDT": 0.1669,
  "CVXUSDT": 2.013,
  "HEMIUSDT": 0.01063,
  "ANKRUSDT": 0.004817,
  "RAREUSDT": 0.02045,
  "STBLUSDT": 0.04129,
  "NOTUSDT": 0.0004347,
  "BANANAUSDT": 4.92,
  "KAVAUSDT": 0.0581,
  "GUSDT": 0.004173,
  "LISTAUSDT": 0.0971,
  "ORCAUSDT": 0.829,
  "DEXEUSDT": 2.413,
  "KMNOUSDT": 0.03083,
  "EDENUSDT": 0.0346,
  "ARPAUSDT": 0.01051,
  "AINUSDT": 0.03523,
  "POLYXUSDT": 0.04764,
  "SAPIENUSDT": 0.09393,
  "RAYSOLUSDT": 0.6607,