{
  "BTCUSDT": 69427.1,
  "ETHUSDT": 2011.1,
  "SOLUSDT": 86.05,
  "BTC/USDCUSDT": 68640.8,
  "ETH/USDCUSDT": 1990.42,
  "XRPUSDT": 1.4852,
  "INITUSDT": 0.12604,
  "XAGUSDT": 76.76,
  "DOGEUSDT": 0.1005,
  "BTC/USDUSDT": 69389.2,
  "ZECUSDT": 291.37,
  "ETH/USDUSDT": 2010.46,
  "XAUUSDT": 4998.35,
  "SIRENUSDT": 0.21603,
  "1000PEPEUSDT": 0.0044769,
  "SPACEUSDT": 0.011415,
  "BNBUSDT": 626.75,
  "PIPPINUSDT": 0.67463,
  "TAOUSDT": 202.07,
  "VVVUSDT": 4.141,
  "SOL/USDCUSDT": 86.01,
  "HYPEUSDT": 30.747,
  "XRP/USDCUSDT": 1.4845,
  "ASTERUSDT": 0.7335,
  "SUIUSDT": 0.9908,
  "RIVERUSDT": 12.89,
  "BCHUSDT": 572.25,
  "ADAUSDT": 0.2854,
  "RPLUSDT": 2.695,
  "AVAXUSDT": 9.275,
  "TRUMPUSDT": 3.379,
  "LINKUSDT": 8.908,
  "STABLEUSDT": 0.029813,
  "LTCUSDT": 55.16,
  "PAXGUSDT": 5001.58,
  "POWERUSDT": 0.28966,
  "\u6211\u8e0f\u9a6c\u6765\u4e86USDT": 0.020275,
  "FILUSDT": 0.978,
  "BNB/USDCUSDT": 627.0,
  "SOL/USDUSDT": 85.08,
  "XRP/USDUSDT": 1.481,
  "WLFIUSDT": 0.1007,
  "UNIUSDT": 3.567,
  "ENAUSDT": 0.1234,
  "FHEUSDT": 0.04235,
  "ZAMAUSDT": 0.02291,
  "PUMPUSDT": 0.002234,
  "NEARUSDT": 1.057,
  "DOTUSDT": 1.377,
  "XPLUSDT": 0.103,
  "DOGE/USDCUSDT": 0.10045,
  "PENGUUSDT": 0.007284,
  "IPUSDT": 1.174,
  "ZROUSDT": 1.7229,
  "FARTCOINUSDT": 0.2016,
  "KITEUSDT": 0.20878,
  "WIFUSDT": 0.2359,
  "HUSDT": 0.19055,
  "LITUSDT": 1.688,
  "AAVEUSDT": 126.79,
  "MOODENGUSDT": 0.06352,
  "WLDUSDT": 0.4051,
  "AXSUSDT": 1.361,
  "PTBUSDT": 0.001691,
  "BERAUSDT": 0.6444,
  "OMUSDT": 0.06149,
  "TRXUSDT": 0.28523,
  "UMAUSDT": 0.5455,
  "VIRTUALUSDT": 0.6546,
  "DASHUSDT": 38.32,
  "1000SHIBUSDT": 0.006572,
  "APTUSDT": 0.929,
  "USELESSUSDT": 0.05194,
  "DOGE/USDUSDT": 0.10043,
  "BTRUSDT": 0.18593,
  "BULLAUSDT": 0.0301,
  "XLMUSDT": 0.1695,
  "MUBARAKUSDT": 0.02035,
  "\u5e01\u5b89\u4eba\u751fUSDT": 0.09829,
  "ZEC/USDCUSDT": 291.07,
  "XMRUSDT": 327.35,
  "ARBUSDT": 0.1152,
  "EULUSDT": 1.021,
  "ESPUSDT": 0.06121,
  "HBARUSDT": 0.10153,
  "LUNA2USDT": 0.06662,
  "1000BONKUSDT": 0.006566,
  "0GUSDT": 0.6467,
  "ATOMUSDT": 2.313,
  "DUSKUSDT": 0.10818,
  "BEATUSDT": 0.2561,
  "CRVUSDT": 0.254,
  "MOVEUSDT": 0.0267,
  "1000PEPE/USDCUSDT": 0.0044735,
  "BNB/USDUSDT": 627.04,
  "STORJUSDT": 0.1097,
  "SUPERUSDT": 0.1331,
  "TONUSDT": 1.4492,
  "ETCUSDT": 8.83,
  "ICPUSDT": 2.406,
  "ETH/BTCUSDT": 1989.6239844,
  "TAKEUSDT": 0.03106,
  "OGUSDT": 3.393,
  "CLOUSDT": 0.07289,
  "ENSOUSDT": 1.1004,
  "TNSRUSDT": 0.0549,
  "MYXUSDT": 1.889,
  "OGNUSDT": 0.0264,
  "MONUSDT": 0.0234,
  "SENTUSDT": 0.02217,
  "AZTECUSDT": 0.02224,
  "ONDOUSDT": 0.2777,
  "OPUSDT": 0.1905,
  "ALLOUSDT": 0.08808,
  "TIAUSDT": 0.3457,
  "RENDERUSDT": 1.452,
  "COMPUSDT": 19.78,
  "MAGICUSDT": 0.0746,
  "TRIAUSDT": 0.01683,
  "MERLUSDT": 0.0628,
  "PROMUSDT": 1.48,
  "INJUSDT": 3.167,
  "POLUSDT": 0.10776,
  "FETUSDT": 0.1731,
  "FIGHTUSDT": 0.007486,
  "GALAUSDT": 0.00415,
  "LPTUSDT": 2.478,
  "LAUSDT": 0.2027,
  "NILUSDT": 0.05942,
  "ZENUSDT": 6.299,
  "SEIUSDT": 0.0755,
  "SUI/USDCUSDT": 0.9902,
  "SAGAUSDT": 0.03464,
  "JUPUSDT": 0.1621,
  "ARCUSDT": 0.07952,
  "PLAYUSDT": 0.0234,
  "CHZUSDT": 0.04139,
  "MORPHOUSDT": 1.3571,
  "HUMAUSDT": 0.014635,
  "ZKPUSDT": 0.09361,
  "ALGOUSDT": 0.0946,
  "ADA/USDUSDT": 0.2851,
  "ARIAUSDT": 0.09172,
  "PYTHUSDT": 0.05687,
  "MEUSDT": 0.1373,
  "TRUTHUSDT": 0.015914,
  "LDOUSDT": 0.3456,
  "ROSEUSDT": 0.01237,
  "BCH/USDCUSDT": 571.93,
  "PENDLEUSDT": 1.2467,
  "FOGOUSDT": 0.02396,
  "SHELLUSDT": 0.03352,
  "NEIROUSDT": 7.8e-05,
  "SKLUSDT": 0.00717,
  "GPSUSDT": 0.011057,
  "SOMIUSDT": 0.1975,
  "MUSDT": 1.4116,
  "STGUSDT": 0.1484,
  "1000LUNCUSDT": 0.03509,
  "ARPAUSDT": 0.01083,
  "SUI/USDUSDT": 0.9903,
  "SPXUSDT": 0.3234,
  "DYDXUSDT": 0.109,
  "SANDUSDT": 0.08825,
  "1000FLOKIUSDT": 0.03219,
  "COWUSDT": 0.2084,
  "SNXUSDT": 0.295,
  "ENSUSDT": 6.82,
  "NOMUSDT": 0.005561,
  "ZKUSDT": 0.02184,
  "LRCUSDT": 0.03443,
  "ADA/USDCUSDT": 0.2851,
  "JELLYJELLYUSDT": 0.06121,
  "COAIUSDT": 0.3591,
  "DYMUSDT": 0.04748,
  "GIGGLEUSDT": 31.97,
  "STRKUSDT": 0.04932,
  "LYNUSDT": 0.23706,
  "NAORISUSDT": 0.03248,
  "MSTRUSDT": 134.38,
  "EIGENUSDT": 0.212,
  "LINEAUSDT": 0.003661,
  "FRAXUSDT": 0.6741,
  "JCTUSDT": 0.001825,
  "LINK/USDCUSDT": 8.902,
  "FIL/USDCUSDT": 0.977,
  "BANANAS31USDT": 0.004808,
  "ENA/USDCUSDT": 0.1232,
  "CAKEUSDT": 1.3253,
  "MANTAUSDT": 0.07997,
  "BIRBUSDT": 0.1957,
  "ETHFIUSDT": 0.483,
  "VETUSDT": 0.008315,
  "GUNUSDT": 0.02287,
  "XPINUSDT": 0.001849,
  "GWEIUSDT": 0.029259,
  "XANUSDT": 0.00896,
  "SYRUPUSDT": 0.25148,
  "POPCATUSDT": 0.0552,
  "LINK/USDUSDT": 8.899,
  "ZILUSDT": 0.00435,
  "TRUMP/USDCUSDT": 3.378,
  "SUSDT": 0.04868,
  "PNUTUSDT": 0.05129,
  "AWEUSDT": 0.0959,
  "KSMUSDT": 4.823,
  "COLLECTUSDT": 0.07125,
  "XPDUSDT": 1727.73,
  "ONUSDT": 0.09614,
  "CYSUSDT": 0.5207,
  "TURBOUSDT": 0.0011255,
  "TRBUSDT": 15.857,
  "FIL/USDUSDT": 0.977,
  "ORDIUSDT": 2.809,
  "RESOLVUSDT": 0.06133,
  "ACEUSDT": 0.1724,
  "C98USDT": 0.0308,
  "CCUSDT": 0.16023,
  "ARUSDT": 2.035,
  "SKRUSDT": 0.020489,
  "CYBERUSDT": 0.571,
  "FFUSDT": 0.08173,
  "KASUSDT": 0.03213,
  "AVNTUSDT": 0.2043,
  "TOSHIUSDT": 0.0002276,
  "LTC/USDCUSDT": 55.12,
  "AVAX/USDCUSDT": 9.268,
  "ACUUSDT": 0.11353,
  "XNYUSDT": 0.005724,
  "XPTUSDT": 2042.73,
  "BROCCOLI714USDT": 0.01504,
  "IP/USDCUSDT": 1.173,
  "MEMEUSDT": 0.0007289,
  "APEUSDT": 0.1306,
  "ALPINEUSDT": 0.4517,
  "RAVEUSDT": 0.38955,
  "BASUSDT": 0.005178,
  "CFXUSDT": 0.05564,
  "RUNEUSDT": 0.4052,
  "STXUSDT": 0.2671,
  "MIRAUSDT": 0.0932,
  "AIAUSDT": 0.10662,
  "AIXBTUSDT": 0.02169,
  "BCH/USDUSDT": 571.87,
  "LIGHTUSDT": 0.2356,
  "BOMEUSDT": 0.0004403,
  "JTOUSDT": 0.2704,
  "XTZUSDT": 0.399,
  "MASKUSDT": 0.474,
  "BIOUSDT": 0.02449,
  "GRTUSDT": 0.02816,
  "DOLOUSDT": 0.0374,
  "STOUSDT": 0.05603,
  "BREVUSDT": 0.1369,
  "JASMYUSDT": 0.005996,
  "LSKUSDT": 0.1449,
  "EGLDUSDT": 4.828,
  "SPORTFUNUSDT": 0.03754,
  "DEEPUSDT": 0.02952,
  "WLFI/USDCUSDT": 0.1005,
  "LTC/USDUSDT": 55.12,
  "ARKMUSDT": 0.1184,
  "KAITOUSDT": 0.3202,
  "AEROUSDT": 0.3196,
  "HOTUSDT": 0.000393,
  "AIOUSDT": 0.07916,
  "USTCUSDT": 0.00506,
  "BATUSDT": 0.1284,
  "OPENUSDT": 0.1591,
  "ESPORTSUSDT": 0.36836,
  "LISTAUSDT": 0.095,
  "ALICEUSDT": 0.114,
  "MMTUSDT": 0.1322,
  "AUCTIONUSDT": 5.313,
  "SYNUSDT": 0.05131,
  "VICUSDT": 0.05005,
  "MANAUSDT": 0.1025,
  "AXLUSDT": 0.06137,
  "ARB/USDCUSDT": 0.1151,
  "PEOPLEUSDT": 0.0071,
  "IRYSUSDT": 0.03746,
  "BANUSDT": 0.10016,
  "ACTUSDT": 0.01565,
  "PARTIUSDT": 0.10659,
  "METUSDT": 0.2224,
  "1000SATSUSDT": 1.2e-05,
  "WUSDT": 0.02056,
  "NIGHTUSDT": 0.05665,
  "SAPIENUSDT": 0.08841,
  "ZKCUSDT": 0.0979,
  "BEAMXUSDT": 0.002461,
  "HAEDALUSDT": 0.02962,
  "TSLAUSDT": 417.81,
  "UNI/USDUSDT": 3.564,
  "THETAUSDT": 0.2093,
  "FLOWUSDT": 0.04064,
  "NMRUSDT": 8.588,
  "NEAR/USDCUSDT": 1.056,
  "QNTUSDT": 70.08,
  "VANAUSDT": 1.561,
  "CRV/USDCUSDT": 0.2538,
  "SQDUSDT": 0.04097,
  "MAGMAUSDT": 0.10269,
  "PENGU/USDCUSDT": 0.00727,
  "ACHUSDT": 0.007675,
  "RAYSOLUSDT": 0.6257,
  "CUSDT": 0.05822,
  "ALCHUSDT": 0.08391,
  "KAIAUSDT": 0.05813,
  "COINUSDT": 165.55,
  "BTCDOMUSDT": 5072.9,
  "EDUUSDT": 0.1307,
  "KERNELUSDT": 0.06817,
  "RAREUSDT": 0.02045,
  "REZUSDT": 0.003149,
  "KGENUSDT": 0.1674,
  "CHRUSDT": 0.0263,
  "ZORAUSDT": 0.02134,
  "BARDUSDT": 0.8013,
  "4USDT": 0.01009,
  "NEOUSDT": 2.854,
  "BABYUSDT": 0.01411,
  "GMTUSDT": 0.01248,
  "TWTUSDT": 0.5395,
  "SOONUSDT": 0.1849,
  "WCTUSDT": 0.06305,
  "IRUSDT": 0.07651,
  "TOWNSUSDT": 0.004159,
  "TREEUSDT": 0.07355,
  "YFIUSDT": 2891.0,
  "UAIUSDT": 0.2447,
  "IMXUSDT": 0.1709,
  "1INCHUSDT": 0.0955,
  "SKYUSDT": 0.0668,
  "PLUMEUSDT": 0.01092,
  "API3USDT": 0.317,
  "RECALLUSDT": 0.04847,
  "HANAUSDT": 0.0387,
  "XVGUSDT": 0.006137,
  "APRUSDT": 0.09381,
  "HEMIUSDT": 0.01041,
  "2ZUSDT": 0.07845,
  "EDENUSDT": 0.03453,
  "IOUSDT": 0.1084,
  "ZRXUSDT": 0.1099,
  "INUSDT": 0.06455,
  "ANKRUSDT": 0.004672,
  "AVAX/USDUSDT": 9.27,
  "KAVAUSDT": 0.0551,