{
  "BTCUSDT": 64982.9,
  "ETHUSDT": 1890.78,
  "SOLUSDT": 82.03,
  "XRPUSDT": 1.3645,
  "BNBUSDT": 596.92,
  "DOGEUSDT": 0.09261,
  "XAGUSDT": 90.37,
  "BCHUSDT": 491.71,
  "XAUUSDT": 5188.1,
  "HYPEUSDT": 26.88,
  "PAXGUSDT": 5201.3,
  "WLFIUSDT": 0.1135,
  "ZECUSDT": 235.31,
  "TRXUSDT": 0.28651,
  "SUIUSDT": 0.8761,
  "PIPPINUSDT": 0.7914,
  "ASTERUSDT": 0.6941,
  "ADAUSDT": 0.2662,
  "LTCUSDT": 52.61,
  "UNIUSDT": 3.49,
  "LINKUSDT": 8.446,
  "AVAXUSDT": 8.549,
  "1000PEPEUSDT": 0.0039196,
  "ARCUSDT": 0.12539,
  "PUMPUSDT": 0.001722,
  "ENAUSDT": 0.1005,
  "KITEUSDT": 0.27138,
  "NEARUSDT": 0.993,
  "WLDUSDT": 0.3922,
  "AAVEUSDT": 116.58,
  "FILUSDT": 0.902,
  "ENSOUSDT": 2.9212,
  "TRUMPUSDT": 3.399,
  "LITUSDT": 1.438,
  "TAOUSDT": 172.63,
  "DOTUSDT": 1.267,
  "XPLUSDT": 0.0874,
  "ATOMUSDT": 2.031,
  "APTUSDT": 0.8455,
  "BERAUSDT": 0.6227,
  "TONUSDT": 1.2888,
  "ESPUSDT": 0.15892,
  "ZROUSDT": 1.4865,
  "1000SHIBUSDT": 0.005931,
  "HBARUSDT": 0.09674,
  "XLMUSDT": 0.15289,
  "RIVERUSDT": 9.176,
  "ICPUSDT": 2.176,
  "ARBUSDT": 0.0928,
  "AXSUSDT": 1.278,
  "XMRUSDT": 336.41,
  "OPUSDT": 0.1178,
  "WIFUSDT": 0.1955,
  "MONUSDT": 0.02014,
  "CRVUSDT": 0.233,
  "PENGUUSDT": 0.006629,
  "FFUSDT": 0.07791,
  "BARDUSDT": 0.767,
  "FETUSDT": 0.1542,
  "POWERUSDT": 0.7252,
  "POLUSDT": 0.11258,
  "ETCUSDT": 8.352,
  "PARTIUSDT": 0.10883,
  "1000BONKUSDT": 0.005854,
  "VIRTUALUSDT": 0.6645,
  "SIRENUSDT": 0.37412,
  "BANUSDT": 0.1216,
  "IPUSDT": 1.02,
  "ETHFIUSDT": 0.5078,
  "HUSDT": 0.13747,
  "FARTCOINUSDT": 0.1546,
  "BTCDOMUSDT": 5090.0,
  "CHZUSDT": 0.03373,
  "SENTUSDT": 0.02375,
  "INJUSDT": 3.167,
  "ONDOUSDT": 0.2527,
  "DASHUSDT": 33.1,
  "\u5e01\u5b89\u4eba\u751fUSDT": 0.06175,
  "TIAUSDT": 0.3089,
  "SEIUSDT": 0.0673,
  "0GUSDT": 0.6512,
  "ZKUSDT": 0.01996,
  "ZAMAUSDT": 0.0231,
  "KAITOUSDT": 0.3248,
  "JUPUSDT": 0.147,
  "STABLEUSDT": 0.028377,
  "LYNUSDT": 0.3367,
  "PENDLEUSDT": 1.253,
  "CCUSDT": 0.16087,
  "ALCHUSDT": 0.07843,
  "1000RATSUSDT": 0.05025,
  "LDOUSDT": 0.3025,
  "PIEVERSEUSDT": 0.5208,
  "HOMEUSDT": 0.030024,
  "RENDERUSDT": 1.38,
  "MYXUSDT": 0.399,
  "GUAUSDT": 0.21327,
  "ATUSDT": 0.15931,
  "SKYAIUSDT": 0.04085,
  "GUNUSDT": 0.03302,
  "BANANAS31USDT": 0.004591,
  "BULLAUSDT": 0.01952,
  "QUSDT": 0.0206,
  "MORPHOUSDT": 1.7505,
  "CAKEUSDT": 1.2404,
  "UBUSDT": 0.04172,
  "GPSUSDT": 0.010311,
  "NIGHTUSDT": 0.05713,
  "BIOUSDT": 0.02453,
  "ZENUSDT": 5.478,
  "OPNUSDT": 0.5723,
  "SANDUSDT": 0.07978,
  "VVVUSDT": 3.895,
  "HANAUSDT": 0.03569,
  "MUSDT": 1.4308,
  "DUSKUSDT": 0.0895,
  "BTRUSDT": 0.18967,
  "LAUSDT": 0.2499,
  "AZTECUSDT": 0.02473,
  "ALGOUSDT": 0.0848,
  "STRKUSDT": 0.04176,
  "GALAUSDT": 0.00353,
  "USDCUSDT": 0.999634,
  "ZILUSDT": 0.00428,
  "JTOUSDT": 0.2852,
  "TRADOORUSDT": 1.492,
  "SKYUSDT": 0.06605,
  "APEUSDT": 0.1038,
  "ALLOUSDT": 0.10471,
  "SKRUSDT": 0.023111,
  "FOGOUSDT": 0.02937,
  "GIGGLEUSDT": 25.13,
  "XPINUSDT": 0.00157,
  "ROSEUSDT": 0.0127,
  "SYRUPUSDT": 0.21937,
  "METUSDT": 0.1798,
  "AEROUSDT": 0.3269,
  "SOMIUSDT": 0.2355,
  "EIGENUSDT": 0.1923,
  "B2USDT": 0.7387,
  "BEAMXUSDT": 0.001965,
  "\u6211\u8e0f\u9a6c\u6765\u4e86USDT": 0.012267,
  "MSTRUSDT": 126.63,
  "ORCAUSDT": 0.923,
  "PYTHUSDT": 0.05198,
  "COLLECTUSDT": 0.04811,
  "VETUSDT": 0.007188,
  "HUMAUSDT": 0.011726,
  "TSLAUSDT": 409.42,
  "SNXUSDT": 0.364,
  "AVNTUSDT": 0.1796,
  "BUSDT": 0.1258,
  "JELLYJELLYUSDT": 0.06258,
  "ORDIUSDT": 2.387,
  "AWEUSDT": 0.05166,
  "DYDXUSDT": 0.095,
  "MOVEUSDT": 0.02177,
  "NEOUSDT": 2.631,
  "NXPCUSDT": 0.2671,
  "XTZUSDT": 0.371,
  "DEXEUSDT": 3.437,
  "ESPORTSUSDT": 0.32379,
  "LPTUSDT": 2.307,
  "ZKPUSDT": 0.08424,
  "STEEMUSDT": 0.06291,
  "SUSDT": 0.03959,
  "AGLDUSDT": 0.2844,
  "RAVEUSDT": 0.24964,
  "GWEIUSDT": 0.031838,
  "FORMUSDT": 0.1936,
  "COMPUSDT": 18.03,
  "AUCTIONUSDT": 4.908,
  "LINEAUSDT": 0.003009,
  "CYBERUSDT": 0.5489,
  "PNUTUSDT": 0.04528,
  "DENTUSDT": 0.000223,
  "MEUSDT": 0.1177,
  "CYSUSDT": 0.3652,
  "STXUSDT": 0.2439,
  "TRIAUSDT": 0.02016,
  "RESOLVUSDT": 0.06745,
  "STGUSDT": 0.1303,
  "ENSUSDT": 6.081,
  "1000FLOKIUSDT": 0.02842,
  "1000LUNCUSDT": 0.03531,
  "AKEUSDT": 0.0003541,
  "PLUMEUSDT": 0.00937,
  "TRBUSDT": 14.256,
  "WUSDT": 0.01902,
  "VANAUSDT": 1.446,
  "2ZUSDT": 0.07562,
  "BEATUSDT": 0.2199,
  "EULUSDT": 1.02,
  "BANKUSDT": 0.0408,
  "YGGUSDT": 0.04055,
  "HOLOUSDT": 0.06833,
  "SPXUSDT": 0.2992,
  "UAIUSDT": 0.2458,
  "JASMYUSDT": 0.005694,
  "USELESSUSDT": 0.04044,
  "MANAUSDT": 0.0909,
  "EDUUSDT": 0.111,
  "CLOUSDT": 0.0876,
  "INITUSDT": 0.08513,
  "IMXUSDT": 0.1635,
  "ATHUSDT": 0.005115,
  "WCTUSDT": 0.0595,
  "MERLUSDT": 0.04508,
  "ARUSDT": 1.888,
  "TAUSDT": 0.03902,
  "GRTUSDT": 0.02608,
  "NMRUSDT": 7.871,
  "JSTUSDT": 0.045754,
  "OGUSDT": 3.04,
  "QNTUSDT": 64.45,
  "SPACEUSDT": 0.009029,
  "CFXUSDT": 0.04938,
  "MMTUSDT": 0.1224,
  "TAGUSDT": 0.0003735,
  "API3USDT": 0.2891,
  "MOODENGUSDT": 0.0512,
  "COAIUSDT": 0.3075,
  "IOTAUSDT": 0.0666,
  "FLOWUSDT": 0.03546,
  "NAORISUSDT": 0.03301,
  "SPKUSDT": 0.02037,
  "AGTUSDT": 0.004936,
  "ZRXUSDT": 0.104,
  "ZORAUSDT": 0.0195,
  "KSMUSDT": 5.33,
  "1INCHUSDT": 0.0899,
  "BIRBUSDT": 0.16301,
  "KAIAUSDT": 0.05399,
  "SFPUSDT": 0.2525,
  "4USDT": 0.00788,
  "LIGHTUSDT": 0.2211,
  "RUNEUSDT": 0.3966,
  "FIGHTUSDT": 0.007614,
  "THETAUSDT": 0.1822,
  "LRCUSDT": 0.03293,
  "COWUSDT": 0.216,
  "AXLUSDT": 0.05326,
  "NEIROUSDT": 6.78e-05,
  "IOUSDT": 0.1121,
  "SIGNUSDT": 0.02361,
  "ARKMUSDT": 0.1078,
  "BREVUSDT": 0.1317,
  "KERNELUSDT": 0.08244,
  "FHEUSDT": 0.02952,
  "LUNA2USDT": 0.06182,
  "IDOLUSDT": 0.02336,
  "YFIUSDT": 2675.0,
  "KASUSDT": 0.0293,
  "OPENUSDT": 0.1512,
  "PTBUSDT": 0.001258,
  "EGLDUSDT": 4.364,
  "GASUSDT": 1.575,
  "SAHARAUSDT": 0.01571,
  "KGENUSDT": 0.18568,
  "ANIMEUSDT": 0.004766,
  "PROVEUSDT": 0.2965,
  "RPLUSDT": 1.922,
  "BSVUSDT": 15.93,
  "XNYUSDT": 0.005246,
  "AIAUSDT": 0.08591,
  "BLUAIUSDT": 0.005195,
  "VELVETUSDT": 0.08587,
  "TWTUSDT": 0.5081,
  "AUSDT": 0.0808,
  "TNSRUSDT": 0.04818,
  "ACTUSDT": 0.01376,
  "AVAAIUSDT": 0.00748,
  "UMAUSDT": 0.4583,
  "GRASSUSDT": 0.1883,
  "MINAUSDT": 0.05716,
  "GMTUSDT": 0.01113,
  "BATUSDT": 0.1194,
  "XPTUSDT": 2291.57,
  "MAGICUSDT": 0.06366,
  "VELODROMEUSDT": 0.01533,
  "PEOPLEUSDT": 0.0063,
  "STOUSDT": 0.05956,
  "BOMEUSDT": 0.000383,
  "DAMUSDT": 0.02749,
  "FOLKSUSDT": 1.195,
  "AIOUSDT": 0.07507,
  "TSTUSDT": 0.00945,
  "MEGAUSDT": 0.12963,
  "NOMUSDT": 0.004559,
  "POPCATUSDT": 0.048,
  "BABYUSDT": 0.01261,
  "ZBTUSDT": 0.07241,
  "SOPHUSDT": 0.009042,
  "MANTAUSDT": 0.06417,
  "AINUSDT": 0.04208,
  "TURBOUSDT": 0.0009916,
  "CATIUSDT": 0.03849,
  "ACHUSDT": 0.007009,
  "SUSHIUSDT": 0.1964,
  "YBUSDT": 0.1558,
  "ZKCUSDT": 0.086,
  "SWARMSUSDT": 0.00674,
  "TUTUSDT": 0.00972,
  "SUPERUSDT": 0.1115,
  "FUSDT": 0.005607,
  "LAYERUSDT": 0.0824,
  "CRCLUSDT": 62.63,
  "GLMUSDT": 0.14952,
  "MASKUSDT": 0.4216,
  "XVGUSDT": 0.005887,
  "SOONUSDT": 0.1663,
  "STORJUSDT": 0.0957,
  "BLURUSDT": 0.01967,
  "ONTUSDT": 0.0417,
  "MEMEUSDT": 0.0006351,
  "SAPIENUSDT": 0.08905,
  "CVXUSDT": 1.797,
  "NILUSDT": 0.04665,
  "AIXBTUSDT": 0.01939,
  "RAREUSDT": 0.01839,
  "INUSDT": 0.06672,
  "ASRUSDT": 1.359,
  "ICNTUSDT": 0.38,
  "TRUTHUSDT": 0.009507,
  "SONICUSDT": 0.04728,
  "ARPAUSDT": 0.00964,
  "C98USDT": 0.0259,
  "ENJUSDT": 0.02038,
  "ALTUSDT": 0.00746,
  "SXTUSDT": 0.02201,
  "SUNUSDT": 0.016478,
  "DRIFTUSDT": 0.0842,
  "EDENUSDT": 0.03282,
  "BELUSDT": 0.0994,
  "ANKRUSDT": 0.004287,
  "RAYSOLUSDT": 0.6005,
  "SOLVUSDT": 0.00432,
  "KMNOUSDT": 0.02268,
  "ERAUSDT": 0.1437,
  "MUBARAKUSDT": 0.01391,
  "TAKEUSDT": 0.02038,
  "CTSIUSDT": 0.0243,
  "KOMAUSDT": 0.0077,
  "MELANIAUSDT": 0.1126,
  "WETUSDT": 0.08871,
  "PROMPTUSDT": 0.04531,
  "CELOUSDT": 0.074,
  "DEGOUSDT": 0.3215,
  "THEUSDT": 0.2427,
  "MIRAUSDT": 0.0874,
  "SANTOSUSDT": 1.493,
  "RSRUSDT": 0.001479,
  "GMXUSDT": 6.584,
  "POLYXUSDT": 0.04156,
  "HYPERUSDT": 0.0934,
  "FRAXUSDT": 0.6369,