{
  "BTCUSDT": 68292.5,
  "ETHUSDT": 1944.76,
  "SOLUSDT": 83.1,
  "ETH/USDCUSDT": 1940.39,
  "BTC/USDCUSDT": 67365.7,
  "XRPUSDT": 1.3844,
  "OPNUSDT": 0.6577,
  "AGLDUSDT": 0.3816,
  "PIPPINUSDT": 0.61826,
  "BTC/USDUSDT": 68172.3,
  "DOGEUSDT": 0.09487,
  "ENSOUSDT": 1.9294,
  "BCHUSDT": 569.45,
  "ZECUSDT": 242.93,
  "BNBUSDT": 611.66,
  "XAUUSDT": 5131.11,
  "1000PEPEUSDT": 0.0040093,
  "ETH/USDUSDT": 1959.42,
  "SIRENUSDT": 0.26263,
  "KITEUSDT": 0.2546,
  "AZTECUSDT": 0.03134,
  "SOL/USDCUSDT": 83.06,
  "WLFIUSDT": 0.1149,
  "XAGUSDT": 85.2,
  "RAVEUSDT": 0.68657,
  "HYPEUSDT": 28.891,
  "ARCUSDT": 0.09176,
  "ADAUSDT": 0.2692,
  "RIVERUSDT": 8.01,
  "AVAXUSDT": 8.802,
  "SUIUSDT": 0.9166,
  "POWERUSDT": 0.44456,
  "ESPUSDT": 0.07404,
  "SPACEUSDT": 0.009882,
  "PAXGUSDT": 5152.53,
  "INJUSDT": 3.535,
  "YGGUSDT": 0.04706,
  "LINKUSDT": 8.622,
  "CYBERUSDT": 0.5886,
  "ENAUSDT": 0.1001,
  "FILUSDT": 0.92,
  "OPUSDT": 0.122,
  "ASTERUSDT": 0.6959,
  "SNXUSDT": 0.406,
  "\u5e01\u5b89\u4eba\u751fUSDT": 0.06578,
  "BERAUSDT": 0.5699,
  "MYXUSDT": 0.856,
  "LTCUSDT": 53.09,
  "BIOUSDT": 0.0263,
  "DOTUSDT": 1.306,
  "TAOUSDT": 172.38,
  "UNIUSDT": 3.439,
  "AXSUSDT": 1.279,
  "NAORISUSDT": 0.04415,
  "XRP/USDCUSDT": 1.3838,
  "VVVUSDT": 3.941,
  "ETCUSDT": 8.504,
  "BELUSDT": 0.1159,
  "NEARUSDT": 1.006,
  "SAPIENUSDT": 0.09706,
  "AAVEUSDT": 117.42,
  "ZROUSDT": 1.6447,
  "VTHOUSDT": 0.0006103,
  "XLMUSDT": 0.15455,
  "ZAMAUSDT": 0.02102,
  "TRUMPUSDT": 3.364,
  "PUMPUSDT": 0.002017,
  "TRXUSDT": 0.29033,
  "SOL/USDUSDT": 82.55,
  "ARBUSDT": 0.0936,
  "WLDUSDT": 0.3821,
  "APTUSDT": 0.8289,
  "OMUSDT": 0.06689,
  "1000SHIBUSDT": 0.006146,
  "ORCAUSDT": 0.998,
  "WIFUSDT": 0.2101,
  "JTOUSDT": 0.2988,
  "ALLOUSDT": 0.10816,
  "ICPUSDT": 2.127,
  "DOGE/USDUSDT": 0.09484,
  "HBARUSDT": 0.09711,
  "FARTCOINUSDT": 0.1745,
  "XRP/USDUSDT": 1.3774,
  "DASHUSDT": 32.83,
  "BNB/USDCUSDT": 611.66,
  "XMRUSDT": 323.4,
  "BNB/USDUSDT": 613.61,
  "0GUSDT": 0.636,
  "1000BONKUSDT": 0.006046,
  "PENGUUSDT": 0.006515,
  "DUSKUSDT": 0.08434,
  "DOGE/USDCUSDT": 0.09484,
  "ARPAUSDT": 0.01058,
  "PLAYUSDT": 0.02174,
  "XPLUSDT": 0.0893,
  "COWUSDT": 0.2176,
  "VIRTUALUSDT": 0.6158,
  "SOMIUSDT": 0.2102,
  "BCH/USDCUSDT": 568.97,
  "AWEUSDT": 0.05244,
  "SENTUSDT": 0.02128,
  "TRADOORUSDT": 1.496,
  "ATUSDT": 0.1701,
  "TONUSDT": 1.333,
  "CRVUSDT": 0.227,
  "ETH/BTCUSDT": 1940.9656323,
  "INITUSDT": 0.08793,
  "CHZUSDT": 0.03434,
  "ATOMUSDT": 2.238,
  "APRUSDT": 0.10281,
  "LYNUSDT": 0.30156,
  "\u6211\u8e0f\u9a6c\u6765\u4e86USDT": 0.014636,
  "STABLEUSDT": 0.028848,
  "ONDOUSDT": 0.2594,
  "GALAUSDT": 0.00361,
  "LITUSDT": 1.439,
  "POLUSDT": 0.10571,
  "BTRUSDT": 0.19922,
  "RENDERUSDT": 1.39,
  "TIAUSDT": 0.3096,
  "ZEC/USDCUSDT": 242.84,
  "FETUSDT": 0.1578,
  "SEIUSDT": 0.0684,
  "MORPHOUSDT": 1.6001,
  "OLUSDT": 0.01263,
  "HUSDT": 0.16322,
  "STGUSDT": 0.1428,
  "CLOUSDT": 0.08744,
  "ZILUSDT": 0.00403,
  "TRIAUSDT": 0.01477,
  "IPUSDT": 1.066,
  "COLLECTUSDT": 0.04331,
  "MONUSDT": 0.01976,
  "FLOCKUSDT": 0.06119,
  "SANDUSDT": 0.08074,
  "EULUSDT": 0.94,
  "ROSEUSDT": 0.01276,
  "NXPCUSDT": 0.2706,
  "BANUSDT": 0.13026,
  "LDOUSDT": 0.3071,
  "JUPUSDT": 0.1495,
  "1000PEPE/USDCUSDT": 0.0040078,
  "VANAUSDT": 1.499,
  "USELESSUSDT": 0.03742,
  "NOMUSDT": 0.00482,
  "TAKEUSDT": 0.02675,
  "BULLAUSDT": 0.02742,
  "ALGOUSDT": 0.0861,
  "PENDLEUSDT": 1.1818,
  "LINEAUSDT": 0.003343,
  "ORDIUSDT": 2.477,
  "BEATUSDT": 0.2302,
  "MOODENGUSDT": 0.05338,
  "SPORTFUNUSDT": 0.04028,
  "RONINUSDT": 0.0986,
  "GPSUSDT": 0.013015,
  "AGTUSDT": 0.005559,
  "LAUSDT": 0.2079,
  "SUI/USDCUSDT": 0.916,
  "EIGENUSDT": 0.1783,
  "APEUSDT": 0.1054,
  "MAGMAUSDT": 0.11088,
  "FOGOUSDT": 0.02562,
  "NEIROUSDT": 6.9e-05,
  "HUMAUSDT": 0.012049,
  "ENSUSDT": 6.291,
  "BARDUSDT": 0.7865,
  "CAKEUSDT": 1.2796,
  "GIGGLEUSDT": 27.61,
  "GWEIUSDT": 0.030312,
  "PTBUSDT": 0.00131,
  "1000FLOKIUSDT": 0.02894,
  "BCH/USDUSDT": 569.04,
  "VETUSDT": 0.00743,
  "ADA/USDUSDT": 0.2692,
  "IDOLUSDT": 0.02489,
  "ADA/USDCUSDT": 0.2691,
  "ZENUSDT": 5.65,
  "TRUTHUSDT": 0.009432,
  "KSMUSDT": 4.747,
  "WLFI/USDCUSDT": 0.1147,
  "COMPUSDT": 17.5,
  "ETHFIUSDT": 0.4424,
  "ENA/USDCUSDT": 0.1,
  "ZKUSDT": 0.01916,
  "MEUSDT": 0.1229,
  "RPLUSDT": 2.19,
  "AVAX/USDCUSDT": 8.798,
  "ZKPUSDT": 0.08492,
  "MERLUSDT": 0.04939,
  "FIGHTUSDT": 0.006675,
  "FLOWUSDT": 0.03697,
  "SPXUSDT": 0.3024,
  "BIRBUSDT": 0.16118,
  "CYSUSDT": 0.3972,
  "ZORAUSDT": 0.01992,
  "AEROUSDT": 0.3126,
  "C98USDT": 0.0269,
  "RESOLVUSDT": 0.065,
  "MUSDT": 1.3559,
  "JELLYJELLYUSDT": 0.06475,
  "STRKUSDT": 0.04318,
  "PARTIUSDT": 0.10861,
  "STOUSDT": 0.05796,
  "ACUUSDT": 0.10676,
  "MOCAUSDT": 0.01653,
  "SUSDT": 0.04128,
  "IOTAUSDT": 0.0678,
  "HOMEUSDT": 0.0299,
  "LINK/USDCUSDT": 8.619,
  "DYDXUSDT": 0.094,
  "LIGHTUSDT": 0.2411,
  "BREVUSDT": 0.1278,
  "TRBUSDT": 14.519,
  "TURBOUSDT": 0.0009971,
  "FIDAUSDT": 0.01597,
  "DUSDT": 0.00769,
  "IOUSDT": 0.1109,
  "ARUSDT": 1.965,
  "INXUSDT": 0.011872,
  "ATHUSDT": 0.005264,
  "KASUSDT": 0.03012,
  "GUNUSDT": 0.02855,
  "QUSDT": 0.021966,
  "PNUTUSDT": 0.04586,
  "XNYUSDT": 0.00444,
  "NIGHTUSDT": 0.05824,
  "DOLOUSDT": 0.04,
  "GRTUSDT": 0.02656,
  "KGENUSDT": 0.17863,
  "CCUSDT": 0.15964,
  "MUBARAKUSDT": 0.01461,
  "MANAUSDT": 0.0938,
  "LTC/USDCUSDT": 53.06,
  "FIL/USDCUSDT": 0.919,
  "FRAXUSDT": 0.6288,
  "XTZUSDT": 0.376,
  "PYTHUSDT": 0.05165,
  "SYRUPUSDT": 0.22103,
  "PROMUSDT": 1.293,
  "WCTUSDT": 0.05934,
  "IOTXUSDT": 0.00436,
  "SUI/USDUSDT": 0.9162,
  "BOMEUSDT": 0.0003879,
  "AIOUSDT": 0.08114,
  "STXUSDT": 0.2423,
  "SKRUSDT": 0.018942,
  "1000LUNCUSDT": 0.03524,
  "TAGUSDT": 0.0004102,
  "ZETAUSDT": 0.05322,
  "LINK/USDUSDT": 8.621,
  "AVNTUSDT": 0.1797,
  "STEEMUSDT": 0.04834,
  "CHRUSDT": 0.0199,
  "BIO/USDCUSDT": 0.02628,
  "WOOUSDT": 0.0175,
  "MOVEUSDT": 0.02263,
  "GUAUSDT": 0.16536,
  "CETUSUSDT": 0.01644,
  "BASUSDT": 0.005025,
  "FOLKSUSDT": 1.245,
  "KAIAUSDT": 0.05513,
  "JASMYUSDT": 0.005568,
  "WUSDT": 0.01879,
  "PROVEUSDT": 0.2909,
  "FHEUSDT": 0.03824,
  "RECALLUSDT": 0.05405,
  "SIGNUSDT": 0.02403,
  "TNSRUSDT": 0.04645,
  "CFXUSDT": 0.05057,
  "ARB/USDCUSDT": 0.0936,
  "AUCTIONUSDT": 4.893,
  "CTSIUSDT": 0.0242,
  "ACHUSDT": 0.007266,
  "MAGICUSDT": 0.06642,
  "BIGTIMEUSDT": 0.01485,
  "LPTUSDT": 2.252,
  "IRYSUSDT": 0.02069,
  "HMSTRUSDT": 0.000175,
  "SPKUSDT": 0.0206,
  "PLUMEUSDT": 0.00958,
  "MMTUSDT": 0.1235,
  "OGUSDT": 3.226,
  "UBUSDT": 0.03403,
  "KAITOUSDT": 0.295,
  "ZKCUSDT": 0.0856,
  "DEXEUSDT": 2.583,
  "CARVUSDT": 0.0635,
  "ARKMUSDT": 0.1075,
  "IMXUSDT": 0.1582,
  "IRUSDT": 0.09152,
  "THETAUSDT": 0.1916,
  "FFUSDT": 0.07823,
  "METUSDT": 0.1976,
  "EDUUSDT": 0.1224,
  "MEMEUSDT": 0.0006603,
  "RUNEUSDT": 0.3991,
  "AVAX/USDUSDT": 8.79,
  "SUSHIUSDT": 0.1985,
  "INUSDT": 0.06204,
  "GMTUSDT": 0.01152,
  "LUNA2USDT": 0.06152,
  "UNI/USDUSDT": 3.438,
  "AXLUSDT": 0.05281,
  "PEOPLEUSDT": 0.00642,
  "OP/USDUSDT": 0.1216,
  "QNTUSDT": 64.2,
  "LTC/USDUSDT": 53.07,
  "AAVE/USDCUSDT": 117.33,
  "BANANAS31USDT": 0.004642,
  "BBUSDT": 0.02812,
  "OPENUSDT": 0.1501,
  "AIXBTUSDT": 0.01893,
  "EGLDUSDT": 4.415,
  "ANIMEUSDT": 0.004893,
  "COAIUSDT": 0.311,
  "AIAUSDT": 0.09893,
  "TSLAUSDT": 411.36,
  "FIL/USDUSDT": 0.92,
  "MINAUSDT": 0.0601,
  "SUPERUSDT": 0.1133,
  "SOONUSDT": 0.163,
  "PROMPTUSDT": 0.04545,
  "NEAR/USDCUSDT": 1.006,
  "HANAUSDT": 0.03704,
  "NILUSDT": 0.04916,
  "XLM/USDUSDT": 0.15441,
  "BEAMXUSDT": 0.00211,
  "1INCHUSDT": 0.0907,
  "SLPUSDT": 0.0006208,
  "PIEVERSEUSDT": 0.4119,
  "MASKUSDT": 0.4282,
  "4USDT": 0.0083,
  "MANTAUSDT": 0.06588,
  "DRIFTUSDT": 0.0859,
  "BLUAIUSDT": 0.005207,
  "UAIUSDT": 0.2402,
  "WETUSDT": 0.08038,
  "GLMUSDT": 0.16267,
  "ESPORTSUSDT": 0.34253,
  "LRCUSDT": 0.03291,
  "BTCDOMUSDT": 5160.1,
  "RSRUSDT": 0.001434,
  "SKYUSDT": 0.06449,
  "NEOUSDT": 2.665,
  "MIRAUSDT": 0.0816,
  "CRV/USDCUSDT": 0.2272,
  "POPCATUSDT": 0.04871,
  "1000SHIB/USDCUSDT": 0.00614,