{
  "MOODENGUSDT": 0.06285,
  "GOATUSDT": 0.02559,
  "PNUTUSDT": 0.05501,
  "BTRUSDT": 0.21314,
  "SPACEUSDT": 0.012357,
  "\u6211\u8e0f\u9a6c\u6765\u4e86USDT": 0.027002,
  "COAIUSDT": 0.4384,
  "BRETTUSDT": 0.0085,
  "CELRUSDT": 0.00273,
  "ETHFIUSDT": 0.5003,
  "AEVOUSDT": 0.02845,
  "BROCCOLI714USDT": 0.01609,
  "PENGU/USDCUSDT": 0.007861,
  "XRP/USDUSDT": 1.4955,
  "SUI/USDCUSDT": 1.0242,
  "ZEC/USDCUSDT": 295.55,
  "VVVUSDT": 2.976,
  "WIFUSDT": 0.2519,
  "1000000MOGUSDT": 0.1875,
  "BCH/USDCUSDT": 565.0
}