{
  "BTCUSDT": 69913.7,
  "ETHUSDT": 2082.0,
  "SOLUSDT": 87.66,
  "XRPUSDT": 1.495,
  "BNBUSDT": 630.28,
  "DOGEUSDT": 0.11038,
  "BCHUSDT": 564.72,
  "HYPEUSDT": 31.535,
  "PAXGUSDT": 5023.48,
  "ZECUSDT": 323.15,
  "XAGUSDT": 77.44,
  "XAUUSDT": 5035.83,
  "SUIUSDT": 1.0247,
  "TRXUSDT": 0.28239,
  "1000PEPEUSDT": 0.0047417,
  "ASTERUSDT": 0.727,
  "ADAUSDT": 0.2965,
  "LINKUSDT": 9.128,
  "LTCUSDT": 56.12,
  "PIPPINUSDT": 0.71926,
  "AVAXUSDT": 9.602,
  "UNIUSDT": 3.659,
  "PUMPUSDT": 0.002308,
  "ENAUSDT": 0.128,
  "AAVEUSDT": 129.45,
  "NEARUSDT": 1.089,
  "WLFIUSDT": 0.1068,
  "LITUSDT": 1.69,
  "WLDUSDT": 0.4313,
  "KITEUSDT": 0.19933,
  "TRUMPUSDT": 3.59,
  "FILUSDT": 1.024,
  "XPLUSDT": 0.1024,
  "ARCUSDT": 0.07923,
  "TAOUSDT": 189.27,
  "ZROUSDT": 1.8967,
  "HUSDT": 0.2018,
  "DOTUSDT": 1.418,
  "1000SHIBUSDT": 0.00698,
  "TONUSDT": 1.5044,
  "RIVERUSDT": 14.849,
  "APTUSDT": 0.9898,
  "HBARUSDT": 0.10383,
  "BERAUSDT": 0.6877,
  "ATOMUSDT": 2.191,
  "XLMUSDT": 0.17373,
  "XMRUSDT": 362.62,
  "AXSUSDT": 1.488,
  "ARBUSDT": 0.1205,
  "MONUSDT": 0.02385,
  "WIFUSDT": 0.2518,
  "ICPUSDT": 2.571,
  "FARTCOINUSDT": 0.2148,
  "DASHUSDT": 41.12,
  "PENGUUSDT": 0.007928,
  "CRVUSDT": 0.267,
  "FETUSDT": 0.1825,
  "1000BONKUSDT": 0.007104,
  "IPUSDT": 1.174,
  "FFUSDT": 0.08274,
  "ETCUSDT": 8.966,
  "\u5e01\u5b89\u4eba\u751fUSDT": 0.11042,
  "BARDUSDT": 0.8165,
  "OPUSDT": 0.198,
  "BTRUSDT": 0.2034,
  "CHZUSDT": 0.04352,
  "POLUSDT": 0.1086,
  "VIRTUALUSDT": 0.6857,
  "PARTIUSDT": 0.10861,
  "TIAUSDT": 0.3589,
  "SENTUSDT": 0.02325,
  "ONDOUSDT": 0.2924,
  "BTCDOMUSDT": 5030.3,
  "JUPUSDT": 0.165,
  "ZKUSDT": 0.02332,
  "ETHFIUSDT": 0.502,
  "SPACEUSDT": 0.012283,
  "SEIUSDT": 0.078,
  "ZAMAUSDT": 0.02111,
  "0GUSDT": 0.6276,
  "ZENUSDT": 6.757,
  "LDOUSDT": 0.3618,
  "CCUSDT": 0.16748,
  "PENDLEUSDT": 1.2945,
  "BANUSDT": 0.09179,
  "ALCHUSDT": 0.08546,
  "INJUSDT": 3.284,
  "RENDERUSDT": 1.53,
  "SKYUSDT": 0.06959,
  "UBUSDT": 0.04652,
  "KAITOUSDT": 0.333,
  "ENSOUSDT": 1.1581,
  "ATUSDT": 0.16079,
  "\u6211\u8e0f\u9a6c\u6765\u4e86USDT": 0.027119,
  "BANANAS31USDT": 0.004993,
  "OMUSDT": 0.06044,
  "1000RATSUSDT": 0.04913,
  "STABLEUSDT": 0.023397,
  "OGUSDT": 5.052,
  "SANDUSDT": 0.09201,
  "CYSUSDT": 0.4899,
  "GIGGLEUSDT": 34.02,
  "NIGHTUSDT": 0.05945,
  "HANAUSDT": 0.03832,
  "POWERUSDT": 0.26696,
  "STRKUSDT": 0.05194,
  "PYTHUSDT": 0.05855,
  "QUSDT": 0.02055,
  "AWEUSDT": 0.09111,
  "ROSEUSDT": 0.01326,
  "MSTRUSDT": 135.13,
  "DUSKUSDT": 0.10829,
  "COMPUSDT": 20.29,
  "HOMEUSDT": 0.027575,
  "SKYAIUSDT": 0.03906,
  "CAKEUSDT": 1.3468,
  "PIEVERSEUSDT": 0.4408,
  "ALGOUSDT": 0.0999,
  "TRADOORUSDT": 1.387,
  "METUSDT": 0.2289,
  "USDCUSDT": 0.999939,
  "GPSUSDT": 0.011687,
  "MYXUSDT": 2.328,
  "ZILUSDT": 0.00457,
  "GALAUSDT": 0.0043,
  "AVNTUSDT": 0.2132,
  "BEATUSDT": 0.3298,
  "LYNUSDT": 0.22103,
  "ENSUSDT": 6.871,
  "SUSDT": 0.05125,
  "LINEAUSDT": 0.003948,
  "MORPHOUSDT": 1.3753,
  "MUSDT": 1.3519,
  "AUCTIONUSDT": 5.451,
  "ESPUSDT": 0.05995,
  "GUNUSDT": 0.02498,
  "BUSDT": 0.1491,
  "EIGENUSDT": 0.2191,
  "B2USDT": 0.72,
  "VVVUSDT": 2.997,
  "VETUSDT": 0.008737,
  "SIRENUSDT": 0.14924,
  "MEUSDT": 0.1542,
  "BEAMXUSDT": 0.002492,
  "AEROUSDT": 0.3295,
  "PNUTUSDT": 0.05495,
  "XTZUSDT": 0.422,
  "BIRBUSDT": 0.20312,
  "DYDXUSDT": 0.112,
  "LAUSDT": 0.2244,
  "BIOUSDT": 0.02606,
  "SYRUPUSDT": 0.284,
  "FORMUSDT": 0.23,
  "XPINUSDT": 0.001636,
  "MOODENGUSDT": 0.06145,
  "HUMAUSDT": 0.013505,
  "ZKPUSDT": 0.09483,
  "COLLECTUSDT": 0.07028,
  "MOVEUSDT": 0.02432,
  "TAKEUSDT": 0.0438,
  "TSLAUSDT": 417.82,
  "NEOUSDT": 2.932,
  "1000LUNCUSDT": 0.03475,
  "RESOLVUSDT": 0.06228,
  "LPTUSDT": 2.509,
  "ORDIUSDT": 2.967,
  "JELLYJELLYUSDT": 0.05785,
  "BULLAUSDT": 0.02432,
  "AIAUSDT": 0.12876,
  "RAVEUSDT": 0.37813,
  "COAIUSDT": 0.4379,
  "LRCUSDT": 0.03429,
  "1000FLOKIUSDT": 0.0345,
  "SOMIUSDT": 0.1985,
  "NXPCUSDT": 0.2892,
  "FOGOUSDT": 0.02317,
  "GUAUSDT": 0.14294,
  "STXUSDT": 0.2769,
  "ESPORTSUSDT": 0.35273,
  "COWUSDT": 0.221,
  "ATHUSDT": 0.006524,
  "JTOUSDT": 0.2849,
  "FHEUSDT": 0.0411,
  "STGUSDT": 0.1644,
  "MERLUSDT": 0.05936,
  "VANAUSDT": 1.63,
  "PLUMEUSDT": 0.01177,
  "ALLOUSDT": 0.08269,
  "TRBUSDT": 16.647,
  "CLOUSDT": 0.08523,
  "TRIAUSDT": 0.02068,
  "XNYUSDT": 0.006384,
  "WCTUSDT": 0.06655,
  "SPXUSDT": 0.3539,
  "BANKUSDT": 0.04077,
  "ARUSDT": 2.142,
  "API3USDT": 0.3249,
  "EDUUSDT": 0.1313,
  "2ZUSDT": 0.0815,
  "NMRUSDT": 8.813,
  "JASMYUSDT": 0.006262,
  "CFXUSDT": 0.05712,
  "WUSDT": 0.0216,
  "QNTUSDT": 75.3,
  "XVGUSDT": 0.006568,
  "FLOWUSDT": 0.04475,
  "4USDT": 0.01081,
  "GWEIUSDT": 0.027349,
  "MANAUSDT": 0.1077,
  "LIGHTUSDT": 0.2601,
  "EULUSDT": 1.04,
  "MUBARAKUSDT": 0.01914,
  "AZTECUSDT": 0.02388,
  "ZKCUSDT": 0.1012,
  "ACTUSDT": 0.0159,
  "APEUSDT": 0.1348,
  "UAIUSDT": 0.2446,
  "IRYSUSDT": 0.04363,
  "BREVUSDT": 0.1505,
  "KAIAUSDT": 0.05922,
  "SFPUSDT": 0.2859,
  "NEIROUSDT": 8.27e-05,
  "THETAUSDT": 0.2221,
  "TAUSDT": 0.03665,
  "TAGUSDT": 0.0003754,
  "GRTUSDT": 0.0291,
  "IOTAUSDT": 0.0726,
  "MMTUSDT": 0.1402,
  "BOMEUSDT": 0.0004575,
  "1INCHUSDT": 0.0997,
  "IMXUSDT": 0.1743,
  "TNSRUSDT": 0.05669,
  "ZORAUSDT": 0.02199,
  "JSTUSDT": 0.041465,
  "EGLDUSDT": 5.304,
  "ZRXUSDT": 0.1154,
  "AGTUSDT": 0.004901,
  "RUNEUSDT": 0.4237,
  "C98USDT": 0.0321,
  "SPKUSDT": 0.02266,
  "SKRUSDT": 0.024056,
  "FRAXUSDT": 0.6564,
  "TSTUSDT": 0.01178,
  "FOLKSUSDT": 1.455,
  "GRASSUSDT": 0.2163,
  "AXLUSDT": 0.0632,
  "YFIUSDT": 2886.0,
  "ANIMEUSDT": 0.005846,
  "BSVUSDT": 17.54,
  "SNXUSDT": 0.312,
  "NOMUSDT": 0.0057,
  "POPCATUSDT": 0.05982,
  "FUSDT": 0.006487,
  "MEGAUSDT": 0.12943,
  "PROVEUSDT": 0.3346,
  "FIGHTUSDT": 0.006703,
  "PTBUSDT": 0.001378,
  "TWTUSDT": 0.5325,
  "MANTAUSDT": 0.07993,
  "AUSDT": 0.0902,
  "PEOPLEUSDT": 0.00742,
  "ARKMUSDT": 0.1263,
  "NILUSDT": 0.05595,
  "MINAUSDT": 0.0692,
  "KASUSDT": 0.03345,
  "ACHUSDT": 0.008075,
  "NAORISUSDT": 0.03365,
  "TURBOUSDT": 0.0012056,
  "GASUSDT": 1.72,
  "KGENUSDT": 0.17988,
  "BLUAIUSDT": 0.006065,
  "TUTUSDT": 0.01205,
  "GMTUSDT": 0.01325,
  "ICNTUSDT": 0.4552,
  "YBUSDT": 0.1832,
  "SAHARAUSDT": 0.01678,
  "SIGNUSDT": 0.02892,
  "SOPHUSDT": 0.010156,
  "BATUSDT": 0.1371,
  "MAGICUSDT": 0.07178,
  "AVAAIUSDT": 0.00811,
  "ONUSDT": 0.10894,
  "CYBERUSDT": 0.5975,
  "BASUSDT": 0.006544,
  "MEMEUSDT": 0.0007742,
  "OPENUSDT": 0.1753,
  "SWARMSUSDT": 0.00781,
  "LAYERUSDT": 0.0951,
  "DEEPUSDT": 0.02901,
  "CATIUSDT": 0.04331,
  "BABYUSDT": 0.01412,
  "ZBTUSDT": 0.07435,
  "SOONUSDT": 0.1937,
  "SANTOSUSDT": 1.922,
  "AKEUSDT": 0.0003031,
  "BLURUSDT": 0.0223,
  "BROCCOLI714USDT": 0.01556,
  "TRUTHUSDT": 0.01512,
  "SONICUSDT": 0.05059,
  "SUPERUSDT": 0.1337,
  "AIXBTUSDT": 0.02319,
  "YGGUSDT": 0.0435,
  "IOUSDT": 0.1132,
  "CELOUSDT": 0.089,
  "LUNA2USDT": 0.06452,
  "SUSHIUSDT": 0.2189,
  "ONTUSDT": 0.0483,
  "AIOUSDT": 0.0795,
  "THEUSDT": 0.274,
  "SOLVUSDT": 0.00512,
  "INUSDT": 0.06678,
  "TOSHIUSDT": 0.0002489,
  "ALTUSDT": 0.0091,
  "GLMUSDT": 0.19797,
  "SUNUSDT": 0.017469,
  "CTSIUSDT": 0.0281,
  "SYNUSDT": 0.04929,
  "STOUSDT": 0.05698,
  "VELODROMEUSDT": 0.01523,
  "IDOLUSDT": 0.02026,
  "XPTUSDT": 2068.34,
  "USELESSUSDT": 0.03944,
  "MASKUSDT": 0.4865,
  "ZEREBROUSDT": 0.00877,
  "DYMUSDT": 0.04747,
  "WALUSDT": 0.0882,
  "IDUSDT": 0.05555,
  "INITUSDT": 0.07092,
  "ASRUSDT": 1.456,
  "RAREUSDT": 0.02047,
  "SKLUSDT": 0.00725,
  "QTUMUSDT": 1.025,
  "HYPERUSDT": 0.1071,
  "CVXUSDT": 2.009,
  "MELANIAUSDT": 0.1235,
  "KERNELUSDT": 0.06823,
  "RSRUSDT": 0.001678,
  "ANKRUSDT": 0.004783,
  "VELVETUSDT": 0.08208,
  "HEMIUSDT": 0.01055,
  "ERAUSDT": 0.1656,
  "STBLUSDT": 0.0412,
  "BANANAUSDT": 4.907,
  "KAVAUSDT": 0.0579,
  "GUSDT": 0.00415,
  "EDENUSDT": 0.03445,
  "LISTAUSDT": 0.0966,
  "DEXEUSDT": 2.411,
  "AINUSDT": 0.0355,
  "ORCAUSDT": 0.823,
  "KMNOUSDT": 0.03076,
  "NOTUSDT": 0.0004299,
  "ARPAUSDT": 0.01047,
  "POLYXUSDT": 0.04743,
  "SAPIENUSDT": 0.09328,
  "RAYSOLUSDT": 0.6592,