{
  "BTCUSDT": 69984.5,
  "ETHUSDT": 2106.03,
  "BTC/USDCUSDT": 69746.1,
  "SOLUSDT": 87.39,
  "ETH/USDCUSDT": 2085.99,
  "XRPUSDT": 1.468,
  "PIPPINUSDT": 0.64724,
  "ZECUSDT": 284.59,
  "BTC/USDUSDT": 70481.6,
  "RIVERUSDT": 13.544,
  "DOGEUSDT": 0.10405,
  "XAGUSDT": 77.42,
  "BNBUSDT": 634.71,
  "XAUUSDT": 5036.82,
  "ETH/USDUSDT": 2105.13,
  "SPACEUSDT": 0.010814,
  "TAOUSDT": 192.15,
  "HYPEUSDT": 31.463,
  "1000PEPEUSDT": 0.0041883,
  "TAKEUSDT": 0.05257,
  "POWERUSDT": 0.27229,
  "SOL/USDCUSDT": 87.37,
  "BCHUSDT": 564.11,
  "VVVUSDT": 2.896,
  "SUIUSDT": 0.999,
  "HUSDT": 0.20686,
  "BERAUSDT": 0.6808,
  "OMUSDT": 0.061,
  "AZTECUSDT": 0.02284,
  "COMPUSDT": 20.27,
  "NAORISUSDT": 0.03245,
  "ADAUSDT": 0.2863,
  "ASTERUSDT": 0.7243,
  "XRP/USDCUSDT": 1.4677,
  "CLOUSDT": 0.08415,
  "ARCUSDT": 0.07519,
  "LINKUSDT": 9.033,
  "AXSUSDT": 1.481,
  "AVAXUSDT": 9.38,
  "DASHUSDT": 38.57,
  "UNIUSDT": 3.586,
  "ZROUSDT": 1.9097,
  "KITEUSDT": 0.19301,
  "AAVEUSDT": 129.38,
  "LTCUSDT": 56.12,
  "PAXGUSDT": 5028.68,
  "VIRTUALUSDT": 0.6781,
  "HBARUSDT": 0.10261,
  "ZAMAUSDT": 0.01987,
  "FILUSDT": 1.002,
  "PUMPUSDT": 0.002195,
  "BTRUSDT": 0.187,
  "SIRENUSDT": 0.15533,
  "COWUSDT": 0.2295,
  "MOODENGUSDT": 0.05687,
  "XPLUSDT": 0.0992,
  "ENAUSDT": 0.1262,
  "WLFIUSDT": 0.1054,
  "SOL/USDUSDT": 86.58,
  "NEARUSDT": 1.067,
  "ESPUSDT": 0.06014,
  "AIAUSDT": 0.12875,
  "DOTUSDT": 1.399,
  "PENGUUSDT": 0.007257,
  "COAIUSDT": 0.426,
  "WIFUSDT": 0.2389,
  "WLDUSDT": 0.4238,
  "BNB/USDCUSDT": 634.89,
  "FARTCOINUSDT": 0.1972,
  "XMRUSDT": 355.86,
  "EULUSDT": 1.01,
  "1000BONKUSDT": 0.006696,
  "XLMUSDT": 0.17169,
  "MONUSDT": 0.02462,
  "TRXUSDT": 0.28294,
  "ZEC/USDCUSDT": 284.4,
  "ENSUSDT": 6.939,
  "CRVUSDT": 0.263,
  "\u6211\u8e0f\u9a6c\u6765\u4e86USDT": 0.026862,
  "ETH/BTCUSDT": 2086.2764928,
  "PYTHUSDT": 0.06028,
  "LITUSDT": 1.601,
  "XRP/USDUSDT": 1.461,
  "TIAUSDT": 0.3525,
  "MEUSDT": 0.1537,
  "1000SHIBUSDT": 0.00665,
  "TRUMPUSDT": 3.522,
  "APTUSDT": 0.974,
  "ARBUSDT": 0.1196,
  "TRIAUSDT": 0.02026,
  "0GUSDT": 0.6248,
  "BNB/USDUSDT": 638.0,
  "DOGE/USDCUSDT": 0.10403,
  "PENDLEUSDT": 1.2922,
  "MORPHOUSDT": 1.3576,
  "MUBARAKUSDT": 0.01879,
  "ETCUSDT": 8.91,
  "\u5e01\u5b89\u4eba\u751fUSDT": 0.10956,
  "POLUSDT": 0.11196,
  "SENTUSDT": 0.02279,
  "JUPUSDT": 0.1604,
  "IPUSDT": 1.165,
  "TOSHIUSDT": 0.0002408,
  "DUSKUSDT": 0.10899,
  "ONDOUSDT": 0.2852,
  "BANKUSDT": 0.04284,
  "DOGE/USDUSDT": 0.10402,
  "ZENUSDT": 6.472,
  "TONUSDT": 1.499,
  "DEEPUSDT": 0.02913,
  "MYXUSDT": 2.294,
  "ICPUSDT": 2.488,
  "RENDERUSDT": 1.483,
  "OPUSDT": 0.1962,
  "SUSDT": 0.04949,
  "LINEAUSDT": 0.003937,
  "STABLEUSDT": 0.023489,
  "FHEUSDT": 0.03983,
  "FETUSDT": 0.1747,
  "BCH/USDCUSDT": 563.78,
  "TRBUSDT": 16.65,
  "FOGOUSDT": 0.02344,
  "1000PEPE/USDCUSDT": 0.0041836,
  "GALAUSDT": 0.00429,
  "SANDUSDT": 0.09171,
  "ZKCUSDT": 0.1012,
  "ENSOUSDT": 1.1536,
  "GPSUSDT": 0.01169,
  "ATHUSDT": 0.006556,
  "ATOMUSDT": 2.173,
  "SUI/USDCUSDT": 0.9985,
  "BEATUSDT": 0.275,
  "MERLUSDT": 0.06086,
  "STGUSDT": 0.1666,
  "SEIUSDT": 0.0773,
  "TSLAUSDT": 417.45,
  "SPXUSDT": 0.3399,
  "TNSRUSDT": 0.05574,
  "ROSEUSDT": 0.01316,
  "PLAYUSDT": 0.03822,
  "INJUSDT": 3.258,
  "CHZUSDT": 0.04342,
  "LRCUSDT": 0.03412,
  "LPTUSDT": 2.508,
  "ADA/USDUSDT": 0.2862,
  "SKLUSDT": 0.00708,
  "XPINUSDT": 0.001589,
  "AKEUSDT": 0.0002849,
  "BSVUSDT": 16.89,
  "LDOUSDT": 0.3572,
  "CFXUSDT": 0.05586,
  "MOVEUSDT": 0.02399,
  "EGLDUSDT": 5.236,
  "COLLECTUSDT": 0.06799,
  "ETHFIUSDT": 0.4897,
  "ALGOUSDT": 0.0987,
  "GIGGLEUSDT": 33.32,
  "ADA/USDCUSDT": 0.2863,
  "AUCTIONUSDT": 5.384,
  "BANANAS31USDT": 0.004864,
  "C98USDT": 0.0325,
  "CCUSDT": 0.16686,
  "HOODUSDT": 76.29,
  "GUNUSDT": 0.02524,
  "NIGHTUSDT": 0.05768,
  "BLUAIUSDT": 0.005952,
  "BIRBUSDT": 0.20409,
  "AWEUSDT": 0.09081,
  "DYDXUSDT": 0.11,
  "CAKEUSDT": 1.3475,
  "AVNTUSDT": 0.2104,
  "BCH/USDUSDT": 563.73,
  "SOMIUSDT": 0.1971,
  "STRKUSDT": 0.05111,
  "EIGENUSDT": 0.2173,
  "ZKUSDT": 0.02297,
  "ZKPUSDT": 0.09646,
  "SKRUSDT": 0.023654,
  "COINUSDT": 166.29,
  "ZILUSDT": 0.00456,
  "LYNUSDT": 0.21616,
  "ARUSDT": 2.124,
  "1000FLOKIUSDT": 0.03252,
  "SUI/USDUSDT": 0.9987,
  "NEIROUSDT": 8.01e-05,
  "FLOWUSDT": 0.04521,
  "ENA/USDCUSDT": 0.1262,
  "BROCCOLI714USDT": 0.01536,
  "VETUSDT": 0.008494,
  "STXUSDT": 0.2766,
  "FIGHTUSDT": 0.006542,
  "LINK/USDCUSDT": 9.029,
  "ACUUSDT": 0.11434,
  "ARKMUSDT": 0.1257,
  "SNXUSDT": 0.306,
  "MSTRUSDT": 134.79,
  "PNUTUSDT": 0.05178,
  "AVAX/USDCUSDT": 9.376,
  "RECALLUSDT": 0.05649,
  "QNTUSDT": 74.4,
  "XPDUSDT": 1689.81,
  "LAUSDT": 0.2223,
  "NOMUSDT": 0.00562,
  "MUSDT": 1.3664,
  "BASUSDT": 0.006257,
  "LTC/USDCUSDT": 56.09,
  "OPENUSDT": 0.1729,
  "AEROUSDT": 0.3259,
  "ORDIUSDT": 2.93,
  "RUNEUSDT": 0.4214,
  "FIL/USDCUSDT": 1.002,
  "LINK/USDUSDT": 9.027,
  "VANAUSDT": 1.632,
  "TURBOUSDT": 0.0011491,
  "CRCLUSDT": 60.26,
  "JASMYUSDT": 0.006279,
  "BULLAUSDT": 0.02425,
  "USELESSUSDT": 0.03696,
  "ALLOUSDT": 0.08556,
  "OGUSDT": 5.068,
  "RESOLVUSDT": 0.06259,
  "MEMEUSDT": 0.0007376,
  "APEUSDT": 0.1342,
  "FUSDT": 0.006449,
  "AIOUSDT": 0.08017,
  "ZBTUSDT": 0.07503,
  "MANAUSDT": 0.1068,
  "XVGUSDT": 0.006551,
  "JTOUSDT": 0.275,
  "TRADOORUSDT": 1.414,
  "BIOUSDT": 0.02579,
  "CYSUSDT": 0.4972,
  "LAYERUSDT": 0.0943,
  "KAITOUSDT": 0.329,
  "PARTIUSDT": 0.10904,
  "LIGHTUSDT": 0.2471,
  "KSMUSDT": 4.879,
  "YFIUSDT": 2904.0,
  "UNI/USDUSDT": 3.581,
  "HEMIUSDT": 0.01038,
  "MANTAUSDT": 0.07917,
  "AIXBTUSDT": 0.02207,
  "SYRUPUSDT": 0.28357,
  "IOTAUSDT": 0.071,
  "NILUSDT": 0.05618,
  "ACHUSDT": 0.008035,
  "WUSDT": 0.02149,
  "BOMEUSDT": 0.0004358,
  "FRAXUSDT": 0.6414,
  "FIL/USDUSDT": 1.002,
  "CLANKERUSDT": 33.91,
  "INXUSDT": 0.014824,
  "BANUSDT": 0.09359,
  "SAPIENUSDT": 0.09278,
  "BREVUSDT": 0.1507,
  "AAVE/USDCUSDT": 129.24,
  "HBAR/USDCUSDT": 0.10259,
  "1000LUNCUSDT": 0.03395,
  "CRV/USDCUSDT": 0.2625,
  "MMTUSDT": 0.1392,
  "SAFEUSDT": 0.1168,
  "WLFI/USDCUSDT": 0.1051,
  "SOONUSDT": 0.19,
  "PTBUSDT": 0.001375,
  "KASUSDT": 0.03338,
  "XTZUSDT": 0.42,
  "FFUSDT": 0.08054,
  "GRTUSDT": 0.0286,
  "XNYUSDT": 0.006352,
  "PENGU/USDCUSDT": 0.007252,
  "ARB/USDCUSDT": 0.1195,
  "METUSDT": 0.2268,
  "4USDT": 0.01065,
  "MEWUSDT": 0.0006718,
  "BRETTUSDT": 0.00804,
  "THETAUSDT": 0.2222,
  "SLPUSDT": 0.0007181,
  "FOLKSUSDT": 1.419,
  "BTCDOMUSDT": 5037.0,
  "1MBABYDOGEUSDT": 0.0004337,
  "BARDUSDT": 0.8088,
  "TIA/USDCUSDT": 0.3523,
  "TWTUSDT": 0.5277,
  "KAIAUSDT": 0.05927,
  "PIEVERSEUSDT": 0.428,
  "TREEUSDT": 0.07733,
  "MINAUSDT": 0.06841,
  "ALCHUSDT": 0.0876,
  "SKYUSDT": 0.06885,
  "FORMUSDT": 0.2268,
  "AXLUSDT": 0.06338,
  "2ZUSDT": 0.0815,
  "TRUTHUSDT": 0.015298,
  "UNI/USDCUSDT": 3.579,
  "APRUSDT": 0.0915,
  "NMRUSDT": 8.822,
  "VINEUSDT": 0.02125,
  "DOLOUSDT": 0.03618,
  "NEAR/USDCUSDT": 1.068,
  "BLESSUSDT": 0.00616,
  "ACTUSDT": 0.01463,
  "SUPERUSDT": 0.1318,
  "PEOPLEUSDT": 0.00717,
  "DYMUSDT": 0.04747,
  "INTCUSDT": 46.67,
  "SWARMSUSDT": 0.00769,
  "USDCUSDT": 0.99975,
  "API3USDT": 0.3232,
  "WCTUSDT": 0.06594,
  "SONICUSDT": 0.04985,
  "POPCATUSDT": 0.05484,
  "SUSHIUSDT": 0.2175,
  "LTC/USDUSDT": 56.08,
  "HUMAUSDT": 0.0132,
  "SYNUSDT": 0.04908,
  "1INCHUSDT": 0.1001,
  "MIRAUSDT": 0.095,
  "NXPCUSDT": 0.2865,
  "IP/USDCUSDT": 1.163,
  "GUSDT": 0.004159,
  "ZORAUSDT": 0.02193,
  "UAIUSDT": 0.247,
  "GWEIUSDT": 0.027122,
  "AAVE/USDUSDT": 129.3,
  "GMTUSDT": 0.01308,
  "HOMEUSDT": 0.027359,
  "STBLUSDT": 0.04152,
  "PLUMEUSDT": 0.01169,
  "ENS/USDUSDT": 6.924,
  "ATUSDT": 0.16267,
  "INUSDT": 0.06864,
  "GASUSDT": 1.703,
  "IMXUSDT": 0.1733,
  "WIF/USDCUSDT": 0.2385,
  "YBUSDT": 0.1785,
  "WALUSDT": 0.0869,
  "LQTYUSDT": 0.2805,
  "NEWTUSDT": 0.07516,
  "B2USDT": 0.7173,
  "1000BONK/USDCUSDT": 0.006694,
  "LUNA2USDT": 0.06404,
  "BATUSDT": 0.1347,
  "ERAUSDT": 0.164,
  "AMZNUSDT": 198.92,
  "XPTUSDT": 2068.14,
  "ELSAUSDT": 0.08496,
  "DRIFTUSDT": 0.0945,
  "RAYSOLUSDT": 0.6428,
  "IOUSDT": 0.1125,