{
  "BTCUSDT": 68089.2,
  "ETHUSDT": 2049.17,
  "SOLUSDT": 88.09,
  "XRPUSDT": 1.4305,
  "BNBUSDT": 627.42,
  "DOGEUSDT": 0.10089,
  "BCHUSDT": 498.22,
  "XAGUSDT": 88.55,
  "XAUUSDT": 5181.41,
  "HYPEUSDT": 27.982,
  "PAXGUSDT": 5189.39,
  "WLFIUSDT": 0.1149,
  "ADAUSDT": 0.2959,
  "UNIUSDT": 4.033,
  "ZECUSDT": 249.85,
  "SUIUSDT": 0.9625,
  "TRXUSDT": 0.28518,
  "AVAXUSDT": 9.471,
  "LINKUSDT": 9.226,
  "ASTERUSDT": 0.6998,
  "LTCUSDT": 56.41,
  "PIPPINUSDT": 0.74271,
  "1000PEPEUSDT": 0.0040897,
  "PUMPUSDT": 0.001891,
  "ENAUSDT": 0.1093,
  "DOTUSDT": 1.645,
  "KITEUSDT": 0.28136,
  "NEARUSDT": 1.156,
  "AAVEUSDT": 118.88,
  "WLDUSDT": 0.4089,
  "FILUSDT": 1.021,
  "XPLUSDT": 0.1018,
  "TRUMPUSDT": 3.504,
  "LITUSDT": 1.47,
  "TAOUSDT": 184.06,
  "POWERUSDT": 0.88233,
  "APTUSDT": 0.975,
  "1000SHIBUSDT": 0.006187,
  "TONUSDT": 1.2899,
  "XLMUSDT": 0.1629,
  "HBARUSDT": 0.10123,
  "ZROUSDT": 1.5259,
  "ARBUSDT": 0.0996,
  "BERAUSDT": 0.6207,
  "RIVERUSDT": 9.754,
  "ATOMUSDT": 1.94,
  "ARCUSDT": 0.03968,
  "ICPUSDT": 2.417,
  "WIFUSDT": 0.2169,
  "AXSUSDT": 1.36,
  "XMRUSDT": 344.8,
  "MONUSDT": 0.02201,
  "CRVUSDT": 0.253,
  "OPUSDT": 0.1246,
  "FETUSDT": 0.1674,
  "PENGUUSDT": 0.007148,
  "ETCUSDT": 9.119,
  "VIRTUALUSDT": 0.6936,
  "FFUSDT": 0.07932,
  "1000BONKUSDT": 0.006416,
  "BARDUSDT": 0.8302,
  "ESPUSDT": 0.14324,
  "ENSOUSDT": 1.7331,
  "POLUSDT": 0.11305,
  "FARTCOINUSDT": 0.1668,
  "ONDOUSDT": 0.2741,
  "IPUSDT": 1.053,
  "ETHFIUSDT": 0.5268,
  "PARTIUSDT": 0.09812,
  "TIAUSDT": 0.3463,
  "CHZUSDT": 0.03488,
  "SIRENUSDT": 0.35618,
  "BTCDOMUSDT": 4999.9,
  "HUSDT": 0.13831,
  "\u5e01\u5b89\u4eba\u751fUSDT": 0.06311,
  "BANUSDT": 0.10964,
  "DASHUSDT": 35.57,
  "INJUSDT": 3.241,
  "SENTUSDT": 0.0227,
  "0GUSDT": 0.6581,
  "SEIUSDT": 0.0709,
  "STABLEUSDT": 0.03227,
  "ZKUSDT": 0.0199,
  "CCUSDT": 0.17341,
  "ZAMAUSDT": 0.02439,
  "JUPUSDT": 0.1617,
  "KAITOUSDT": 0.3288,
  "GUAUSDT": 0.2349,
  "PENDLEUSDT": 1.2978,
  "LDOUSDT": 0.3273,
  "ALCHUSDT": 0.07935,
  "MYXUSDT": 0.422,
  "MORPHOUSDT": 1.843,
  "RENDERUSDT": 1.476,
  "LYNUSDT": 0.32836,
  "PIEVERSEUSDT": 0.5349,
  "SANDUSDT": 0.08705,
  "SKYAIUSDT": 0.04285,
  "HOMEUSDT": 0.029724,
  "1000RATSUSDT": 0.04504,
  "ATUSDT": 0.15874,
  "CAKEUSDT": 1.3231,
  "BANANAS31USDT": 0.004628,
  "NIGHTUSDT": 0.06001,
  "QUSDT": 0.020977,
  "VVVUSDT": 4.054,
  "BIOUSDT": 0.0251,
  "UBUSDT": 0.04187,
  "ZENUSDT": 5.697,
  "DUSKUSDT": 0.09023,
  "ALGOUSDT": 0.0905,
  "GIGGLEUSDT": 28.04,
  "GPSUSDT": 0.009422,
  "GUNUSDT": 0.031,
  "AZTECUSDT": 0.02643,
  "STRKUSDT": 0.04425,
  "BULLAUSDT": 0.01708,
  "USDCUSDT": 0.999399,
  "ALLOUSDT": 0.1127,
  "GALAUSDT": 0.00383,
  "HANAUSDT": 0.03457,
  "MUSDT": 1.3527,
  "BTRUSDT": 0.18281,
  "AEROUSDT": 0.3678,
  "OPNUSDT": 0.5769,
  "APEUSDT": 0.1089,
  "JTOUSDT": 0.293,
  "LAUSDT": 0.2478,
  "SKYUSDT": 0.06979,
  "ZILUSDT": 0.00432,
  "TRADOORUSDT": 1.469,
  "SYRUPUSDT": 0.24341,
  "BUSDT": 0.1318,
  "COLLECTUSDT": 0.05236,
  "METUSDT": 0.1859,
  "MSTRUSDT": 133.98,
  "BEAMXUSDT": 0.002046,
  "FOGOUSDT": 0.02851,
  "XPINUSDT": 0.001541,
  "ROSEUSDT": 0.01296,
  "PYTHUSDT": 0.05378,
  "VETUSDT": 0.007763,
  "B2USDT": 0.7207,
  "\u6211\u8e0f\u9a6c\u6765\u4e86USDT": 0.012464,
  "ORCAUSDT": 0.946,
  "EIGENUSDT": 0.1984,
  "DENTUSDT": 0.000216,
  "HUMAUSDT": 0.011746,
  "SKRUSDT": 0.022143,
  "ORDIUSDT": 2.564,
  "SNXUSDT": 0.367,
  "AVNTUSDT": 0.1806,
  "TSLAUSDT": 414.53,
  "LINEAUSDT": 0.003282,
  "NEOUSDT": 2.819,
  "DYDXUSDT": 0.101,
  "MOVEUSDT": 0.02241,
  "JELLYJELLYUSDT": 0.06162,
  "AWEUSDT": 0.05329,
  "SOMIUSDT": 0.2133,
  "NXPCUSDT": 0.2741,
  "FORMUSDT": 0.1999,
  "SUSDT": 0.04237,
  "AXLUSDT": 0.05686,
  "ZKPUSDT": 0.08537,
  "XTZUSDT": 0.395,
  "CYBERUSDT": 0.5572,
  "LPTUSDT": 2.4,
  "STXUSDT": 0.2619,
  "1000FLOKIUSDT": 0.0302,
  "ARUSDT": 1.752,
  "ENSUSDT": 6.607,
  "PNUTUSDT": 0.04772,
  "ESPORTSUSDT": 0.3062,
  "COMPUSDT": 18.46,
  "AUCTIONUSDT": 5.024,
  "GWEIUSDT": 0.028992,
  "AGLDUSDT": 0.2808,
  "MEUSDT": 0.1222,
  "TRIAUSDT": 0.02314,
  "CRCLUSDT": 82.83,
  "STGUSDT": 0.1328,
  "API3USDT": 0.3132,
  "1000LUNCUSDT": 0.03621,
  "CYSUSDT": 0.3599,
  "RAVEUSDT": 0.28592,
  "YGGUSDT": 0.04125,
  "TRBUSDT": 15.067,
  "WUSDT": 0.01974,
  "DEXEUSDT": 3.538,
  "PLUMEUSDT": 0.00967,
  "JASMYUSDT": 0.005873,
  "BEATUSDT": 0.2112,
  "VANAUSDT": 1.492,
  "IMXUSDT": 0.1733,
  "USELESSUSDT": 0.04306,
  "SPXUSDT": 0.3179,
  "BANKUSDT": 0.03929,
  "RESOLVUSDT": 0.0623,
  "EDUUSDT": 0.1163,
  "2ZUSDT": 0.07537,
  "EULUSDT": 1.015,
  "ATHUSDT": 0.005241,
  "MANAUSDT": 0.0998,
  "MERLUSDT": 0.04535,
  "CLOUSDT": 0.0914,
  "CFXUSDT": 0.05145,
  "AKEUSDT": 0.0003237,
  "INITUSDT": 0.08067,
  "STEEMUSDT": 0.06304,
  "GRTUSDT": 0.02754,
  "FLOWUSDT": 0.03702,
  "NMRUSDT": 8.06,
  "UAIUSDT": 0.2288,
  "COAIUSDT": 0.3303,
  "OGUSDT": 3.056,
  "WCTUSDT": 0.06041,
  "TAUSDT": 0.03839,
  "IOTAUSDT": 0.0705,
  "SPACEUSDT": 0.008773,
  "MMTUSDT": 0.1242,
  "QNTUSDT": 64.43,
  "MOODENGUSDT": 0.05323,
  "ZRXUSDT": 0.113,
  "TAGUSDT": 0.0003582,
  "JSTUSDT": 0.045329,
  "SPKUSDT": 0.02117,
  "KASUSDT": 0.0313,
  "LIGHTUSDT": 0.2183,
  "KAIAUSDT": 0.05798,
  "4USDT": 0.00825,
  "1INCHUSDT": 0.0958,
  "THETAUSDT": 0.1977,
  "SFPUSDT": 0.2622,
  "LRCUSDT": 0.03446,
  "AGTUSDT": 0.004874,
  "GRASSUSDT": 0.219,
  "RUNEUSDT": 0.4117,
  "ARKMUSDT": 0.1145,
  "ZORAUSDT": 0.01951,
  "NEIROUSDT": 7.19e-05,
  "NAORISUSDT": 0.0292,
  "IOUSDT": 0.1171,
  "BREVUSDT": 0.1387,
  "KSMUSDT": 5.268,
  "PTBUSDT": 0.00125,
  "FHEUSDT": 0.03081,
  "EGLDUSDT": 4.586,
  "LUNA2USDT": 0.06449,
  "COWUSDT": 0.2212,
  "YFIUSDT": 2796.0,
  "SIGNUSDT": 0.02348,
  "KERNELUSDT": 0.0859,
  "HOLOUSDT": 0.05893,
  "RPLUSDT": 1.953,
  "XPTUSDT": 2277.38,
  "FIGHTUSDT": 0.007476,
  "BIRBUSDT": 0.16031,
  "SUSHIUSDT": 0.215,
  "OPENUSDT": 0.1505,
  "GASUSDT": 1.632,
  "AIAUSDT": 0.0898,
  "KGENUSDT": 0.18284,
  "IDOLUSDT": 0.02299,
  "XNYUSDT": 0.005468,
  "AUSDT": 0.0825,
  "POPCATUSDT": 0.0507,
  "PEOPLEUSDT": 0.00682,
  "BSVUSDT": 16.26,
  "BOMEUSDT": 0.000406,
  "MEGAUSDT": 0.1324,
  "BATUSDT": 0.122,
  "ANIMEUSDT": 0.004876,
  "SAHARAUSDT": 0.0152,
  "GMTUSDT": 0.01181,
  "BLUAIUSDT": 0.0052,
  "TWTUSDT": 0.5041,
  "PROVEUSDT": 0.2928,
  "ACTUSDT": 0.01431,
  "AVAAIUSDT": 0.00773,
  "VELVETUSDT": 0.08607,
  "AIXBTUSDT": 0.02046,
  "WETUSDT": 0.09902,
  "MAGICUSDT": 0.06449,
  "TSTUSDT": 0.00999,
  "MINAUSDT": 0.06042,
  "AINUSDT": 0.04641,
  "SWARMSUSDT": 0.00699,
  "TURBOUSDT": 0.0010481,
  "FOLKSUSDT": 1.179,
  "TNSRUSDT": 0.04926,
  "VELODROMEUSDT": 0.01609,
  "ACHUSDT": 0.007294,
  "TUTUSDT": 0.01054,
  "BABYUSDT": 0.01256,
  "YBUSDT": 0.1584,
  "SOPHUSDT": 0.009295,
  "MANTAUSDT": 0.06645,
  "ZBTUSDT": 0.0725,
  "NOMUSDT": 0.004459,
  "STBLUSDT": 0.0414,
  "AIOUSDT": 0.07637,
  "CATIUSDT": 0.03895,
  "NILUSDT": 0.04951,
  "STOUSDT": 0.0582,
  "BLURUSDT": 0.0208,
  "MEMEUSDT": 0.0006535,
  "SUPERUSDT": 0.1157,
  "UMAUSDT": 0.4612,
  "LAYERUSDT": 0.0859,
  "SOONUSDT": 0.1696,
  "SAPIENUSDT": 0.09243,
  "FUSDT": 0.005753,
  "SONICUSDT": 0.0503,
  "MASKUSDT": 0.4431,
  "CVXUSDT": 1.911,
  "MUBARAKUSDT": 0.01429,
  "GRIFFAINUSDT": 0.00957,
  "TRUTHUSDT": 0.009576,
  "XVGUSDT": 0.005937,
  "ICNTUSDT": 0.3852,
  "ASRUSDT": 1.377,
  "ALTUSDT": 0.00773,
  "ONTUSDT": 0.0436,
  "SOLVUSDT": 0.0045,
  "EDENUSDT": 0.03353,
  "SUNUSDT": 0.016269,
  "RAREUSDT": 0.01893,
  "DAMUSDT": 0.02504,
  "GLMUSDT": 0.14975,
  "TAKEUSDT": 0.01982,
  "KMNOUSDT": 0.02376,
  "MELANIAUSDT": 0.114,
  "KOMAUSDT": 0.00816,
  "CELOUSDT": 0.079,
  "ANKRUSDT": 0.004441,
  "SANTOSUSDT": 1.499,
  "WOOUSDT": 0.01733,
  "C98USDT": 0.0248,
  "CTSIUSDT": 0.0248,
  "RAYSOLUSDT": 0.6303,
  "BELUSDT": 0.0999,
  "ERAUSDT": 0.1471,
  "DRIFTUSDT": 0.085,
  "DEGOUSDT": 0.3281,
  "ARPAUSDT": 0.00985,
  "STORJUSDT": 0.0971,
  "WALUSDT": 0.08,
  "ZKCUSDT": 0.0865,
  "SXTUSDT": 0.02272,
  "INUSDT": 0.06567,
  "GMXUSDT": 6.889,
  "FRAXUSDT": 0.6668,
  "ARIAUSDT": 0.07958,
  "1MBABYDOGEUSDT": 0.0004089,
  "RSRUSDT": 0.001521,