{
  "BTCUSDT": 68418.7,
  "ETHUSDT": 2017.45,
  "BTC/USDCUSDT": 67533.1,
  "ETH/USDCUSDT": 1995.5,
  "SOLUSDT": 85.24,
  "XAGUSDT": 73.42,
  "XAUUSDT": 4877.18,
  "XRPUSDT": 1.4756,
  "BTC/USDUSDT": 68342.0,
  "PIPPINUSDT": 0.5088,
  "ETH/USDUSDT": 2015.75,
  "DOGEUSDT": 0.10071,
  "ORCAUSDT": 1.141,
  "ZECUSDT": 290.03,
  "BNBUSDT": 617.73,
  "1000PEPEUSDT": 0.0043989,
  "RPLUSDT": 2.239,
  "RIVERUSDT": 10.006,
  "SOL/USDCUSDT": 85.21,
  "SPACEUSDT": 0.011208,
  "HYPEUSDT": 29.628,
  "PAXGUSDT": 4880.49,
  "INITUSDT": 0.11392,
  "VVVUSDT": 4.378,
  "SIRENUSDT": 0.22134,
  "JTOUSDT": 0.3251,
  "JELLYJELLYUSDT": 0.07248,
  "SUIUSDT": 0.9684,
  "TAOUSDT": 191.67,
  "XRP/USDCUSDT": 1.4748,
  "ADAUSDT": 0.281,
  "POWERUSDT": 0.31225,
  "STABLEUSDT": 0.029581,
  "BCHUSDT": 563.18,
  "AVAXUSDT": 9.156,
  "ASTERUSDT": 0.7059,
  "LINKUSDT": 8.851,
  "WLFIUSDT": 0.1079,
  "BERAUSDT": 0.6501,
  "PUMPUSDT": 0.002216,
  "LTCUSDT": 54.0,
  "SOL/USDUSDT": 84.49,
  "FILUSDT": 0.96,
  "AAVEUSDT": 126.69,
  "GPSUSDT": 0.013238,
  "UNIUSDT": 3.528,
  "WLDUSDT": 0.3987,
  "AXSUSDT": 1.344,
  "ENAUSDT": 0.1206,
  "NEARUSDT": 1.043,
  "DOTUSDT": 1.348,
  "\u6211\u8e0f\u9a6c\u6765\u4e86USDT": 0.017587,
  "TRXUSDT": 0.28189,
  "TRUMPUSDT": 3.45,
  "ZROUSDT": 1.5978,
  "FARTCOINUSDT": 0.1964,
  "XRP/USDUSDT": 1.4682,
  "BNB/USDCUSDT": 617.96,
  "BTRUSDT": 0.19778,
  "WIFUSDT": 0.2308,
  "APTUSDT": 0.9152,
  "RAYSOLUSDT": 0.6831,
  "ZAMAUSDT": 0.01929,
  "PENGUUSDT": 0.007135,
  "0GUSDT": 0.6765,
  "CLOUSDT": 0.08466,
  "MERLUSDT": 0.06415,
  "DOGE/USDCUSDT": 0.10066,
  "XMRUSDT": 334.12,
  "USELESSUSDT": 0.04922,
  "TRUTHUSDT": 0.010654,
  "MMTUSDT": 0.1439,
  "DOGE/USDUSDT": 0.10068,
  "ESPUSDT": 0.06147,
  "MYXUSDT": 1.501,
  "VIRTUALUSDT": 0.6474,
  "ARIAUSDT": 0.07303,
  "ARBUSDT": 0.1129,
  "1000SHIBUSDT": 0.00651,
  "HBARUSDT": 0.10186,
  "XLMUSDT": 0.16583,
  "DASHUSDT": 37.01,
  "ATOMUSDT": 2.232,
  "TSLAUSDT": 410.01,
  "ETH/BTCUSDT": 1995.983383,
  "XPLUSDT": 0.0966,
  "HUSDT": 0.18572,
  "CRVUSDT": 0.253,
  "ENSOUSDT": 1.155,
  "MUSDT": 1.5218,
  "LITUSDT": 1.592,
  "BNB/USDUSDT": 620.46,
  "ZORAUSDT": 0.02269,
  "KITEUSDT": 0.20533,
  "OPUSDT": 0.187,
  "ZEC/USDCUSDT": 289.82,
  "MOODENGUSDT": 0.06122,
  "\u5e01\u5b89\u4eba\u751fUSDT": 0.09673,
  "BULLAUSDT": 0.02775,
  "MOVEUSDT": 0.02611,
  "HUMAUSDT": 0.014773,
  "MAGICUSDT": 0.07685,
  "ETCUSDT": 8.687,
  "1000BONKUSDT": 0.006492,
  "HOODUSDT": 74.98,
  "1000PEPE/USDCUSDT": 0.0043972,
  "JUPUSDT": 0.1649,
  "MONUSDT": 0.02218,
  "FHEUSDT": 0.04329,
  "IPUSDT": 1.15,
  "PROMUSDT": 1.396,
  "OGNUSDT": 0.0242,
  "BASUSDT": 0.006127,
  "TONUSDT": 1.4231,
  "ICPUSDT": 2.383,
  "TIAUSDT": 0.3412,
  "SENTUSDT": 0.02221,
  "RENDERUSDT": 1.45,
  "POLUSDT": 0.10848,
  "DUSKUSDT": 0.10181,
  "ONDOUSDT": 0.2745,
  "AZTECUSDT": 0.02052,
  "ZKPUSDT": 0.09483,
  "SEIUSDT": 0.0744,
  "TAKEUSDT": 0.02751,
  "FIGHTUSDT": 0.006256,
  "BEATUSDT": 0.248,
  "BREVUSDT": 0.1416,
  "ARCUSDT": 0.07797,
  "INJUSDT": 3.097,
  "OMUSDT": 0.05995,
  "EULUSDT": 0.971,
  "SUI/USDCUSDT": 0.9679,
  "GALAUSDT": 0.00403,
  "BCH/USDCUSDT": 562.82,
  "ROSEUSDT": 0.01267,
  "PENDLEUSDT": 1.2195,
  "LDOUSDT": 0.3409,
  "ADA/USDUSDT": 0.281,
  "BLUAIUSDT": 0.005621,
  "MUBARAKUSDT": 0.02042,
  "ALGOUSDT": 0.0932,
  "MORPHOUSDT": 1.461,
  "FOGOUSDT": 0.02452,
  "TRIAUSDT": 0.01713,
  "FETUSDT": 0.1712,
  "COINUSDT": 166.42,
  "METUSDT": 0.2247,
  "AVNTUSDT": 0.2086,
  "SPXUSDT": 0.3401,
  "DYDXUSDT": 0.107,
  "INTCUSDT": 46.2,
  "GUNUSDT": 0.02553,
  "DEEPUSDT": 0.03041,
  "LINEAUSDT": 0.003843,
  "UMAUSDT": 0.5297,
  "TNSRUSDT": 0.05384,
  "MEUSDT": 0.1359,
  "MSTRUSDT": 128.3,
  "COMPUSDT": 19.07,
  "NEIROUSDT": 7.61e-05,
  "CHZUSDT": 0.04049,
  "XPDUSDT": 1686.51,
  "IRYSUSDT": 0.02917,
  "ZENUSDT": 6.171,
  "CCUSDT": 0.16579,
  "LUNA2USDT": 0.06504,
  "PTBUSDT": 0.001451,
  "ADA/USDCUSDT": 0.2809,
  "SUI/USDUSDT": 0.9681,
  "AMZNUSDT": 201.19,
  "ZKUSDT": 0.02193,
  "SANDUSDT": 0.08591,
  "BIRBUSDT": 0.19228,
  "C98USDT": 0.031,
  "COTIUSDT": 0.01227,
  "SUSDT": 0.04883,
  "XPTUSDT": 2024.96,
  "CRCLUSDT": 61.92,
  "EIGENUSDT": 0.2067,
  "ALLOUSDT": 0.09186,
  "GWEIUSDT": 0.028224,
  "LPTUSDT": 2.47,
  "STGUSDT": 0.1379,
  "RESOLVUSDT": 0.06205,
  "ZILUSDT": 0.00424,
  "ETHFIUSDT": 0.478,
  "SKRUSDT": 0.021656,
  "SNXUSDT": 0.297,
  "LINK/USDUSDT": 8.846,
  "FRAXUSDT": 0.7141,
  "AIAUSDT": 0.11617,
  "GIGGLEUSDT": 30.7,
  "PYTHUSDT": 0.05642,
  "CAKEUSDT": 1.3027,
  "KSMUSDT": 4.789,
  "WUSDT": 0.02052,
  "COWUSDT": 0.2151,
  "1000FLOKIUSDT": 0.03174,
  "LAUSDT": 0.2044,
  "JASMYUSDT": 0.005965,
  "VETUSDT": 0.008126,
  "CVXUSDT": 2.074,
  "LINK/USDCUSDT": 8.845,
  "CYSUSDT": 0.5558,
  "OGUSDT": 3.357,
  "TWTUSDT": 0.5678,
  "ENSUSDT": 6.703,
  "TRBUSDT": 15.714,
  "REZUSDT": 0.003411,
  "NILUSDT": 0.05597,
  "IOUSDT": 0.1138,
  "PLAYUSDT": 0.0234,
  "SYRUPUSDT": 0.24431,
  "LTC/USDCUSDT": 53.98,
  "SKYUSDT": 0.0632,
  "NAORISUSDT": 0.03189,
  "EGLDUSDT": 4.682,
  "AVAX/USDCUSDT": 9.151,
  "ARUSDT": 2.037,
  "STRKUSDT": 0.04828,
  "APEUSDT": 0.1267,
  "SUPERUSDT": 0.1296,
  "DRIFTUSDT": 0.0955,
  "SOMIUSDT": 0.1925,
  "FIL/USDCUSDT": 0.959,
  "ANIMEUSDT": 0.005335,
  "LYNUSDT": 0.23488,
  "LRCUSDT": 0.03475,
  "AIXBTUSDT": 0.02116,
  "SAFEUSDT": 0.118,
  "KMNOUSDT": 0.02998,
  "PNUTUSDT": 0.05044,
  "TURBOUSDT": 0.0010947,
  "ORDIUSDT": 2.782,
  "NOMUSDT": 0.005492,
  "STXUSDT": 0.2613,
  "ENA/USDCUSDT": 0.1205,
  "WLFI/USDCUSDT": 0.1076,
  "AEROUSDT": 0.3156,
  "BCH/USDUSDT": 562.9,
  "ARB/USDCUSDT": 0.1129,
  "RUNEUSDT": 0.4043,
  "WETUSDT": 0.08931,
  "MEMEUSDT": 0.0007127,
  "AWEUSDT": 0.08753,
  "HAEDALUSDT": 0.03062,
  "1000LUNCUSDT": 0.03377,
  "MANAUSDT": 0.1011,
  "OPENUSDT": 0.1608,
  "APRUSDT": 0.09103,
  "IMXUSDT": 0.1668,
  "SYNUSDT": 0.05185,
  "PLTRUSDT": 132.61,
  "LIGHTUSDT": 0.2421,
  "STORJUSDT": 0.1048,
  "QNTUSDT": 70.17,
  "KASUSDT": 0.0319,
  "AEVOUSDT": 0.02817,
  "ARPAUSDT": 0.01031,
  "SPORTFUNUSDT": 0.03376,
  "IOTAUSDT": 0.0689,
  "FLOWUSDT": 0.039,
  "FFUSDT": 0.08029,
  "RAVEUSDT": 0.39522,
  "BOMEUSDT": 0.0004299,
  "SAGAUSDT": 0.03467,
  "LISTAUSDT": 0.0953,
  "NEAR/USDCUSDT": 1.043,
  "COAIUSDT": 0.3485,
  "LTC/USDUSDT": 53.97,
  "FIL/USDUSDT": 0.96,
  "VANRYUSDT": 0.006005,
  "ACUUSDT": 0.10848,
  "BIOUSDT": 0.02421,
  "POPCATUSDT": 0.05276,
  "XTZUSDT": 0.395,
  "COLLECTUSDT": 0.07638,
  "ARKMUSDT": 0.1172,
  "XVGUSDT": 0.005982,
  "UAIUSDT": 0.2313,
  "BANUSDT": 0.10848,
  "HEMIUSDT": 0.01044,
  "PARTIUSDT": 0.10606,
  "VANAUSDT": 1.555,
  "KAITOUSDT": 0.3168,
  "GRTUSDT": 0.02773,
  "DOLOUSDT": 0.03623,
  "ANKRUSDT": 0.004692,
  "USUSDT": 0.003763,
  "BATUSDT": 0.1277,
  "CFXUSDT": 0.05451,
  "ZKCUSDT": 0.0976,
  "LABUSDT": 0.14548,
  "AXLUSDT": 0.06084,
  "LAYERUSDT": 0.0907,
  "HANAUSDT": 0.03609,
  "ALICEUSDT": 0.114,
  "BANKUSDT": 0.0408,
  "BROCCOLI714USDT": 0.01451,
  "ACHUSDT": 0.007923,
  "AUCTIONUSDT": 5.216,
  "BANANAS31USDT": 0.004478,
  "2ZUSDT": 0.07757,
  "PLUMEUSDT": 0.0108,
  "XNYUSDT": 0.004895,
  "BARDUSDT": 0.7918,
  "MANTAUSDT": 0.07914,
  "SUSHIUSDT": 0.2093,
  "NIGHTUSDT": 0.05651,
  "SHELLUSDT": 0.03389,
  "ILVUSDT": 3.955,
  "LUMIAUSDT": 0.06687,
  "MASKUSDT": 0.4671,
  "GMTUSDT": 0.01241,
  "FUSDT": 0.006462,
  "CRV/USDCUSDT": 0.2524,
  "CLANKERUSDT": 32.52,
  "PENGU/USDCUSDT": 0.007131,
  "WALUSDT": 0.0845,
  "SSVUSDT": 3.381,
  "PEOPLEUSDT": 0.00697,
  "TOSHIUSDT": 0.00022,
  "UNI/USDUSDT": 3.524,
  "ALTUSDT": 0.00878,
  "WLD/USDCUSDT": 0.3985,
  "TRADOORUSDT": 1.394,
  "TOWNSUSDT": 0.004258,
  "AAVE/USDCUSDT": 126.56,
  "THETAUSDT": 0.2066,
  "1000SATSUSDT": 1.16e-05,
  "NEWTUSDT": 0.07314,
  "NEOUSDT": 2.797,
  "ACTUSDT": 0.01505,
  "YFIUSDT": 2851.0,
  "DYMUSDT": 0.04621,
  "GTCUSDT": 0.102,
  "MIRAUSDT": 0.0953,
  "ICNTUSDT": 0.4144,
  "1INCHUSDT": 0.0954,
  "FOLKSUSDT": 1.324,
  "NXPCUSDT": 0.2745,
  "AVAX/USDUSDT": 9.15,
  "WIF/USDCUSDT": 0.2306,
  "MINAUSDT": 0.06528,
  "BRETTUSDT": 0.00788,
  "KAIAUSDT": 0.05748,
  "JCTUSDT": 0.001755,
  "TREEUSDT": 0.07422,