{
  "BTCUSDT": 66541.2,
  "ETHUSDT": 1965.19,
  "SOLUSDT": 83.98,
  "XRPUSDT": 1.3598,
  "BNBUSDT": 623.03,
  "XAUUSDT": 5363.55,
  "XAGUSDT": 94.29,
  "DOGEUSDT": 0.09279,
  "PAXGUSDT": 5397.35,
  "HYPEUSDT": 30.71,
  "BCHUSDT": 450.72,
  "WLFIUSDT": 0.1065,
  "TRXUSDT": 0.28112,
  "ZECUSDT": 215.19,
  "UNIUSDT": 3.82,
  "ADAUSDT": 0.2741,
  "SUIUSDT": 0.8973,
  "ASTERUSDT": 0.7011,
  "LINKUSDT": 8.773,
  "1000PEPEUSDT": 0.0034395,
  "AVAXUSDT": 9.043,
  "LTCUSDT": 53.8,
  "PUMPUSDT": 0.001917,
  "ENAUSDT": 0.1049,
  "NEARUSDT": 1.194,
  "DOTUSDT": 1.537,
  "PIPPINUSDT": 0.54691,
  "AAVEUSDT": 115.17,
  "WLDUSDT": 0.386,
  "FILUSDT": 0.976,
  "XPLUSDT": 0.0973,
  "LITUSDT": 1.402,
  "KITEUSDT": 0.24001,
  "TRUMPUSDT": 3.423,
  "TAOUSDT": 177.38,
  "1000SHIBUSDT": 0.005595,
  "ZROUSDT": 1.8279,
  "TONUSDT": 1.2098,
  "APTUSDT": 0.9436,
  "POWERUSDT": 1.67538,
  "RIVERUSDT": 14.261,
  "ATOMUSDT": 1.811,
  "XMRUSDT": 346.99,
  "HBARUSDT": 0.09832,
  "HUSDT": 0.12595,
  "BERAUSDT": 0.5995,
  "ARBUSDT": 0.1005,
  "XLMUSDT": 0.15463,
  "ARCUSDT": 0.04289,
  "WIFUSDT": 0.1923,
  "ICPUSDT": 2.382,
  "CRVUSDT": 0.241,
  "MONUSDT": 0.02047,
  "VVVUSDT": 6.551,
  "AXSUSDT": 1.262,
  "FETUSDT": 0.1502,
  "FFUSDT": 0.07877,
  "OPUSDT": 0.1219,
  "VIRTUALUSDT": 0.7028,
  "PENGUUSDT": 0.006792,
  "ETCUSDT": 8.595,
  "CCUSDT": 0.15891,
  "PARTIUSDT": 0.0926,
  "BARDUSDT": 1.0028,
  "POLUSDT": 0.10735,
  "BTCDOMUSDT": 5094.6,
  "1000BONKUSDT": 0.005933,
  "CHZUSDT": 0.03367,
  "ETHFIUSDT": 0.5014,
  "BANUSDT": 0.11075,
  "ONDOUSDT": 0.2536,
  "TIAUSDT": 0.3239,
  "FARTCOINUSDT": 0.155,
  "\u5e01\u5b89\u4eba\u751fUSDT": 0.06382,
  "DASHUSDT": 31.99,
  "SAHARAUSDT": 0.02455,
  "IPUSDT": 0.854,
  "ESPUSDT": 0.13089,
  "ENSOUSDT": 1.295,
  "INJUSDT": 3.027,
  "SENTUSDT": 0.02119,
  "SEIUSDT": 0.06906,
  "STABLEUSDT": 0.032426,
  "JUPUSDT": 0.1699,
  "0GUSDT": 0.6182,
  "LYNUSDT": 0.33234,
  "KAITOUSDT": 0.3289,
  "ALCHUSDT": 0.08059,
  "BUSDT": 0.1893,
  "ZKUSDT": 0.0187,
  "PENDLEUSDT": 1.2868,
  "BULLAUSDT": 0.02569,
  "ATUSDT": 0.15561,
  "ZAMAUSDT": 0.01993,
  "RENDERUSDT": 1.362,
  "QUSDT": 0.02456,
  "LDOUSDT": 0.3033,
  "SKYAIUSDT": 0.03734,
  "GWEIUSDT": 0.042809,
  "BANANAS31USDT": 0.004788,
  "GUAUSDT": 0.2208,
  "MORPHOUSDT": 1.7999,
  "SIRENUSDT": 0.26103,
  "HOMEUSDT": 0.028822,
  "PIEVERSEUSDT": 0.5259,
  "MYXUSDT": 0.383,
  "NIGHTUSDT": 0.05765,
  "MUSDT": 1.5212,
  "SIGNUSDT": 0.02556,
  "ZENUSDT": 5.303,
  "CAKEUSDT": 1.3168,
  "BIOUSDT": 0.02049,
  "ALGOUSDT": 0.0866,
  "SANDUSDT": 0.08311,
  "GIGGLEUSDT": 25.98,
  "BTRUSDT": 0.18315,
  "GALAUSDT": 0.00352,
  "STRKUSDT": 0.04034,
  "USDCUSDT": 0.99954,
  "TSLAUSDT": 392.67,
  "HANAUSDT": 0.03476,
  "STGUSDT": 0.1617,
  "ALLOUSDT": 0.10709,
  "GPSUSDT": 0.00906,
  "SKYUSDT": 0.06811,
  "FORMUSDT": 0.2144,
  "1000RATSUSDT": 0.03219,
  "DUSKUSDT": 0.08249,
  "APEUSDT": 0.1007,
  "ATHUSDT": 0.006119,
  "JELLYJELLYUSDT": 0.07019,
  "JTOUSDT": 0.2651,
  "AZTECUSDT": 0.02175,
  "GUNUSDT": 0.02624,
  "MSTRUSDT": 130.54,
  "AEROUSDT": 0.3416,
  "SYRUPUSDT": 0.23391,
  "B2USDT": 0.7281,
  "1000LUNCUSDT": 0.04268,
  "TRADOORUSDT": 1.423,
  "XPINUSDT": 0.001433,
  "ZILUSDT": 0.00413,
  "HUMAUSDT": 0.012147,
  "BEAMXUSDT": 0.001879,
  "EIGENUSDT": 0.1774,
  "DENTUSDT": 0.000288,
  "KNCUSDT": 0.1664,
  "OPNUSDT": 0.4412,
  "UBUSDT": 0.03274,
  "ROSEUSDT": 0.01108,
  "METUSDT": 0.1799,
  "XTZUSDT": 0.373,
  "PYTHUSDT": 0.04877,
  "LAUSDT": 0.2162,
  "VETUSDT": 0.007209,
  "AVNTUSDT": 0.1734,
  "FOGOUSDT": 0.02513,
  "NEOUSDT": 2.604,
  "DYDXUSDT": 0.092,
  "ORDIUSDT": 2.442,
  "NXPCUSDT": 0.2718,
  "GRASSUSDT": 0.2835,
  "MOVEUSDT": 0.02156,
  "\u6211\u8e0f\u9a6c\u6765\u4e86USDT": 0.010486,
  "ESPORTSUSDT": 0.3082,
  "ZKPUSDT": 0.08866,
  "RAVEUSDT": 0.36665,
  "BEATUSDT": 0.2512,
  "CRCLUSDT": 80.55,
  "ROBOUSDT": 0.03979,
  "COMPUSDT": 17.73,
  "1000FLOKIUSDT": 0.02778,
  "SUSDT": 0.03975,
  "LINEAUSDT": 0.003034,
  "COLLECTUSDT": 0.04177,
  "AUCTIONUSDT": 4.76,
  "PNUTUSDT": 0.04386,
  "AGLDUSDT": 0.2182,
  "ORCAUSDT": 0.866,
  "CYBERUSDT": 0.5438,
  "ARUSDT": 1.547,
  "ENSUSDT": 6.031,
  "SKRUSDT": 0.021596,
  "TRBUSDT": 13.974,
  "SPXUSDT": 0.3173,
  "SNXUSDT": 0.31,
  "LPTUSDT": 2.294,
  "STXUSDT": 0.2534,
  "WUSDT": 0.01843,
  "TRIAUSDT": 0.01885,
  "MEUSDT": 0.115,
  "JASMYUSDT": 0.00536,
  "EULUSDT": 1.026,
  "TAUSDT": 0.04022,
  "ALICEUSDT": 0.155,
  "IMXUSDT": 0.1656,
  "BANKUSDT": 0.03664,
  "MANAUSDT": 0.097,
  "BIRBUSDT": 0.15254,
  "PLUMEUSDT": 0.00897,
  "4USDT": 0.00844,
  "FIOUSDT": 0.01043,
  "JSTUSDT": 0.048127,
  "USELESSUSDT": 0.04065,
  "RESOLVUSDT": 0.05796,
  "WETUSDT": 0.10025,
  "IOTAUSDT": 0.0662,
  "AGTUSDT": 0.005472,
  "LAYERUSDT": 0.0911,
  "YGGUSDT": 0.03873,
  "AWEUSDT": 0.05112,
  "MIRAUSDT": 0.0959,
  "SUNUSDT": 0.015276,
  "WCTUSDT": 0.05878,
  "SOMIUSDT": 0.1912,
  "COAIUSDT": 0.3137,
  "INITUSDT": 0.07641,
  "CLOUSDT": 0.07068,
  "GRTUSDT": 0.02586,
  "AXLUSDT": 0.05299,
  "CFXUSDT": 0.04769,
  "MERLUSDT": 0.0396,
  "2ZUSDT": 0.07326,
  "DEXEUSDT": 3.217,
  "QNTUSDT": 62.07,
  "CYSUSDT": 0.3007,
  "API3USDT": 0.2791,
  "EDUUSDT": 0.1014,
  "PTBUSDT": 0.001226,
  "FLOWUSDT": 0.03529,
  "NMRUSDT": 7.453,
  "SFPUSDT": 0.2636,
  "NAORISUSDT": 0.03189,
  "MOODENGUSDT": 0.04873,
  "MMTUSDT": 0.1175,
  "LIGHTUSDT": 0.1876,
  "TAGUSDT": 0.0003459,
  "SPKUSDT": 0.01919,
  "STEEMUSDT": 0.0602,
  "BREVUSDT": 0.1395,
  "ZRXUSDT": 0.1054,
  "NEIROUSDT": 6.677e-05,
  "FOLKSUSDT": 1.228,
  "VANAUSDT": 1.435,
  "AIXBTUSDT": 0.02153,
  "THETAUSDT": 0.188,
  "ARKMUSDT": 0.1061,
  "RUNEUSDT": 0.3955,
  "1INCHUSDT": 0.0932,
  "ZORAUSDT": 0.01784,
  "ANIMEUSDT": 0.00483,
  "IOUSDT": 0.1065,
  "EGLDUSDT": 4.363,
  "KAIAUSDT": 0.05471,
  "SOPHUSDT": 0.009079,
  "KASUSDT": 0.02975,
  "KGENUSDT": 0.18503,
  "LRCUSDT": 0.03115,
  "AKEUSDT": 0.0002456,
  "YFIUSDT": 2641.0,
  "MEGAUSDT": 0.13099,
  "PEOPLEUSDT": 0.00624,
  "SPACEUSDT": 0.007061,
  "COWUSDT": 0.2179,
  "TAKEUSDT": 0.02248,
  "XPTUSDT": 2388.93,
  "STOUSDT": 0.06395,
  "BLUAIUSDT": 0.004911,
  "PROVEUSDT": 0.2978,
  "AIAUSDT": 0.0843,
  "BATUSDT": 0.1027,
  "UAIUSDT": 0.2032,
  "FHEUSDT": 0.02857,
  "SUSHIUSDT": 0.2009,
  "BSVUSDT": 15.2,
  "KERNELUSDT": 0.07739,
  "OGUSDT": 2.781,
  "VELVETUSDT": 0.08203,
  "AUSDT": 0.0787,
  "HIPPOUSDT": 0.0006844,
  "TSTUSDT": 0.0092,
  "TWTUSDT": 0.4988,
  "OPENUSDT": 0.1438,
  "AVAAIUSDT": 0.007266,
  "LUNA2USDT": 0.06284,
  "GMTUSDT": 0.0115,
  "POPCATUSDT": 0.04658,
  "CATIUSDT": 0.03909,
  "TURBOUSDT": 0.0009552,
  "YBUSDT": 0.1706,
  "ACTUSDT": 0.01311,
  "MANTAUSDT": 0.06139,
  "SWARMSUSDT": 0.006847,
  "VELODROMEUSDT": 0.01533,
  "GASUSDT": 1.607,
  "SOONUSDT": 0.1661,
  "BOMEUSDT": 0.0003806,
  "NOMUSDT": 0.003534,
  "NEWTUSDT": 0.0733,
  "FIGHTUSDT": 0.006122,
  "BABYUSDT": 0.0113,
  "SUPERUSDT": 0.1127,
  "XNYUSDT": 0.005818,
  "NILUSDT": 0.04946,
  "MINAUSDT": 0.05627,
  "TNSRUSDT": 0.0452,
  "RPLUSDT": 1.832,
  "TUTUSDT": 0.00973,
  "KSMUSDT": 4.711,
  "ZBTUSDT": 0.07636,
  "XVGUSDT": 0.005437,
  "FUSDT": 0.005548,
  "BASUSDT": 0.00732,
  "MEMEUSDT": 0.0005765,
  "HOLOUSDT": 0.0604,
  "MAGICUSDT": 0.06006,
  "UMAUSDT": 0.4224,
  "ALTUSDT": 0.007104,
  "AIOUSDT": 0.0696,
  "IOTXUSDT": 0.00452,
  "AINUSDT": 0.04047,
  "MASKUSDT": 0.4266,
  "BLURUSDT": 0.01963,
  "DAMUSDT": 0.02317,
  "SAPIENUSDT": 0.08098,
  "ACHUSDT": 0.0066,
  "INUSDT": 0.06846,
  "ASRUSDT": 1.3,
  "ONTUSDT": 0.0434,
  "TRUTHUSDT": 0.009563,
  "CELOUSDT": 0.077,
  "MUBARAKUSDT": 0.01314,
  "REDUSDT": 0.1494,
  "KOMAUSDT": 0.0079,
  "SANTOSUSDT": 1.302,
  "GLMUSDT": 0.13336,
  "KMNOUSDT": 0.02175,
  "C98USDT": 0.0262,
  "CTSIUSDT": 0.0242,
  "MELANIAUSDT": 0.1083,
  "WALUSDT": 0.07661,
  "SKLUSDT": 0.00649,
  "ERAUSDT": 0.1441,
  "IDOLUSDT": 0.0192,
  "RAYSOLUSDT": 0.5901,
  "EDENUSDT": 0.03195,
  "ZKCUSDT": 0.0841,
  "STBLUSDT": 0.03765,
  "DRIFTUSDT": 0.0847,
  "SONICUSDT": 0.04374,
  "RSRUSDT": 0.001451,
  "ANKRUSDT": 0.004168,
  "ENJUSDT": 0.01902,
  "ICNTUSDT": 0.3726,
  "ZEREBROUSDT": 0.006977,
  "KAVAUSDT": 0.0498,