{
  "BTCUSDT": 65280.7,
  "ETHUSDT": 1880.95,
  "SOLUSDT": 78.38,
  "BTC/USDCUSDT": 64533.5,
  "ETH/USDCUSDT": 1863.11,
  "XAGUSDT": 88.65,
  "BTC/USDUSDT": 65165.3,
  "XRPUSDT": 1.3529,
  "XAUUSDT": 5235.46,
  "ETH/USDUSDT": 1881.53,
  "DOGEUSDT": 0.09305,
  "BNBUSDT": 595.9,
  "PIPPINUSDT": 0.73224,
  "SOL/USDCUSDT": 78.36,
  "AGLDUSDT": 0.3092,
  "HYPEUSDT": 26.498,
  "ZECUSDT": 238.49,
  "BCHUSDT": 497.82,
  "1000PEPEUSDT": 0.0039664,
  "ESPUSDT": 0.10617,
  "PAXGUSDT": 5248.69,
  "SUIUSDT": 0.8752,
  "OPNUSDT": 0.6056,
  "BULLAUSDT": 0.04782,
  "POWERUSDT": 0.49416,
  "WLFIUSDT": 0.1109,
  "XRP/USDCUSDT": 1.3529,
  "ADAUSDT": 0.2628,
  "AVAXUSDT": 8.344,
  "RAVEUSDT": 0.2989,
  "LAUSDT": 0.233,
  "LINKUSDT": 8.304,
  "SOL/USDUSDT": 77.67,
  "ENSOUSDT": 1.974,
  "KITEUSDT": 0.23407,
  "PROMPTUSDT": 0.05168,
  "ASTERUSDT": 0.696,
  "FILUSDT": 0.887,
  "ENAUSDT": 0.0978,
  "RIVERUSDT": 7.829,
  "DOTUSDT": 1.268,
  "LTCUSDT": 51.55,
  "MYXUSDT": 0.579,
  "BNB/USDUSDT": 598.78,
  "PUMPUSDT": 0.001823,
  "SIRENUSDT": 0.29136,
  "UNIUSDT": 3.359,
  "OPUSDT": 0.1188,
  "TAOUSDT": 170.27,
  "BNB/USDCUSDT": 596.07,
  "NEARUSDT": 0.977,
  "\u5e01\u5b89\u4eba\u751fUSDT": 0.05727,
  "AAVEUSDT": 114.61,
  "FARTCOINUSDT": 0.1499,
  "WLDUSDT": 0.3708,
  "AZTECUSDT": 0.02691,
  "APTUSDT": 0.815,
  "TRUMPUSDT": 3.295,
  "TRXUSDT": 0.28119,
  "ARCUSDT": 0.09063,
  "ARBUSDT": 0.0935,
  "WIFUSDT": 0.2011,
  "XRP/USDUSDT": 1.3466,
  "ETH/BTCUSDT": 1863.665319,
  "SENTUSDT": 0.02533,
  "XPLUSDT": 0.0874,
  "ZROUSDT": 1.506,
  "DOGE/USDUSDT": 0.09303,
  "YGGUSDT": 0.04388,
  "SPACEUSDT": 0.008619,
  "PENGUUSDT": 0.006315,
  "HBARUSDT": 0.09525,
  "SNXUSDT": 0.385,
  "1000SHIBUSDT": 0.006027,
  "AXSUSDT": 1.233,
  "VVVUSDT": 3.843,
  "ETCUSDT": 8.33,
  "XLMUSDT": 0.15149,
  "INJUSDT": 3.354,
  "DOGE/USDCUSDT": 0.09304,
  "FLOCKUSDT": 0.06914,
  "1000BONKUSDT": 0.005867,
  "TSLAUSDT": 400.09,
  "DASHUSDT": 32.15,
  "HUSDT": 0.13554,
  "XMRUSDT": 306.92,
  "SPORTFUNUSDT": 0.04722,
  "VIRTUALUSDT": 0.5891,
  "BERAUSDT": 0.5527,
  "BIOUSDT": 0.02508,
  "ICPUSDT": 2.055,
  "POLUSDT": 0.10637,
  "CRVUSDT": 0.222,
  "ZKUSDT": 0.0197,
  "ORCAUSDT": 0.958,
  "ATOMUSDT": 2.127,
  "TRIAUSDT": 0.01773,
  "JTOUSDT": 0.2765,
  "TONUSDT": 1.3449,
  "GALAUSDT": 0.0035,
  "BCH/USDCUSDT": 497.83,
  "DUSKUSDT": 0.07908,
  "NAORISUSDT": 0.0382,
  "AWEUSDT": 0.05331,
  "0GUSDT": 0.614,
  "EIGENUSDT": 0.1824,
  "TIAUSDT": 0.2986,
  "\u6211\u8e0f\u9a6c\u6765\u4e86USDT": 0.011674,
  "ZAMAUSDT": 0.02149,
  "ONDOUSDT": 0.2489,
  "MONUSDT": 0.02034,
  "ZILUSDT": 0.00406,
  "1000PEPE/USDCUSDT": 0.0039637,
  "LITUSDT": 1.386,
  "ZEC/USDCUSDT": 238.34,
  "ETHFIUSDT": 0.4483,
  "SEIUSDT": 0.0665,
  "COLLECTUSDT": 0.04216,
  "STABLEUSDT": 0.028104,
  "BELUSDT": 0.1008,
  "ALGOUSDT": 0.0835,
  "IPUSDT": 1.02,
  "PENDLEUSDT": 1.1904,
  "FHEUSDT": 0.0304,
  "RENDERUSDT": 1.378,
  "SUI/USDCUSDT": 0.8749,
  "CHZUSDT": 0.03354,
  "LDOUSDT": 0.3001,
  "MORPHOUSDT": 1.5831,
  "DEXEUSDT": 2.919,
  "GIGGLEUSDT": 24.92,
  "FETUSDT": 0.154,
  "ADA/USDUSDT": 0.2627,
  "JUPUSDT": 0.1455,
  "SANDUSDT": 0.07881,
  "COWUSDT": 0.2184,
  "CYBERUSDT": 0.5518,
  "ORDIUSDT": 2.315,
  "ALLOUSDT": 0.10222,
  "BEATUSDT": 0.2113,
  "LYNUSDT": 0.31545,
  "NEIROUSDT": 6.69e-05,
  "CAKEUSDT": 1.2162,
  "ADA/USDCUSDT": 0.2628,
  "MOODENGUSDT": 0.05145,
  "HOODUSDT": 71.74,
  "CLOUSDT": 0.08998,
  "SOMIUSDT": 0.1926,
  "FOGOUSDT": 0.02706,
  "B2USDT": 0.7468,
  "ROSEUSDT": 0.01233,
  "SUI/USDUSDT": 0.8747,
  "SPXUSDT": 0.2748,
  "STGUSDT": 0.132,
  "JASMYUSDT": 0.005758,
  "ARPAUSDT": 0.00967,
  "ZENUSDT": 5.381,
  "STRKUSDT": 0.04036,
  "SAPIENUSDT": 0.09559,
  "ZKPUSDT": 0.08591,
  "BANUSDT": 0.1299,
  "1000FLOKIUSDT": 0.02804,
  "APEUSDT": 0.1022,
  "IDOLUSDT": 0.02528,
  "AVAX/USDCUSDT": 8.34,
  "XPTUSDT": 2170.44,
  "INITUSDT": 0.08543,
  "ATUSDT": 0.16155,
  "VETUSDT": 0.007283,
  "GWEIUSDT": 0.030764,
  "USELESSUSDT": 0.03701,
  "GPSUSDT": 0.013315,
  "MEUSDT": 0.1171,
  "FIL/USDCUSDT": 0.887,
  "WLFI/USDCUSDT": 0.1108,
  "BCH/USDUSDT": 497.62,
  "ENSUSDT": 6.052,
  "LINK/USDUSDT": 8.301,
  "DYDXUSDT": 0.089,
  "WETUSDT": 0.08183,
  "LINK/USDCUSDT": 8.302,
  "LINEAUSDT": 0.003164,
  "TRBUSDT": 14.114,
  "ENA/USDCUSDT": 0.0978,
  "KSMUSDT": 4.594,
  "SKRUSDT": 0.018708,
  "AKEUSDT": 0.0003166,
  "BASUSDT": 0.005508,
  "BTRUSDT": 0.18001,
  "XPDUSDT": 1754.4,
  "BIRBUSDT": 0.15363,
  "ARB/USDCUSDT": 0.0934,
  "LIGHTUSDT": 0.2305,
  "VTHOUSDT": 0.0006137,
  "CYSUSDT": 0.388,
  "MSTRUSDT": 124.21,
  "MANAUSDT": 0.0908,
  "EULUSDT": 0.906,
  "AVNTUSDT": 0.1723,
  "TAKEUSDT": 0.02127,
  "RPLUSDT": 2.039,
  "MUSDT": 1.4069,
  "COTIUSDT": 0.0116,
  "PYTHUSDT": 0.05039,
  "BARDUSDT": 0.7569,
  "ARUSDT": 1.854,
  "INUSDT": 0.06629,
  "SYRUPUSDT": 0.20355,
  "PARTIUSDT": 0.10634,
  "XTZUSDT": 0.368,
  "TURBOUSDT": 0.0009686,
  "LRCUSDT": 0.03278,
  "PNUTUSDT": 0.04388,
  "CCUSDT": 0.15962,
  "COMPUSDT": 17.25,
  "ACHUSDT": 0.007181,
  "SUSDT": 0.03953,
  "FIL/USDUSDT": 0.887,
  "WUSDT": 0.01839,
  "C98USDT": 0.0253,
  "IOTAUSDT": 0.0663,
  "LTC/USDCUSDT": 51.52,
  "TNSRUSDT": 0.04626,
  "FLOWUSDT": 0.03518,
  "PLAYUSDT": 0.01802,
  "BANANAS31USDT": 0.004778,
  "AEROUSDT": 0.2979,
  "KAITOUSDT": 0.2882,
  "FIDAUSDT": 0.01584,
  "RESOLVUSDT": 0.06519,
  "ARKMUSDT": 0.1053,
  "GRTUSDT": 0.02588,
  "KASUSDT": 0.02993,
  "TRUTHUSDT": 0.010051,
  "GUNUSDT": 0.02798,
  "HANAUSDT": 0.03317,
  "BOMEUSDT": 0.0003767,
  "NOMUSDT": 0.004644,
  "PTBUSDT": 0.001248,
  "CRCLUSDT": 61.46,
  "VANAUSDT": 1.426,
  "HUMAUSDT": 0.012056,
  "FIGHTUSDT": 0.006816,
  "MEMEUSDT": 0.0006419,
  "UBUSDT": 0.03609,
  "AIAUSDT": 0.08715,
  "STXUSDT": 0.2348,
  "AVAX/USDUSDT": 8.33,
  "NIGHTUSDT": 0.058,
  "SKYUSDT": 0.06283,
  "RUNEUSDT": 0.3858,
  "THETAUSDT": 0.1844,
  "INTCUSDT": 43.71,
  "MERLUSDT": 0.046,
  "PUNDIXUSDT": 0.15,
  "WOOUSDT": 0.01632,
  "CFXUSDT": 0.04796,
  "KERNELUSDT": 0.07231,
  "LTC/USDUSDT": 51.52,
  "TRADOORUSDT": 1.53,
  "BTCDOMUSDT": 5127.3,
  "IMXUSDT": 0.1553,
  "ZORAUSDT": 0.01939,
  "MUBARAKUSDT": 0.01407,
  "GMTUSDT": 0.01086,
  "LPTUSDT": 2.189,
  "METUSDT": 0.1878,
  "IOTXUSDT": 0.0046,
  "QUSDT": 0.020639,
  "RAYSOLUSDT": 0.5744,
  "MOVEUSDT": 0.02166,
  "OGUSDT": 3.063,
  "1000LUNCUSDT": 0.03464,
  "JELLYJELLYUSDT": 0.06118,
  "1000RATSUSDT": 0.04977,
  "JSTUSDT": 0.04502,
  "PROMUSDT": 1.261,
  "FFUSDT": 0.07679,
  "AAVE/USDCUSDT": 114.52,
  "QNTUSDT": 62.18,
  "1INCHUSDT": 0.0884,
  "UNI/USDUSDT": 3.355,
  "PEOPLEUSDT": 0.00622,
  "WCTUSDT": 0.05787,
  "AUCTIONUSDT": 4.81,
  "MASKUSDT": 0.4094,
  "FRAXUSDT": 0.6064,
  "LUNA2USDT": 0.059,
  "TRUMP/USDCUSDT": 3.29,
  "NEAR/USDCUSDT": 0.977,
  "CRV/USDCUSDT": 0.2212,
  "FOLKSUSDT": 1.151,
  "COINUSDT": 160.41,
  "POPCATUSDT": 0.04663,
  "CHRUSDT": 0.0194,
  "GOATUSDT": 0.01912,
  "BOBUSDT": 0.005402,
  "IOUSDT": 0.1084,
  "AIOTUSDT": 0.02369,
  "UAIUSDT": 0.225,
  "MAGICUSDT": 0.06367,
  "ALICEUSDT": 0.1,
  "BREVUSDT": 0.1261,
  "ZKCUSDT": 0.0838,
  "SUPERUSDT": 0.1073,
  "WIF/USDCUSDT": 0.201,
  "USDCUSDT": 0.999561,
  "WLD/USDCUSDT": 0.3704,
  "OP/USDUSDT": 0.1187,
  "MMTUSDT": 0.1191,
  "4USDT": 0.00766,
  "YFIUSDT": 2699.0,
  "MINAUSDT": 0.05679,
  "EGLDUSDT": 4.306,
  "SUSHIUSDT": 0.1929,
  "XNYUSDT": 0.004842,
  "KAIAUSDT": 0.05312,
  "STOUSDT": 0.05472,
  "PENGU/USDCUSDT": 0.00631,
  "PIEVERSEUSDT": 0.4112,
  "NOTUSDT": 0.0003627,
  "1MBABYDOGEUSDT": 0.0003687,
  "ZBTUSDT": 0.06829,
  "SANTOSUSDT": 1.613,
  "ELSAUSDT": 0.07396,
  "1000SATSUSDT": 1.04e-05,
  "NEOUSDT": 2.634,
  "DAMUSDT": 0.02124,
  "BEAMXUSDT": 0.001961,
  "AXLUSDT": 0.05158,
  "ZETAUSDT": 0.05062,
  "NILUSDT": 0.04745,
  "PLUMEUSDT": 0.00919,
  "KGENUSDT": 0.17189,
  "PLTRUSDT": 130.57,
  "BIO/USDCUSDT": 0.02506,
  "KAVAUSDT": 0.048,
  "APRUSDT": 0.09019,
  "AIXBTUSDT": 0.01836,
  "AAVE/USDUSDT": 114.55,
  "NXPCUSDT": 0.2645,
  "OPENUSDT": 0.1437,
  "BATUSDT": 0.1157,
  "BBUSDT": 0.02648,
  "2ZUSDT": 0.06728,
  "FORMUSDT": 0.1913,
  "INXUSDT": 0.010757,
  "DOT/USDUSDT": 1.266,
  "BRETTUSDT": 0.00685,