{
  "BTCUSDT": 72402.8,
  "ETHUSDT": 2112.28,
  "SOLUSDT": 89.64,
  "XRPUSDT": 1.4175,
  "BNBUSDT": 653.33,
  "DOGEUSDT": 0.09606,
  "XAUUSDT": 5185.57,
  "BCHUSDT": 459.44,
  "PAXGUSDT": 5195.33,
  "HYPEUSDT": 31.462,
  "XAGUSDT": 85.12,
  "ZECUSDT": 237.33,
  "WLFIUSDT": 0.1048,
  "TRXUSDT": 0.28646,
  "UNIUSDT": 3.974,
  "SUIUSDT": 0.9476,
  "ADAUSDT": 0.2736,
  "AVAXUSDT": 9.438,
  "LINKUSDT": 9.246,
  "ASTERUSDT": 0.7154,
  "1000PEPEUSDT": 0.0035985,
  "LTCUSDT": 56.33,
  "PUMPUSDT": 0.002025,
  "ENAUSDT": 0.117,
  "NEARUSDT": 1.276,
  "AAVEUSDT": 115.39,
  "WLDUSDT": 0.4144,
  "DOTUSDT": 1.523,
  "XPLUSDT": 0.11,
  "FILUSDT": 1.022,
  "TRUMPUSDT": 3.421,
  "1000SHIBUSDT": 0.005612,
  "TAOUSDT": 184.88,
  "KITEUSDT": 0.23689,
  "LITUSDT": 1.31,
  "PIPPINUSDT": 0.36155,
  "ZROUSDT": 1.8519,
  "RIVERUSDT": 17.922,
  "APTUSDT": 1.0071,
  "TONUSDT": 1.3203,
  "HUSDT": 0.1285,
  "ATOMUSDT": 1.869,
  "HBARUSDT": 0.1006,
  "XMRUSDT": 360.2,
  "ARBUSDT": 0.1029,
  "XLMUSDT": 0.15806,
  "ICPUSDT": 2.519,
  "BERAUSDT": 0.5329,
  "MONUSDT": 0.02233,
  "WIFUSDT": 0.2118,
  "CRVUSDT": 0.254,
  "FFUSDT": 0.07311,
  "PENGUUSDT": 0.007117,
  "VIRTUALUSDT": 0.7363,
  "BARDUSDT": 1.3882,
  "FETUSDT": 0.1535,
  "AXSUSDT": 1.204,
  "VVVUSDT": 7.061,
  "OPUSDT": 0.1275,
  "ARCUSDT": 0.03971,
  "CCUSDT": 0.15478,
  "ETCUSDT": 8.719,
  "POLUSDT": 0.10412,
  "BTCDOMUSDT": 5244.2,
  "1000BONKUSDT": 0.006168,
  "ETHFIUSDT": 0.5436,
  "ONDOUSDT": 0.2658,
  "IPUSDT": 0.868,
  "PARTIUSDT": 0.08594,
  "FARTCOINUSDT": 0.17,
  "TIAUSDT": 0.3363,
  "CHZUSDT": 0.03815,
  "SEIUSDT": 0.06868,
  "POWERUSDT": 0.14885,
  "SAHARAUSDT": 0.02693,
  "\u5e01\u5b89\u4eba\u751fUSDT": 0.06129,
  "BANUSDT": 0.10808,
  "SIRENUSDT": 0.37503,
  "DASHUSDT": 34.67,
  "SENTUSDT": 0.02103,
  "ENSOUSDT": 1.269,
  "JUPUSDT": 0.1921,
  "BUSDT": 0.2304,
  "PHAUSDT": 0.04854,
  "INJUSDT": 3.061,
  "ESPUSDT": 0.12026,
  "0GUSDT": 0.6077,
  "KAITOUSDT": 0.3535,
  "RENDERUSDT": 1.391,
  "GUAUSDT": 0.26707,
  "SIGNUSDT": 0.03174,
  "STABLEUSDT": 0.028371,
  "ROBOUSDT": 0.04246,
  "BANANAS31USDT": 0.005136,
  "LDOUSDT": 0.314,
  "FORMUSDT": 0.3038,
  "MANTRAUSDT": 0.02305,
  "ZAMAUSDT": 0.01949,
  "1000RATSUSDT": 0.04711,
  "ALCHUSDT": 0.07948,
  "PENDLEUSDT": 1.298,
  "ZKUSDT": 0.0189,
  "SKYAIUSDT": 0.04194,
  "GWEIUSDT": 0.045003,
  "MORPHOUSDT": 1.8779,
  "GIGGLEUSDT": 30.29,
  "JELLYJELLYUSDT": 0.08162,
  "ATUSDT": 0.15679,
  "PIEVERSEUSDT": 0.5322,
  "BIOUSDT": 0.02113,
  "CAKEUSDT": 1.3998,
  "SKYUSDT": 0.07744,
  "SANDUSDT": 0.08624,
  "ZENUSDT": 5.764,
  "HOMEUSDT": 0.02813,
  "BULLAUSDT": 0.02644,
  "ALLOUSDT": 0.12063,
  "GALAUSDT": 0.00358,
  "NIGHTUSDT": 0.06118,
  "STRKUSDT": 0.04077,
  "ALGOUSDT": 0.0878,
  "LYNUSDT": 0.30346,
  "CRCLUSDT": 103.61,
  "MSTRUSDT": 145.64,
  "MUSDT": 1.3803,
  "EIGENUSDT": 0.2005,
  "HANAUSDT": 0.0345,
  "HUMAUSDT": 0.014516,
  "STGUSDT": 0.1652,
  "BTRUSDT": 0.1796,
  "TSLAUSDT": 403.6,
  "AEROUSDT": 0.3613,
  "APEUSDT": 0.1019,
  "TRADOORUSDT": 1.595,
  "GPSUSDT": 0.008637,
  "MYXUSDT": 0.293,
  "USDCUSDT": 0.99929,
  "OPNUSDT": 0.4759,
  "SYRUPUSDT": 0.2407,
  "GUNUSDT": 0.01972,
  "JTOUSDT": 0.2745,
  "AZTECUSDT": 0.02235,
  "ZILUSDT": 0.00433,
  "ATHUSDT": 0.006479,
  "BEAMXUSDT": 0.001941,
  "XPINUSDT": 0.001397,
  "UBUSDT": 0.03616,
  "B2USDT": 0.6963,
  "DUSKUSDT": 0.0863,
  "NEOUSDT": 2.634,
  "ORDIUSDT": 2.52,
  "1000LUNCUSDT": 0.044,
  "QUSDT": 0.013237,
  "METUSDT": 0.1784,
  "PYTHUSDT": 0.05021,
  "VETUSDT": 0.007396,
  "DYDXUSDT": 0.096,
  "NXPCUSDT": 0.2805,
  "TAUSDT": 0.04983,
  "BEATUSDT": 0.2764,
  "AVNTUSDT": 0.1742,
  "XTZUSDT": 0.379,
  "CYSUSDT": 0.3902,
  "MOVEUSDT": 0.02243,
  "LAUSDT": 0.2124,
  "FOGOUSDT": 0.02277,
  "ROSEUSDT": 0.01224,
  "1000FLOKIUSDT": 0.02903,
  "PNUTUSDT": 0.04773,
  "ESPORTSUSDT": 0.31782,
  "COMPUSDT": 18.03,
  "AIXBTUSDT": 0.03144,
  "\u6211\u8e0f\u9a6c\u6765\u4e86USDT": 0.010768,
  "ENSUSDT": 6.212,
  "SUSDT": 0.04187,
  "KAVAUSDT": 0.0583,
  "SPXUSDT": 0.3556,
  "LINEAUSDT": 0.003226,
  "TAGUSDT": 0.000448,
  "COLLECTUSDT": 0.03719,
  "RESOLVUSDT": 0.06441,
  "ZKPUSDT": 0.08943,
  "TRBUSDT": 14.906,
  "SNXUSDT": 0.332,
  "RAVEUSDT": 0.36616,
  "LPTUSDT": 2.37,
  "ARUSDT": 1.704,
  "USELESSUSDT": 0.0466,
  "GRASSUSDT": 0.2937,
  "TRIAUSDT": 0.01936,
  "AGLDUSDT": 0.2336,
  "4USDT": 0.00942,
  "STXUSDT": 0.269,
  "SKRUSDT": 0.023235,
  "PLUMEUSDT": 0.00999,
  "JASMYUSDT": 0.005751,
  "AUCTIONUSDT": 4.766,
  "AGTUSDT": 0.006184,
  "ORCAUSDT": 0.891,
  "WETUSDT": 0.11106,
  "EULUSDT": 1.131,
  "WUSDT": 0.01892,
  "BANKUSDT": 0.0393,
  "CFXUSDT": 0.05003,
  "MANAUSDT": 0.0983,
  "JSTUSDT": 0.047399,
  "IMXUSDT": 0.1582,
  "IOTAUSDT": 0.0676,
  "MOODENGUSDT": 0.05079,
  "DEXEUSDT": 3.466,
  "PEOPLEUSDT": 0.00716,
  "MEUSDT": 0.1159,
  "COAIUSDT": 0.3255,
  "FLOWUSDT": 0.0343,
  "KGENUSDT": 0.23032,
  "SOMIUSDT": 0.1948,
  "RUNEUSDT": 0.4349,
  "CYBERUSDT": 0.5528,
  "YGGUSDT": 0.03972,
  "EDUUSDT": 0.1036,
  "WCTUSDT": 0.06038,
  "GRTUSDT": 0.02649,
  "DENTUSDT": 0.00024,
  "THETAUSDT": 0.1965,
  "AWEUSDT": 0.05106,
  "NMRUSDT": 7.713,
  "SFPUSDT": 0.275,
  "PTBUSDT": 0.001169,
  "SPKUSDT": 0.01969,
  "API3USDT": 0.2869,
  "LIGHTUSDT": 0.1836,
  "INITUSDT": 0.07866,
  "BREVUSDT": 0.1548,
  "MMTUSDT": 0.1177,
  "QNTUSDT": 64.62,
  "EGLDUSDT": 4.211,
  "1INCHUSDT": 0.0984,
  "AIOTUSDT": 0.02952,
  "2ZUSDT": 0.07279,
  "NEIROUSDT": 7.037e-05,
  "MERLUSDT": 0.04063,
  "LAYERUSDT": 0.087,
  "ZRXUSDT": 0.1073,
  "AXLUSDT": 0.05442,
  "NAORISUSDT": 0.03091,
  "COWUSDT": 0.2416,
  "MEMEUSDT": 0.0006246,
  "SPACEUSDT": 0.007414,
  "CLOUSDT": 0.07056,
  "FOLKSUSDT": 1.238,
  "ARKMUSDT": 0.1091,
  "KASUSDT": 0.0311,
  "IOUSDT": 0.1134,
  "VANAUSDT": 1.448,
  "ZORAUSDT": 0.01721,
  "USUALUSDT": 0.01601,
  "BIRBUSDT": 0.14838,
  "KAIAUSDT": 0.05492,
  "VELVETUSDT": 0.091,
  "AVAAIUSDT": 0.008182,
  "SWARMSUSDT": 0.007447,
  "POPCATUSDT": 0.05047,
  "AKEUSDT": 0.0002443,
  "PROVEUSDT": 0.2777,
  "YFIUSDT": 2703.0,
  "TSTUSDT": 0.00992,
  "LRCUSDT": 0.03122,
  "SOPHUSDT": 0.00859,
  "SUNUSDT": 0.016067,
  "TWTUSDT": 0.5,
  "BOMEUSDT": 0.0004145,
  "GMTUSDT": 0.01182,
  "AUSDT": 0.0784,
  "STEEMUSDT": 0.0566,
  "SUSHIUSDT": 0.2079,
  "AIAUSDT": 0.08417,
  "ACTUSDT": 0.0138,
  "TURBOUSDT": 0.0009997,
  "OPENUSDT": 0.148,
  "MIRAUSDT": 0.0917,
  "LUNA2USDT": 0.06531,
  "HIPPOUSDT": 0.0008196,
  "ANIMEUSDT": 0.004751,
  "NILUSDT": 0.05234,
  "MEGAUSDT": 0.1338,
  "VELODROMEUSDT": 0.01649,
  "CATIUSDT": 0.03934,
  "BLUAIUSDT": 0.004513,
  "BATUSDT": 0.1043,
  "STOUSDT": 0.05998,
  "DAMUSDT": 0.02993,
  "GASUSDT": 1.624,
  "MUBARAKUSDT": 0.01459,
  "FHEUSDT": 0.02811,
  "TUTUSDT": 0.01054,
  "BABYUSDT": 0.01137,
  "SUPERUSDT": 0.1206,
  "OGUSDT": 2.796,
  "MANTAUSDT": 0.06533,
  "AIOUSDT": 0.0813,
  "TNSRUSDT": 0.04495,
  "BSVUSDT": 15.05,
  "KNCUSDT": 0.1358,
  "SOONUSDT": 0.1639,
  "COOKIEUSDT": 0.02202,
  "AKTUSDT": 0.3343,
  "ZBTUSDT": 0.07381,
  "MASKUSDT": 0.4578,
  "MAGICUSDT": 0.0619,
  "ALICEUSDT": 0.128,
  "RPLUSDT": 1.987,
  "UMAUSDT": 0.4332,
  "MINAUSDT": 0.05705,
  "KERNELUSDT": 0.07557,
  "IOTXUSDT": 0.00556,
  "XNYUSDT": 0.006492,
  "KSMUSDT": 4.789,
  "SAPIENUSDT": 0.08302,
  "XVGUSDT": 0.005522,
  "FUSDT": 0.005593,
  "ALTUSDT": 0.007296,
  "ASRUSDT": 1.324,
  "HOLOUSDT": 0.06237,
  "FIGHTUSDT": 0.005989,
  "BLURUSDT": 0.01985,
  "NOMUSDT": 0.003607,
  "INUSDT": 0.07022,
  "ONTUSDT": 0.0437,
  "KMNOUSDT": 0.02351,
  "EDENUSDT": 0.03493,
  "XPTUSDT": 2182.76,
  "CELOUSDT": 0.079,
  "FIOUSDT": 0.00948,
  "ANKRUSDT": 0.004224,
  "ZEREBROUSDT": 0.007273,
  "AINUSDT": 0.03873,
  "ENJUSDT": 0.01925,
  "1000SATSUSDT": 1.17e-05,
  "GMXUSDT": 7.292,
  "TRUTHUSDT": 0.009592,
  "SKLUSDT": 0.00669,
  "REDUSDT": 0.1406,
  "KOMAUSDT": 0.008076,
  "YBUSDT": 0.1684,
  "STBLUSDT": 0.04027,
  "KATUSDT": 0.01575,
  "TAKEUSDT": 0.0193,
  "DRIFTUSDT": 0.0892,
  "POLYXUSDT": 0.04209,
  "RAYSOLUSDT": 0.6148,
  "ERAUSDT": 0.1438,
  "UAIUSDT": 0.2018,
  "NEWTUSDT": 0.06793,
  "GLMUSDT": 0.13187,
  "QTUMUSDT": 0.934,
  "WALUSDT": 0.07931,