{
  "BTCUSDT": 67701.1,
  "ETHUSDT": 1954.67,
  "SOLUSDT": 83.55,
  "XRPUSDT": 1.3931,
  "BNBUSDT": 616.72,
  "BCHUSDT": 569.29,
  "DOGEUSDT": 0.09583,
  "HYPEUSDT": 29.24,
  "XAGUSDT": 84.96,
  "XAUUSDT": 5123.1,
  "PAXGUSDT": 5151.6,
  "WLFIUSDT": 0.116,
  "ZECUSDT": 246.82,
  "TRXUSDT": 0.28915,
  "SUIUSDT": 0.9246,
  "ASTERUSDT": 0.7011,
  "LINKUSDT": 8.705,
  "ADAUSDT": 0.2719,
  "UNIUSDT": 3.475,
  "LTCUSDT": 53.35,
  "1000PEPEUSDT": 0.004095,
  "AVAXUSDT": 8.888,
  "PUMPUSDT": 0.002035,
  "PIPPINUSDT": 0.63206,
  "ENAUSDT": 0.1015,
  "KITEUSDT": 0.2449,
  "AAVEUSDT": 118.43,
  "ARCUSDT": 0.09259,
  "NEARUSDT": 1.015,
  "WLDUSDT": 0.3808,
  "TRUMPUSDT": 3.395,
  "LITUSDT": 1.478,
  "FILUSDT": 0.932,
  "TAOUSDT": 177.4,
  "XPLUSDT": 0.0908,
  "DOTUSDT": 1.32,
  "ZROUSDT": 1.6972,
  "ATOMUSDT": 2.269,
  "APTUSDT": 0.8339,
  "TONUSDT": 1.3414,
  "ENSOUSDT": 1.9128,
  "1000SHIBUSDT": 0.006198,
  "XLMUSDT": 0.15409,
  "HBARUSDT": 0.09778,
  "BERAUSDT": 0.5858,
  "ARBUSDT": 0.0945,
  "AXSUSDT": 1.281,
  "ICPUSDT": 2.118,
  "OPUSDT": 0.1235,
  "RIVERUSDT": 8.231,
  "HUSDT": 0.16397,
  "XMRUSDT": 321.82,
  "POWERUSDT": 0.45145,
  "MONUSDT": 0.01988,
  "ETCUSDT": 8.674,
  "RAVEUSDT": 0.69984,
  "WIFUSDT": 0.2132,
  "FETUSDT": 0.1597,
  "BARDUSDT": 0.7818,
  "FFUSDT": 0.07815,
  "CRVUSDT": 0.228,
  "PENGUUSDT": 0.006612,
  "1000BONKUSDT": 0.006119,
  "FARTCOINUSDT": 0.1773,
  "INJUSDT": 3.569,
  "BANUSDT": 0.13005,
  "IPUSDT": 1.072,
  "PARTIUSDT": 0.10689,
  "POLUSDT": 0.10573,
  "SIRENUSDT": 0.28159,
  "DASHUSDT": 33.38,
  "AGLDUSDT": 0.3865,
  "BTCDOMUSDT": 5144.3,
  "CHZUSDT": 0.03445,
  "\u5e01\u5b89\u4eba\u751fUSDT": 0.07208,
  "OPNUSDT": 0.654,
  "SENTUSDT": 0.02117,
  "TIAUSDT": 0.3156,
  "ONDOUSDT": 0.2617,
  "0GUSDT": 0.632,
  "ETHFIUSDT": 0.4467,
  "VIRTUALUSDT": 0.6222,
  "AZTECUSDT": 0.03054,
  "SEIUSDT": 0.069,
  "ZKUSDT": 0.01909,
  "LYNUSDT": 0.31189,
  "JUPUSDT": 0.1509,
  "MYXUSDT": 0.852,
  "VVVUSDT": 4.11,
  "ZAMAUSDT": 0.02169,
  "STABLEUSDT": 0.028052,
  "ALCHUSDT": 0.07987,
  "CCUSDT": 0.1582,
  "PENDLEUSDT": 1.1966,
  "BIOUSDT": 0.0274,
  "KAITOUSDT": 0.2951,
  "1000RATSUSDT": 0.04713,
  "BTRUSDT": 0.20236,
  "QUSDT": 0.022079,
  "LDOUSDT": 0.3125,
  "HOMEUSDT": 0.029974,
  "DUSKUSDT": 0.08145,
  "RENDERUSDT": 1.41,
  "NIGHTUSDT": 0.05919,
  "ATUSDT": 0.16389,
  "BANANAS31USDT": 0.004636,
  "TRADOORUSDT": 1.547,
  "ALGOUSDT": 0.0869,
  "HANAUSDT": 0.03728,
  "SKYAIUSDT": 0.03984,
  "ZENUSDT": 5.698,
  "ESPUSDT": 0.07471,
  "SANDUSDT": 0.08158,
  "JTOUSDT": 0.3089,
  "STRKUSDT": 0.04334,
  "OMUSDT": 0.06766,
  "MORPHOUSDT": 1.5973,
  "NAORISUSDT": 0.05436,
  "GUNUSDT": 0.02864,
  "MUSDT": 1.3895,
  "CAKEUSDT": 1.2941,
  "ALLOUSDT": 0.11646,
  "ZILUSDT": 0.00405,
  "GPSUSDT": 0.013196,
  "USDCUSDT": 0.999809,
  "PIEVERSEUSDT": 0.4063,
  "UBUSDT": 0.03435,
  "SNXUSDT": 0.4,
  "ORCAUSDT": 1.017,
  "SKYUSDT": 0.06425,
  "GALAUSDT": 0.00366,
  "APEUSDT": 0.1084,
  "\u6211\u8e0f\u9a6c\u6765\u4e86USDT": 0.014983,
  "B2USDT": 0.7201,
  "GIGGLEUSDT": 27.92,
  "AWEUSDT": 0.05391,
  "ROSEUSDT": 0.01298,
  "PYTHUSDT": 0.05196,
  "XPINUSDT": 0.001696,
  "BULLAUSDT": 0.02718,
  "METUSDT": 0.2021,
  "GUAUSDT": 0.16557,
  "BEAMXUSDT": 0.002218,
  "BUSDT": 0.1371,
  "CYSUSDT": 0.397,
  "HUMAUSDT": 0.012448,
  "CYBERUSDT": 0.5934,
  "AVNTUSDT": 0.182,
  "YGGUSDT": 0.0464,
  "JELLYJELLYUSDT": 0.06569,
  "MSTRUSDT": 130.82,
  "SYRUPUSDT": 0.22373,
  "AEROUSDT": 0.3172,
  "EIGENUSDT": 0.183,
  "TSLAUSDT": 411.76,
  "DYDXUSDT": 0.095,
  "VETUSDT": 0.007494,
  "ESPORTSUSDT": 0.34007,
  "NXPCUSDT": 0.2741,
  "XTZUSDT": 0.379,
  "ORDIUSDT": 2.518,
  "MOVEUSDT": 0.02294,
  "FORMUSDT": 0.2076,
  "NEOUSDT": 2.681,
  "COMPUSDT": 17.51,
  "COLLECTUSDT": 0.04739,
  "ZKPUSDT": 0.08644,
  "MEUSDT": 0.1236,
  "INITUSDT": 0.08959,
  "LINEAUSDT": 0.003391,
  "FOGOUSDT": 0.0261,
  "AUCTIONUSDT": 4.947,
  "SPACEUSDT": 0.009842,
  "SOMIUSDT": 0.213,
  "SUSDT": 0.04172,
  "LAUSDT": 0.207,
  "PNUTUSDT": 0.04643,
  "ENSUSDT": 6.411,
  "1000LUNCUSDT": 0.03548,
  "RESOLVUSDT": 0.06486,
  "BEATUSDT": 0.2405,
  "1000FLOKIUSDT": 0.02934,
  "GWEIUSDT": 0.030405,
  "VANAUSDT": 1.515,
  "OGUSDT": 3.281,
  "STXUSDT": 0.2446,
  "STGUSDT": 0.147,
  "MERLUSDT": 0.04998,
  "PLUMEUSDT": 0.00964,
  "LPTUSDT": 2.28,
  "AGTUSDT": 0.005547,
  "EDUUSDT": 0.1247,
  "CLOUSDT": 0.08756,
  "FHEUSDT": 0.03844,
  "BIRBUSDT": 0.16366,
  "TRBUSDT": 14.719,
  "WUSDT": 0.01893,
  "EULUSDT": 0.935,
  "TRIAUSDT": 0.01492,
  "BANKUSDT": 0.03913,
  "UAIUSDT": 0.2431,
  "ATHUSDT": 0.005339,
  "ARUSDT": 1.972,
  "NMRUSDT": 8.046,
  "WCTUSDT": 0.06018,
  "TAUSDT": 0.03951,
  "JASMYUSDT": 0.00569,
  "USELESSUSDT": 0.03817,
  "CFXUSDT": 0.05116,
  "2ZUSDT": 0.07011,
  "MANAUSDT": 0.0947,
  "LRCUSDT": 0.03232,
  "GRTUSDT": 0.02674,
  "API3USDT": 0.2931,
  "TAGUSDT": 0.0003829,
  "COWUSDT": 0.2164,
  "IOTAUSDT": 0.0683,
  "LIGHTUSDT": 0.2316,
  "MMTUSDT": 0.125,
  "MOODENGUSDT": 0.05419,
  "SPXUSDT": 0.3106,
  "ZORAUSDT": 0.02005,
  "SAPIENUSDT": 0.10014,
  "COAIUSDT": 0.3172,
  "SPKUSDT": 0.02142,
  "IMXUSDT": 0.1605,
  "AIAUSDT": 0.10193,
  "1INCHUSDT": 0.0916,
  "LUNA2USDT": 0.06205,
  "QNTUSDT": 64.54,
  "THETAUSDT": 0.1941,
  "FLOWUSDT": 0.037,
  "BELUSDT": 0.118,
  "IOUSDT": 0.1144,
  "RPLUSDT": 2.222,
  "ZRXUSDT": 0.1067,
  "SFPUSDT": 0.2597,
  "4USDT": 0.00837,
  "AXLUSDT": 0.05357,
  "JSTUSDT": 0.042286,
  "BREVUSDT": 0.1305,
  "KAIAUSDT": 0.05543,
  "NEIROUSDT": 7.04e-05,
  "PTBUSDT": 0.001301,
  "ARKMUSDT": 0.1083,
  "SKRUSDT": 0.018768,
  "YFIUSDT": 2790.0,
  "FOLKSUSDT": 1.29,
  "KGENUSDT": 0.18116,
  "EGLDUSDT": 4.424,
  "BLUAIUSDT": 0.005311,
  "AIOUSDT": 0.08431,
  "MAGICUSDT": 0.06753,
  "MEGAUSDT": 0.12928,
  "RUNEUSDT": 0.4007,
  "TAKEUSDT": 0.02668,
  "ANIMEUSDT": 0.004891,
  "BOMEUSDT": 0.0003922,
  "NOMUSDT": 0.004929,
  "TWTUSDT": 0.5208,
  "PEOPLEUSDT": 0.0065,
  "PROVEUSDT": 0.2936,
  "SAHARAUSDT": 0.01511,
  "SIGNUSDT": 0.02526,
  "XNYUSDT": 0.004984,
  "MINAUSDT": 0.06009,
  "TSTUSDT": 0.01019,
  "KASUSDT": 0.03046,
  "MANTAUSDT": 0.06892,
  "OPENUSDT": 0.1507,
  "ZKCUSDT": 0.0864,
  "ACTUSDT": 0.0141,
  "IDOLUSDT": 0.02258,
  "AUSDT": 0.0801,
  "AVAAIUSDT": 0.00743,
  "GMTUSDT": 0.01155,
  "GASUSDT": 1.548,
  "TUTUSDT": 0.01068,
  "TNSRUSDT": 0.04677,
  "SUPERUSDT": 0.1167,
  "TURBOUSDT": 0.0010142,
  "SANTOSUSDT": 1.883,
  "VELVETUSDT": 0.07961,
  "ARPAUSDT": 0.01041,
  "BATUSDT": 0.1178,
  "SOPHUSDT": 0.00911,
  "GRASSUSDT": 0.1811,
  "SWARMSUSDT": 0.00695,
  "XPTUSDT": 2162.54,
  "CATIUSDT": 0.03893,
  "ZBTUSDT": 0.07146,
  "FIGHTUSDT": 0.006522,
  "BSVUSDT": 15.67,
  "FUSDT": 0.005768,
  "C98USDT": 0.0272,
  "AKEUSDT": 0.0002675,
  "YBUSDT": 0.1533,
  "POPCATUSDT": 0.0494,
  "SUSHIUSDT": 0.2009,
  "NILUSDT": 0.04924,
  "BABYUSDT": 0.01265,
  "MUBARAKUSDT": 0.01456,
  "CVXUSDT": 1.895,
  "ICNTUSDT": 0.4041,
  "VTHOUSDT": 0.0006209,
  "PLAYUSDT": 0.02221,
  "LAYERUSDT": 0.0847,
  "STOUSDT": 0.05736,
  "DEXEUSDT": 2.487,
  "VELODROMEUSDT": 0.01456,
  "XVGUSDT": 0.006023,
  "ACHUSDT": 0.00728,
  "BLURUSDT": 0.02009,
  "CTSIUSDT": 0.0249,
  "TRUTHUSDT": 0.009602,
  "SOONUSDT": 0.1659,
  "ASRUSDT": 1.406,
  "SOLVUSDT": 0.00436,
  "MASKUSDT": 0.4363,
  "RAREUSDT": 0.01877,
  "ALTUSDT": 0.00764,
  "KSMUSDT": 4.781,
  "RAYSOLUSDT": 0.6249,
  "AIXBTUSDT": 0.01913,
  "GLMUSDT": 0.1635,
  "EDENUSDT": 0.03373,
  "MEMEUSDT": 0.0006616,
  "ONTUSDT": 0.0422,
  "SONICUSDT": 0.04688,
  "ANKRUSDT": 0.004366,
  "DRIFTUSDT": 0.087,
  "IRUSDT": 0.09247,
  "THEUSDT": 0.253,
  "UMAUSDT": 0.4513,
  "APRUSDT": 0.10543,
  "DOLOUSDT": 0.03995,
  "CELOUSDT": 0.075,
  "DEGOUSDT": 0.3365,
  "ZEREBROUSDT": 0.0075,
  "KERNELUSDT": 0.06679,
  "FRAXUSDT": 0.6377,
  "SUNUSDT": 0.016989,
  "MELANIAUSDT": 0.1133,
  "INUSDT": 0.06255,
  "ERAUSDT": 0.1489,
  "IDUSDT": 0.04646,
  "RSRUSDT": 0.001441,
  "WOOUSDT": 0.01767,
  "STORJUSDT": 0.094,
  "KAVAUSDT": 0.0507,
  "WALUSDT": 0.0767,
  "QTUMUSDT": 0.915,
  "ONUSDT": 0.09333,
  "POLYXUSDT": 0.04228,
  "IOTXUSDT": 0.00453,
  "ARIAUSDT": 0.07157,
  "HYPERUSDT": 0.0948,