{
  "BTCUSDT": 68784.1,
  "ETHUSDT": 2029.12,
  "SOLUSDT": 86.72,
  "XRPUSDT": 1.3894,
  "BNBUSDT": 637.34,
  "XAUUSDT": 5332.4,
  "DOGEUSDT": 0.09343,
  "HYPEUSDT": 32.957,
  "PAXGUSDT": 5346.9,
  "BCHUSDT": 442.75,
  "XAGUSDT": 89.65,
  "WLFIUSDT": 0.1068,
  "ZECUSDT": 222.92,
  "TRXUSDT": 0.28299,
  "UNIUSDT": 3.911,
  "ADAUSDT": 0.2766,
  "SUIUSDT": 0.9212,
  "ASTERUSDT": 0.6942,
  "1000PEPEUSDT": 0.0035114,
  "AVAXUSDT": 9.158,
  "LINKUSDT": 8.94,
  "LTCUSDT": 54.5,
  "NEARUSDT": 1.342,
  "PUMPUSDT": 0.001977,
  "ENAUSDT": 0.1139,
  "AAVEUSDT": 122.35,
  "DOTUSDT": 1.502,
  "PIPPINUSDT": 0.55428,
  "WLDUSDT": 0.4046,
  "XPLUSDT": 0.1042,
  "FILUSDT": 0.984,
  "TAOUSDT": 186.3,
  "TRUMPUSDT": 3.483,
  "LITUSDT": 1.352,
  "1000SHIBUSDT": 0.005493,
  "ZROUSDT": 1.8578,
  "TONUSDT": 1.2211,
  "APTUSDT": 0.965,
  "ATOMUSDT": 1.84,
  "KITEUSDT": 0.21766,
  "POWERUSDT": 1.86569,
  "ARCUSDT": 0.05194,
  "RIVERUSDT": 15.052,
  "HBARUSDT": 0.09791,
  "XMRUSDT": 344.28,
  "HUSDT": 0.12519,
  "BERAUSDT": 0.6015,
  "XLMUSDT": 0.1551,
  "WIFUSDT": 0.2006,
  "ARBUSDT": 0.1015,
  "ICPUSDT": 2.382,
  "VVVUSDT": 7.236,
  "VIRTUALUSDT": 0.765,
  "CRVUSDT": 0.248,
  "MONUSDT": 0.02119,
  "PENGUUSDT": 0.007006,
  "FETUSDT": 0.1508,
  "FFUSDT": 0.07801,
  "OPUSDT": 0.1243,
  "AXSUSDT": 1.251,
  "CCUSDT": 0.15869,
  "ETCUSDT": 8.7,
  "BARDUSDT": 0.9968,
  "SIRENUSDT": 0.41962,
  "POLUSDT": 0.10107,
  "BTCDOMUSDT": 5137.6,
  "PARTIUSDT": 0.09076,
  "FARTCOINUSDT": 0.1636,
  "1000BONKUSDT": 0.005986,
  "DASHUSDT": 34.54,
  "ONDOUSDT": 0.2576,
  "CHZUSDT": 0.03448,
  "ETHFIUSDT": 0.4989,
  "BANUSDT": 0.11122,
  "ENSOUSDT": 1.4109,
  "TIAUSDT": 0.3244,
  "IPUSDT": 0.844,
  "INJUSDT": 3.083,
  "ESPUSDT": 0.12092,
  "SAHARAUSDT": 0.02624,
  "\u5e01\u5b89\u4eba\u751fUSDT": 0.05981,
  "SENTUSDT": 0.02079,
  "0GUSDT": 0.6174,
  "SEIUSDT": 0.06905,
  "JUPUSDT": 0.1752,
  "SKYAIUSDT": 0.05036,
  "STABLEUSDT": 0.031312,
  "ROBOUSDT": 0.05628,
  "KAITOUSDT": 0.3317,
  "PENDLEUSDT": 1.3125,
  "LYNUSDT": 0.33511,
  "ALCHUSDT": 0.07935,
  "BUSDT": 0.1954,
  "ZKUSDT": 0.01855,
  "LDOUSDT": 0.3051,
  "ZAMAUSDT": 0.0192,
  "FORMUSDT": 0.2745,
  "BANANAS31USDT": 0.005035,
  "MORPHOUSDT": 1.9219,
  "RENDERUSDT": 1.358,
  "GUAUSDT": 0.22655,
  "QUSDT": 0.024551,
  "ATUSDT": 0.15843,
  "SIGNUSDT": 0.02759,
  "HOMEUSDT": 0.029437,
  "PIEVERSEUSDT": 0.5247,
  "GWEIUSDT": 0.040509,
  "NIGHTUSDT": 0.05998,
  "BULLAUSDT": 0.02545,
  "MYXUSDT": 0.382,
  "CAKEUSDT": 1.3432,
  "MUSDT": 1.5218,
  "ZENUSDT": 5.493,
  "OPNUSDT": 0.5753,
  "SANDUSDT": 0.08479,
  "BIOUSDT": 0.02044,
  "1000RATSUSDT": 0.0384,
  "GALAUSDT": 0.00353,
  "SKYUSDT": 0.0706,
  "STRKUSDT": 0.04076,
  "ALGOUSDT": 0.0879,
  "GIGGLEUSDT": 26.16,
  "USDCUSDT": 0.999449,
  "BTRUSDT": 0.1803,
  "ALLOUSDT": 0.10774,
  "JELLYJELLYUSDT": 0.07526,
  "HANAUSDT": 0.03417,
  "GPSUSDT": 0.008824,
  "STGUSDT": 0.1643,
  "APEUSDT": 0.1036,
  "TSLAUSDT": 402.89,
  "MSTRUSDT": 136.87,
  "GUNUSDT": 0.02694,
  "EIGENUSDT": 0.1857,
  "ATHUSDT": 0.006305,
  "CRCLUSDT": 95.4,
  "AEROUSDT": 0.344,
  "JTOUSDT": 0.2751,
  "AZTECUSDT": 0.02136,
  "DUSKUSDT": 0.08185,
  "TRADOORUSDT": 1.466,
  "SYRUPUSDT": 0.23577,
  "B2USDT": 0.7121,
  "BEAMXUSDT": 0.001918,
  "XPINUSDT": 0.001398,
  "HUMAUSDT": 0.012426,
  "ZILUSDT": 0.00425,
  "1000LUNCUSDT": 0.04225,
  "GRASSUSDT": 0.3152,
  "UBUSDT": 0.03423,
  "NEOUSDT": 2.661,
  "ROSEUSDT": 0.01157,
  "ORDIUSDT": 2.454,
  "DENTUSDT": 0.000305,
  "AVNTUSDT": 0.1736,
  "PYTHUSDT": 0.04871,
  "LINEAUSDT": 0.003208,
  "VETUSDT": 0.007244,
  "METUSDT": 0.1771,
  "DYDXUSDT": 0.096,
  "MOVEUSDT": 0.02196,
  "XTZUSDT": 0.375,
  "LAUSDT": 0.2168,
  "NXPCUSDT": 0.2748,
  "COMPUSDT": 17.54,
  "RAVEUSDT": 0.36238,
  "BEATUSDT": 0.2712,
  "\u6211\u8e0f\u9a6c\u6765\u4e86USDT": 0.010697,
  "FOGOUSDT": 0.02402,
  "ESPORTSUSDT": 0.3074,
  "COLLECTUSDT": 0.0386,
  "ZKPUSDT": 0.08768,
  "ARUSDT": 1.628,
  "1000FLOKIUSDT": 0.028,
  "SUSDT": 0.04028,
  "PNUTUSDT": 0.04502,
  "ENSUSDT": 6.091,
  "KAVAUSDT": 0.0561,
  "SPXUSDT": 0.3304,
  "EULUSDT": 1.187,
  "ORCAUSDT": 0.862,
  "TRBUSDT": 14.262,
  "AGLDUSDT": 0.2191,
  "TRIAUSDT": 0.01998,
  "AUCTIONUSDT": 4.804,
  "SKRUSDT": 0.021349,
  "SNXUSDT": 0.31,
  "4USDT": 0.00905,
  "AGTUSDT": 0.006088,
  "JASMYUSDT": 0.005411,
  "WUSDT": 0.01902,
  "LPTUSDT": 2.332,
  "MEUSDT": 0.1156,
  "PLUMEUSDT": 0.00948,
  "STXUSDT": 0.2552,
  "CYBERUSDT": 0.5492,
  "DEXEUSDT": 3.672,
  "TAUSDT": 0.03994,
  "MANAUSDT": 0.0967,
  "SOMIUSDT": 0.1879,
  "IMXUSDT": 0.1636,
  "JSTUSDT": 0.047813,
  "RESOLVUSDT": 0.05743,
  "BANKUSDT": 0.03558,
  "IOTAUSDT": 0.0665,
  "KNCUSDT": 0.1464,
  "USELESSUSDT": 0.04092,
  "WETUSDT": 0.09999,
  "COAIUSDT": 0.3212,
  "GRTUSDT": 0.02599,
  "YGGUSDT": 0.03918,
  "CFXUSDT": 0.04847,
  "LAYERUSDT": 0.0893,
  "WCTUSDT": 0.05901,
  "BIRBUSDT": 0.14934,
  "API3USDT": 0.2835,
  "AWEUSDT": 0.05169,
  "FLOWUSDT": 0.03518,
  "2ZUSDT": 0.07396,
  "MERLUSDT": 0.04082,
  "EDUUSDT": 0.0988,
  "MOODENGUSDT": 0.04937,
  "INITUSDT": 0.0798,
  "QNTUSDT": 62.99,
  "SFPUSDT": 0.2701,
  "CYSUSDT": 0.3009,
  "LIGHTUSDT": 0.1909,
  "PTBUSDT": 0.001191,
  "SPKUSDT": 0.01968,
  "AXLUSDT": 0.0542,
  "NMRUSDT": 7.422,
  "ALICEUSDT": 0.143,
  "MMTUSDT": 0.1182,
  "CLOUSDT": 0.06953,
  "NAORISUSDT": 0.03088,
  "TAGUSDT": 0.0003449,
  "RUNEUSDT": 0.4067,
  "AIXBTUSDT": 0.02286,
  "VANAUSDT": 1.451,
  "NEIROUSDT": 6.793e-05,
  "1INCHUSDT": 0.0951,
  "SUNUSDT": 0.015853,
  "THETAUSDT": 0.1936,
  "MIRAUSDT": 0.0918,
  "ZRXUSDT": 0.1056,
  "FOLKSUSDT": 1.212,
  "ARKMUSDT": 0.1089,
  "STEEMUSDT": 0.06007,
  "KASUSDT": 0.03007,
  "FIOUSDT": 0.01053,
  "EGLDUSDT": 4.376,
  "BREVUSDT": 0.1388,
  "KGENUSDT": 0.19406,
  "SOPHUSDT": 0.009049,
  "ZORAUSDT": 0.01757,
  "NILUSDT": 0.05115,
  "IOUSDT": 0.1093,
  "YFIUSDT": 2696.0,
  "SPACEUSDT": 0.007104,
  "KAIAUSDT": 0.05491,
  "HIPPOUSDT": 0.0007653,
  "AIAUSDT": 0.08627,
  "ANIMEUSDT": 0.004835,
  "MEGAUSDT": 0.133,
  "POPCATUSDT": 0.04731,
  "LRCUSDT": 0.03103,
  "AIOUSDT": 0.0843,
  "PEOPLEUSDT": 0.00633,
  "COWUSDT": 0.2185,
  "AKEUSDT": 0.0002379,
  "BLUAIUSDT": 0.004925,
  "PROVEUSDT": 0.2939,
  "TSTUSDT": 0.00943,
  "AVAAIUSDT": 0.007654,
  "BATUSDT": 0.1039,
  "SUSHIUSDT": 0.2049,
  "OGUSDT": 2.811,
  "GMTUSDT": 0.01138,
  "ACTUSDT": 0.01382,
  "AUSDT": 0.0787,
  "STOUSDT": 0.06283,
  "SWARMSUSDT": 0.007054,
  "VELVETUSDT": 0.08216,
  "TURBOUSDT": 0.0009752,
  "OPENUSDT": 0.1425,
  "TWTUSDT": 0.4866,
  "BSVUSDT": 15.28,
  "LUNA2USDT": 0.06253,
  "XPTUSDT": 2311.05,
  "CATIUSDT": 0.03993,
  "BOMEUSDT": 0.0003873,
  "XNYUSDT": 0.006194,
  "BABYUSDT": 0.01185,
  "SOONUSDT": 0.1662,
  "VELODROMEUSDT": 0.0156,
  "GASUSDT": 1.616,
  "KERNELUSDT": 0.07453,
  "FHEUSDT": 0.02744,
  "TUTUSDT": 0.01029,
  "SUPERUSDT": 0.1138,
  "UMAUSDT": 0.4295,
  "USUALUSDT": 0.01372,
  "MANTAUSDT": 0.06116,
  "KSMUSDT": 4.753,
  "MINAUSDT": 0.05712,
  "NOMUSDT": 0.003563,
  "MEMEUSDT": 0.0005808,
  "TNSRUSDT": 0.04479,
  "RPLUSDT": 1.88,
  "ZBTUSDT": 0.07449,
  "ALTUSDT": 0.007225,
  "DAMUSDT": 0.02557,
  "YBUSDT": 0.1767,
  "MAGICUSDT": 0.06006,
  "FIGHTUSDT": 0.005985,
  "FUSDT": 0.005592,
  "UAIUSDT": 0.2007,
  "NEWTUSDT": 0.07052,
  "SAPIENUSDT": 0.08472,
  "MASKUSDT": 0.434,
  "TAKEUSDT": 0.01971,
  "IOTXUSDT": 0.00477,
  "XVGUSDT": 0.005405,
  "STBLUSDT": 0.04142,
  "CELOUSDT": 0.078,
  "BLURUSDT": 0.02001,
  "MUBARAKUSDT": 0.0136,
  "ASRUSDT": 1.303,
  "ACHUSDT": 0.006626,
  "AINUSDT": 0.03987,
  "KATUSDT": 0.02586,
  "KMNOUSDT": 0.02296,
  "HOLOUSDT": 0.0604,
  "RAYSOLUSDT": 0.6052,
  "ONTUSDT": 0.0433,
  "ERAUSDT": 0.1442,
  "KOMAUSDT": 0.008028,
  "ENJUSDT": 0.01932,
  "ANKRUSDT": 0.004154,
  "REDUSDT": 0.15,
  "INUSDT": 0.06612,
  "POLYXUSDT": 0.0426,
  "WALUSDT": 0.07894,
  "TRUTHUSDT": 0.009314,
  "ZKCUSDT": 0.0839,
  "GLMUSDT": 0.13374,
  "TRUUSDT": 0.005073,
  "QTUMUSDT": 0.925,
  "1000SATSUSDT": 1.12e-05,
  "PHAUSDT": 0.02472,
  "RSRUSDT": 0.001484,
  "EDENUSDT": 0.03191,
  "MELANIAUSDT": 0.1094,
  "SKLUSDT": 0.00648,
  "C98USDT": 0.0256,