{
  "BTCUSDT": 64583.3,
  "ETHUSDT": 1856.62,
  "SOLUSDT": 78.15,
  "XRPUSDT": 1.3569,
  "BNBUSDT": 595.54,
  "BCHUSDT": 528.03,
  "DOGEUSDT": 0.09386,
  "XAGUSDT": 86.86,
  "PAXGUSDT": 5224.7,
  "XAUUSDT": 5212.05,
  "HYPEUSDT": 26.057,
  "WLFIUSDT": 0.1117,
  "ZECUSDT": 239.54,
  "TRXUSDT": 0.28157,
  "PIPPINUSDT": 0.73267,
  "SUIUSDT": 0.8706,
  "ASTERUSDT": 0.6917,
  "ADAUSDT": 0.2628,
  "AVAXUSDT": 8.41,
  "LINKUSDT": 8.234,
  "UNIUSDT": 3.326,
  "LTCUSDT": 51.08,
  "1000PEPEUSDT": 0.0039979,
  "PUMPUSDT": 0.001829,
  "ENAUSDT": 0.0977,
  "KITEUSDT": 0.2442,
  "NEARUSDT": 0.971,
  "ARCUSDT": 0.0907,
  "AAVEUSDT": 114.4,
  "WLDUSDT": 0.3688,
  "TRUMPUSDT": 3.304,
  "LITUSDT": 1.364,
  "FILUSDT": 0.883,
  "DOTUSDT": 1.259,
  "TAOUSDT": 167.49,
  "XPLUSDT": 0.0858,
  "ATOMUSDT": 2.127,
  "TONUSDT": 1.3406,
  "ZROUSDT": 1.4982,
  "APTUSDT": 0.8081,
  "HBARUSDT": 0.09409,
  "ENSOUSDT": 1.9525,
  "XLMUSDT": 0.15017,
  "1000SHIBUSDT": 0.006009,
  "BERAUSDT": 0.5463,
  "ARBUSDT": 0.0915,
  "AXSUSDT": 1.214,
  "ICPUSDT": 2.024,
  "RIVERUSDT": 7.795,
  "OPUSDT": 0.1187,
  "XMRUSDT": 309.52,
  "MONUSDT": 0.02018,
  "CRVUSDT": 0.22,
  "WIFUSDT": 0.2,
  "HUSDT": 0.14808,
  "FFUSDT": 0.0766,
  "BARDUSDT": 0.7713,
  "PENGUUSDT": 0.006285,
  "FETUSDT": 0.1528,
  "ETCUSDT": 8.353,
  "1000BONKUSDT": 0.005883,
  "BANUSDT": 0.12965,
  "PARTIUSDT": 0.10623,
  "POLUSDT": 0.10656,
  "ESPUSDT": 0.10683,
  "IPUSDT": 1.013,
  "FARTCOINUSDT": 0.1474,
  "INJUSDT": 3.351,
  "SENTUSDT": 0.02348,
  "BTCDOMUSDT": 5131.9,
  "POWERUSDT": 0.43553,
  "CHZUSDT": 0.03356,
  "BULLAUSDT": 0.0441,
  "DASHUSDT": 32.17,
  "ETHFIUSDT": 0.456,
  "\u5e01\u5b89\u4eba\u751fUSDT": 0.05724,
  "TIAUSDT": 0.2959,
  "ONDOUSDT": 0.2478,
  "SIRENUSDT": 0.29863,
  "VIRTUALUSDT": 0.5834,
  "ZKUSDT": 0.01926,
  "0GUSDT": 0.6208,
  "SEIUSDT": 0.0661,
  "LYNUSDT": 0.31467,
  "JUPUSDT": 0.1433,
  "ZAMAUSDT": 0.02121,
  "STABLEUSDT": 0.02788,
  "CCUSDT": 0.15816,
  "1000RATSUSDT": 0.04904,
  "ALCHUSDT": 0.07616,
  "KAITOUSDT": 0.2856,
  "AZTECUSDT": 0.02696,
  "LDOUSDT": 0.295,
  "BANANAS31USDT": 0.004791,
  "HOMEUSDT": 0.030023,
  "PENDLEUSDT": 1.1793,
  "RENDERUSDT": 1.36,
  "AGLDUSDT": 0.3073,
  "OPNUSDT": 0.621,
  "NIGHTUSDT": 0.05843,
  "QUSDT": 0.020304,
  "DUSKUSDT": 0.07774,
  "ATUSDT": 0.16033,
  "BIOUSDT": 0.02485,
  "VVVUSDT": 3.798,
  "LAUSDT": 0.2345,
  "SKYAIUSDT": 0.03839,
  "BTRUSDT": 0.18098,
  "STRKUSDT": 0.04067,
  "ZENUSDT": 5.35,
  "UBUSDT": 0.03705,
  "RAVEUSDT": 0.29093,
  "SANDUSDT": 0.07839,
  "ALGOUSDT": 0.083,
  "MYXUSDT": 0.537,
  "HANAUSDT": 0.03409,
  "CAKEUSDT": 1.2335,
  "MUSDT": 1.3877,
  "MORPHOUSDT": 1.5734,
  "TRADOORUSDT": 1.498,
  "PIEVERSEUSDT": 0.413,
  "JTOUSDT": 0.2714,
  "ZILUSDT": 0.00406,
  "GPSUSDT": 0.013243,
  "USDCUSDT": 0.999561,
  "GUNUSDT": 0.02767,
  "GALAUSDT": 0.00342,
  "SNXUSDT": 0.395,
  "SKYUSDT": 0.06282,
  "APEUSDT": 0.101,
  "ALLOUSDT": 0.1035,
  "ORCAUSDT": 0.951,
  "ROSEUSDT": 0.01188,
  "B2USDT": 0.7385,
  "XPINUSDT": 0.001668,
  "TSLAUSDT": 397.25,
  "GUAUSDT": 0.16133,
  "EIGENUSDT": 0.1832,
  "METUSDT": 0.1918,
  "BEAMXUSDT": 0.001992,
  "PYTHUSDT": 0.0499,
  "HUMAUSDT": 0.012027,
  "GIGGLEUSDT": 24.67,
  "BUSDT": 0.1297,
  "AWEUSDT": 0.05254,
  "JELLYJELLYUSDT": 0.0615,
  "MSTRUSDT": 124.98,
  "\u6211\u8e0f\u9a6c\u6765\u4e86USDT": 0.011371,
  "SYRUPUSDT": 0.20593,
  "ZKPUSDT": 0.08448,
  "AVNTUSDT": 0.1701,
  "ESPORTSUSDT": 0.33385,
  "VETUSDT": 0.007179,
  "AEROUSDT": 0.2942,
  "XTZUSDT": 0.366,
  "ORDIUSDT": 2.344,
  "DYDXUSDT": 0.088,
  "CYSUSDT": 0.3739,
  "NEOUSDT": 2.616,
  "COLLECTUSDT": 0.03932,
  "NXPCUSDT": 0.2608,
  "CYBERUSDT": 0.5429,
  "FORMUSDT": 0.1953,
  "MOVEUSDT": 0.02166,
  "COMPUSDT": 17.12,
  "MEUSDT": 0.1172,
  "YGGUSDT": 0.04433,
  "SUSDT": 0.03861,
  "AUCTIONUSDT": 4.808,
  "NAORISUSDT": 0.03912,
  "PNUTUSDT": 0.04381,
  "FOGOUSDT": 0.02499,
  "GWEIUSDT": 0.030798,
  "ENSUSDT": 5.998,
  "RESOLVUSDT": 0.06548,
  "INITUSDT": 0.08529,
  "1000FLOKIUSDT": 0.02792,
  "SOMIUSDT": 0.1906,
  "STGUSDT": 0.1311,
  "1000LUNCUSDT": 0.03427,
  "STXUSDT": 0.2321,
  "LINEAUSDT": 0.003143,
  "BEATUSDT": 0.2063,
  "PLUMEUSDT": 0.00919,
  "AGTUSDT": 0.005645,
  "LPTUSDT": 2.177,
  "SPACEUSDT": 0.00824,
  "JASMYUSDT": 0.005675,
  "VANAUSDT": 1.425,
  "MERLUSDT": 0.04637,
  "EDUUSDT": 0.1178,
  "CLOUSDT": 0.0878,
  "TRIAUSDT": 0.01645,
  "WUSDT": 0.01826,
  "TRBUSDT": 14.013,
  "BANKUSDT": 0.03743,
  "OGUSDT": 3.013,
  "USELESSUSDT": 0.03597,
  "2ZUSDT": 0.06695,
  "MANAUSDT": 0.0912,
  "TAGUSDT": 0.0003889,
  "EULUSDT": 0.893,
  "TAUSDT": 0.03881,
  "NMRUSDT": 7.582,
  "ATHUSDT": 0.00497,
  "SPXUSDT": 0.2712,
  "JSTUSDT": 0.044506,
  "BIRBUSDT": 0.15252,
  "COWUSDT": 0.2154,
  "UAIUSDT": 0.2235,
  "ARUSDT": 1.843,
  "WCTUSDT": 0.0574,
  "GRTUSDT": 0.02574,
  "API3USDT": 0.281,
  "CFXUSDT": 0.04821,
  "MOODENGUSDT": 0.05149,
  "ZORAUSDT": 0.01939,
  "DEXEUSDT": 2.792,
  "IOTAUSDT": 0.0654,
  "MMTUSDT": 0.1174,
  "IMXUSDT": 0.154,
  "IDOLUSDT": 0.02506,
  "1INCHUSDT": 0.0875,
  "QNTUSDT": 61.59,
  "SPKUSDT": 0.0199,
  "LUNA2USDT": 0.05891,
  "COAIUSDT": 0.2944,
  "SFPUSDT": 0.2565,
  "LIGHTUSDT": 0.2262,
  "ZRXUSDT": 0.1006,
  "FHEUSDT": 0.02794,
  "LRCUSDT": 0.03171,
  "FLOWUSDT": 0.0339,
  "KAIAUSDT": 0.05348,
  "ARKMUSDT": 0.105,
  "AKEUSDT": 0.0003073,
  "THETAUSDT": 0.1833,
  "PTBUSDT": 0.001253,
  "AXLUSDT": 0.0515,
  "IOUSDT": 0.1086,
  "4USDT": 0.00754,
  "SKRUSDT": 0.018761,
  "XPTUSDT": 2143.08,
  "PROMPTUSDT": 0.05258,
  "RUNEUSDT": 0.3843,
  "BREVUSDT": 0.1243,
  "RPLUSDT": 1.972,
  "SIGNUSDT": 0.0233,
  "KGENUSDT": 0.17688,
  "NEIROUSDT": 6.62e-05,
  "YFIUSDT": 2680.0,
  "SAHARAUSDT": 0.01433,
  "AIAUSDT": 0.08568,
  "EGLDUSDT": 4.263,
  "BLUAIUSDT": 0.005034,
  "ANIMEUSDT": 0.004693,
  "BOMEUSDT": 0.0003743,
  "SAPIENUSDT": 0.09484,
  "VELVETUSDT": 0.08086,
  "GMTUSDT": 0.01077,
  "FLOCKUSDT": 0.07102,
  "FIGHTUSDT": 0.006848,
  "PROVEUSDT": 0.2722,
  "TWTUSDT": 0.4902,
  "XNYUSDT": 0.004834,
  "AIOUSDT": 0.07614,
  "PEOPLEUSDT": 0.00619,
  "AUSDT": 0.0783,
  "ACTUSDT": 0.01358,
  "MAGICUSDT": 0.06312,
  "TSTUSDT": 0.00956,
  "KASUSDT": 0.0298,
  "MINAUSDT": 0.05629,
  "AVAAIUSDT": 0.0071,
  "OPENUSDT": 0.1436,
  "NOMUSDT": 0.004613,
  "TNSRUSDT": 0.04638,
  "GRASSUSDT": 0.1698,
  "FOLKSUSDT": 1.142,
  "GASUSDT": 1.475,
  "BATUSDT": 0.1144,
  "MEGAUSDT": 0.12355,
  "SOPHUSDT": 0.008666,
  "BELUSDT": 0.0993,
  "TURBOUSDT": 0.0009659,
  "POPCATUSDT": 0.04619,
  "TUTUSDT": 0.00993,
  "MANTAUSDT": 0.06249,
  "SUSHIUSDT": 0.1914,
  "ZKCUSDT": 0.0833,
  "YBUSDT": 0.1492,
  "CATIUSDT": 0.03651,
  "BSVUSDT": 15.0,
  "STOUSDT": 0.05561,
  "FUSDT": 0.005473,
  "ACHUSDT": 0.007139,
  "ARPAUSDT": 0.00968,
  "ICNTUSDT": 0.4042,
  "KERNELUSDT": 0.07211,
  "SWARMSUSDT": 0.00644,
  "ZBTUSDT": 0.06814,
  "SUPERUSDT": 0.1053,
  "BABYUSDT": 0.01191,
  "TAKEUSDT": 0.02376,
  "LAYERUSDT": 0.0804,
  "MASKUSDT": 0.4067,
  "NILUSDT": 0.04774,
  "VELODROMEUSDT": 0.01366,
  "BLURUSDT": 0.01909,
  "GLMUSDT": 0.15438,
  "ASRUSDT": 1.358,
  "AINUSDT": 0.03676,
  "XVGUSDT": 0.005746,
  "C98USDT": 0.0251,
  "CVXUSDT": 1.739,
  "KSMUSDT": 4.54,
  "TRUTHUSDT": 0.00966,
  "MUBARAKUSDT": 0.01395,
  "SOONUSDT": 0.1573,
  "SPORTFUNUSDT": 0.04751,
  "SANTOSUSDT": 1.621,
  "DRIFTUSDT": 0.0796,
  "ONTUSDT": 0.0396,
  "RAREUSDT": 0.01769,
  "CTSIUSDT": 0.024,
  "MEMEUSDT": 0.0006416,
  "AIXBTUSDT": 0.01823,
  "INUSDT": 0.06589,
  "SOLVUSDT": 0.0041,
  "ANKRUSDT": 0.004189,
  "ALTUSDT": 0.00721,
  "CELOUSDT": 0.074,
  "EDENUSDT": 0.03103,
  "RAYSOLUSDT": 0.5723,
  "WETUSDT": 0.08221,
  "BASUSDT": 0.005682,
  "FRAXUSDT": 0.593,
  "SUNUSDT": 0.016554,
  "SONICUSDT": 0.04228,
  "DAMUSDT": 0.01972,
  "THEUSDT": 0.2382,
  "STORJUSDT": 0.088,
  "PROMUSDT": 1.26,
  "CRCLUSDT": 60.69,
  "MELANIAUSDT": 0.1085,
  "ERAUSDT": 0.1434,
  "AKTUSDT": 0.2995,
  "UMAUSDT": 0.4319,
  "DEGOUSDT": 0.3146,
  "IDUSDT": 0.04348,
  "KOMAUSDT": 0.00707,
  "VTHOUSDT": 0.0006034,
  "ARIAUSDT": 0.06999,
  "HYPERUSDT": 0.0897,
  "POLYXUSDT": 0.04063,
  "ZEREBROUSDT": 0.00699,