{
  "BTCUSDT": 69915.2,
  "ETHUSDT": 2027.87,
  "SOLUSDT": 87.3,
  "XRPUSDT": 1.5335,
  "ETH/USDCUSDT": 2006.39,
  "BTC/USDCUSDT": 69014.7,
  "DOGEUSDT": 0.10807,
  "1000PEPEUSDT": 0.0046662,
  "SPACEUSDT": 0.008752,
  "ZECUSDT": 298.45,
  "PIPPINUSDT": 0.71509,
  "BTC/USDUSDT": 69851.8,
  "ETH/USDUSDT": 2012.39,
  "BNBUSDT": 621.3,
  "RIVERUSDT": 13.035,
  "XRP/USDCUSDT": 1.5327,
  "SOL/USDCUSDT": 87.26,
  "VVVUSDT": 3.777,
  "HYPEUSDT": 30.951,
  "ADAUSDT": 0.2846,
  "SUIUSDT": 0.9856,
  "BTRUSDT": 0.20209,
  "ASTERUSDT": 0.7206,
  "LINKUSDT": 8.865,
  "EULUSDT": 1.236,
  "XAUUSDT": 5036.7,
  "AVAXUSDT": 9.356,
  "TAOUSDT": 186.79,
  "PENGUUSDT": 0.007234,
  "DOGE/USDCUSDT": 0.10801,
  "WIFUSDT": 0.234,
  "BCHUSDT": 556.88,
  "FILUSDT": 0.968,
  "KITEUSDT": 0.22381,
  "PUMPUSDT": 0.002247,
  "XRP/USDUSDT": 1.5254,
  "1000SHIBUSDT": 0.006603,
  "UNIUSDT": 3.513,
  "LTCUSDT": 54.97,
  "TAKEUSDT": 0.03436,
  "BERAUSDT": 0.656,
  "1000PEPE/USDCUSDT": 0.0046623,
  "SIRENUSDT": 0.13696,
  "ENAUSDT": 0.1231,
  "1000BONKUSDT": 0.006617,
  "USELESSUSDT": 0.0416,
  "FARTCOINUSDT": 0.2024,
  "NEARUSDT": 1.057,
  "DASHUSDT": 38.33,
  "WLFIUSDT": 0.1025,
  "SOL/USDUSDT": 86.64,
  "AAVEUSDT": 126.01,
  "MOODENGUSDT": 0.05689,
  "DOGE/USDUSDT": 0.10799,
  "BEATUSDT": 0.2514,
  "ZROUSDT": 1.8245,
  "AXSUSDT": 1.397,
  "COMPUSDT": 22.04,
  "DOTUSDT": 1.366,
  "WLDUSDT": 0.4098,
  "HUSDT": 0.23338,
  "XLMUSDT": 0.17295,
  "CLOUSDT": 0.08189,
  "OMUSDT": 0.05928,
  "POWERUSDT": 0.19758,
  "HBARUSDT": 0.1007,
  "ZEC/USDCUSDT": 298.33,
  "PYTHUSDT": 0.05571,
  "\u6211\u8e0f\u9a6c\u6765\u4e86USDT": 0.02645,
  "MERLUSDT": 0.06577,
  "\u5e01\u5b89\u4eba\u751fUSDT": 0.10692,
  "0GUSDT": 0.6595,
  "VIRTUALUSDT": 0.6475,
  "TRUMPUSDT": 3.441,
  "IPUSDT": 1.127,
  "XAGUSDT": 77.47,
  "APTUSDT": 0.9305,
  "PAXGUSDT": 5034.14,
  "AZTECUSDT": 0.02289,
  "ZAMAUSDT": 0.02045,
  "XPLUSDT": 0.0985,
  "POLUSDT": 0.10541,
  "BNB/USDCUSDT": 621.46,
  "XMRUSDT": 339.02,
  "ARBUSDT": 0.1151,
  "CRVUSDT": 0.254,
  "TRXUSDT": 0.28022,
  "ONUSDT": 0.10965,
  "NAORISUSDT": 0.02963,
  "ARCUSDT": 0.08032,
  "ZKPUSDT": 0.10151,
  "ETCUSDT": 8.795,
  "LITUSDT": 1.601,
  "FIGHTUSDT": 0.007418,
  "MONUSDT": 0.02341,
  "1000FLOKIUSDT": 0.03259,
  "COWUSDT": 0.2067,
  "ESPUSDT": 0.05657,
  "MYXUSDT": 1.821,
  "OPUSDT": 0.189,
  "ONDOUSDT": 0.2798,
  "ICPUSDT": 2.436,
  "TIAUSDT": 0.3422,
  "ZENUSDT": 6.296,
  "GPSUSDT": 0.01253,
  "MUBARAKUSDT": 0.01749,
  "RENDERUSDT": 1.429,
  "FETUSDT": 0.1714,
  "SPORTFUNUSDT": 0.04091,
  "ETH/BTCUSDT": 2007.1737543,
  "ATOMUSDT": 2.116,
  "SUI/USDCUSDT": 0.9851,
  "TRIAUSDT": 0.01663,
  "BNB/USDUSDT": 623.67,
  "SPXUSDT": 0.3143,
  "JUPUSDT": 0.1615,
  "MOVEUSDT": 0.02411,
  "MORPHOUSDT": 1.3713,
  "DUSKUSDT": 0.1013,
  "SENTUSDT": 0.02219,
  "GALAUSDT": 0.00413,
  "ADA/USDUSDT": 0.2846,
  "TONUSDT": 1.4706,
  "MASKUSDT": 0.4746,
  "PENDLEUSDT": 1.2599,
  "NEIROUSDT": 7.74e-05,
  "MEUSDT": 0.1445,
  "SEIUSDT": 0.0753,
  "RECALLUSDT": 0.05086,
  "APRUSDT": 0.10734,
  "ZKUSDT": 0.02206,
  "CHZUSDT": 0.04125,
  "INJUSDT": 3.127,
  "SANDUSDT": 0.08819,
  "POPCATUSDT": 0.05365,
  "LIGHTUSDT": 0.2477,
  "COAIUSDT": 0.387,
  "TRBUSDT": 15.805,
  "ROSEUSDT": 0.01271,
  "BIRBUSDT": 0.20074,
  "FHEUSDT": 0.04138,
  "GIGGLEUSDT": 32.19,
  "ADA/USDCUSDT": 0.2845,
  "VETUSDT": 0.008389,
  "LINEAUSDT": 0.003748,
  "ALGOUSDT": 0.0967,
  "PNUTUSDT": 0.05084,
  "DYDXUSDT": 0.108,
  "ENSOUSDT": 1.0998,
  "LDOUSDT": 0.3445,
  "TURBOUSDT": 0.0011205,
  "STGUSDT": 0.1582,
  "ENSUSDT": 6.676,
  "FIL/USDCUSDT": 0.969,
  "PLAYUSDT": 0.0271,
  "ENA/USDCUSDT": 0.123,
  "1000LUNCUSDT": 0.03428,
  "ETHFIUSDT": 0.4787,
  "BROCCOLI714USDT": 0.01452,
  "CYSUSDT": 0.5093,
  "SUI/USDUSDT": 0.9849,
  "MEMEUSDT": 0.0007179,
  "PROMUSDT": 1.283,
  "ORDIUSDT": 2.802,
  "DEEPUSDT": 0.02954,
  "ALLOUSDT": 0.0944,
  "WIF/USDCUSDT": 0.2338,
  "STRKUSDT": 0.04913,
  "PENGU/USDCUSDT": 0.00723,
  "ZILUSDT": 0.00435,
  "BOMEUSDT": 0.000433,
  "STABLEUSDT": 0.023505,
  "BASUSDT": 0.005469,
  "EIGENUSDT": 0.2093,
  "LINK/USDCUSDT": 8.86,
  "FOGOUSDT": 0.02246,
  "SUSDT": 0.04856,
  "AIAUSDT": 0.12086,
  "CAKEUSDT": 1.3104,
  "TOSHIUSDT": 0.0002278,
  "ACTUSDT": 0.01501,
  "LPTUSDT": 2.429,
  "TNSRUSDT": 0.0525,
  "FFUSDT": 0.07899,
  "GUNUSDT": 0.02294,
  "AVNTUSDT": 0.2016,
  "COLLECTUSDT": 0.07819,
  "BCH/USDCUSDT": 556.51,
  "STXUSDT": 0.2653,
  "PEOPLEUSDT": 0.00706,
  "XNYUSDT": 0.007794,
  "AIXBTUSDT": 0.02107,
  "YFIUSDT": 2876.0,
  "AEROUSDT": 0.316,
  "NOMUSDT": 0.005468,
  "LTC/USDCUSDT": 54.94,
  "FIL/USDUSDT": 0.969,
  "LINK/USDUSDT": 8.859,
  "JTOUSDT": 0.2709,
  "LYNUSDT": 0.22641,
  "LUNA2USDT": 0.06304,
  "CFXUSDT": 0.05444,
  "SNXUSDT": 0.295,
  "FUNUSDT": 0.001232,
  "AWEUSDT": 0.09279,
  "AUCTIONUSDT": 5.209,
  "SOMIUSDT": 0.1979,
  "AVAX/USDCUSDT": 9.35,
  "QNTUSDT": 71.47,
  "SKRUSDT": 0.022488,
  "GRASSUSDT": 0.2116,
  "LAUSDT": 0.2112,
  "C98USDT": 0.0316,
  "ARKMUSDT": 0.1186,
  "RVNUSDT": 0.00627,
  "MANAUSDT": 0.1037,
  "BANANAS31USDT": 0.004967,
  "ZKCUSDT": 0.0976,
  "ARUSDT": 2.01,
  "MUSDT": 1.3189,
  "AXLUSDT": 0.06115,
  "APEUSDT": 0.1312,
  "BTCDOMUSDT": 5060.5,
  "1000BONK/USDCUSDT": 0.006612,
  "BSVUSDT": 17.13,
  "BIOUSDT": 0.02452,
  "CCUSDT": 0.16194,
  "JASMYUSDT": 0.005934,
  "HANAUSDT": 0.03935,
  "BULLAUSDT": 0.02416,
  "METUSDT": 0.224,
  "OGUSDT": 4.838,
  "KSMUSDT": 4.669,
  "GWEIUSDT": 0.02597,
  "BREVUSDT": 0.1426,
  "LRCUSDT": 0.03333,
  "ACUUSDT": 0.11517,
  "GRTUSDT": 0.02779,
  "OPENUSDT": 0.1672,
  "RESOLVUSDT": 0.06159,
  "WIF/USDUSDT": 0.2339,
  "HUMAUSDT": 0.013423,
  "FLOWUSDT": 0.04295,
  "PTBUSDT": 0.001365,
  "TRADOORUSDT": 1.33,
  "EGLDUSDT": 4.999,
  "VINEUSDT": 0.01941,
  "ACHUSDT": 0.007697,
  "TSTUSDT": 0.01123,
  "NEAR/USDCUSDT": 1.056,
  "AEVOUSDT": 0.02723,
  "IOTAUSDT": 0.0695,
  "BANKUSDT": 0.04231,
  "1000SHIB/USDCUSDT": 0.006599,
  "WUSDT": 0.02031,
  "TIA/USDCUSDT": 0.3417,
  "BANUSDT": 0.09728,
  "KAITOUSDT": 0.3185,
  "ARB/USDCUSDT": 0.115,
  "THETAUSDT": 0.2093,
  "UNI/USDUSDT": 3.511,
  "1MBABYDOGEUSDT": 0.0004154,
  "RUNEUSDT": 0.4092,
  "SYRUPUSDT": 0.26696,
  "INXUSDT": 0.013064,
  "KAIAUSDT": 0.05783,
  "NIGHTUSDT": 0.05739,
  "ALCHUSDT": 0.08493,
  "XVGUSDT": 0.006122,
  "YBUSDT": 0.1793,
  "FOLKSUSDT": 1.375,
  "PARTIUSDT": 0.10595,
  "BCH/USDUSDT": 556.22,
  "FRAXUSDT": 0.6129,
  "GMTUSDT": 0.01253,
  "SAGAUSDT": 0.03284,
  "SKYUSDT": 0.06668,
  "CLANKERUSDT": 31.48,
  "4USDT": 0.01024,
  "ACEUSDT": 0.1742,
  "LTC/USDUSDT": 54.94,
  "RSRUSDT": 0.001577,
  "PIEVERSEUSDT": 0.4176,
  "MINAUSDT": 0.06723,
  "USTCUSDT": 0.004961,
  "XTZUSDT": 0.4,
  "SQDUSDT": 0.03959,
  "ATHUSDT": 0.006139,
  "2ZUSDT": 0.0778,
  "INITUSDT": 0.07278,
  "VANAUSDT": 1.57,
  "MANTAUSDT": 0.07636,
  "ZORAUSDT": 0.02114,
  "BRETTUSDT": 0.00785,
  "CRV/USDCUSDT": 0.2532,
  "IRUSDT": 0.07599,
  "WLFI/USDCUSDT": 0.1025,
  "XPDUSDT": 1690.26,
  "1000000MOGUSDT": 0.1765,
  "MEWUSDT": 0.0006582,
  "NOTUSDT": 0.0004051,
  "WLD/USDCUSDT": 0.4094,
  "IP/USDCUSDT": 1.126,
  "SLPUSDT": 0.0006644,
  "FORMUSDT": 0.2207,
  "JCTUSDT": 0.001746,
  "RAYSOLUSDT": 0.6329,
  "SUSHIUSDT": 0.2094,
  "XPINUSDT": 0.001661,
  "BARDUSDT": 0.7941,
  "AAVE/USDCUSDT": 125.88,
  "MSTRUSDT": 134.44,
  "IOUSDT": 0.1071,
  "ZBTUSDT": 0.07093,
  "KGENUSDT": 0.17331,
  "BATUSDT": 0.1299,
  "DRIFTUSDT": 0.0917,
  "HEMIUSDT": 0.01013,
  "GOATUSDT": 0.02388,
  "NXPCUSDT": 0.2689,
  "MMTUSDT": 0.1322,
  "NILUSDT": 0.05492,
  "ALICEUSDT": 0.114,
  "API3USDT": 0.3139,
  "KASUSDT": 0.0322,
  "WCTUSDT": 0.06257,
  "AAVE/USDUSDT": 125.87,
  "IMXUSDT": 0.1673,
  "AVAX/USDUSDT": 9.35,
  "PLUMEUSDT": 0.01115,
  "NEOUSDT": 2.836,
  "FUSDT": 0.006296,
  "MELANIAUSDT": 0.1204,
  "TREEUSDT": 0.07452,
  "ATUSDT": 0.15964,
  "1INCHUSDT": 0.0952,
  "MIRAUSDT": 0.0911,
  "AIOUSDT": 0.07902,
  "LAYERUSDT": 0.0897,
  "ELSAUSDT": 0.08422,
  "SSVUSDT": 3.34,
  "MAGICUSDT": 0.06883,
  "NMRUSDT": 8.426,
  "UNI/USDCUSDT": 3.508,
  "KNCUSDT": 0.1438,
  "SKLUSDT": 0.0068,
  "GLMUSDT": 0.18997,