{
  "BTCUSDT": 68549.1,
  "ETHUSDT": 1991.29,
  "SOLUSDT": 86.6,
  "XRPUSDT": 1.4436,
  "BNBUSDT": 627.85,
  "BCHUSDT": 564.99,
  "DOGEUSDT": 0.09947,
  "HYPEUSDT": 29.957,
  "XAGUSDT": 84.81,
  "XAUUSDT": 5116.83,
  "PAXGUSDT": 5147.42,
  "WLFIUSDT": 0.1217,
  "ZECUSDT": 259.41,
  "TRXUSDT": 0.28853,
  "SUIUSDT": 0.958,
  "ASTERUSDT": 0.7278,
  "LINKUSDT": 8.965,
  "ADAUSDT": 0.2811,
  "UNIUSDT": 3.64,
  "AVAXUSDT": 9.296,
  "LTCUSDT": 55.27,
  "1000PEPEUSDT": 0.0041969,
  "PUMPUSDT": 0.002114,
  "ENAUSDT": 0.109,
  "AAVEUSDT": 123.57,
  "PIPPINUSDT": 0.48298,
  "NEARUSDT": 1.054,
  "LITUSDT": 1.533,
  "KITEUSDT": 0.21503,
  "WLDUSDT": 0.3898,
  "TRUMPUSDT": 3.505,
  "FILUSDT": 0.974,
  "TAOUSDT": 183.68,
  "XPLUSDT": 0.0973,
  "DOTUSDT": 1.364,
  "ARCUSDT": 0.07123,
  "ZROUSDT": 1.7532,
  "ATOMUSDT": 2.34,
  "APTUSDT": 0.8953,
  "TONUSDT": 1.3365,
  "XLMUSDT": 0.16266,
  "1000SHIBUSDT": 0.00645,
  "HBARUSDT": 0.10033,
  "ARBUSDT": 0.0996,
  "ENSOUSDT": 1.9184,
  "AXSUSDT": 1.356,
  "ICPUSDT": 2.226,
  "BERAUSDT": 0.5792,
  "ETCUSDT": 9.255,
  "OPUSDT": 0.1287,
  "RIVERUSDT": 7.99,
  "HUSDT": 0.16219,
  "XMRUSDT": 330.72,
  "MONUSDT": 0.02096,
  "POWERUSDT": 0.44862,
  "WIFUSDT": 0.2245,
  "FETUSDT": 0.1669,
  "FFUSDT": 0.08012,
  "PENGUUSDT": 0.006946,
  "CRVUSDT": 0.243,
  "INJUSDT": 3.767,
  "BARDUSDT": 0.7565,
  "FARTCOINUSDT": 0.1865,
  "1000BONKUSDT": 0.006357,
  "AZTECUSDT": 0.03263,
  "POLUSDT": 0.11282,
  "BANUSDT": 0.13096,
  "RAVEUSDT": 0.64604,
  "\u5e01\u5b89\u4eba\u751fUSDT": 0.08501,
  "IPUSDT": 1.099,
  "PARTIUSDT": 0.10205,
  "DASHUSDT": 34.43,
  "CHZUSDT": 0.03573,
  "BTCDOMUSDT": 5089.3,
  "TIAUSDT": 0.3363,
  "0GUSDT": 0.6852,
  "ZAMAUSDT": 0.02531,
  "VIRTUALUSDT": 0.6501,
  "SENTUSDT": 0.02248,
  "ONDOUSDT": 0.2699,
  "ETHFIUSDT": 0.465,
  "SEIUSDT": 0.0712,
  "ZKUSDT": 0.02003,
  "VVVUSDT": 4.339,
  "JUPUSDT": 0.1585,
  "LYNUSDT": 0.30272,
  "SIRENUSDT": 0.26454,
  "STABLEUSDT": 0.028954,
  "MYXUSDT": 1.036,
  "BIOUSDT": 0.02856,
  "ALCHUSDT": 0.08182,
  "OPNUSDT": 0.6906,
  "CCUSDT": 0.16114,
  "RENDERUSDT": 1.48,
  "QUSDT": 0.022723,
  "PENDLEUSDT": 1.23,
  "LDOUSDT": 0.332,
  "KAITOUSDT": 0.3031,
  "BTRUSDT": 0.20636,
  "1000RATSUSDT": 0.04623,
  "HOMEUSDT": 0.029016,
  "ESPUSDT": 0.08138,
  "DUSKUSDT": 0.08264,
  "ZENUSDT": 5.881,
  "NIGHTUSDT": 0.05854,
  "BANANAS31USDT": 0.004576,
  "ALGOUSDT": 0.0903,
  "SANDUSDT": 0.08555,
  "HANAUSDT": 0.03632,
  "ATUSDT": 0.15966,
  "CAKEUSDT": 1.333,
  "STRKUSDT": 0.04519,
  "SKYAIUSDT": 0.03835,
  "TRADOORUSDT": 1.428,
  "JTOUSDT": 0.3045,
  "ZILUSDT": 0.00426,
  "ORCAUSDT": 1.073,
  "ALLOUSDT": 0.1245,
  "MORPHOUSDT": 1.6286,
  "GUNUSDT": 0.02876,
  "GPSUSDT": 0.013477,
  "UBUSDT": 0.03625,
  "PIEVERSEUSDT": 0.4206,
  "SNXUSDT": 0.427,
  "MUSDT": 1.347,
  "YGGUSDT": 0.04809,
  "SKYUSDT": 0.06419,
  "GALAUSDT": 0.00394,
  "USDCUSDT": 0.999722,
  "OMUSDT": 0.06377,
  "GIGGLEUSDT": 29.06,
  "APEUSDT": 0.11,
  "ROSEUSDT": 0.01345,
  "\u6211\u8e0f\u9a6c\u6765\u4e86USDT": 0.015454,
  "AWEUSDT": 0.05681,
  "B2USDT": 0.7205,
  "PYTHUSDT": 0.0543,
  "BULLAUSDT": 0.02867,
  "HUMAUSDT": 0.013005,
  "METUSDT": 0.2126,
  "XPINUSDT": 0.001693,
  "BEAMXUSDT": 0.002313,
  "SYRUPUSDT": 0.23638,
  "AVNTUSDT": 0.1892,
  "CYSUSDT": 0.3828,
  "AEROUSDT": 0.335,
  "EIGENUSDT": 0.1951,
  "JELLYJELLYUSDT": 0.06583,
  "BUSDT": 0.1311,
  "MSTRUSDT": 131.77,
  "INITUSDT": 0.09893,
  "NAORISUSDT": 0.04414,
  "COMPUSDT": 18.09,
  "XTZUSDT": 0.393,
  "ORDIUSDT": 2.68,
  "DYDXUSDT": 0.1,
  "MEUSDT": 0.1289,
  "ESPORTSUSDT": 0.34328,
  "ZKPUSDT": 0.09187,
  "ENSUSDT": 6.836,
  "TSLAUSDT": 411.62,
  "MOVEUSDT": 0.02382,
  "GUAUSDT": 0.14649,
  "VETUSDT": 0.00776,
  "FOGOUSDT": 0.02657,
  "FORMUSDT": 0.2114,
  "NEOUSDT": 2.777,
  "NXPCUSDT": 0.2696,
  "COLLECTUSDT": 0.04995,
  "CYBERUSDT": 0.5756,
  "PNUTUSDT": 0.04867,
  "AUCTIONUSDT": 5.038,
  "SUSDT": 0.04405,
  "VANAUSDT": 1.619,
  "LAUSDT": 0.211,
  "SPACEUSDT": 0.010249,
  "LINEAUSDT": 0.00346,
  "1000LUNCUSDT": 0.03639,
  "STGUSDT": 0.1519,
  "SOMIUSDT": 0.2075,
  "EULUSDT": 1.021,
  "RESOLVUSDT": 0.06527,
  "BEATUSDT": 0.2447,
  "1000FLOKIUSDT": 0.03034,
  "LPTUSDT": 2.363,
  "CLOUSDT": 0.09199,
  "OGUSDT": 3.332,
  "PLUMEUSDT": 0.01009,
  "GWEIUSDT": 0.029698,
  "STXUSDT": 0.2561,
  "MERLUSDT": 0.05154,
  "BIRBUSDT": 0.17238,
  "TRBUSDT": 15.341,
  "FHEUSDT": 0.03982,
  "EDUUSDT": 0.1248,
  "ATHUSDT": 0.005554,
  "WUSDT": 0.01991,
  "MOODENGUSDT": 0.05721,
  "JASMYUSDT": 0.005906,
  "UAIUSDT": 0.2436,
  "LRCUSDT": 0.03324,
  "GRTUSDT": 0.02841,
  "NMRUSDT": 8.222,
  "RPLUSDT": 2.4,
  "2ZUSDT": 0.073,
  "BANKUSDT": 0.03864,
  "AGTUSDT": 0.00539,
  "WCTUSDT": 0.0614,
  "MANAUSDT": 0.0993,
  "CFXUSDT": 0.05321,
  "ARUSDT": 2.033,
  "SPXUSDT": 0.3261,
  "MMTUSDT": 0.1297,
  "USELESSUSDT": 0.04259,
  "TRIAUSDT": 0.0164,
  "AGLDUSDT": 0.2648,
  "API3USDT": 0.3017,
  "LIGHTUSDT": 0.2386,
  "TAUSDT": 0.03827,
  "IMXUSDT": 0.1694,
  "ZORAUSDT": 0.0206,
  "COAIUSDT": 0.3223,
  "AIAUSDT": 0.1031,
  "LUNA2USDT": 0.06416,
  "IOTAUSDT": 0.0697,
  "PTBUSDT": 0.001407,
  "TAGUSDT": 0.0003668,
  "THETAUSDT": 0.2033,
  "FLOWUSDT": 0.03872,
  "IOUSDT": 0.1214,
  "ZRXUSDT": 0.1116,
  "BREVUSDT": 0.1383,
  "SFPUSDT": 0.2724,
  "4USDT": 0.00888,
  "SPKUSDT": 0.0209,
  "AXLUSDT": 0.0561,
  "QNTUSDT": 66.45,
  "JSTUSDT": 0.043082,
  "1INCHUSDT": 0.0938,
  "FOLKSUSDT": 1.362,
  "KAIAUSDT": 0.05615,
  "SKRUSDT": 0.019601,
  "NEIROUSDT": 7.46e-05,
  "ARKMUSDT": 0.1136,
  "RUNEUSDT": 0.4124,
  "YFIUSDT": 2845.0,
  "NOMUSDT": 0.005396,
  "SIGNUSDT": 0.02749,
  "EGLDUSDT": 4.619,
  "BOMEUSDT": 0.0004164,
  "KGENUSDT": 0.18093,
  "FIGHTUSDT": 0.007153,
  "ANIMEUSDT": 0.005045,
  "MEGAUSDT": 0.1312,
  "SAHARAUSDT": 0.01584,
  "MAGICUSDT": 0.06961,
  "COWUSDT": 0.2091,
  "TWTUSDT": 0.5223,
  "ZKCUSDT": 0.091,
  "PROVEUSDT": 0.3006,
  "PEOPLEUSDT": 0.00681,
  "MANTAUSDT": 0.07164,
  "ACTUSDT": 0.01466,
  "XNYUSDT": 0.004488,
  "KASUSDT": 0.03118,
  "GASUSDT": 1.602,
  "AUSDT": 0.0828,
  "AVAAIUSDT": 0.00769,
  "BLUAIUSDT": 0.004976,
  "MINAUSDT": 0.06257,
  "TSTUSDT": 0.0106,
  "AIOUSDT": 0.0799,
  "TAKEUSDT": 0.02403,
  "OPENUSDT": 0.1526,
  "TURBOUSDT": 0.001074,
  "BATUSDT": 0.1223,
  "TRUTHUSDT": 0.010193,
  "GRASSUSDT": 0.191,
  "TUTUSDT": 0.01113,
  "GMTUSDT": 0.01203,
  "VELVETUSDT": 0.08096,
  "BSVUSDT": 16.33,
  "SANTOSUSDT": 1.892,
  "SUPERUSDT": 0.1197,
  "SWARMSUSDT": 0.00713,
  "POPCATUSDT": 0.05222,
  "TNSRUSDT": 0.04938,
  "SOPHUSDT": 0.009269,
  "FUSDT": 0.005954,
  "ZBTUSDT": 0.07329,
  "SUSHIUSDT": 0.2114,
  "CATIUSDT": 0.04025,
  "NILUSDT": 0.05069,
  "IDOLUSDT": 0.02157,
  "YBUSDT": 0.16,
  "LAYERUSDT": 0.0889,
  "XPTUSDT": 2161.02,
  "AKEUSDT": 0.0002715,
  "MUBARAKUSDT": 0.01529,
  "C98USDT": 0.0271,
  "BABYUSDT": 0.01309,
  "VELODROMEUSDT": 0.01499,
  "CVXUSDT": 1.939,
  "KSMUSDT": 4.936,
  "XVGUSDT": 0.006114,
  "RAYSOLUSDT": 0.6585,
  "CTSIUSDT": 0.0259,
  "BLURUSDT": 0.02105,
  "SAPIENUSDT": 0.09341,
  "SOLVUSDT": 0.00451,
  "ACHUSDT": 0.007515,
  "ICNTUSDT": 0.3964,
  "MASKUSDT": 0.4517,
  "ALTUSDT": 0.0081,
  "DOLOUSDT": 0.04082,
  "EDENUSDT": 0.03543,
  "GLMUSDT": 0.16715,
  "ASRUSDT": 1.413,
  "AIXBTUSDT": 0.02014,
  "DEXEUSDT": 2.41,
  "SOONUSDT": 0.1687,
  "MEMEUSDT": 0.0006917,
  "ANKRUSDT": 0.004548,
  "STOUSDT": 0.05616,
  "UMAUSDT": 0.4717,
  "CELOUSDT": 0.078,
  "ONTUSDT": 0.0439,
  "RAREUSDT": 0.01915,
  "WOOUSDT": 0.01855,
  "SONICUSDT": 0.04952,
  "DRIFTUSDT": 0.0904,
  "IRUSDT": 0.08992,
  "THEUSDT": 0.2601,
  "ONUSDT": 0.10038,
  "FRAXUSDT": 0.6718,
  "ZEREBROUSDT": 0.00783,
  "SUNUSDT": 0.016945,
  "DEGOUSDT": 0.3474,
  "KERNELUSDT": 0.06964,
  "ERAUSDT": 0.1562,
  "PLAYUSDT": 0.02209,
  "MELANIAUSDT": 0.1159,
  "GMXUSDT": 6.783,
  "IDUSDT": 0.04788,
  "PROMUSDT": 1.284,
  "RSRUSDT": 0.001508,
  "KAVAUSDT": 0.0524,
  "IOTXUSDT": 0.00496,
  "HYPERUSDT": 0.0971,
  "WALUSDT": 0.0805,
  "BROCCOLI714USDT": 0.0141,
  "KMNOUSDT": 0.02781,
  "BANANAUSDT": 4.503,
  "POLYXUSDT": 0.04385,
  "LSKUSDT": 0.1416,
  "TUSDT": 0.00708,
  "BASUSDT": 0.005094,