{
  "BTCUSDT": 69260.4,
  "ETHUSDT": 1966.22,
  "SOLUSDT": 85.62,
  "XRPUSDT": 1.4599,
  "ETH/USDCUSDT": 1945.83,
  "BTC/USDCUSDT": 68361.4,
  "DOGEUSDT": 0.10264,
  "1000PEPEUSDT": 0.0043946,
  "SPACEUSDT": 0.009173,
  "ZECUSDT": 293.21,
  "BTC/USDUSDT": 69201.4,
  "ETH/USDUSDT": 1964.65,
  "PIPPINUSDT": 0.70236,
  "BNBUSDT": 613.15,
  "VVVUSDT": 4.389,
  "XRP/USDCUSDT": 1.459,
  "SOL/USDCUSDT": 85.59,
  "RIVERUSDT": 12.139,
  "HYPEUSDT": 30.576,
  "SUIUSDT": 0.9662,
  "ADAUSDT": 0.279,
  "INITUSDT": 0.10887,
  "EULUSDT": 1.049,
  "LINKUSDT": 8.65,
  "XAUUSDT": 5034.26,
  "AVAXUSDT": 9.204,
  "ASTERUSDT": 0.7231,
  "XRP/USDUSDT": 1.4526,
  "BTRUSDT": 0.20949,
  "TAOUSDT": 182.34,
  "BCHUSDT": 553.61,
  "DOGE/USDCUSDT": 0.10259,
  "KITEUSDT": 0.21606,
  "FILUSDT": 0.952,
  "PENGUUSDT": 0.006963,
  "WIFUSDT": 0.2282,
  "1000SHIBUSDT": 0.006467,
  "PUMPUSDT": 0.002192,
  "HUSDT": 0.2305,
  "UNIUSDT": 3.432,
  "USELESSUSDT": 0.0429,
  "LTCUSDT": 54.5,
  "BERAUSDT": 0.646,
  "XAGUSDT": 77.92,
  "WLFIUSDT": 0.1001,
  "ENAUSDT": 0.12,
  "POWERUSDT": 0.22212,
  "SOL/USDUSDT": 85.13,
  "DASHUSDT": 37.16,
  "1000PEPE/USDCUSDT": 0.0043892,
  "DOGE/USDUSDT": 0.10258,
  "AAVEUSDT": 124.01,
  "COMPUSDT": 20.78,
  "NEARUSDT": 1.042,
  "1000BONKUSDT": 0.006478,
  "DOTUSDT": 1.345,
  "FARTCOINUSDT": 0.1954,
  "MERLUSDT": 0.05879,
  "AXSUSDT": 1.375,
  "ZROUSDT": 1.7835,
  "BEATUSDT": 0.2343,
  "XLMUSDT": 0.16778,
  "0GUSDT": 0.6426,
  "WLDUSDT": 0.4025,
  "TAKEUSDT": 0.03515,
  "OMUSDT": 0.05658,
  "HBARUSDT": 0.0983,
  "CLOUSDT": 0.06919,
  "MOODENGUSDT": 0.05473,
  "ZEC/USDCUSDT": 292.98,
  "\u6211\u8e0f\u9a6c\u6765\u4e86USDT": 0.02738,
  "\u5e01\u5b89\u4eba\u751fUSDT": 0.10222,
  "PAXGUSDT": 5032.4,
  "IPUSDT": 1.116,
  "MOVEUSDT": 0.02489,
  "BNB/USDCUSDT": 613.22,
  "TRUMPUSDT": 3.375,
  "SIRENUSDT": 0.14175,
  "VIRTUALUSDT": 0.6282,
  "APTUSDT": 0.9204,
  "ZKPUSDT": 0.10072,
  "AZTECUSDT": 0.02227,
  "ZAMAUSDT": 0.01988,
  "OGUSDT": 3.345,
  "XMRUSDT": 333.63,
  "ARBUSDT": 0.1135,
  "XPLUSDT": 0.0969,
  "TRXUSDT": 0.27993,
  "FIGHTUSDT": 0.007585,
  "MYXUSDT": 1.908,
  "LUNA2USDT": 0.0668,
  "ETH/BTCUSDT": 1946.0485152,
  "CRVUSDT": 0.248,
  "ONUSDT": 0.11473,
  "ETCUSDT": 8.662,
  "ESPUSDT": 0.05326,
  "OPUSDT": 0.1877,
  "ONDOUSDT": 0.2725,
  "LITUSDT": 1.578,
  "BNB/USDUSDT": 615.8,
  "ARCUSDT": 0.07791,
  "ICPUSDT": 2.381,
  "MONUSDT": 0.02221,
  "SPORTFUNUSDT": 0.03705,
  "TIAUSDT": 0.3374,
  "GPSUSDT": 0.012231,
  "FHEUSDT": 0.04297,
  "TRIAUSDT": 0.01719,
  "POLUSDT": 0.10801,
  "NAORISUSDT": 0.02799,
  "ZENUSDT": 6.229,
  "RENDERUSDT": 1.408,
  "1000FLOKIUSDT": 0.03165,
  "ATOMUSDT": 2.117,
  "ADA/USDUSDT": 0.2788,
  "PYTHUSDT": 0.05572,
  "FETUSDT": 0.1712,
  "SENTUSDT": 0.02163,
  "TONUSDT": 1.4675,
  "NILUSDT": 0.05988,
  "JUPUSDT": 0.1599,
  "1000LUNCUSDT": 0.03405,
  "DUSKUSDT": 0.10113,
  "MASKUSDT": 0.4667,
  "GALAUSDT": 0.00403,
  "SEIUSDT": 0.0748,
  "MEUSDT": 0.1389,
  "SUI/USDCUSDT": 0.9655,
  "MORPHOUSDT": 1.3056,
  "SAGAUSDT": 0.04009,
  "PENDLEUSDT": 1.2336,
  "CHZUSDT": 0.03985,
  "ZKUSDT": 0.02177,
  "SPXUSDT": 0.3203,
  "SANDUSDT": 0.08652,
  "NEIROUSDT": 7.54e-05,
  "LIGHTUSDT": 0.2328,
  "BIRBUSDT": 0.2017,
  "INJUSDT": 3.102,
  "COWUSDT": 0.2043,
  "PLAYUSDT": 0.02692,
  "ALLOUSDT": 0.09258,
  "JCTUSDT": 0.00172,
  "DYDXUSDT": 0.105,
  "MUBARAKUSDT": 0.01811,
  "GIGGLEUSDT": 31.06,
  "ENSOUSDT": 1.0585,
  "ALGOUSDT": 0.0949,
  "VETUSDT": 0.008271,
  "HUMAUSDT": 0.013903,
  "ROSEUSDT": 0.01216,
  "STABLEUSDT": 0.024799,
  "FIL/USDCUSDT": 0.952,
  "ADA/USDCUSDT": 0.2787,
  "LDOUSDT": 0.3369,
  "VICUSDT": 0.0541,
  "SUI/USDUSDT": 0.9655,
  "ENA/USDCUSDT": 0.1199,
  "COAIUSDT": 0.3894,
  "TRBUSDT": 15.443,
  "POPCATUSDT": 0.05276,
  "STGUSDT": 0.1544,
  "APRUSDT": 0.09929,
  "PROMUSDT": 1.256,
  "XNYUSDT": 0.00718,
  "ETHFIUSDT": 0.4663,
  "ENSUSDT": 6.633,
  "DEEPUSDT": 0.02908,
  "LINEAUSDT": 0.003644,
  "STRKUSDT": 0.04842,
  "TURBOUSDT": 0.0010955,
  "ORDIUSDT": 2.776,
  "PNUTUSDT": 0.04953,
  "CYSUSDT": 0.5053,
  "LINK/USDCUSDT": 8.646,
  "COLLECTUSDT": 0.07917,
  "ZILUSDT": 0.00428,
  "EIGENUSDT": 0.2057,
  "BASUSDT": 0.005372,
  "PEOPLEUSDT": 0.00694,
  "CAKEUSDT": 1.2898,
  "FFUSDT": 0.07895,
  "BCH/USDCUSDT": 553.13,
  "ACUUSDT": 0.10887,
  "FOGOUSDT": 0.02184,
  "LPTUSDT": 2.366,
  "BOMEUSDT": 0.000428,
  "RECALLUSDT": 0.05092,
  "AIAUSDT": 0.11505,
  "USTCUSDT": 0.00513,
  "MEMEUSDT": 0.0007086,
  "SUSDT": 0.04847,
  "LINK/USDUSDT": 8.644,
  "WIF/USDCUSDT": 0.2282,
  "TNSRUSDT": 0.05066,
  "NOMUSDT": 0.005301,
  "PENGU/USDCUSDT": 0.006955,
  "AEROUSDT": 0.309,
  "BTCDOMUSDT": 5149.7,
  "SNXUSDT": 0.287,
  "TOSHIUSDT": 0.0002207,
  "GUNUSDT": 0.02259,
  "AVNTUSDT": 0.1992,
  "AWEUSDT": 0.09434,
  "SOMIUSDT": 0.1975,
  "SKRUSDT": 0.021119,
  "AVAX/USDCUSDT": 9.197,
  "FIL/USDUSDT": 0.952,
  "RVNUSDT": 0.00622,
  "STXUSDT": 0.2633,
  "BROCCOLI714USDT": 0.01429,
  "AUCTIONUSDT": 5.151,
  "YFIUSDT": 2838.0,
  "LTC/USDCUSDT": 54.46,
  "MANAUSDT": 0.1023,
  "BULLAUSDT": 0.02577,
  "LAUSDT": 0.2057,
  "CFXUSDT": 0.05428,
  "MUSDT": 1.3083,
  "QNTUSDT": 69.73,
  "C98USDT": 0.0306,
  "ACTUSDT": 0.01504,
  "LYNUSDT": 0.2275,
  "JTOUSDT": 0.2665,
  "AXLUSDT": 0.06036,
  "ZKCUSDT": 0.0977,
  "TOWNSUSDT": 0.004046,
  "BIOUSDT": 0.02388,
  "ARKMUSDT": 0.1169,
  "APEUSDT": 0.1293,
  "GRASSUSDT": 0.2109,
  "RESOLVUSDT": 0.05912,
  "AIXBTUSDT": 0.02074,
  "ARUSDT": 1.992,
  "METUSDT": 0.2161,
  "IRUSDT": 0.07757,
  "LRCUSDT": 0.03255,
  "GRTUSDT": 0.02742,
  "BANANAS31USDT": 0.004846,
  "CCUSDT": 0.16133,
  "EGLDUSDT": 4.889,
  "EDENUSDT": 0.03525,
  "PTBUSDT": 0.001386,
  "OPENUSDT": 0.1621,
  "JASMYUSDT": 0.005826,
  "BSVUSDT": 16.78,
  "BREVUSDT": 0.1376,
  "ALICEUSDT": 0.11,
  "KSMUSDT": 4.605,
  "ACEUSDT": 0.1688,
  "HANAUSDT": 0.0386,
  "ARB/USDCUSDT": 0.1134,
  "GWEIUSDT": 0.0253,
  "XAIUSDT": 0.01095,
  "FLOWUSDT": 0.04167,
  "TLMUSDT": 0.001714,
  "BANKUSDT": 0.04097,
  "BCH/USDUSDT": 553.12,
  "KAITOUSDT": 0.3112,
  "SQDUSDT": 0.04187,
  "BANUSDT": 0.09752,
  "1000BONK/USDCUSDT": 0.006474,
  "XVGUSDT": 0.00594,
  "WIF/USDUSDT": 0.2281,
  "TIA/USDCUSDT": 0.3371,
  "THETAUSDT": 0.2065,
  "NEAR/USDCUSDT": 1.041,
  "ACHUSDT": 0.007592,
  "RUNEUSDT": 0.4026,
  "WUSDT": 0.02001,
  "GMTUSDT": 0.01238,
  "SYRUPUSDT": 0.26317,
  "FOLKSUSDT": 1.337,
  "KAIAUSDT": 0.05658,
  "PARTIUSDT": 0.10513,
  "XTZUSDT": 0.397,
  "KGENUSDT": 0.17132,
  "1MBABYDOGEUSDT": 0.0004027,
  "WLFI/USDCUSDT": 0.0999,
  "VANAUSDT": 1.536,
  "INXUSDT": 0.012811,
  "NIGHTUSDT": 0.0563,
  "IOTAUSDT": 0.0684,
  "MINAUSDT": 0.06601,
  "SKYUSDT": 0.06575,
  "LTC/USDUSDT": 54.45,
  "YBUSDT": 0.174,
  "UNI/USDUSDT": 3.429,
  "MANTAUSDT": 0.07806,
  "TRADOORUSDT": 1.324,
  "FRAXUSDT": 0.6245,
  "ZORAUSDT": 0.02094,
  "PIEVERSEUSDT": 0.4225,
  "1000SHIB/USDCUSDT": 0.006463,
  "2ZUSDT": 0.07571,
  "FORMUSDT": 0.2158,
  "MSTRUSDT": 134.34,
  "4USDT": 0.00973,
  "SUSHIUSDT": 0.2064,
  "CLANKERUSDT": 31.14,
  "HAEDALUSDT": 0.02855,
  "BARDUSDT": 0.786,
  "IP/USDCUSDT": 1.114,
  "ALCHUSDT": 0.08347,
  "XPDUSDT": 1684.85,
  "ATHUSDT": 0.006044,
  "VINEUSDT": 0.01904,
  "MIRAUSDT": 0.0917,
  "KASUSDT": 0.03145,
  "RAYSOLUSDT": 0.6179,
  "CRV/USDCUSDT": 0.2484,
  "AAVE/USDCUSDT": 123.81,
  "RSRUSDT": 0.001553,
  "AVAX/USDUSDT": 9.19,
  "NOTUSDT": 0.0004025,
  "ZBTUSDT": 0.07048,
  "WCTUSDT": 0.06132,
  "DRIFTUSDT": 0.0895,
  "1INCHUSDT": 0.0944,
  "LAYERUSDT": 0.0885,
  "AAVE/USDUSDT": 123.91,
  "ELSAUSDT": 0.08081,
  "NXPCUSDT": 0.2678,
  "AIOUSDT": 0.08187,
  "FUNUSDT": 0.001289,
  "TREEUSDT": 0.0736,
  "NEOUSDT": 2.812,
  "FUSDT": 0.006234,
  "MEWUSDT": 0.0006422,
  "PLUMEUSDT": 0.01103,
  "IMXUSDT": 0.1645,
  "SUNUSDT": 0.017589,
  "MMTUSDT": 0.1299,
  "MAGMAUSDT": 0.10429,
  "IOUSDT": 0.1066,
  "MAGICUSDT": 0.06775,
  "BATUSDT": 0.1286,
  "XPINUSDT": 0.001692,
  "BRETTUSDT": 0.00764,
  "WLD/USDCUSDT": 0.4022,
  "HOMEUSDT": 0.028141,
  "DOT/USDUSDT": 1.344,
  "KNCUSDT": 0.141,
  "CUSDT": 0.05752,
  "DYMUSDT": 0.04583,
  "1000SATSUSDT": 1.15e-05,
  "MELANIAUSDT": 0.1185,