{
  "BTCUSDT": 65744.1,
  "ETHUSDT": 1927.65,
  "SOLUSDT": 81.54,
  "XRPUSDT": 1.3392,
  "BNBUSDT": 609.69,
  "XAUUSDT": 5298.09,
  "DOGEUSDT": 0.09189,
  "XAGUSDT": 93.94,
  "PAXGUSDT": 5431.33,
  "BCHUSDT": 443.34,
  "HYPEUSDT": 29.277,
  "WLFIUSDT": 0.1092,
  "TRXUSDT": 0.28167,
  "ZECUSDT": 214.2,
  "UNIUSDT": 3.737,
  "ADAUSDT": 0.2729,
  "ASTERUSDT": 0.708,
  "SUIUSDT": 0.875,
  "LINKUSDT": 8.58,
  "AVAXUSDT": 8.864,
  "LTCUSDT": 53.58,
  "1000PEPEUSDT": 0.0035847,
  "PUMPUSDT": 0.001797,
  "ENAUSDT": 0.1009,
  "NEARUSDT": 1.089,
  "PIPPINUSDT": 0.59659,
  "DOTUSDT": 1.579,
  "AAVEUSDT": 109.51,
  "WLDUSDT": 0.384,
  "KITEUSDT": 0.26043,
  "FILUSDT": 0.964,
  "LITUSDT": 1.354,
  "POWERUSDT": 1.86732,
  "TRUMPUSDT": 3.315,
  "XPLUSDT": 0.0943,
  "TAOUSDT": 174.75,
  "1000SHIBUSDT": 0.00564,
  "ZROUSDT": 1.675,
  "APTUSDT": 0.9307,
  "TONUSDT": 1.2652,
  "ATOMUSDT": 1.821,
  "HBARUSDT": 0.09799,
  "RIVERUSDT": 12.692,
  "BERAUSDT": 0.6051,
  "XLMUSDT": 0.15369,
  "WIFUSDT": 0.1874,
  "ICPUSDT": 2.386,
  "XMRUSDT": 334.83,
  "ARBUSDT": 0.0949,
  "HUSDT": 0.12337,
  "MONUSDT": 0.02055,
  "CRVUSDT": 0.239,
  "AXSUSDT": 1.282,
  "FFUSDT": 0.07932,
  "FETUSDT": 0.1509,
  "OPUSDT": 0.1163,
  "VIRTUALUSDT": 0.6714,
  "ETCUSDT": 8.426,
  "CCUSDT": 0.16797,
  "PENGUUSDT": 0.006669,
  "BARDUSDT": 0.992,
  "PARTIUSDT": 0.09393,
  "POLUSDT": 0.10517,
  "\u5e01\u5b89\u4eba\u751fUSDT": 0.07069,
  "FARTCOINUSDT": 0.1616,
  "SKYAIUSDT": 0.0594,
  "BTCDOMUSDT": 5118.0,
  "1000BONKUSDT": 0.005734,
  "CHZUSDT": 0.03383,
  "IPUSDT": 0.906,
  "ETHFIUSDT": 0.4862,
  "BANUSDT": 0.10992,
  "ARCUSDT": 0.0264,
  "DASHUSDT": 31.72,
  "INJUSDT": 2.992,
  "ONDOUSDT": 0.2527,
  "TIAUSDT": 0.3114,
  "ENSOUSDT": 1.3675,
  "0GUSDT": 0.6288,
  "VVVUSDT": 5.202,
  "ESPUSDT": 0.11948,
  "SEIUSDT": 0.06524,
  "SENTUSDT": 0.0213,
  "GWEIUSDT": 0.049052,
  "STABLEUSDT": 0.029955,
  "JUPUSDT": 0.1527,
  "BULLAUSDT": 0.02444,
  "SAHARAUSDT": 0.01994,
  "KAITOUSDT": 0.3339,
  "ALCHUSDT": 0.07965,
  "ZAMAUSDT": 0.02226,
  "ZKUSDT": 0.01841,
  "PENDLEUSDT": 1.257,
  "QUSDT": 0.024511,
  "SIRENUSDT": 0.29904,
  "LDOUSDT": 0.2957,
  "RENDERUSDT": 1.358,
  "BUSDT": 0.1773,
  "MORPHOUSDT": 1.762,
  "GUAUSDT": 0.22076,
  "BANANAS31USDT": 0.004662,
  "ATUSDT": 0.1593,
  "HOMEUSDT": 0.029134,
  "SIGNUSDT": 0.02648,
  "NIGHTUSDT": 0.05678,
  "PIEVERSEUSDT": 0.5025,
  "ZENUSDT": 5.147,
  "MYXUSDT": 0.399,
  "CAKEUSDT": 1.2867,
  "BIOUSDT": 0.02113,
  "MUSDT": 1.4606,
  "STRKUSDT": 0.04024,
  "ALGOUSDT": 0.0855,
  "ALLOUSDT": 0.11077,
  "SANDUSDT": 0.08156,
  "1000RATSUSDT": 0.03654,
  "GPSUSDT": 0.009569,
  "1000LUNCUSDT": 0.04369,
  "USDCUSDT": 0.999401,
  "HANAUSDT": 0.03471,
  "BTRUSDT": 0.1767,
  "GALAUSDT": 0.0035,
  "LYNUSDT": 0.26211,
  "SKYUSDT": 0.06643,
  "GIGGLEUSDT": 25.09,
  "APEUSDT": 0.0993,
  "JTOUSDT": 0.2622,
  "DUSKUSDT": 0.08076,
  "GUNUSDT": 0.02654,
  "UBUSDT": 0.03697,
  "MSTRUSDT": 129.96,
  "CRCLUSDT": 83.48,
  "ATHUSDT": 0.005677,
  "AZTECUSDT": 0.02097,
  "TSLAUSDT": 401.62,
  "JELLYJELLYUSDT": 0.06684,
  "B2USDT": 0.7273,
  "OPNUSDT": 0.4727,
  "AEROUSDT": 0.3375,
  "TRADOORUSDT": 1.307,
  "ZILUSDT": 0.00409,
  "XPINUSDT": 0.00142,
  "HUMAUSDT": 0.011992,
  "SYRUPUSDT": 0.21998,
  "METUSDT": 0.1781,
  "PYTHUSDT": 0.04743,
  "ROSEUSDT": 0.01166,
  "EIGENUSDT": 0.1744,
  "STGUSDT": 0.1473,
  "BEAMXUSDT": 0.001867,
  "VETUSDT": 0.007116,
  "DYDXUSDT": 0.091,
  "NEOUSDT": 2.604,
  "LAUSDT": 0.2203,
  "AVNTUSDT": 0.1739,
  "\u6211\u8e0f\u9a6c\u6765\u4e86USDT": 0.01163,
  "FOGOUSDT": 0.02558,
  "BEATUSDT": 0.238,
  "ORDIUSDT": 2.367,
  "DENTUSDT": 0.000257,
  "COLLECTUSDT": 0.04314,
  "MOVEUSDT": 0.0213,
  "NXPCUSDT": 0.2709,
  "ZKPUSDT": 0.08434,
  "RAVEUSDT": 0.34237,
  "XTZUSDT": 0.369,
  "SUSDT": 0.03867,
  "ESPORTSUSDT": 0.30259,
  "LINEAUSDT": 0.003055,
  "EULUSDT": 1.102,
  "AUCTIONUSDT": 4.738,
  "FORMUSDT": 0.1841,
  "ORCAUSDT": 0.886,
  "LAYERUSDT": 0.0958,
  "COMPUSDT": 17.67,
  "PNUTUSDT": 0.04278,
  "ROBOUSDT": 0.0382,
  "CYBERUSDT": 0.5114,
  "1000FLOKIUSDT": 0.02742,
  "SKRUSDT": 0.02083,
  "STXUSDT": 0.2525,
  "LPTUSDT": 2.269,
  "WUSDT": 0.01837,
  "BIRBUSDT": 0.16558,
  "ENSUSDT": 5.939,
  "SNXUSDT": 0.31,
  "TRBUSDT": 13.684,
  "MEUSDT": 0.1145,
  "WETUSDT": 0.10041,
  "SOMIUSDT": 0.2055,
  "ARUSDT": 1.527,
  "JASMYUSDT": 0.005455,
  "PLUMEUSDT": 0.00904,
  "AWEUSDT": 0.05193,
  "RESOLVUSDT": 0.05947,
  "JSTUSDT": 0.047903,
  "BANKUSDT": 0.03705,
  "TRIAUSDT": 0.01884,
  "USELESSUSDT": 0.04034,
  "AGLDUSDT": 0.2271,
  "SPXUSDT": 0.2981,
  "AGTUSDT": 0.005539,
  "AXLUSDT": 0.05301,
  "DEXEUSDT": 3.422,
  "MANAUSDT": 0.0941,
  "COAIUSDT": 0.3268,
  "FLOWUSDT": 0.03802,
  "IMXUSDT": 0.1579,
  "TAUSDT": 0.03806,
  "IOTAUSDT": 0.0658,
  "2ZUSDT": 0.07366,
  "CFXUSDT": 0.04739,
  "YGGUSDT": 0.03695,
  "CYSUSDT": 0.3157,
  "EDUUSDT": 0.1062,
  "MERLUSDT": 0.0403,
  "WCTUSDT": 0.05903,
  "GRTUSDT": 0.02544,
  "CLOUSDT": 0.07177,
  "API3USDT": 0.2783,
  "GRASSUSDT": 0.2249,
  "OGUSDT": 2.928,
  "INITUSDT": 0.07931,
  "QNTUSDT": 62.86,
  "NMRUSDT": 7.446,
  "TAGUSDT": 0.0003532,
  "MMTUSDT": 0.1157,
  "MOODENGUSDT": 0.04895,
  "FOLKSUSDT": 1.393,
  "SOPHUSDT": 0.009343,
  "ALICEUSDT": 0.123,
  "SFPUSDT": 0.2573,
  "VANAUSDT": 1.424,
  "PTBUSDT": 0.001147,
  "ZRXUSDT": 0.1022,
  "SPKUSDT": 0.01881,
  "NAORISUSDT": 0.03128,
  "LIGHTUSDT": 0.1872,
  "NEIROUSDT": 6.296e-05,
  "1INCHUSDT": 0.0907,
  "4USDT": 0.00755,
  "ZORAUSDT": 0.01812,
  "THETAUSDT": 0.183,
  "XPTUSDT": 2378.04,
  "RUNEUSDT": 0.391,
  "ANIMEUSDT": 0.004866,
  "AIXBTUSDT": 0.02094,
  "ARKMUSDT": 0.1034,
  "IOUSDT": 0.1045,
  "KAIAUSDT": 0.05421,
  "EGLDUSDT": 4.342,
  "YFIUSDT": 2604.0,
  "BATUSDT": 0.1051,
  "STEEMUSDT": 0.0559,
  "VELVETUSDT": 0.08529,
  "SPACEUSDT": 0.007908,
  "KGENUSDT": 0.1813,
  "LUNA2USDT": 0.06435,
  "LRCUSDT": 0.03071,
  "PEOPLEUSDT": 0.0062,
  "BREVUSDT": 0.1288,
  "TAKEUSDT": 0.02118,
  "FHEUSDT": 0.02909,
  "BLUAIUSDT": 0.004958,
  "KASUSDT": 0.02936,
  "MIRAUSDT": 0.0859,
  "COWUSDT": 0.2094,
  "AKEUSDT": 0.0002368,
  "MEGAUSDT": 0.13181,
  "TWTUSDT": 0.4887,
  "OPENUSDT": 0.145,
  "UAIUSDT": 0.1706,
  "PROVEUSDT": 0.2826,
  "BOMEUSDT": 0.0003648,
  "AUSDT": 0.0783,
  "AIAUSDT": 0.08241,
  "POPCATUSDT": 0.04624,
  "BSVUSDT": 15.52,
  "NOMUSDT": 0.00359,
  "GMTUSDT": 0.01114,
  "STOUSDT": 0.06159,
  "KERNELUSDT": 0.07516,
  "SWARMSUSDT": 0.00718,
  "AVAAIUSDT": 0.007255,
  "SUSHIUSDT": 0.1958,
  "ACTUSDT": 0.01334,
  "TSTUSDT": 0.00927,
  "TRUTHUSDT": 0.010327,
  "TURBOUSDT": 0.0009399,
  "RPLUSDT": 1.824,
  "VELODROMEUSDT": 0.01553,
  "SOONUSDT": 0.1632,
  "KSMUSDT": 4.677,
  "CATIUSDT": 0.03729,
  "SUNUSDT": 0.015595,
  "MANTAUSDT": 0.0605,
  "TUTUSDT": 0.00976,
  "MINAUSDT": 0.05574,
  "XVGUSDT": 0.005536,
  "BABYUSDT": 0.01154,
  "SUPERUSDT": 0.1123,
  "GASUSDT": 1.569,
  "FIGHTUSDT": 0.006329,
  "MEMEUSDT": 0.000583,
  "FUSDT": 0.005648,
  "YBUSDT": 0.1632,
  "MAGICUSDT": 0.06099,
  "AINUSDT": 0.04209,
  "TNSRUSDT": 0.04386,
  "ZBTUSDT": 0.07403,
  "XNYUSDT": 0.005424,
  "BLURUSDT": 0.01948,
  "STBLUSDT": 0.04126,
  "C98USDT": 0.0267,
  "ALTUSDT": 0.007214,
  "IOTXUSDT": 0.0048,
  "AIOUSDT": 0.07017,
  "IDOLUSDT": 0.02021,
  "HOLOUSDT": 0.05854,
  "MUBARAKUSDT": 0.01328,
  "ACHUSDT": 0.00665,
  "REDUSDT": 0.1465,
  "NILUSDT": 0.0464,
  "MASKUSDT": 0.4149,
  "NEWTUSDT": 0.06902,
  "ASRUSDT": 1.307,
  "UMAUSDT": 0.4205,
  "RAYSOLUSDT": 0.5867,
  "SAPIENUSDT": 0.08574,
  "WALUSDT": 0.07747,
  "GLMUSDT": 0.13168,
  "ONTUSDT": 0.0417,
  "HOTUSDT": 0.000391,
  "CELOUSDT": 0.073,
  "ERAUSDT": 0.1436,
  "CTSIUSDT": 0.0241,
  "INUSDT": 0.06619,
  "EDENUSDT": 0.03224,
  "ZKCUSDT": 0.0835,
  "KOMAUSDT": 0.007575,
  "ANKRUSDT": 0.00418,
  "KMNOUSDT": 0.02054,
  "ICNTUSDT": 0.384,
  "SKLUSDT": 0.00638,
  "SONICUSDT": 0.04457,
  "DRIFTUSDT": 0.0839,
  "SOLVUSDT": 0.003921,
  "SANTOSUSDT": 1.345,
  "RSRUSDT": 0.00142,
  "DAMUSDT": 0.02207,
  "MELANIAUSDT": 0.1065,
  "RAREUSDT": 0.01567,
  "QTUMUSDT": 0.887,
  "POLYXUSDT": 0.04182,
  "ARIAUSDT": 0.06974,
  "DEGOUSDT": 0.2962,