{
  "BTCUSDT": 68470.0,
  "ETHUSDT": 1978.96,
  "SOLUSDT": 84.3,
  "XRPUSDT": 1.4983,
  "BNBUSDT": 614.99,
  "BCHUSDT": 558.64,
  "DOGEUSDT": 0.10078,
  "HYPEUSDT": 30.386,
  "PAXGUSDT": 4980.6,
  "XAGUSDT": 76.31,
  "ZECUSDT": 295.53,
  "XAUUSDT": 4976.62,
  "TRXUSDT": 0.28207,
  "SUIUSDT": 0.9797,
  "ASTERUSDT": 0.7249,
  "1000PEPEUSDT": 0.0044614,
  "LINKUSDT": 8.874,
  "ADAUSDT": 0.2849,
  "PIPPINUSDT": 0.71731,
  "LTCUSDT": 54.36,
  "UNIUSDT": 3.52,
  "AVAXUSDT": 9.242,
  "PUMPUSDT": 0.002221,
  "ENAUSDT": 0.1218,
  "WLFIUSDT": 0.1023,
  "AAVEUSDT": 126.38,
  "NEARUSDT": 1.054,
  "LITUSDT": 1.616,
  "KITEUSDT": 0.20657,
  "TRUMPUSDT": 3.471,
  "XPLUSDT": 0.1009,
  "WLDUSDT": 0.4046,
  "FILUSDT": 0.972,
  "ARCUSDT": 0.07929,
  "TAOUSDT": 189.73,
  "DOTUSDT": 1.366,
  "HUSDT": 0.20074,
  "TONUSDT": 1.4605,
  "RIVERUSDT": 13.163,
  "ZROUSDT": 1.6842,
  "1000SHIBUSDT": 0.006574,
  "APTUSDT": 0.9258,
  "ATOMUSDT": 2.197,
  "HBARUSDT": 0.10109,
  "BERAUSDT": 0.6453,
  "MONUSDT": 0.02394,
  "XLMUSDT": 0.17023,
  "AXSUSDT": 1.362,
  "ARBUSDT": 0.1147,
  "XMRUSDT": 329.86,
  "ICPUSDT": 2.422,
  "WIFUSDT": 0.2337,
  "FFUSDT": 0.08305,
  "IPUSDT": 1.188,
  "PENGUUSDT": 0.007205,
  "CRVUSDT": 0.254,
  "FARTCOINUSDT": 0.1998,
  "FETUSDT": 0.1732,
  "ETCUSDT": 8.781,
  "CHZUSDT": 0.04119,
  "BARDUSDT": 0.7842,
  "DASHUSDT": 37.94,
  "\u5e01\u5b89\u4eba\u751fUSDT": 0.10522,
  "PARTIUSDT": 0.10707,
  "INITUSDT": 0.12871,
  "1000BONKUSDT": 0.006597,
  "OPUSDT": 0.1894,
  "POLUSDT": 0.10516,
  "ONDOUSDT": 0.2765,
  "BTCDOMUSDT": 5095.6,
  "VIRTUALUSDT": 0.6615,
  "TIAUSDT": 0.3419,
  "SENTUSDT": 0.02208,
  "0GUSDT": 0.6375,
  "ZKUSDT": 0.0219,
  "ZAMAUSDT": 0.02305,
  "SEIUSDT": 0.075,
  "STABLEUSDT": 0.028154,
  "VVVUSDT": 3.991,
  "ETHFIUSDT": 0.4783,
  "SIRENUSDT": 0.21881,
  "BANUSDT": 0.09954,
  "JUPUSDT": 0.1606,
  "BTRUSDT": 0.20216,
  "UBUSDT": 0.04879,
  "PENDLEUSDT": 1.2457,
  "CCUSDT": 0.16172,
  "ALCHUSDT": 0.08372,
  "LDOUSDT": 0.3403,
  "KAITOUSDT": 0.3158,
  "RENDERUSDT": 1.457,
  "SKYUSDT": 0.06745,
  "INJUSDT": 3.168,
  "ZENUSDT": 6.237,
  "1000RATSUSDT": 0.04955,
  "ATUSDT": 0.16005,
  "CYSUSDT": 0.5083,
  "ENSOUSDT": 1.0916,
  "BANANAS31USDT": 0.004846,
  "HANAUSDT": 0.03908,
  "DUSKUSDT": 0.11064,
  "SANDUSDT": 0.08732,
  "OMUSDT": 0.05908,
  "QUSDT": 0.020438,
  "NIGHTUSDT": 0.0573,
  "MSTRUSDT": 134.56,
  "GIGGLEUSDT": 32.33,
  "HOMEUSDT": 0.027902,
  "MYXUSDT": 1.93,
  "AWEUSDT": 0.08871,
  "POWERUSDT": 0.21767,
  "STRKUSDT": 0.04885,
  "ROSEUSDT": 0.01231,
  "SKYAIUSDT": 0.03791,
  "PYTHUSDT": 0.05642,
  "\u6211\u8e0f\u9a6c\u6765\u4e86USDT": 0.020991,
  "COMPUSDT": 19.95,
  "ALGOUSDT": 0.0957,
  "LYNUSDT": 0.23194,
  "CAKEUSDT": 1.3062,
  "PIEVERSEUSDT": 0.4168,
  "TRADOORUSDT": 1.363,
  "USDCUSDT": 0.999942,
  "METUSDT": 0.222,
  "ESPUSDT": 0.05514,
  "GPSUSDT": 0.011359,
  "GALAUSDT": 0.00412,
  "MUSDT": 1.2972,
  "ZILUSDT": 0.00432,
  "BULLAUSDT": 0.02992,
  "SPACEUSDT": 0.009419,
  "COLLECTUSDT": 0.08016,
  "MOVEUSDT": 0.02554,
  "HUMAUSDT": 0.014779,
  "AVNTUSDT": 0.2012,
  "MORPHOUSDT": 1.3772,
  "XPINUSDT": 0.001819,
  "1000LUNCUSDT": 0.03494,
  "B2USDT": 0.7016,
  "BUSDT": 0.1455,
  "MEUSDT": 0.1352,
  "GUNUSDT": 0.02312,
  "ENSUSDT": 6.819,
  "LINEAUSDT": 0.003727,
  "AUCTIONUSDT": 5.283,
  "BEAMXUSDT": 0.002463,
  "ZKPUSDT": 0.09363,
  "VETUSDT": 0.008298,
  "EIGENUSDT": 0.2106,
  "SYRUPUSDT": 0.25048,
  "FHEUSDT": 0.03811,
  "SUSDT": 0.04836,
  "BIOUSDT": 0.02452,
  "XTZUSDT": 0.403,
  "AEROUSDT": 0.3159,
  "TSLAUSDT": 417.71,
  "NEOUSDT": 2.845,
  "JELLYJELLYUSDT": 0.06022,
  "FORMUSDT": 0.2228,
  "PNUTUSDT": 0.05147,
  "ORDIUSDT": 2.825,
  "LAUSDT": 0.2066,
  "RAVEUSDT": 0.38923,
  "ESPORTSUSDT": 0.35334,
  "DYDXUSDT": 0.109,
  "GUAUSDT": 0.14565,
  "MOODENGUSDT": 0.06159,
  "ALLOUSDT": 0.08744,
  "BIRBUSDT": 0.196,
  "OGUSDT": 3.453,
  "RESOLVUSDT": 0.06049,
  "NXPCUSDT": 0.2714,
  "LPTUSDT": 2.48,
  "MERLUSDT": 0.06417,
  "FOGOUSDT": 0.02366,
  "SOMIUSDT": 0.1999,
  "LRCUSDT": 0.03434,
  "1000FLOKIUSDT": 0.03219,
  "BEATUSDT": 0.2591,
  "PLUMEUSDT": 0.01085,
  "STXUSDT": 0.2661,
  "TRIAUSDT": 0.01763,
  "EDUUSDT": 0.1313,
  "VANAUSDT": 1.559,
  "PTBUSDT": 0.001646,
  "ATHUSDT": 0.006055,
  "TRBUSDT": 15.731,
  "JTOUSDT": 0.2676,
  "EULUSDT": 1.099,
  "STGUSDT": 0.1456,
  "AIAUSDT": 0.11081,
  "MUBARAKUSDT": 0.0207,
  "BANKUSDT": 0.04136,
  "LUNA2USDT": 0.06686,
  "GWEIUSDT": 0.027481,
  "2ZUSDT": 0.07725,
  "ARUSDT": 2.025,
  "API3USDT": 0.3167,
  "WCTUSDT": 0.06352,
  "CFXUSDT": 0.05528,
  "XNYUSDT": 0.005666,
  "USELESSUSDT": 0.0477,
  "JASMYUSDT": 0.005978,
  "COAIUSDT": 0.3516,
  "NMRUSDT": 8.374,
  "CLOUSDT": 0.07161,
  "WUSDT": 0.02043,
  "MANAUSDT": 0.1023,
  "SPXUSDT": 0.3264,
  "QNTUSDT": 70.55,
  "AZTECUSDT": 0.02268,
  "FLOWUSDT": 0.04076,
  "TAKEUSDT": 0.03212,
  "FIGHTUSDT": 0.007601,
  "4USDT": 0.01004,
  "NILUSDT": 0.05922,
  "UAIUSDT": 0.2446,
  "LIGHTUSDT": 0.24,
  "TAGUSDT": 0.0003884,
  "APEUSDT": 0.1303,
  "COWUSDT": 0.2079,
  "TAUSDT": 0.03718,
  "IMXUSDT": 0.1664,
  "GRTUSDT": 0.02796,
  "XVGUSDT": 0.006069,
  "FRAXUSDT": 0.6752,
  "JSTUSDT": 0.041572,
  "UMAUSDT": 0.5722,
  "ZKCUSDT": 0.0982,
  "1INCHUSDT": 0.0948,
  "KAIAUSDT": 0.05695,
  "BOMEUSDT": 0.000442,
  "TNSRUSDT": 0.05676,
  "ZRXUSDT": 0.1092,
  "BREVUSDT": 0.1372,
  "MANTAUSDT": 0.08214,
  "SPKUSDT": 0.0214,
  "MMTUSDT": 0.1326,
  "SFPUSDT": 0.2696,
  "THETAUSDT": 0.208,
  "EGLDUSDT": 4.839,
  "ACTUSDT": 0.01576,
  "YFIUSDT": 2908.0,
  "NEIROUSDT": 7.81e-05,
  "IOTAUSDT": 0.0693,
  "GRASSUSDT": 0.2102,
  "AGTUSDT": 0.004578,
  "NOMUSDT": 0.005551,
  "SKRUSDT": 0.02119,
  "ZORAUSDT": 0.0209,
  "SNXUSDT": 0.298,
  "AXLUSDT": 0.06074,
  "C98USDT": 0.0307,
  "MEGAUSDT": 0.12973,
  "MINAUSDT": 0.06625,
  "IRYSUSDT": 0.03741,
  "RUNEUSDT": 0.4006,
  "TSTUSDT": 0.01152,
  "BSVUSDT": 17.05,
  "PEOPLEUSDT": 0.0071,
  "ARKMUSDT": 0.1181,
  "FOLKSUSDT": 1.352,
  "TWTUSDT": 0.5219,
  "PROVEUSDT": 0.3252,
  "ANIMEUSDT": 0.005641,
  "SAHARAUSDT": 0.01589,
  "SIGNUSDT": 0.02705,
  "SUPERUSDT": 0.1289,
  "ICNTUSDT": 0.4797,
  "AUSDT": 0.085,
  "TUTUSDT": 0.01215,
  "KASUSDT": 0.0317,
  "POPCATUSDT": 0.05478,
  "KGENUSDT": 0.16894,
  "STORJUSDT": 0.1081,
  "SOPHUSDT": 0.009717,
  "FUSDT": 0.006295,
  "YBUSDT": 0.1765,
  "TURBOUSDT": 0.001123,
  "ACHUSDT": 0.007781,
  "AVAAIUSDT": 0.00772,
  "BLUAIUSDT": 0.005348,
  "MAGICUSDT": 0.07118,
  "CYBERUSDT": 0.5601,
  "BATUSDT": 0.1295,
  "SWARMSUSDT": 0.00747,
  "GMTUSDT": 0.01244,
  "GASUSDT": 1.66,
  "TRUTHUSDT": 0.016097,
  "CATIUSDT": 0.04175,
  "SANTOSUSDT": 1.912,
  "XPTUSDT": 2027.8,
  "BABYUSDT": 0.01402,
  "LAYERUSDT": 0.0894,
  "OPENUSDT": 0.1601,
  "SUSHIUSDT": 0.211,
  "AKEUSDT": 0.0002814,
  "SOONUSDT": 0.1872,
  "MASKUSDT": 0.4727,
  "IDOLUSDT": 0.02086,
  "AIOUSDT": 0.07369,
  "CELOUSDT": 0.084,
  "IOUSDT": 0.1085,
  "ZBTUSDT": 0.07079,
  "ONTUSDT": 0.0465,
  "BLURUSDT": 0.02144,
  "SAGAUSDT": 0.03514,
  "YGGUSDT": 0.04112,
  "PLAYUSDT": 0.02401,
  "MEMEUSDT": 0.0007175,
  "SUNUSDT": 0.017168,
  "VELODROMEUSDT": 0.01458,
  "ONUSDT": 0.09563,
  "ZEREBROUSDT": 0.00873,
  "DEEPUSDT": 0.02842,
  "GLMUSDT": 0.1851,
  "AIXBTUSDT": 0.02195,
  "CTSIUSDT": 0.0277,
  "SKLUSDT": 0.00717,
  "ASRUSDT": 1.445,
  "BROCCOLI714USDT": 0.01531,
  "SOLVUSDT": 0.00483,
  "ALTUSDT": 0.00852,
  "DYMUSDT": 0.04796,
  "STOUSDT": 0.05592,
  "THEUSDT": 0.2675,
  "INUSDT": 0.06475,
  "VELVETUSDT": 0.08484,
  "SONICUSDT": 0.04668,
  "KOMAUSDT": 0.00834,
  "IDUSDT": 0.05249,
  "WALUSDT": 0.0828,
  "QTUMUSDT": 0.992,
  "RAREUSDT": 0.01986,
  "SYNUSDT": 0.04953,
  "CVXUSDT": 1.915,
  "STBLUSDT": 0.0407,
  "DEXEUSDT": 2.305,
  "MELANIAUSDT": 0.1198,
  "TOSHIUSDT": 0.0002291,
  "KMNOUSDT": 0.0303,
  "PROMUSDT": 1.447,
  "KERNELUSDT": 0.06738,
  "ANKRUSDT": 0.004568,
  "RSRUSDT": 0.001573,
  "DEGOUSDT": 0.3442,
  "HYPERUSDT": 0.1035,
  "KAVAUSDT": 0.0545,
  "DRIFTUSDT": 0.0918,
  "BANANAUSDT": 4.617,
  "ERAUSDT": 0.1591,
  "ORCAUSDT": 0.791,
  "AINUSDT": 0.03337,
  "LSKUSDT": 0.1443,
  "KSMUSDT": 4.736,
  "EDENUSDT": 0.03369,