{
  "BTCUSDT": 67483.6,
  "ETHUSDT": 1983.54,
  "SOLUSDT": 83.25,
  "XRPUSDT": 1.4684,
  "BNBUSDT": 615.96,
  "BCHUSDT": 558.89,
  "DOGEUSDT": 0.10038,
  "HYPEUSDT": 28.943,
  "XAGUSDT": 75.81,
  "ZECUSDT": 284.63,
  "PAXGUSDT": 4918.0,
  "XAUUSDT": 4917.35,
  "TRXUSDT": 0.28004,
  "SUIUSDT": 0.9654,
  "ASTERUSDT": 0.7076,
  "1000PEPEUSDT": 0.0043663,
  "LINKUSDT": 8.799,
  "ADAUSDT": 0.2817,
  "WLFIUSDT": 0.1178,
  "LTCUSDT": 54.0,
  "AVAXUSDT": 9.048,
  "UNIUSDT": 3.558,
  "PUMPUSDT": 0.002172,
  "ENAUSDT": 0.12,
  "KITEUSDT": 0.2377,
  "PIPPINUSDT": 0.56949,
  "AAVEUSDT": 126.93,
  "NEARUSDT": 1.043,
  "LITUSDT": 1.572,
  "TRUMPUSDT": 3.487,
  "WLDUSDT": 0.3893,
  "ARCUSDT": 0.08591,
  "TAOUSDT": 193.04,
  "XPLUSDT": 0.0977,
  "FILUSDT": 0.96,
  "DOTUSDT": 1.347,
  "ZROUSDT": 1.5451,
  "TONUSDT": 1.4321,
  "ATOMUSDT": 2.292,
  "APTUSDT": 0.9059,
  "RIVERUSDT": 8.898,
  "1000SHIBUSDT": 0.006462,
  "HBARUSDT": 0.10078,
  "HUSDT": 0.17853,
  "BERAUSDT": 0.6373,
  "ARBUSDT": 0.1125,
  "XLMUSDT": 0.16639,
  "AXSUSDT": 1.325,
  "XMRUSDT": 342.73,
  "ICPUSDT": 2.349,
  "MONUSDT": 0.02135,
  "WIFUSDT": 0.2306,
  "FFUSDT": 0.0825,
  "CRVUSDT": 0.253,
  "PENGUUSDT": 0.007131,
  "FARTCOINUSDT": 0.1961,
  "FETUSDT": 0.1703,
  "ETCUSDT": 8.674,
  "\u5e01\u5b89\u4eba\u751fUSDT": 0.09713,
  "BARDUSDT": 0.7665,
  "IPUSDT": 1.128,
  "CHZUSDT": 0.04057,
  "PARTIUSDT": 0.10753,
  "1000BONKUSDT": 0.006478,
  "DASHUSDT": 37.34,
  "OPUSDT": 0.187,
  "POLUSDT": 0.10957,
  "BTCDOMUSDT": 5044.4,
  "ORCAUSDT": 1.307,
  "ONDOUSDT": 0.2729,
  "VIRTUALUSDT": 0.6473,
  "TIAUSDT": 0.3419,
  "SENTUSDT": 0.0219,
  "BANUSDT": 0.11265,
  "SEIUSDT": 0.0745,
  "0GUSDT": 0.6591,
  "VVVUSDT": 4.214,
  "ZKUSDT": 0.02168,
  "ETHFIUSDT": 0.4794,
  "STABLEUSDT": 0.031107,
  "POWERUSDT": 0.32318,
  "ZAMAUSDT": 0.01968,
  "JUPUSDT": 0.1633,
  "JTOUSDT": 0.3146,
  "ENSOUSDT": 1.2582,
  "CCUSDT": 0.16699,
  "AWEUSDT": 0.1024,
  "SIRENUSDT": 0.21683,
  "ALCHUSDT": 0.08201,
  "BTRUSDT": 0.19678,
  "LDOUSDT": 0.3406,
  "PENDLEUSDT": 1.2095,
  "INJUSDT": 3.103,
  "CYBERUSDT": 0.729,
  "KAITOUSDT": 0.3168,
  "CYSUSDT": 0.501,
  "1000RATSUSDT": 0.0484,
  "RENDERUSDT": 1.449,
  "GPSUSDT": 0.013867,
  "UBUSDT": 0.04247,
  "INITUSDT": 0.11132,
  "ATUSDT": 0.16006,
  "QUSDT": 0.021168,
  "NIGHTUSDT": 0.05876,
  "ZENUSDT": 6.194,
  "SANDUSDT": 0.08683,
  "BANANAS31USDT": 0.004556,
  "MUSDT": 1.5379,
  "LYNUSDT": 0.24735,
  "GUNUSDT": 0.02814,
  "ROSEUSDT": 0.01415,
  "HOMEUSDT": 0.027657,
  "HANAUSDT": 0.03609,
  "DUSKUSDT": 0.10101,
  "SKYUSDT": 0.06644,
  "STRKUSDT": 0.04819,
  "OMUSDT": 0.05895,
  "ESPUSDT": 0.06804,
  "GIGGLEUSDT": 30.64,
  "TRADOORUSDT": 1.425,
  "SKYAIUSDT": 0.03678,
  "\u6211\u8e0f\u9a6c\u6765\u4e86USDT": 0.017444,
  "SPACEUSDT": 0.011234,
  "JELLYJELLYUSDT": 0.07513,
  "PIEVERSEUSDT": 0.4135,
  "CAKEUSDT": 1.3023,
  "ALGOUSDT": 0.0931,
  "PYTHUSDT": 0.05666,
  "USDCUSDT": 0.999948,
  "MYXUSDT": 1.402,
  "MORPHOUSDT": 1.487,
  "HUMAUSDT": 0.014903,
  "GALAUSDT": 0.00401,
  "NAORISUSDT": 0.04433,
  "MSTRUSDT": 129.26,
  "AVNTUSDT": 0.2016,
  "ZILUSDT": 0.00419,
  "XPINUSDT": 0.001832,
  "B2USDT": 0.696,
  "METUSDT": 0.2145,
  "COLLECTUSDT": 0.07645,
  "MOVEUSDT": 0.02504,
  "COMPUSDT": 18.45,
  "BULLAUSDT": 0.02805,
  "LAUSDT": 0.2097,
  "EIGENUSDT": 0.2083,
  "ENSUSDT": 6.976,
  "MEUSDT": 0.1355,
  "ZKPUSDT": 0.09372,
  "BUSDT": 0.1377,
  "BEAMXUSDT": 0.00237,
  "1000LUNCUSDT": 0.03411,
  "SYRUPUSDT": 0.24429,
  "SUSDT": 0.04877,
  "AUCTIONUSDT": 5.312,
  "LINEAUSDT": 0.003723,
  "XTZUSDT": 0.395,
  "BIOUSDT": 0.02522,
  "ALLOUSDT": 0.09488,
  "DYDXUSDT": 0.108,
  "VETUSDT": 0.008028,
  "ESPORTSUSDT": 0.37462,
  "TSLAUSDT": 413.55,
  "FORMUSDT": 0.2187,
  "PNUTUSDT": 0.05014,
  "NXPCUSDT": 0.2829,
  "NEOUSDT": 2.782,
  "FOGOUSDT": 0.02451,
  "GUAUSDT": 0.14582,
  "ORDIUSDT": 2.779,
  "AEROUSDT": 0.3195,
  "RPLUSDT": 2.411,
  "CLOUSDT": 0.08948,
  "RAVEUSDT": 0.3835,
  "BIRBUSDT": 0.19202,
  "FHEUSDT": 0.04182,
  "PLUMEUSDT": 0.01088,
  "OGUSDT": 3.357,
  "RESOLVUSDT": 0.06203,
  "1000FLOKIUSDT": 0.03179,
  "SPXUSDT": 0.3623,
  "LPTUSDT": 2.45,
  "BEATUSDT": 0.2404,
  "MERLUSDT": 0.06121,
  "STXUSDT": 0.2608,
  "TRIAUSDT": 0.0177,
  "SOMIUSDT": 0.1943,
  "LRCUSDT": 0.0346,
  "STGUSDT": 0.1342,
  "ATHUSDT": 0.005991,
  "EDUUSDT": 0.1302,
  "VANAUSDT": 1.552,
  "MOODENGUSDT": 0.05995,
  "APEUSDT": 0.1266,
  "MMTUSDT": 0.139,
  "ZORAUSDT": 0.02209,
  "GWEIUSDT": 0.028615,
  "TRBUSDT": 15.51,
  "WUSDT": 0.02083,
  "WCTUSDT": 0.06358,
  "2ZUSDT": 0.07744,
  "BANKUSDT": 0.04047,
  "ARUSDT": 2.044,
  "AIAUSDT": 0.10781,
  "EULUSDT": 0.954,
  "JASMYUSDT": 0.005988,
  "API3USDT": 0.318,
  "NMRUSDT": 8.361,
  "SNXUSDT": 0.317,
  "CFXUSDT": 0.05425,
  "LUNA2USDT": 0.0652,
  "MANAUSDT": 0.1015,
  "COAIUSDT": 0.3391,
  "TAGUSDT": 0.0003966,
  "USELESSUSDT": 0.05082,
  "FLOWUSDT": 0.03877,
  "XNYUSDT": 0.00555,
  "IMXUSDT": 0.1709,
  "4USDT": 0.00972,
  "TAUSDT": 0.0371,
  "AZTECUSDT": 0.01923,
  "UAIUSDT": 0.2341,
  "SFPUSDT": 0.2772,
  "SPKUSDT": 0.02096,
  "LIGHTUSDT": 0.2379,
  "GRTUSDT": 0.02763,
  "JSTUSDT": 0.042566,
  "BREVUSDT": 0.1396,
  "ZRXUSDT": 0.1111,
  "1INCHUSDT": 0.0949,
  "PTBUSDT": 0.001417,
  "AGTUSDT": 0.004809,
  "NEIROUSDT": 7.67e-05,
  "YFIUSDT": 2855.0,
  "KAIAUSDT": 0.05698,
  "COWUSDT": 0.214,
  "QNTUSDT": 69.41,
  "MAGICUSDT": 0.07462,
  "THETAUSDT": 0.2028,
  "TWTUSDT": 0.5635,
  "IOTAUSDT": 0.069,
  "BOMEUSDT": 0.0004323,
  "SKRUSDT": 0.02124,
  "ZKCUSDT": 0.0997,
  "EGLDUSDT": 4.654,
  "NOMUSDT": 0.005421,
  "AXLUSDT": 0.06016,
  "MUBARAKUSDT": 0.01897,
  "MEGAUSDT": 0.13003,
  "ANIMEUSDT": 0.005344,
  "SAHARAUSDT": 0.01601,
  "MANTAUSDT": 0.07736,
  "TAKEUSDT": 0.02585,
  "RUNEUSDT": 0.401,
  "ARKMUSDT": 0.1183,
  "RAYSOLUSDT": 0.6638,
  "MINAUSDT": 0.06693,
  "TNSRUSDT": 0.05356,
  "FIGHTUSDT": 0.006503,
  "PEOPLEUSDT": 0.00696,
  "AUSDT": 0.0855,
  "CVXUSDT": 2.12,
  "PROVEUSDT": 0.3237,
  "GASUSDT": 1.67,
  "TSTUSDT": 0.01102,
  "NILUSDT": 0.05548,
  "BLUAIUSDT": 0.005431,
  "ACTUSDT": 0.01504,
  "GRASSUSDT": 0.1967,
  "SIGNUSDT": 0.0269,
  "FRAXUSDT": 0.7178,
  "TURBOUSDT": 0.0011225,
  "C98USDT": 0.0299,
  "ONTUSDT": 0.0484,
  "AVAAIUSDT": 0.00785,
  "TUTUSDT": 0.01162,
  "FOLKSUSDT": 1.312,
  "YBUSDT": 0.1711,
  "KASUSDT": 0.03208,
  "BSVUSDT": 16.66,
  "FUSDT": 0.006353,
  "ACHUSDT": 0.00791,
  "IOUSDT": 0.1105,
  "TRUTHUSDT": 0.010246,
  "KGENUSDT": 0.16944,
  "BATUSDT": 0.1277,
  "SUPERUSDT": 0.1311,
  "STEEMUSDT": 0.05981,
  "SOPHUSDT": 0.009704,
  "OPENUSDT": 0.1603,
  "GMTUSDT": 0.01245,
  "SANTOSUSDT": 1.898,
  "SONICUSDT": 0.05072,
  "XVGUSDT": 0.006145,
  "SUSHIUSDT": 0.2122,
  "CATIUSDT": 0.04091,
  "POPCATUSDT": 0.05257,
  "ZBTUSDT": 0.07413,
  "LAYERUSDT": 0.0903,
  "AIOUSDT": 0.07601,
  "BABYUSDT": 0.01389,
  "XPTUSDT": 2042.64,
  "SWARMSUSDT": 0.00704,
  "BASUSDT": 0.006189,
  "IRYSUSDT": 0.02774,
  "MASKUSDT": 0.4718,
  "AKEUSDT": 0.0002754,
  "IDOLUSDT": 0.02082,
  "YGGUSDT": 0.04101,
  "ALTUSDT": 0.00866,
  "BLURUSDT": 0.02109,
  "ICNTUSDT": 0.3988,
  "SOLVUSDT": 0.00467,
  "SOONUSDT": 0.1763,
  "CELOUSDT": 0.082,
  "MEMEUSDT": 0.000711,
  "PLAYUSDT": 0.02347,
  "GLMUSDT": 0.17943,
  "SUNUSDT": 0.017007,
  "DRIFTUSDT": 0.0933,
  "DEEPUSDT": 0.03002,
  "STOUSDT": 0.05641,
  "ASRUSDT": 1.436,
  "UMAUSDT": 0.5159,
  "RAREUSDT": 0.01996,
  "VELODROMEUSDT": 0.01438,
  "CTSIUSDT": 0.0266,
  "VELVETUSDT": 0.07431,
  "ZEREBROUSDT": 0.00808,
  "KMNOUSDT": 0.0291,
  "THEUSDT": 0.2703,
  "ERAUSDT": 0.1609,
  "DEXEUSDT": 2.304,
  "AIXBTUSDT": 0.02145,
  "MELANIAUSDT": 0.1203,
  "POLYXUSDT": 0.04536,
  "LSKUSDT": 0.1468,
  "ANKRUSDT": 0.004662,
  "IDUSDT": 0.05093,
  "RSRUSDT": 0.001522,
  "KERNELUSDT": 0.06752,
  "SAGAUSDT": 0.03405,
  "GMXUSDT": 6.523,
  "KSMUSDT": 4.814,
  "STORJUSDT": 0.1007,
  "PROMUSDT": 1.365,
  "WALUSDT": 0.0845,
  "EDENUSDT": 0.03439,
  "QTUMUSDT": 0.975,
  "LISTAUSDT": 0.0929,
  "DEGOUSDT": 0.3426,
  "HYPERUSDT": 0.1022,
  "SKLUSDT": 0.00693,
  "ONUSDT": 0.09372,
  "ARPAUSDT": 0.01026,
  "INUSDT": 0.06237,