{
  "BTCUSDT": 67765.9,
  "ETHUSDT": 1959.17,
  "SOLUSDT": 83.35,
  "XRPUSDT": 1.4177,
  "BNBUSDT": 611.68,
  "BCHUSDT": 558.67,
  "DOGEUSDT": 0.09851,
  "HYPEUSDT": 29.062,
  "XAGUSDT": 78.8,
  "WLFIUSDT": 0.1168,
  "PAXGUSDT": 5014.41,
  "XAUUSDT": 5011.16,
  "ZECUSDT": 260.13,
  "TRXUSDT": 0.28332,
  "SUIUSDT": 0.9388,
  "ASTERUSDT": 0.7031,
  "LINKUSDT": 8.645,
  "AVAXUSDT": 9.173,
  "1000PEPEUSDT": 0.0041867,
  "LTCUSDT": 53.48,
  "ADAUSDT": 0.2734,
  "UNIUSDT": 3.394,
  "PUMPUSDT": 0.002076,
  "ENAUSDT": 0.1103,
  "KITEUSDT": 0.26346,
  "NEARUSDT": 1.014,
  "AAVEUSDT": 123.86,
  "PIPPINUSDT": 0.48278,
  "LITUSDT": 1.465,
  "WLDUSDT": 0.3789,
  "TRUMPUSDT": 3.521,
  "FILUSDT": 0.919,
  "TAOUSDT": 173.75,
  "XPLUSDT": 0.0925,
  "ARCUSDT": 0.07434,
  "DOTUSDT": 1.296,
  "ATOMUSDT": 2.268,
  "ZROUSDT": 1.514,
  "ENSOUSDT": 1.9106,
  "APTUSDT": 0.8592,
  "TONUSDT": 1.3652,
  "HBARUSDT": 0.09837,
  "AXSUSDT": 1.307,
  "1000SHIBUSDT": 0.006257,
  "XLMUSDT": 0.16068,
  "BERAUSDT": 0.5876,
  "ARBUSDT": 0.0965,
  "OPUSDT": 0.1297,
  "RIVERUSDT": 8.023,
  "HUSDT": 0.17083,
  "ICPUSDT": 2.172,
  "XMRUSDT": 334.97,
  "MONUSDT": 0.02039,
  "FETUSDT": 0.1642,
  "WIFUSDT": 0.2184,
  "CRVUSDT": 0.242,
  "FFUSDT": 0.0783,
  "ETCUSDT": 8.297,
  "BARDUSDT": 0.7603,
  "PENGUUSDT": 0.006698,
  "FARTCOINUSDT": 0.1817,
  "IPUSDT": 1.092,
  "1000BONKUSDT": 0.006166,
  "INJUSDT": 3.249,
  "PARTIUSDT": 0.10418,
  "BANUSDT": 0.1264,
  "CHZUSDT": 0.03841,
  "\u5e01\u5b89\u4eba\u751fUSDT": 0.08828,
  "DASHUSDT": 33.83,
  "POLUSDT": 0.1052,
  "POWERUSDT": 0.37863,
  "BTCDOMUSDT": 5135.4,
  "MYXUSDT": 1.678,
  "SENTUSDT": 0.02124,
  "VIRTUALUSDT": 0.6341,
  "TIAUSDT": 0.3216,
  "ONDOUSDT": 0.2626,
  "SEIUSDT": 0.0706,
  "0GUSDT": 0.6479,
  "ETHFIUSDT": 0.4591,
  "ZKUSDT": 0.01983,
  "RAVEUSDT": 0.51502,
  "JUPUSDT": 0.1563,
  "AZTECUSDT": 0.02714,
  "VVVUSDT": 4.221,
  "STABLEUSDT": 0.029905,
  "ZAMAUSDT": 0.01981,
  "LYNUSDT": 0.29529,
  "ORCAUSDT": 1.14,
  "ALCHUSDT": 0.08058,
  "OMUSDT": 0.06817,
  "CCUSDT": 0.15795,
  "SIRENUSDT": 0.21985,
  "RENDERUSDT": 1.472,
  "KAITOUSDT": 0.2989,
  "PENDLEUSDT": 1.1962,
  "LDOUSDT": 0.3251,
  "NIGHTUSDT": 0.0634,
  "HOMEUSDT": 0.028441,
  "DUSKUSDT": 0.09037,
  "1000RATSUSDT": 0.04589,
  "BTRUSDT": 0.18343,
  "QUSDT": 0.021128,
  "JTOUSDT": 0.3068,
  "UBUSDT": 0.04155,
  "ZENUSDT": 5.729,
  "HANAUSDT": 0.03684,
  "ATUSDT": 0.1603,
  "SANDUSDT": 0.08383,
  "BANANAS31USDT": 0.004509,
  "STRKUSDT": 0.046,
  "SKYAIUSDT": 0.03872,
  "ESPUSDT": 0.06779,
  "GUNUSDT": 0.02872,
  "ALGOUSDT": 0.0895,
  "GPSUSDT": 0.0134,
  "CAKEUSDT": 1.2596,
  "TRADOORUSDT": 1.38,
  "CYSUSDT": 0.4327,
  "BIOUSDT": 0.02838,
  "MUSDT": 1.327,
  "SNXUSDT": 0.395,
  "PIEVERSEUSDT": 0.4089,
  "GALAUSDT": 0.00382,
  "SKYUSDT": 0.06381,
  "USDCUSDT": 0.99985,
  "APEUSDT": 0.1082,
  "\u6211\u8e0f\u9a6c\u6765\u4e86USDT": 0.015506,
  "ZILUSDT": 0.00402,
  "MORPHOUSDT": 1.4833,
  "ROSEUSDT": 0.01261,
  "GIGGLEUSDT": 28.77,
  "ALLOUSDT": 0.11015,
  "B2USDT": 0.7025,
  "XPINUSDT": 0.001838,
  "PYTHUSDT": 0.05261,
  "METUSDT": 0.2117,
  "NAORISUSDT": 0.04643,
  "AVNTUSDT": 0.1907,
  "JELLYJELLYUSDT": 0.0669,
  "HUMAUSDT": 0.012561,
  "SPACEUSDT": 0.009655,
  "BEAMXUSDT": 0.002272,
  "INITUSDT": 0.09775,
  "BUSDT": 0.1347,
  "MSTRUSDT": 130.92,
  "MOVEUSDT": 0.0239,
  "SYRUPUSDT": 0.2244,
  "XTZUSDT": 0.386,
  "GUAUSDT": 0.154,
  "EIGENUSDT": 0.1937,
  "AEROUSDT": 0.3148,
  "COMPUSDT": 17.79,
  "BULLAUSDT": 0.02648,
  "AWEUSDT": 0.05836,
  "TSLAUSDT": 412.41,
  "CYBERUSDT": 0.5553,
  "COLLECTUSDT": 0.06127,
  "MEUSDT": 0.1274,
  "ZKPUSDT": 0.09147,
  "AUCTIONUSDT": 4.984,
  "ENSUSDT": 6.496,
  "DYDXUSDT": 0.098,
  "BEATUSDT": 0.2595,
  "FORMUSDT": 0.2121,
  "VETUSDT": 0.007737,
  "1000LUNCUSDT": 0.0361,
  "ORDIUSDT": 2.565,
  "NXPCUSDT": 0.2615,
  "LAUSDT": 0.2037,
  "NEOUSDT": 2.703,
  "LINEAUSDT": 0.003448,
  "PNUTUSDT": 0.04816,
  "SUSDT": 0.0435,
  "SOMIUSDT": 0.2077,
  "ESPORTSUSDT": 0.33002,
  "RESOLVUSDT": 0.06339,
  "FOGOUSDT": 0.02377,
  "CLOUSDT": 0.09176,
  "1000FLOKIUSDT": 0.03008,
  "OGUSDT": 3.363,
  "STGUSDT": 0.1308,
  "PLUMEUSDT": 0.01018,
  "FHEUSDT": 0.04075,
  "LPTUSDT": 2.314,
  "STXUSDT": 0.251,
  "MERLUSDT": 0.05321,
  "LRCUSDT": 0.03237,
  "BIRBUSDT": 0.18422,
  "VANAUSDT": 1.468,
  "SPXUSDT": 0.3296,
  "EDUUSDT": 0.1252,
  "LIGHTUSDT": 0.2611,
  "TRBUSDT": 15.013,
  "TRIAUSDT": 0.0154,
  "GWEIUSDT": 0.027851,
  "ATHUSDT": 0.005534,
  "BANKUSDT": 0.04032,
  "WUSDT": 0.0197,
  "WCTUSDT": 0.06177,
  "RPLUSDT": 2.256,
  "UAIUSDT": 0.2397,
  "MANAUSDT": 0.0971,
  "MOODENGUSDT": 0.05539,
  "2ZUSDT": 0.07141,
  "NMRUSDT": 8.094,
  "JASMYUSDT": 0.005761,
  "EULUSDT": 0.914,
  "CFXUSDT": 0.05122,
  "COAIUSDT": 0.332,
  "ZORAUSDT": 0.02088,
  "MMTUSDT": 0.1284,
  "LUNA2USDT": 0.06437,
  "TAGUSDT": 0.0003947,
  "API3USDT": 0.3012,
  "AIAUSDT": 0.10501,
  "TAUSDT": 0.03753,
  "FLOWUSDT": 0.03776,
  "USELESSUSDT": 0.04152,
  "ARUSDT": 1.958,
  "SPKUSDT": 0.02162,
  "SFPUSDT": 0.278,
  "GRTUSDT": 0.02662,
  "IMXUSDT": 0.1616,
  "1INCHUSDT": 0.0922,
  "XNYUSDT": 0.005504,
  "4USDT": 0.00865,
  "JSTUSDT": 0.042748,
  "SKRUSDT": 0.019805,
  "IOTAUSDT": 0.0678,
  "FOLKSUSDT": 1.397,
  "ZRXUSDT": 0.1065,
  "QNTUSDT": 66.07,
  "PTBUSDT": 0.001343,
  "KAIAUSDT": 0.05656,
  "ARKMUSDT": 0.1116,
  "THETAUSDT": 0.1922,
  "NOMUSDT": 0.005547,
  "AXLUSDT": 0.05611,
  "AGTUSDT": 0.00461,
  "YFIUSDT": 2791.0,
  "MEGAUSDT": 0.13169,
  "ANIMEUSDT": 0.005077,
  "KGENUSDT": 0.18492,
  "ZKCUSDT": 0.0931,
  "COWUSDT": 0.2,
  "NEIROUSDT": 7.31e-05,
  "EGLDUSDT": 4.52,
  "TAKEUSDT": 0.02433,
  "BREVUSDT": 0.1308,
  "BOMEUSDT": 0.0004179,
  "MAGICUSDT": 0.07085,
  "PEOPLEUSDT": 0.00684,
  "RUNEUSDT": 0.4004,
  "MANTAUSDT": 0.07201,
  "SAHARAUSDT": 0.0153,
  "TSTUSDT": 0.01054,
  "PROVEUSDT": 0.3085,
  "DOLOUSDT": 0.04143,
  "ACTUSDT": 0.01485,
  "BLUAIUSDT": 0.00511,
  "GASUSDT": 1.586,
  "VELVETUSDT": 0.08046,
  "TWTUSDT": 0.5236,
  "TUTUSDT": 0.01108,
  "IOUSDT": 0.1118,
  "AUSDT": 0.0812,
  "FUSDT": 0.005968,
  "AVAAIUSDT": 0.00762,
  "MINAUSDT": 0.06284,
  "SANTOSUSDT": 1.947,
  "FIGHTUSDT": 0.006605,
  "NILUSDT": 0.05186,
  "BSVUSDT": 16.08,
  "OPENUSDT": 0.1548,
  "BATUSDT": 0.12,
  "MUBARAKUSDT": 0.01628,
  "TURBOUSDT": 0.0010602,
  "KASUSDT": 0.03028,
  "GRASSUSDT": 0.1831,
  "TNSRUSDT": 0.04839,
  "SUPERUSDT": 0.1195,
  "GMTUSDT": 0.01185,
  "YBUSDT": 0.1645,
  "SWARMSUSDT": 0.00712,
  "CATIUSDT": 0.04057,
  "SIGNUSDT": 0.02477,
  "POPCATUSDT": 0.05079,
  "XPTUSDT": 2091.2,
  "IDOLUSDT": 0.02145,
  "SOPHUSDT": 0.009238,
  "ZBTUSDT": 0.07238,
  "RAYSOLUSDT": 0.648,
  "AIOUSDT": 0.0742,
  "BABYUSDT": 0.01339,
  "XVGUSDT": 0.006119,
  "CVXUSDT": 1.974,
  "EDENUSDT": 0.03717,
  "C98USDT": 0.0276,
  "SUSHIUSDT": 0.2015,
  "AKEUSDT": 0.0002683,
  "ACHUSDT": 0.007409,
  "LAYERUSDT": 0.0845,
  "PROMUSDT": 1.374,
  "YGGUSDT": 0.03956,
  "ICNTUSDT": 0.3891,
  "BLURUSDT": 0.02039,
  "VELODROMEUSDT": 0.01419,
  "DEXEUSDT": 2.233,
  "ONTUSDT": 0.044,
  "SONICUSDT": 0.04963,
  "MASKUSDT": 0.4451,
  "CELOUSDT": 0.076,
  "IRUSDT": 0.08706,
  "GLMUSDT": 0.16745,
  "SOONUSDT": 0.1704,
  "MEMEUSDT": 0.0006818,
  "ALTUSDT": 0.00793,
  "ASRUSDT": 1.415,
  "STOUSDT": 0.0558,
  "SOLVUSDT": 0.00448,
  "SUNUSDT": 0.016926,
  "PLAYUSDT": 0.02169,
  "RAREUSDT": 0.01908,
  "CTSIUSDT": 0.0252,
  "TRUTHUSDT": 0.009479,
  "FRAXUSDT": 0.6707,
  "THEUSDT": 0.2649,
  "UMAUSDT": 0.4681,
  "AIXBTUSDT": 0.02013,
  "ANKRUSDT": 0.004464,
  "GMXUSDT": 6.828,
  "ZEREBROUSDT": 0.00799,
  "ERAUSDT": 0.1577,
  "IRYSUSDT": 0.02482,
  "LSKUSDT": 0.1443,
  "MELANIAUSDT": 0.1157,
  "KERNELUSDT": 0.06832,
  "DEGOUSDT": 0.3562,
  "KMNOUSDT": 0.02802,
  "IDUSDT": 0.04848,
  "WALUSDT": 0.0817,
  "HYPERUSDT": 0.0965,
  "KSMUSDT": 4.655,
  "DRIFTUSDT": 0.0862,
  "RSRUSDT": 0.001453,
  "KAVAUSDT": 0.0514,
  "STBLUSDT": 0.03796,
  "STORJUSDT": 0.0946,
  "POLYXUSDT": 0.04351,
  "INUSDT": 0.06077,
  "ARPAUSDT": 0.00974,
  "QTUMUSDT": 0.939,
  "ONUSDT": 0.0945,
  "MIRAUSDT": 0.0877,
  "AKTUSDT": 0.3271,
  "BROCCOLI714USDT": 0.01386,