{
  "BTCUSDT": 63651.9,
  "ETHUSDT": 1854.33,
  "SOLUSDT": 78.4,
  "XRPUSDT": 1.2763,
  "BNBUSDT": 591.83,
  "XAUUSDT": 5350.05,
  "XAGUSDT": 94.48,
  "DOGEUSDT": 0.08838,
  "BCHUSDT": 442.72,
  "PAXGUSDT": 5497.27,
  "HYPEUSDT": 27.145,
  "WLFIUSDT": 0.106,
  "TRXUSDT": 0.27954,
  "ZECUSDT": 206.24,
  "ADAUSDT": 0.2608,
  "UNIUSDT": 3.585,
  "SUIUSDT": 0.8359,
  "ASTERUSDT": 0.6891,
  "LINKUSDT": 8.265,
  "LTCUSDT": 51.8,
  "AVAXUSDT": 8.46,
  "1000PEPEUSDT": 0.0034524,
  "PUMPUSDT": 0.001756,
  "PIPPINUSDT": 0.61123,
  "ENAUSDT": 0.0958,
  "NEARUSDT": 1.04,
  "DOTUSDT": 1.466,
  "AAVEUSDT": 105.55,
  "WLDUSDT": 0.3674,
  "KITEUSDT": 0.25122,
  "FILUSDT": 0.931,
  "TRUMPUSDT": 3.247,
  "POWERUSDT": 1.77304,
  "LITUSDT": 1.306,
  "TAOUSDT": 167.29,
  "XPLUSDT": 0.0885,
  "1000SHIBUSDT": 0.005469,
  "ZROUSDT": 1.4934,
  "TONUSDT": 1.2327,
  "APTUSDT": 0.8746,
  "ATOMUSDT": 1.779,
  "HBARUSDT": 0.09469,
  "BERAUSDT": 0.5835,
  "RIVERUSDT": 11.433,
  "XMRUSDT": 335.75,
  "ARBUSDT": 0.0926,
  "ICPUSDT": 2.29,
  "XLMUSDT": 0.14854,
  "HUSDT": 0.11841,
  "WIFUSDT": 0.1855,
  "AXSUSDT": 1.228,
  "MONUSDT": 0.01964,
  "CRVUSDT": 0.229,
  "FFUSDT": 0.0782,
  "FETUSDT": 0.1465,
  "OPUSDT": 0.1106,
  "ETCUSDT": 8.181,
  "VIRTUALUSDT": 0.6353,
  "CCUSDT": 0.16171,
  "BARDUSDT": 0.9832,
  "PENGUUSDT": 0.006322,
  "PARTIUSDT": 0.09281,
  "POLUSDT": 0.10125,
  "ARCUSDT": 0.02979,
  "BTCDOMUSDT": 5144.3,
  "FARTCOINUSDT": 0.1517,
  "\u5e01\u5b89\u4eba\u751fUSDT": 0.06427,
  "1000BONKUSDT": 0.005561,
  "BANUSDT": 0.11088,
  "IPUSDT": 0.882,
  "CHZUSDT": 0.0316,
  "INJUSDT": 2.888,
  "ETHFIUSDT": 0.4675,
  "TIAUSDT": 0.3012,
  "ONDOUSDT": 0.2413,
  "ENSOUSDT": 1.3323,
  "ESPUSDT": 0.11888,
  "SKYAIUSDT": 0.0527,
  "SENTUSDT": 0.02088,
  "0GUSDT": 0.5899,
  "DASHUSDT": 30.97,
  "VVVUSDT": 4.731,
  "STABLEUSDT": 0.030732,
  "SEIUSDT": 0.06452,
  "SAHARAUSDT": 0.01873,
  "JUPUSDT": 0.1462,
  "GWEIUSDT": 0.043599,
  "ALCHUSDT": 0.07795,
  "KAITOUSDT": 0.313,
  "ZKUSDT": 0.01795,
  "ZAMAUSDT": 0.02169,
  "SIRENUSDT": 0.29715,
  "QUSDT": 0.023201,
  "PENDLEUSDT": 1.179,
  "MORPHOUSDT": 1.7618,
  "BUSDT": 0.1695,
  "LDOUSDT": 0.2839,
  "RENDERUSDT": 1.312,
  "ATUSDT": 0.1578,
  "BANANAS31USDT": 0.004594,
  "HOMEUSDT": 0.02839,
  "GUAUSDT": 0.20952,
  "LYNUSDT": 0.29707,
  "NIGHTUSDT": 0.05669,
  "MYXUSDT": 0.4,
  "SIGNUSDT": 0.02569,
  "MSTRUSDT": 128.52,
  "MUSDT": 1.4722,
  "BULLAUSDT": 0.01703,
  "PIEVERSEUSDT": 0.4707,
  "CAKEUSDT": 1.2333,
  "ZENUSDT": 5.009,
  "BIOUSDT": 0.02051,
  "BTRUSDT": 0.18,
  "ALGOUSDT": 0.0823,
  "1000RATSUSDT": 0.03593,
  "USDCUSDT": 0.999473,
  "GPSUSDT": 0.009021,
  "STRKUSDT": 0.03925,
  "HANAUSDT": 0.03426,
  "ALLOUSDT": 0.10359,
  "SANDUSDT": 0.07786,
  "CRCLUSDT": 82.53,
  "GALAUSDT": 0.00339,
  "UBUSDT": 0.03803,
  "JTOUSDT": 0.2545,
  "1000LUNCUSDT": 0.0386,
  "SKYUSDT": 0.06446,
  "DUSKUSDT": 0.07812,
  "APEUSDT": 0.0943,
  "GIGGLEUSDT": 24.17,
  "GUNUSDT": 0.02609,
  "ATHUSDT": 0.00541,
  "TSLAUSDT": 401.1,
  "AZTECUSDT": 0.01975,
  "TRADOORUSDT": 1.324,
  "B2USDT": 0.7135,
  "OPNUSDT": 0.4736,
  "JELLYJELLYUSDT": 0.06578,
  "SYRUPUSDT": 0.21621,
  "AEROUSDT": 0.3198,
  "XPINUSDT": 0.001413,
  "PYTHUSDT": 0.04608,
  "METUSDT": 0.1705,
  "ZILUSDT": 0.00391,
  "HUMAUSDT": 0.011173,
  "EIGENUSDT": 0.1737,
  "LAUSDT": 0.216,
  "BEAMXUSDT": 0.001791,
  "VETUSDT": 0.006846,
  "DENTUSDT": 0.000264,
  "FOGOUSDT": 0.02591,
  "AVNTUSDT": 0.1659,
  "ROSEUSDT": 0.01124,
  "NEOUSDT": 2.549,
  "\u6211\u8e0f\u9a6c\u6765\u4e86USDT": 0.011106,
  "LAYERUSDT": 0.0952,
  "STGUSDT": 0.1318,
  "MOVEUSDT": 0.02057,
  "DYDXUSDT": 0.087,
  "NXPCUSDT": 0.2612,
  "ESPORTSUSDT": 0.3041,
  "ORCAUSDT": 0.857,
  "ORDIUSDT": 2.257,
  "XTZUSDT": 0.359,
  "ZKPUSDT": 0.07815,
  "COLLECTUSDT": 0.0388,
  "AUCTIONUSDT": 4.61,
  "FORMUSDT": 0.1812,
  "RAVEUSDT": 0.32498,
  "COMPUSDT": 17.36,
  "SUSDT": 0.03696,
  "PNUTUSDT": 0.04147,
  "BEATUSDT": 0.2192,
  "STXUSDT": 0.2431,
  "LINEAUSDT": 0.002889,
  "CYBERUSDT": 0.5132,
  "LPTUSDT": 2.18,
  "EULUSDT": 1.042,
  "SNXUSDT": 0.313,
  "WUSDT": 0.01767,
  "SKRUSDT": 0.019036,
  "ARUSDT": 1.498,
  "WETUSDT": 0.10237,
  "ENSUSDT": 5.68,
  "ROBOUSDT": 0.03755,
  "1000FLOKIUSDT": 0.02659,
  "SOMIUSDT": 0.1991,
  "MEUSDT": 0.1116,
  "AWEUSDT": 0.05072,
  "TRBUSDT": 13.356,
  "JASMYUSDT": 0.00522,
  "TRIAUSDT": 0.0189,
  "JSTUSDT": 0.046646,
  "RESOLVUSDT": 0.05792,
  "PLUMEUSDT": 0.00857,
  "BANKUSDT": 0.03582,
  "FLOWUSDT": 0.03762,
  "AXLUSDT": 0.05117,
  "AGTUSDT": 0.005343,
  "BIRBUSDT": 0.15049,
  "TAUSDT": 0.03768,
  "AGLDUSDT": 0.2274,
  "DEXEUSDT": 3.322,
  "YGGUSDT": 0.03637,
  "CYSUSDT": 0.3196,
  "IMXUSDT": 0.1522,
  "CFXUSDT": 0.04553,
  "WCTUSDT": 0.05634,
  "USELESSUSDT": 0.03694,
  "2ZUSDT": 0.07054,
  "MANAUSDT": 0.0904,
  "GRTUSDT": 0.02453,
  "CLOUSDT": 0.06862,
  "MERLUSDT": 0.03954,
  "IOTAUSDT": 0.0638,
  "EDUUSDT": 0.1026,
  "SPXUSDT": 0.2747,
  "INITUSDT": 0.07723,
  "API3USDT": 0.2719,
  "XPTUSDT": 2385.01,
  "COAIUSDT": 0.3011,
  "NMRUSDT": 7.369,
  "OGUSDT": 2.793,
  "SOPHUSDT": 0.009078,
  "QNTUSDT": 60.58,
  "TAGUSDT": 0.0003415,
  "MMTUSDT": 0.1123,
  "VANAUSDT": 1.385,
  "NAORISUSDT": 0.03171,
  "SFPUSDT": 0.2485,
  "FOLKSUSDT": 1.286,
  "PTBUSDT": 0.001141,
  "GRASSUSDT": 0.1991,
  "MOODENGUSDT": 0.04644,
  "ZORAUSDT": 0.01788,
  "SPKUSDT": 0.01881,
  "ALICEUSDT": 0.117,
  "1INCHUSDT": 0.0864,
  "THETAUSDT": 0.1759,
  "ZRXUSDT": 0.0973,
  "LIGHTUSDT": 0.176,
  "4USDT": 0.00722,
  "ANIMEUSDT": 0.004716,
  "SPACEUSDT": 0.007973,
  "BATUSDT": 0.1029,
  "RUNEUSDT": 0.3771,
  "ARKMUSDT": 0.1003,
  "AIXBTUSDT": 0.02004,
  "EGLDUSDT": 4.187,
  "IOUSDT": 0.1031,
  "LUNA2USDT": 0.06062,
  "YFIUSDT": 2525.0,
  "NEIROUSDT": 6.224e-05,
  "KAIAUSDT": 0.05289,
  "KGENUSDT": 0.17893,
  "MIRAUSDT": 0.0877,
  "STEEMUSDT": 0.05405,
  "LRCUSDT": 0.03023,
  "KASUSDT": 0.02849,
  "VELVETUSDT": 0.08387,
  "AKEUSDT": 0.0002405,
  "UAIUSDT": 0.1702,
  "COWUSDT": 0.2023,
  "BLUAIUSDT": 0.004796,
  "KERNELUSDT": 0.07542,
  "FIGHTUSDT": 0.006687,
  "TWTUSDT": 0.4801,
  "OPENUSDT": 0.1429,
  "MEGAUSDT": 0.13024,
  "BREVUSDT": 0.1243,
  "NOMUSDT": 0.003461,
  "PEOPLEUSDT": 0.00601,
  "STOUSDT": 0.06074,
  "PROVEUSDT": 0.2695,
  "AUSDT": 0.0749,
  "AIAUSDT": 0.07887,
  "FHEUSDT": 0.02684,
  "SUSHIUSDT": 0.1888,
  "BSVUSDT": 14.93,
  "POPCATUSDT": 0.04407,
  "RPLUSDT": 1.775,
  "AVAAIUSDT": 0.006989,
  "SWARMSUSDT": 0.006931,
  "YBUSDT": 0.1677,
  "ACTUSDT": 0.01283,
  "GMTUSDT": 0.01078,
  "TSTUSDT": 0.0089,
  "HOLOUSDT": 0.05688,
  "TURBOUSDT": 0.0008991,
  "BOMEUSDT": 0.0003529,
  "CATIUSDT": 0.03699,
  "KSMUSDT": 4.602,
  "VELODROMEUSDT": 0.01488,
  "TRUTHUSDT": 0.009873,
  "SOONUSDT": 0.1564,
  "AINUSDT": 0.04254,
  "ZBTUSDT": 0.07392,
  "MINAUSDT": 0.05363,
  "MAGICUSDT": 0.05893,
  "STBLUSDT": 0.04086,
  "GASUSDT": 1.51,
  "MANTAUSDT": 0.05811,
  "TUTUSDT": 0.00932,
  "BABYUSDT": 0.01139,
  "SUNUSDT": 0.01562,
  "MEMEUSDT": 0.0005609,
  "FUSDT": 0.005445,
  "HOTUSDT": 0.000388,
  "SUPERUSDT": 0.1078,
  "TNSRUSDT": 0.04311,
  "AIOUSDT": 0.07035,
  "IOTXUSDT": 0.0048,
  "XVGUSDT": 0.005313,
  "NEWTUSDT": 0.06759,
  "C98USDT": 0.0247,
  "BLURUSDT": 0.01882,
  "IDOLUSDT": 0.01929,
  "ACHUSDT": 0.006477,
  "TAKEUSDT": 0.01711,
  "NILUSDT": 0.04509,
  "REDUSDT": 0.1498,
  "XNYUSDT": 0.004944,
  "ALTUSDT": 0.00685,
  "MUBARAKUSDT": 0.01282,
  "UMAUSDT": 0.4071,
  "ASRUSDT": 1.26,
  "SAPIENUSDT": 0.08347,
  "GLMUSDT": 0.12718,
  "MASKUSDT": 0.3952,
  "INUSDT": 0.06557,
  "WALUSDT": 0.07049,
  "CELOUSDT": 0.073,
  "ICNTUSDT": 0.3763,
  "ZKCUSDT": 0.0811,
  "CTSIUSDT": 0.0229,
  "SKLUSDT": 0.00622,
  "ERAUSDT": 0.138,
  "ANKRUSDT": 0.003988,
  "KMNOUSDT": 0.02009,
  "RAYSOLUSDT": 0.558,
  "SOLVUSDT": 0.003777,
  "EDENUSDT": 0.03114,
  "KOMAUSDT": 0.007278,
  "DRIFTUSDT": 0.0804,
  "SONICUSDT": 0.04234,
  "DAMUSDT": 0.02148,
  "MELANIAUSDT": 0.1034,
  "LABUSDT": 0.16331,
  "IDUSDT": 0.04155,
  "RAREUSDT": 0.01682,
  "GMXUSDT": 6.471,
  "ONTUSDT": 0.0403,
  "DEGOUSDT": 0.2861,
  "ARIAUSDT": 0.06907,
  "POLYXUSDT": 0.04008,