{
  "BTCUSDT": 65706.1,
  "ETHUSDT": 1938.32,
  "BTC/USDCUSDT": 65527.6,
  "ETH/USDCUSDT": 1920.74,
  "SOLUSDT": 81.53,
  "XAGUSDT": 93.28,
  "BTC/USDUSDT": 66150.1,
  "XRPUSDT": 1.3509,
  "XAUUSDT": 5256.6,
  "POWERUSDT": 1.38883,
  "ETH/USDUSDT": 1937.91,
  "PIPPINUSDT": 0.61274,
  "SAHARAUSDT": 0.02263,
  "DOGEUSDT": 0.09316,
  "BNBUSDT": 610.51,
  "1000PEPEUSDT": 0.0036736,
  "HYPEUSDT": 27.077,
  "ZECUSDT": 217.31,
  "SOL/USDCUSDT": 81.52,
  "DOTUSDT": 1.626,
  "PAXGUSDT": 5271.3,
  "DENTUSDT": 0.000259,
  "ADAUSDT": 0.2759,
  "RIVERUSDT": 11.125,
  "SUIUSDT": 0.8967,
  "BCHUSDT": 462.41,
  "FILUSDT": 0.987,
  "VVVUSDT": 4.487,
  "AVAXUSDT": 8.886,
  "XRP/USDCUSDT": 1.3509,
  "LINKUSDT": 8.678,
  "ROBOUSDT": 0.03809,
  "SIRENUSDT": 0.38016,
  "ARCUSDT": 0.03139,
  "ENSOUSDT": 1.4195,
  "1000LUNCUSDT": 0.04244,
  "ESPUSDT": 0.12506,
  "PUMPUSDT": 0.001779,
  "ARBUSDT": 0.0998,
  "NEARUSDT": 1.088,
  "AAVEUSDT": 112.26,
  "MIRAUSDT": 0.0929,
  "ENAUSDT": 0.1017,
  "SOL/USDUSDT": 80.93,
  "HUSDT": 0.11883,
  "KITEUSDT": 0.2311,
  "MYXUSDT": 0.407,
  "TAOUSDT": 174.18,
  "\u5e01\u5b89\u4eba\u751fUSDT": 0.07157,
  "WETUSDT": 0.11801,
  "ASTERUSDT": 0.6888,
  "LTCUSDT": 53.97,
  "VIRTUALUSDT": 0.6723,
  "UNIUSDT": 3.745,
  "ZROUSDT": 1.6285,
  "RAVEUSDT": 0.33076,
  "ICPUSDT": 2.484,
  "FARTCOINUSDT": 0.1555,
  "TSLAUSDT": 399.69,
  "ATHUSDT": 0.005671,
  "APTUSDT": 0.9388,
  "OPUSDT": 0.1191,
  "CRCLUSDT": 83.09,
  "XRP/USDUSDT": 1.3622,
  "WIFUSDT": 0.2041,
  "1000SHIBUSDT": 0.00575,
  "AXSUSDT": 1.305,
  "STABLEUSDT": 0.03579,
  "BARDUSDT": 0.8574,
  "BNB/USDCUSDT": 610.68,
  "FOLKSUSDT": 1.423,
  "ETH/BTCUSDT": 1920.842574,
  "HBARUSDT": 0.09942,
  "WLFIUSDT": 0.111,
  "NEWTUSDT": 0.07423,
  "ALICEUSDT": 0.129,
  "XPLUSDT": 0.0918,
  "WLDUSDT": 0.3883,
  "PENGUUSDT": 0.006746,
  "DOGE/USDUSDT": 0.09318,
  "TRXUSDT": 0.28247,
  "TRUMPUSDT": 3.365,
  "XLMUSDT": 0.15733,
  "BNB/USDUSDT": 612.48,
  "DOGE/USDCUSDT": 0.09316,
  "ATOMUSDT": 1.844,
  "AIXBTUSDT": 0.02154,
  "XMRUSDT": 332.93,
  "1000BONKUSDT": 0.005941,
  "STEEMUSDT": 0.06019,
  "HOTUSDT": 0.000405,
  "BERAUSDT": 0.6039,
  "REDUSDT": 0.1626,
  "ETCUSDT": 8.607,
  "LAYERUSDT": 0.0874,
  "INJUSDT": 3.076,
  "GWEIUSDT": 0.037538,
  "DASHUSDT": 33.26,
  "LUNA2USDT": 0.06612,
  "ZAMAUSDT": 0.02155,
  "CRVUSDT": 0.242,
  "AZTECUSDT": 0.02114,
  "TONUSDT": 1.2874,
  "TIAUSDT": 0.3185,
  "OPNUSDT": 0.4662,
  "HOLOUSDT": 0.05999,
  "SPACEUSDT": 0.008346,
  "ALLOUSDT": 0.10727,
  "ONDOUSDT": 0.2555,
  "POLUSDT": 0.10854,
  "LYNUSDT": 0.306,
  "XPTUSDT": 2374.82,
  "C98USDT": 0.0258,
  "CHZUSDT": 0.03364,
  "GALAUSDT": 0.00365,
  "CLOUSDT": 0.06955,
  "SENTUSDT": 0.02272,
  "LITUSDT": 1.351,
  "STGUSDT": 0.1434,
  "COLLECTUSDT": 0.03769,
  "MSTRUSDT": 128.87,
  "CCUSDT": 0.16985,
  "BUSDT": 0.1663,
  "GUAUSDT": 0.20765,
  "DUSKUSDT": 0.08472,
  "FETUSDT": 0.157,
  "HOODUSDT": 75.46,
  "BULLAUSDT": 0.0151,
  "FLOWUSDT": 0.03847,
  "RENDERUSDT": 1.413,
  "LDOUSDT": 0.2983,
  "NOMUSDT": 0.003756,
  "BIOUSDT": 0.02247,
  "CGPTUSDT": 0.0207,
  "ZEC/USDCUSDT": 217.23,
  "UAIUSDT": 0.187,
  "ALGOUSDT": 0.0861,
  "SEIUSDT": 0.06857,
  "GPSUSDT": 0.009049,
  "SANDUSDT": 0.08324,
  "SPORTFUNUSDT": 0.04731,
  "YBUSDT": 0.1767,
  "ANIMEUSDT": 0.004986,
  "BCH/USDCUSDT": 462.28,
  "1000PEPE/USDCUSDT": 0.0036718,
  "GIGGLEUSDT": 26.49,
  "MORPHOUSDT": 1.7913,
  "0GUSDT": 0.6221,
  "JUPUSDT": 0.1513,
  "JELLYJELLYUSDT": 0.06574,
  "FOGOUSDT": 0.02618,
  "ADA/USDUSDT": 0.2759,
  "FIL/USDCUSDT": 0.987,
  "SKRUSDT": 0.02083,
  "ARUSDT": 1.613,
  "SUI/USDCUSDT": 0.8965,
  "IPUSDT": 0.956,
  "\u6211\u8e0f\u9a6c\u6765\u4e86USDT": 0.012456,
  "NEIROUSDT": 6.867e-05,
  "PORTALUSDT": 0.01321,
  "PENDLEUSDT": 1.2527,
  "TRIAUSDT": 0.01966,
  "COINUSDT": 175.02,
  "AGLDUSDT": 0.2584,
  "SNXUSDT": 0.33,
  "MONUSDT": 0.02052,
  "ZBTUSDT": 0.07828,
  "BEATUSDT": 0.1949,
  "JTOUSDT": 0.2778,
  "STRKUSDT": 0.04063,
  "ADA/USDCUSDT": 0.2758,
  "ARB/USDCUSDT": 0.0998,
  "CYBERUSDT": 0.5557,
  "USTCUSDT": 0.005405,
  "CAKEUSDT": 1.2868,
  "KAITOUSDT": 0.3411,
  "ORDIUSDT": 2.445,
  "ETHFIUSDT": 0.4954,
  "MOODENGUSDT": 0.05007,
  "INTCUSDT": 45.52,
  "API3USDT": 0.2936,
  "ZILUSDT": 0.00423,
  "DYDXUSDT": 0.095,
  "SUI/USDUSDT": 0.8967,
  "STBLUSDT": 0.04369,
  "AXLUSDT": 0.05517,
  "AVAX/USDCUSDT": 8.883,
  "AAVE/USDCUSDT": 112.25,
  "SPXUSDT": 0.2961,
  "VETUSDT": 0.007329,
  "ENSUSDT": 6.001,
  "LINK/USDUSDT": 8.678,
  "ZENUSDT": 5.405,
  "APEUSDT": 0.1027,
  "ORCAUSDT": 0.893,
  "LAUSDT": 0.2325,
  "AMZNUSDT": 208.83,
  "IDUSDT": 0.04438,
  "1000FLOKIUSDT": 0.02844,
  "ROSEUSDT": 0.01244,
  "LINK/USDCUSDT": 8.677,
  "TRBUSDT": 14.328,
  "EIGENUSDT": 0.1865,
  "BIRBUSDT": 0.1625,
  "ZKUSDT": 0.01913,
  "AVNTUSDT": 0.1776,
  "INITUSDT": 0.07967,
  "LINEAUSDT": 0.003058,
  "GMTUSDT": 0.01148,
  "KASUSDT": 0.02982,
  "GUNUSDT": 0.02667,
  "SYRUPUSDT": 0.22829,
  "GRASSUSDT": 0.2082,
  "ATUSDT": 0.15918,
  "LTC/USDCUSDT": 53.97,
  "SOMIUSDT": 0.2071,
  "DOT/USDUSDT": 1.624,
  "ENA/USDCUSDT": 0.1017,
  "XPDUSDT": 1793.09,
  "NILUSDT": 0.04961,
  "TREEUSDT": 0.07196,
  "SIGNUSDT": 0.02161,
  "YGGUSDT": 0.03981,
  "KSMUSDT": 5.05,
  "PIEVERSEUSDT": 0.4844,
  "JASMYUSDT": 0.005601,
  "COMPUSDT": 18.4,
  "LIGHTUSDT": 0.1913,
  "ZKCUSDT": 0.0862,
  "SAPIENUSDT": 0.09278,
  "ACEUSDT": 0.1533,
  "PNUTUSDT": 0.04504,
  "KERNELUSDT": 0.08465,
  "NIGHTUSDT": 0.05752,
  "MANAUSDT": 0.0965,
  "SHELLUSDT": 0.0303,
  "USELESSUSDT": 0.03856,
  "TAKEUSDT": 0.01754,
  "DEXEUSDT": 3.39,
  "BATUSDT": 0.1064,
  "BCH/USDUSDT": 462.47,
  "STXUSDT": 0.2581,
  "AEROUSDT": 0.3376,
  "TURBOUSDT": 0.0009726,
  "PYTHUSDT": 0.04955,
  "PLAYUSDT": 0.01844,
  "LPTUSDT": 2.298,
  "WUSDT": 0.01881,
  "IDOLUSDT": 0.01941,
  "MAVIAUSDT": 0.03329,
  "SKLUSDT": 0.00667,
  "1000BONK/USDCUSDT": 0.00594,
  "TWTUSDT": 0.4985,
  "ARKMUSDT": 0.1083,
  "METUSDT": 0.1804,
  "UBUSDT": 0.03705,
  "FFUSDT": 0.07866,
  "BREVUSDT": 0.1365,
  "AWEUSDT": 0.05327,
  "FUSDT": 0.005767,
  "FIL/USDUSDT": 0.988,
  "GLMUSDT": 0.1351,
  "MERLUSDT": 0.04209,
  "EULUSDT": 1.008,
  "TLMUSDT": 0.001629,
  "ARPAUSDT": 0.00968,
  "RESOLVUSDT": 0.05985,
  "MEUSDT": 0.12,
  "MUBARAKUSDT": 0.01376,
  "GRTUSDT": 0.02607,
  "ZKPUSDT": 0.08159,
  "MUSDT": 1.4368,
  "BOMEUSDT": 0.0003815,
  "XTZUSDT": 0.381,
  "CFXUSDT": 0.04826,
  "BTRUSDT": 0.1804,
  "SKYAIUSDT": 0.04963,
  "STOUSDT": 0.06155,
  "PTBUSDT": 0.001151,
  "PLTRUSDT": 134.91,
  "BLURUSDT": 0.02006,
  "FIGHTUSDT": 0.006303,
  "PLUMEUSDT": 0.00927,
  "COOKIEUSDT": 0.01762,
  "2ZUSDT": 0.07434,
  "EDENUSDT": 0.03341,
  "ACUUSDT": 0.11606,
  "QUSDT": 0.023151,
  "RUNEUSDT": 0.3948,
  "PARTIUSDT": 0.09882,
  "IOTAUSDT": 0.0666,
  "MOVEUSDT": 0.02142,
  "SUSHIUSDT": 0.2015,
  "IOUSDT": 0.1104,
  "NEAR/USDCUSDT": 1.088,
  "IMXUSDT": 0.1647,
  "ELSAUSDT": 0.08387,
  "TRUMP/USDCUSDT": 3.363,
  "MAGICUSDT": 0.06292,
  "DUSDT": 0.007005,
  "EGLDUSDT": 4.469,
  "SUSDT": 0.04022,
  "BTCDOMUSDT": 5091.2,
  "XNYUSDT": 0.004714,
  "THETAUSDT": 0.1869,
  "CVXUSDT": 1.717,
  "CELOUSDT": 0.079,
  "JSTUSDT": 0.047617,
  "XAIUSDT": 0.00963,
  "AAVE/USDUSDT": 112.23,
  "1000RATSUSDT": 0.03905,
  "HUMAUSDT": 0.011781,
  "MEMEUSDT": 0.0006123,
  "ALTUSDT": 0.007482,
  "RPLUSDT": 1.839,
  "PIXELUSDT": 0.004977,
  "AVAX/USDUSDT": 8.88,
  "OPENUSDT": 0.1505,
  "WCTUSDT": 0.05882,
  "TNSRUSDT": 0.04665,
  "LTC/USDUSDT": 53.98,
  "CRV/USDCUSDT": 0.2414,
  "ACHUSDT": 0.006801,
  "PHAUSDT": 0.02353,
  "NXPCUSDT": 0.2733,
  "MASKUSDT": 0.4245,
  "FIDAUSDT": 0.01553,
  "FLOCKUSDT": 0.06298,
  "4USDT": 0.00807,
  "A2ZUSDT": 0.000778,
  "KMNOUSDT": 0.02087,
  "HYPERUSDT": 0.0965,
  "SUPERUSDT": 0.1148,
  "1000SATSUSDT": 1.09e-05,
  "NAORISUSDT": 0.03129,
  "VANAUSDT": 1.441,
  "AUCTIONUSDT": 4.813,
  "LRCUSDT": 0.03198,
  "HEMIUSDT": 0.00886,
  "ALCHUSDT": 0.08048,
  "FHEUSDT": 0.02859,
  "WIF/USDCUSDT": 0.2041,
  "PENGU/USDCUSDT": 0.006741,
  "AEVOUSDT": 0.02344,
  "CYSUSDT": 0.337,
  "ZORAUSDT": 0.01847,
  "QNTUSDT": 63.61,
  "HMSTRUSDT": 0.0001608,
  "SKYUSDT": 0.06689,