{
  "BTCUSDT": 66059.9,
  "ETHUSDT": 1915.89,
  "SOLUSDT": 80.21,
  "XRPUSDT": 1.386,
  "BNBUSDT": 609.42,
  "BCHUSDT": 531.0,
  "DOGEUSDT": 0.09621,
  "XAGUSDT": 86.4,
  "HYPEUSDT": 26.674,
  "XAUUSDT": 5165.7,
  "PAXGUSDT": 5175.26,
  "WLFIUSDT": 0.1108,
  "ZECUSDT": 246.95,
  "TRXUSDT": 0.28481,
  "SUIUSDT": 0.8963,
  "ASTERUSDT": 0.6891,
  "PIPPINUSDT": 0.71568,
  "ADAUSDT": 0.2708,
  "LINKUSDT": 8.456,
  "UNIUSDT": 3.435,
  "AVAXUSDT": 8.621,
  "LTCUSDT": 52.41,
  "1000PEPEUSDT": 0.0040889,
  "PUMPUSDT": 0.001906,
  "ENAUSDT": 0.1003,
  "KITEUSDT": 0.23791,
  "NEARUSDT": 0.998,
  "ARCUSDT": 0.09283,
  "AAVEUSDT": 117.68,
  "WLDUSDT": 0.3844,
  "TRUMPUSDT": 3.361,
  "LITUSDT": 1.41,
  "FILUSDT": 0.894,
  "DOTUSDT": 1.29,
  "TAOUSDT": 170.1,
  "XPLUSDT": 0.0862,
  "ATOMUSDT": 2.163,
  "TONUSDT": 1.3679,
  "ZROUSDT": 1.5592,
  "APTUSDT": 0.8419,
  "HBARUSDT": 0.09603,
  "1000SHIBUSDT": 0.006125,
  "BERAUSDT": 0.5624,
  "XLMUSDT": 0.15434,
  "ENSOUSDT": 1.9371,
  "AXSUSDT": 1.239,
  "ARBUSDT": 0.0937,
  "ICPUSDT": 2.065,
  "RIVERUSDT": 7.906,
  "OPUSDT": 0.1219,
  "HUSDT": 0.15806,
  "XMRUSDT": 315.95,
  "WIFUSDT": 0.2077,
  "CRVUSDT": 0.226,
  "PENGUUSDT": 0.006472,
  "MONUSDT": 0.01916,
  "FFUSDT": 0.07754,
  "FETUSDT": 0.1568,
  "ETCUSDT": 8.415,
  "BARDUSDT": 0.7576,
  "1000BONKUSDT": 0.006016,
  "POWERUSDT": 0.42916,
  "PARTIUSDT": 0.10861,
  "POLUSDT": 0.10947,
  "BANUSDT": 0.12903,
  "FARTCOINUSDT": 0.1532,
  "IPUSDT": 1.037,
  "INJUSDT": 3.44,
  "BTCDOMUSDT": 5110.9,
  "CHZUSDT": 0.03427,
  "SENTUSDT": 0.02226,
  "DASHUSDT": 33.18,
  "BULLAUSDT": 0.04223,
  "\u5e01\u5b89\u4eba\u751fUSDT": 0.05831,
  "ETHFIUSDT": 0.4625,
  "TIAUSDT": 0.3027,
  "ONDOUSDT": 0.2534,
  "VIRTUALUSDT": 0.6079,
  "ZKUSDT": 0.02001,
  "SIRENUSDT": 0.28277,
  "0GUSDT": 0.6315,
  "SEIUSDT": 0.0676,
  "AGLDUSDT": 0.3351,
  "ESPUSDT": 0.09271,
  "LYNUSDT": 0.30955,
  "JUPUSDT": 0.1468,
  "ZAMAUSDT": 0.02146,
  "STABLEUSDT": 0.028228,
  "CCUSDT": 0.1615,
  "OPNUSDT": 0.6565,
  "ALCHUSDT": 0.07797,
  "1000RATSUSDT": 0.04959,
  "AZTECUSDT": 0.02756,
  "KAITOUSDT": 0.2888,
  "LDOUSDT": 0.3003,
  "RENDERUSDT": 1.397,
  "LAUSDT": 0.251,
  "PENDLEUSDT": 1.2006,
  "HOMEUSDT": 0.030057,
  "BANANAS31USDT": 0.004713,
  "NIGHTUSDT": 0.06035,
  "MYXUSDT": 0.65,
  "QUSDT": 0.021169,
  "DUSKUSDT": 0.08112,
  "VVVUSDT": 3.883,
  "BIOUSDT": 0.02571,
  "RAVEUSDT": 0.29693,
  "ATUSDT": 0.16088,
  "SKYAIUSDT": 0.0388,
  "BTRUSDT": 0.18444,
  "UBUSDT": 0.0383,
  "ZENUSDT": 5.499,
  "STRKUSDT": 0.04174,
  "ALGOUSDT": 0.0854,
  "SANDUSDT": 0.07981,
  "CAKEUSDT": 1.265,
  "MORPHOUSDT": 1.6315,
  "MUSDT": 1.4266,
  "HANAUSDT": 0.03337,
  "JTOUSDT": 0.2814,
  "ZILUSDT": 0.00414,
  "GPSUSDT": 0.013454,
  "PIEVERSEUSDT": 0.4174,
  "TRADOORUSDT": 1.494,
  "GUNUSDT": 0.0281,
  "USDCUSDT": 0.99961,
  "GALAUSDT": 0.00358,
  "APEUSDT": 0.1045,
  "SNXUSDT": 0.393,
  "ALLOUSDT": 0.10618,
  "B2USDT": 0.7624,
  "SKYUSDT": 0.06344,
  "ROSEUSDT": 0.01206,
  "ORCAUSDT": 0.97,
  "XPINUSDT": 0.001665,
  "METUSDT": 0.197,
  "AWEUSDT": 0.05467,
  "GUAUSDT": 0.1637,
  "PYTHUSDT": 0.05086,
  "EIGENUSDT": 0.1872,
  "GIGGLEUSDT": 25.67,
  "BEAMXUSDT": 0.002057,
  "BUSDT": 0.132,
  "\u6211\u8e0f\u9a6c\u6765\u4e86USDT": 0.011836,
  "HUMAUSDT": 0.012,
  "TSLAUSDT": 407.31,
  "MSTRUSDT": 127.68,
  "JELLYJELLYUSDT": 0.06132,
  "SYRUPUSDT": 0.21173,
  "AVNTUSDT": 0.175,
  "DYDXUSDT": 0.092,
  "ZKPUSDT": 0.08549,
  "VETUSDT": 0.007414,
  "CYSUSDT": 0.3885,
  "ESPORTSUSDT": 0.33505,
  "AEROUSDT": 0.3044,
  "COLLECTUSDT": 0.04309,
  "ORDIUSDT": 2.421,
  "XTZUSDT": 0.371,
  "CYBERUSDT": 0.5552,
  "NEOUSDT": 2.648,
  "YGGUSDT": 0.04538,
  "FORMUSDT": 0.1986,
  "NXPCUSDT": 0.2608,
  "MOVEUSDT": 0.0221,
  "COMPUSDT": 17.5,
  "MEUSDT": 0.1188,
  "PNUTUSDT": 0.045,
  "SUSDT": 0.03951,
  "AUCTIONUSDT": 4.899,
  "ENSUSDT": 6.164,
  "INITUSDT": 0.0866,
  "SOMIUSDT": 0.1972,
  "FOGOUSDT": 0.02432,
  "1000FLOKIUSDT": 0.02873,
  "RESOLVUSDT": 0.06524,
  "GWEIUSDT": 0.030496,
  "STGUSDT": 0.1357,
  "STXUSDT": 0.2379,
  "NAORISUSDT": 0.03939,
  "1000LUNCUSDT": 0.03451,
  "LINEAUSDT": 0.003227,
  "BEATUSDT": 0.2106,
  "PLUMEUSDT": 0.00936,
  "TRIAUSDT": 0.01709,
  "LPTUSDT": 2.222,
  "SPACEUSDT": 0.008615,
  "VANAUSDT": 1.447,
  "JASMYUSDT": 0.005865,
  "MERLUSDT": 0.04747,
  "AGTUSDT": 0.005536,
  "TRBUSDT": 14.346,
  "WUSDT": 0.01874,
  "EDUUSDT": 0.1186,
  "BANKUSDT": 0.03789,
  "CLOUSDT": 0.08678,
  "USELESSUSDT": 0.03726,
  "OGUSDT": 3.054,
  "BIRBUSDT": 0.15651,
  "ARUSDT": 1.895,
  "ATHUSDT": 0.005081,
  "2ZUSDT": 0.06791,
  "COWUSDT": 0.2192,
  "MANAUSDT": 0.0936,
  "TAUSDT": 0.03926,
  "JSTUSDT": 0.045487,
  "NMRUSDT": 7.808,
  "MOODENGUSDT": 0.05261,
  "EULUSDT": 0.894,
  "GRTUSDT": 0.02645,
  "WCTUSDT": 0.05842,
  "API3USDT": 0.2887,
  "UAIUSDT": 0.2242,
  "TAGUSDT": 0.0003791,
  "SPXUSDT": 0.2865,
  "CFXUSDT": 0.04951,
  "ZORAUSDT": 0.0198,
  "IMXUSDT": 0.1596,
  "MMTUSDT": 0.1199,
  "1INCHUSDT": 0.0895,
  "IOTAUSDT": 0.0665,
  "SPKUSDT": 0.02033,
  "LRCUSDT": 0.03256,
  "QNTUSDT": 63.73,
  "DEXEUSDT": 2.831,
  "LUNA2USDT": 0.05995,
  "COAIUSDT": 0.2999,
  "FHEUSDT": 0.02906,
  "LIGHTUSDT": 0.229,
  "ZRXUSDT": 0.1032,
  "IDOLUSDT": 0.02409,
  "SFPUSDT": 0.2546,
  "AXLUSDT": 0.05295,
  "FLOWUSDT": 0.03483,
  "KAIAUSDT": 0.05458,
  "ARKMUSDT": 0.1079,
  "THETAUSDT": 0.1879,
  "PTBUSDT": 0.001273,
  "4USDT": 0.00775,
  "IOUSDT": 0.1114,
  "NEIROUSDT": 6.82e-05,
  "RPLUSDT": 2.019,
  "BREVUSDT": 0.1264,
  "KGENUSDT": 0.1806,
  "RUNEUSDT": 0.3921,
  "AKEUSDT": 0.0002958,
  "AIAUSDT": 0.08772,
  "SIGNUSDT": 0.02335,
  "FLOCKUSDT": 0.07149,
  "YFIUSDT": 2747.0,
  "EGLDUSDT": 4.345,
  "BOMEUSDT": 0.0003856,
  "SAHARAUSDT": 0.0147,
  "SKRUSDT": 0.018003,
  "XNYUSDT": 0.005071,
  "BLUAIUSDT": 0.005044,
  "ANIMEUSDT": 0.004753,
  "TWTUSDT": 0.498,
  "GMTUSDT": 0.01108,
  "SAPIENUSDT": 0.09533,
  "PROVEUSDT": 0.2764,
  "BELUSDT": 0.103,
  "XPTUSDT": 2164.26,
  "MAGICUSDT": 0.06526,
  "PEOPLEUSDT": 0.00633,
  "MINAUSDT": 0.05785,
  "PROMPTUSDT": 0.04772,
  "AUSDT": 0.0806,
  "ACTUSDT": 0.01389,
  "TSTUSDT": 0.00983,
  "KASUSDT": 0.02999,
  "TNSRUSDT": 0.047,
  "OPENUSDT": 0.145,
  "BATUSDT": 0.1178,
  "AVAAIUSDT": 0.00715,
  "AIOUSDT": 0.07499,
  "FOLKSUSDT": 1.158,
  "VELVETUSDT": 0.07867,
  "NOMUSDT": 0.004694,
  "MEGAUSDT": 0.12626,
  "GASUSDT": 1.504,
  "SOPHUSDT": 0.008853,
  "GRASSUSDT": 0.1709,
  "TUTUSDT": 0.01012,
  "ARPAUSDT": 0.00975,
  "MANTAUSDT": 0.06384,
  "SUSHIUSDT": 0.1967,
  "FIGHTUSDT": 0.006583,
  "TURBOUSDT": 0.000999,
  "CATIUSDT": 0.03798,
  "POPCATUSDT": 0.04733,
  "ZKCUSDT": 0.0848,
  "BSVUSDT": 15.24,
  "YBUSDT": 0.1507,
  "ACHUSDT": 0.007354,
  "ZBTUSDT": 0.07069,
  "STOUSDT": 0.05674,
  "FUSDT": 0.005559,
  "TAKEUSDT": 0.02432,
  "SWARMSUSDT": 0.00654,
  "KERNELUSDT": 0.072,
  "SUPERUSDT": 0.1078,
  "ICNTUSDT": 0.4019,
  "BABYUSDT": 0.01232,
  "LAYERUSDT": 0.0829,
  "SANTOSUSDT": 1.701,
  "VELODROMEUSDT": 0.01404,
  "XVGUSDT": 0.005907,
  "MASKUSDT": 0.4215,
  "NILUSDT": 0.04853,
  "BLURUSDT": 0.01952,
  "C98USDT": 0.026,
  "GLMUSDT": 0.15909,
  "BASUSDT": 0.005932,
  "MUBARAKUSDT": 0.01408,
  "SOONUSDT": 0.1637,
  "ASRUSDT": 1.37,
  "MEMEUSDT": 0.0006584,
  "CVXUSDT": 1.791,
  "TRUTHUSDT": 0.009655,
  "KSMUSDT": 4.693,
  "CTSIUSDT": 0.0246,
  "RAREUSDT": 0.01811,
  "INUSDT": 0.06679,
  "AIXBTUSDT": 0.01883,
  "DRIFTUSDT": 0.0826,
  "ONTUSDT": 0.0407,
  "ALTUSDT": 0.00739,
  "SOLVUSDT": 0.0042,
  "WETUSDT": 0.08468,
  "RAYSOLUSDT": 0.5998,
  "ANKRUSDT": 0.004255,
  "EDENUSDT": 0.03144,
  "FRAXUSDT": 0.615,
  "CELOUSDT": 0.073,
  "CRCLUSDT": 62.26,
  "THEUSDT": 0.2418,
  "SPORTFUNUSDT": 0.04671,
  "ERAUSDT": 0.1473,
  "UMAUSDT": 0.4418,
  "STORJUSDT": 0.0897,
  "SUNUSDT": 0.016674,
  "IRUSDT": 0.08866,
  "SONICUSDT": 0.04339,
  "AKTUSDT": 0.3065,
  "AINUSDT": 0.03416,
  "MELANIAUSDT": 0.1092,
  "DEGOUSDT": 0.321,
  "DAMUSDT": 0.0195,
  "PROMUSDT": 1.25,
  "VTHOUSDT": 0.0006001,
  "KOMAUSDT": 0.00708,
  "IDUSDT": 0.04375,
  "POLYXUSDT": 0.04195,
  "WALUSDT": 0.0742,
  "ZEREBROUSDT": 0.00708,
  "QTUMUSDT": 0.887,