{
  "BTCUSDT": 68854.0,
  "ETHUSDT": 1991.89,
  "SOLUSDT": 85.42,
  "BTC/USDCUSDT": 67931.1,
  "ETH/USDCUSDT": 1972.55,
  "BTC/USDUSDT": 68773.9,
  "AZTECUSDT": 0.03325,
  "XRPUSDT": 1.4332,
  "ENSOUSDT": 1.9253,
  "DOGEUSDT": 0.09911,
  "ETH/USDUSDT": 1999.92,
  "1000PEPEUSDT": 0.0041512,
  "BNBUSDT": 626.09,
  "OPNUSDT": 0.6824,
  "ESPUSDT": 0.07936,
  "YGGUSDT": 0.04802,
  "XAUUSDT": 5114.24,
  "INJUSDT": 3.778,
  "ZECUSDT": 259.7,
  "SOL/USDCUSDT": 85.41,
  "WLFIUSDT": 0.1217,
  "BIOUSDT": 0.02889,
  "MYXUSDT": 1.0,
  "HYPEUSDT": 29.576,
  "ETCUSDT": 9.079,
  "SIRENUSDT": 0.27123,
  "RIVERUSDT": 7.948,
  "POWERUSDT": 0.4448,
  "KITEUSDT": 0.22043,
  "ALLOUSDT": 0.12087,
  "XAGUSDT": 84.68,
  "ADAUSDT": 0.2799,
  "PIPPINUSDT": 0.49029,
  "BCHUSDT": 564.31,
  "RAVEUSDT": 0.683,
  "SUIUSDT": 0.9487,
  "AVAXUSDT": 9.159,
  "OPUSDT": 0.1283,
  "AAVEUSDT": 121.59,
  "LINKUSDT": 8.878,
  "SNXUSDT": 0.425,
  "FILUSDT": 0.97,
  "AXSUSDT": 1.351,
  "ZAMAUSDT": 0.02556,
  "ASTERUSDT": 0.72,
  "AGLDUSDT": 0.2703,
  "NEARUSDT": 1.05,
  "VVVUSDT": 4.44,
  "VANAUSDT": 1.595,
  "ZROUSDT": 1.7118,
  "ARBUSDT": 0.0983,
  "DOTUSDT": 1.356,
  "PAXGUSDT": 5140.43,
  "UNIUSDT": 3.612,
  "LTCUSDT": 54.89,
  "TAOUSDT": 182.14,
  "SPACEUSDT": 0.010117,
  "XRP/USDCUSDT": 1.4327,
  "0GUSDT": 0.6898,
  "ENAUSDT": 0.108,
  "TRUTHUSDT": 0.010271,
  "EULUSDT": 1.038,
  "BNB/USDCUSDT": 625.96,
  "ORCAUSDT": 1.077,
  "SENTUSDT": 0.02218,
  "SOL/USDUSDT": 85.11,
  "TRUMPUSDT": 3.473,
  "WLDUSDT": 0.3886,
  "TRXUSDT": 0.28876,
  "ICPUSDT": 2.205,
  "DASHUSDT": 33.96,
  "PUMPUSDT": 0.002103,
  "1000SHIBUSDT": 0.006391,
  "ZILUSDT": 0.00422,
  "HBARUSDT": 0.0996,
  "XPLUSDT": 0.0965,
  "WIFUSDT": 0.222,
  "PENGUUSDT": 0.00685,
  "APTUSDT": 0.8871,
  "AWEUSDT": 0.05677,
  "DOGE/USDUSDT": 0.09909,
  "FARTCOINUSDT": 0.1841,
  "POLUSDT": 0.1106,
  "1000BONKUSDT": 0.006288,
  "BNB/USDUSDT": 628.0,
  "XMRUSDT": 327.58,
  "XRP/USDUSDT": 1.4456,
  "STGUSDT": 0.1483,
  "DOGE/USDCUSDT": 0.09909,
  "BERAUSDT": 0.5797,
  "BTRUSDT": 0.20492,
  "MORPHOUSDT": 1.6256,
  "TONUSDT": 1.339,
  "XLMUSDT": 0.16126,
  "ETH/BTCUSDT": 1969.29887,
  "\u5e01\u5b89\u4eba\u751fUSDT": 0.08362,
  "VIRTUALUSDT": 0.6443,
  "IOUSDT": 0.1215,
  "LYNUSDT": 0.30546,
  "CTSIUSDT": 0.026,
  "DUSKUSDT": 0.08331,
  "CRVUSDT": 0.239,
  "LITUSDT": 1.539,
  "ATOMUSDT": 2.321,
  "INITUSDT": 0.09808,
  "TIAUSDT": 0.3324,
  "GALAUSDT": 0.0039,
  "ARCUSDT": 0.07696,
  "JTOUSDT": 0.3062,
  "OMUSDT": 0.06504,
  "RENDERUSDT": 1.462,
  "CHZUSDT": 0.03584,
  "CYBERUSDT": 0.5787,
  "ACUUSDT": 0.11693,
  "1000PEPE/USDCUSDT": 0.0041483,
  "\u6211\u8e0f\u9a6c\u6765\u4e86USDT": 0.015246,
  "BREVUSDT": 0.1368,
  "RPLUSDT": 2.348,
  "ROSEUSDT": 0.0133,
  "ONDOUSDT": 0.267,
  "NOMUSDT": 0.005281,
  "NAORISUSDT": 0.04382,
  "ENSUSDT": 6.738,
  "FOGOUSDT": 0.02563,
  "GRTUSDT": 0.02803,
  "JUPUSDT": 0.1572,
  "COLLECTUSDT": 0.05127,
  "SEIUSDT": 0.0706,
  "STABLEUSDT": 0.028448,
  "BEATUSDT": 0.2467,
  "MOODENGUSDT": 0.05642,
  "IOTXUSDT": 0.00491,
  "CLOUSDT": 0.08988,
  "KSMUSDT": 4.942,
  "HUSDT": 0.16394,
  "IPUSDT": 1.098,
  "FETUSDT": 0.1656,
  "CYSUSDT": 0.3796,
  "TRIAUSDT": 0.01624,
  "BIO/USDCUSDT": 0.02888,
  "CAKEUSDT": 1.3228,
  "WOOUSDT": 0.01855,
  "MONUSDT": 0.0206,
  "USELESSUSDT": 0.04112,
  "SANDUSDT": 0.08448,
  "BCH/USDCUSDT": 564.16,
  "ORDIUSDT": 2.645,
  "ADA/USDUSDT": 0.2799,
  "AEROUSDT": 0.3269,
  "LDOUSDT": 0.328,
  "RECALLUSDT": 0.05549,
  "HMSTRUSDT": 0.0001782,
  "ZEC/USDCUSDT": 259.53,
  "SAPIENUSDT": 0.09278,
  "BULLAUSDT": 0.02822,
  "CARVUSDT": 0.06732,
  "SIGNUSDT": 0.02653,
  "HUMAUSDT": 0.012794,
  "ALGOUSDT": 0.0896,
  "BANANAS31USDT": 0.004512,
  "PTBUSDT": 0.001396,
  "FIGHTUSDT": 0.006879,
  "BIGTIMEUSDT": 0.01559,
  "WLFI/USDCUSDT": 0.1216,
  "NEIROUSDT": 7.33e-05,
  "ARB/USDCUSDT": 0.0983,
  "SUI/USDCUSDT": 0.9482,
  "ZENUSDT": 5.816,
  "GWEIUSDT": 0.029683,
  "SOMIUSDT": 0.205,
  "ETHFIUSDT": 0.4578,
  "RONINUSDT": 0.1062,
  "PENDLEUSDT": 1.2194,
  "DYDXUSDT": 0.099,
  "APEUSDT": 0.1089,
  "SPXUSDT": 0.3233,
  "MEUSDT": 0.1276,
  "FIL/USDCUSDT": 0.97,
  "GPSUSDT": 0.013505,
  "ADA/USDCUSDT": 0.2799,
  "LAUSDT": 0.21,
  "BANUSDT": 0.13061,
  "GIGGLEUSDT": 28.84,
  "EIGENUSDT": 0.1912,
  "MERLUSDT": 0.05158,
  "SKRUSDT": 0.019363,
  "LIGHTUSDT": 0.2411,
  "BASUSDT": 0.005076,
  "THETAUSDT": 0.201,
  "LINEAUSDT": 0.003412,
  "STRKUSDT": 0.04487,
  "ZKPUSDT": 0.09128,
  "1000FLOKIUSDT": 0.03005,
  "BIRBUSDT": 0.17127,
  "1000LUNCUSDT": 0.03643,
  "KGENUSDT": 0.18228,
  "AVNTUSDT": 0.1877,
  "ARUSDT": 2.005,
  "VETUSDT": 0.007656,
  "SUSDT": 0.04317,
  "FIDAUSDT": 0.01772,
  "TAKEUSDT": 0.0245,
  "FLOWUSDT": 0.03833,
  "AGTUSDT": 0.005274,
  "AVAX/USDCUSDT": 9.156,
  "SUI/USDUSDT": 0.9482,
  "ZKUSDT": 0.01994,
  "LINK/USDCUSDT": 8.875,
  "SYRUPUSDT": 0.23038,
  "TRBUSDT": 15.161,
  "XNYUSDT": 0.004542,
  "GUNUSDT": 0.02871,
  "C98USDT": 0.0265,
  "MUBARAKUSDT": 0.01531,
  "PNUTUSDT": 0.0481,
  "AAVE/USDCUSDT": 121.49,
  "ESPORTSUSDT": 0.34453,
  "PYTHUSDT": 0.05352,
  "IRUSDT": 0.09338,
  "CCUSDT": 0.15974,
  "COMPUSDT": 18.03,
  "ENA/USDCUSDT": 0.1079,
  "FHEUSDT": 0.03866,
  "DOLOUSDT": 0.03974,
  "JELLYJELLYUSDT": 0.06592,
  "LAYERUSDT": 0.0883,
  "KASUSDT": 0.03119,
  "PLAYUSDT": 0.022,
  "IMXUSDT": 0.1664,
  "LINK/USDUSDT": 8.875,
  "MANAUSDT": 0.0982,
  "TURBOUSDT": 0.0010542,
  "NIGHTUSDT": 0.05918,
  "CFXUSDT": 0.05281,
  "BCH/USDUSDT": 564.09,
  "QUSDT": 0.022516,
  "SUSHIUSDT": 0.2085,
  "ALICEUSDT": 0.108,
  "XTZUSDT": 0.389,
  "MOVEUSDT": 0.02361,
  "FFUSDT": 0.07945,
  "RESOLVUSDT": 0.06523,
  "HOMEUSDT": 0.029659,
  "NEAR/USDCUSDT": 1.05,
  "PARTIUSDT": 0.10301,
  "INXUSDT": 0.013429,
  "OP/USDUSDT": 0.1281,
  "QNTUSDT": 66.09,
  "LPTUSDT": 2.34,
  "MAGMAUSDT": 0.11723,
  "RUNEUSDT": 0.4094,
  "SKLUSDT": 0.00674,
  "GMTUSDT": 0.01183,
  "ETHWUSDT": 0.3347,
  "ARKMUSDT": 0.1129,
  "WUSDT": 0.01976,
  "SPORTFUNUSDT": 0.03864,
  "LTC/USDCUSDT": 54.87,
  "BARDUSDT": 0.7569,
  "COWUSDT": 0.2087,
  "EDENUSDT": 0.03508,
  "JASMYUSDT": 0.005813,
  "COAIUSDT": 0.3148,
  "MEMEUSDT": 0.0006848,
  "GLMUSDT": 0.16729,
  "WETUSDT": 0.08302,
  "ACHUSDT": 0.007454,
  "MUSDT": 1.3529,
  "BOMEUSDT": 0.0004088,
  "STXUSDT": 0.2539,
  "TNSRUSDT": 0.04879,
  "FIL/USDUSDT": 0.97,
  "IRYSUSDT": 0.02277,
  "UNI/USDUSDT": 3.61,
  "DEXEUSDT": 2.405,
  "CETUSUSDT": 0.01705,
  "ETC/USDUSDT": 9.083,
  "AUCTIONUSDT": 5.031,
  "MAGICUSDT": 0.06885,
  "ZBTUSDT": 0.07287,
  "AAVE/USDUSDT": 121.49,
  "UAIUSDT": 0.2399,
  "KAITOUSDT": 0.3017,
  "1000CHEEMSUSDT": 0.0005031,
  "BLURUSDT": 0.02092,
  "XPINUSDT": 0.001666,
  "TSLAUSDT": 411.26,
  "PROMUSDT": 1.255,
  "ACEUSDT": 0.1588,
  "TAGUSDT": 0.0003716,
  "NILUSDT": 0.05027,
  "ZRXUSDT": 0.1106,
  "TRADOORUSDT": 1.455,
  "METUSDT": 0.2101,
  "AKTUSDT": 0.3181,
  "AVAX/USDUSDT": 9.15,
  "UNI/USDCUSDT": 3.608,
  "PLUMEUSDT": 0.00998,
  "LUNA2USDT": 0.06395,
  "BRETTUSDT": 0.00754,
  "OGUSDT": 3.355,
  "ELSAUSDT": 0.077,
  "BBUSDT": 0.02949,
  "ZKCUSDT": 0.0899,
  "MMTUSDT": 0.1289,
  "1INCHUSDT": 0.0932,
  "AIXBTUSDT": 0.01999,
  "LTC/USDUSDT": 54.87,
  "FRAXUSDT": 0.6776,
  "LRCUSDT": 0.033,
  "IOTAUSDT": 0.0687,
  "2ZUSDT": 0.07274,
  "JOEUSDT": 0.03723,
  "RAYSOLUSDT": 0.6464,
  "SKYUSDT": 0.06432,
  "SONICUSDT": 0.04922,
  "ONUSDT": 0.09237,
  "DUSDT": 0.00767,
  "POPCATUSDT": 0.05144,
  "USDCUSDT": 0.999721,
  "FOLKSUSDT": 1.352,
  "DOT/USDUSDT": 1.355,
  "MINAUSDT": 0.06214,
  "OPENUSDT": 0.1513,
  "CRV/USDCUSDT": 0.2393,
  "4USDT": 0.00885,
  "AXLUSDT": 0.05585,
  "ZORAUSDT": 0.02055,
  "EGLDUSDT": 4.573,
  "SUPERUSDT": 0.1184,
  "UBUSDT": 0.03542,
  "ANIMEUSDT": 0.005026,
  "NEOUSDT": 2.762,
  "BANANAUSDT": 4.493,
  "UMAUSDT": 0.467,
  "1000SHIB/USDCUSDT": 0.00639,
  "MANTAUSDT": 0.07096,
  "PEOPLEUSDT": 0.00672,
  "NXPCUSDT": 0.269,
  "XPDUSDT": 1748.41,
  "KERNELUSDT": 0.06787,
  "DRIFTUSDT": 0.0897,
  "WCTUSDT": 0.061,
  "TIA/USDCUSDT": 0.3321,
  "PIEVERSEUSDT": 0.4135,
  "KAVAUSDT": 0.0521,
  "MASKUSDT": 0.4473,
  "PROVEUSDT": 0.2966,
  "XAIUSDT": 0.00988,