{
  "BTCUSDT": 68922.8,
  "ETHUSDT": 2052.99,
  "SOLUSDT": 84.94,
  "XRPUSDT": 1.4147,
  "BNBUSDT": 617.17,
  "BCHUSDT": 561.44,
  "DOGEUSDT": 0.09665,
  "HYPEUSDT": 31.855,
  "PAXGUSDT": 5039.36,
  "ZECUSDT": 278.41,
  "XAGUSDT": 77.43,
  "XAUUSDT": 5038.82,
  "TRXUSDT": 0.28233,
  "SUIUSDT": 0.9669,
  "ASTERUSDT": 0.7113,
  "LINKUSDT": 8.833,
  "LTCUSDT": 55.28,
  "AVAXUSDT": 9.2,
  "UNIUSDT": 3.407,
  "ADAUSDT": 0.2767,
  "ENAUSDT": 0.1219,
  "1000PEPEUSDT": 0.0038343,
  "PUMPUSDT": 0.00213,
  "PIPPINUSDT": 0.60923,
  "KITEUSDT": 0.22075,
  "WLFIUSDT": 0.1042,
  "NEARUSDT": 1.027,
  "AAVEUSDT": 120.05,
  "LITUSDT": 1.662,
  "WLDUSDT": 0.4027,
  "HUSDT": 0.22471,
  "TRUMPUSDT": 3.449,
  "FILUSDT": 0.963,
  "ARCUSDT": 0.08034,
  "XPLUSDT": 0.1008,
  "ZROUSDT": 1.7988,
  "DOTUSDT": 1.344,
  "TAOUSDT": 187.85,
  "TONUSDT": 1.4545,
  "HBARUSDT": 0.10201,
  "1000SHIBUSDT": 0.006382,
  "BERAUSDT": 0.6942,
  "APTUSDT": 0.9474,
  "AXSUSDT": 1.487,
  "ATOMUSDT": 2.13,
  "XLMUSDT": 0.16645,
  "XMRUSDT": 357.52,
  "MONUSDT": 0.02276,
  "ARBUSDT": 0.1161,
  "ICPUSDT": 2.415,
  "RIVERUSDT": 16.134,
  "WIFUSDT": 0.2244,
  "DASHUSDT": 38.09,
  "FARTCOINUSDT": 0.1921,
  "PENGUUSDT": 0.006939,
  "CRVUSDT": 0.256,
  "IPUSDT": 1.154,
  "FFUSDT": 0.08021,
  "ETCUSDT": 8.655,
  "FETUSDT": 0.1675,
  "BARDUSDT": 0.8091,
  "1000BONKUSDT": 0.00644,
  "OPUSDT": 0.1914,
  "POLUSDT": 0.1006,
  "CHZUSDT": 0.04182,
  "\u5e01\u5b89\u4eba\u751fUSDT": 0.10143,
  "PARTIUSDT": 0.10765,
  "TIAUSDT": 0.3416,
  "BTCDOMUSDT": 5094.9,
  "SENTUSDT": 0.02308,
  "VIRTUALUSDT": 0.6452,
  "JUPUSDT": 0.1559,
  "ZKUSDT": 0.02239,
  "ONDOUSDT": 0.272,
  "SEIUSDT": 0.0758,
  "ZAMAUSDT": 0.02029,
  "0GUSDT": 0.6212,
  "ETHFIUSDT": 0.4742,
  "BANUSDT": 0.09563,
  "CCUSDT": 0.16745,
  "LDOUSDT": 0.3526,
  "BTRUSDT": 0.16562,
  "ALCHUSDT": 0.08688,
  "PENDLEUSDT": 1.2469,
  "UBUSDT": 0.04633,
  "SKYUSDT": 0.06802,
  "ZENUSDT": 6.442,
  "KAITOUSDT": 0.3264,
  "RENDERUSDT": 1.405,
  "INJUSDT": 3.143,
  "POWERUSDT": 0.28632,
  "ATUSDT": 0.15888,
  "AWEUSDT": 0.09765,
  "ENSOUSDT": 1.1643,
  "1000RATSUSDT": 0.04831,
  "OMUSDT": 0.05574,
  "CYSUSDT": 0.4684,
  "SANDUSDT": 0.08913,
  "OGUSDT": 5.004,
  "STABLEUSDT": 0.023478,
  "GIGGLEUSDT": 32.65,
  "COMPUSDT": 20.45,
  "DUSKUSDT": 0.10837,
  "BANANAS31USDT": 0.004535,
  "STRKUSDT": 0.04999,
  "NIGHTUSDT": 0.05704,
  "MSTRUSDT": 134.24,
  "\u6211\u8e0f\u9a6c\u6765\u4e86USDT": 0.023927,
  "HANAUSDT": 0.03663,
  "SKYAIUSDT": 0.03959,
  "QUSDT": 0.019424,
  "ROSEUSDT": 0.01245,
  "HOMEUSDT": 0.027149,
  "PIEVERSEUSDT": 0.4313,
  "GPSUSDT": 0.011367,
  "USDCUSDT": 0.999967,
  "METUSDT": 0.2221,
  "ALGOUSDT": 0.096,
  "CAKEUSDT": 1.3001,
  "TRADOORUSDT": 1.32,
  "MYXUSDT": 2.668,
  "ZILUSDT": 0.0045,
  "TAKEUSDT": 0.05135,
  "GALAUSDT": 0.00415,
  "LYNUSDT": 0.20442,
  "AVNTUSDT": 0.2033,
  "CLOUSDT": 0.1,
  "VVVUSDT": 2.821,
  "MUSDT": 1.3828,
  "MEUSDT": 0.1561,
  "GUNUSDT": 0.025,
  "AUCTIONUSDT": 5.2,
  "LINEAUSDT": 0.003652,
  "PYTHUSDT": 0.0515,
  "LPTUSDT": 2.465,
  "BUSDT": 0.145,
  "B2USDT": 0.7057,
  "EIGENUSDT": 0.2112,
  "MOODENGUSDT": 0.05973,
  "BIRBUSDT": 0.20423,
  "XTZUSDT": 0.409,
  "ENSUSDT": 6.705,
  "VETUSDT": 0.008279,
  "MORPHOUSDT": 1.229,
  "ZKPUSDT": 0.09268,
  "BEAMXUSDT": 0.002426,
  "SYRUPUSDT": 0.27703,
  "COLLECTUSDT": 0.07015,
  "AEROUSDT": 0.3127,
  "TSLAUSDT": 418.03,
  "DYDXUSDT": 0.108,
  "XPINUSDT": 0.001525,
  "HUMAUSDT": 0.013296,
  "MOVEUSDT": 0.02418,
  "BIOUSDT": 0.02502,
  "LAUSDT": 0.218,
  "AIAUSDT": 0.13026,
  "BULLAUSDT": 0.02487,
  "1000LUNCUSDT": 0.03383,
  "ESPUSDT": 0.06389,
  "NEOUSDT": 2.845,
  "PNUTUSDT": 0.05051,
  "RESOLVUSDT": 0.06268,
  "FORMUSDT": 0.2159,
  "SUSDT": 0.04546,
  "BEATUSDT": 0.2632,
  "RAVEUSDT": 0.36939,
  "ORDIUSDT": 2.878,
  "SOMIUSDT": 0.1971,
  "JELLYJELLYUSDT": 0.05617,
  "COAIUSDT": 0.4326,
  "LRCUSDT": 0.03367,
  "NXPCUSDT": 0.2841,
  "FOGOUSDT": 0.02257,
  "STXUSDT": 0.2708,
  "GUAUSDT": 0.1405,
  "NAORISUSDT": 0.03479,
  "BANKUSDT": 0.04253,
  "VANAUSDT": 1.628,
  "AZTECUSDT": 0.02478,
  "ESPORTSUSDT": 0.35217,
  "FHEUSDT": 0.0399,
  "STGUSDT": 0.1571,
  "SIRENUSDT": 0.12749,
  "ATHUSDT": 0.006538,
  "MERLUSDT": 0.0561,
  "PLUMEUSDT": 0.0117,
  "ALLOUSDT": 0.082,
  "1000FLOKIUSDT": 0.03095,
  "JTOUSDT": 0.2709,
  "TRBUSDT": 15.461,
  "WCTUSDT": 0.065,
  "ARUSDT": 2.041,
  "API3USDT": 0.3173,
  "XNYUSDT": 0.005806,
  "NMRUSDT": 8.565,
  "EDUUSDT": 0.1289,
  "CFXUSDT": 0.05471,
  "2ZUSDT": 0.07949,
  "TRIAUSDT": 0.01894,
  "FLOWUSDT": 0.04361,
  "WUSDT": 0.02113,
  "MANAUSDT": 0.1027,
  "JASMYUSDT": 0.006054,
  "ZKCUSDT": 0.1012,
  "QNTUSDT": 70.74,
  "4USDT": 0.0103,
  "SPXUSDT": 0.3047,
  "GWEIUSDT": 0.026899,
  "EULUSDT": 0.983,
  "TNSRUSDT": 0.05497,
  "XVGUSDT": 0.006384,
  "TAGUSDT": 0.0003866,
  "ZORAUSDT": 0.02172,
  "IRYSUSDT": 0.04153,
  "BREVUSDT": 0.1474,
  "KAIAUSDT": 0.058,
  "1INCHUSDT": 0.0971,
  "GRTUSDT": 0.02796,
  "LIGHTUSDT": 0.243,
  "THETAUSDT": 0.2186,
  "APEUSDT": 0.131,
  "TAUSDT": 0.03591,
  "UAIUSDT": 0.2294,
  "C98USDT": 0.0311,
  "SPKUSDT": 0.02295,
  "EGLDUSDT": 5.162,
  "SPACEUSDT": 0.006956,
  "JSTUSDT": 0.041868,
  "MANTAUSDT": 0.08039,
  "IMXUSDT": 0.1686,
  "RUNEUSDT": 0.4164,
  "ZRXUSDT": 0.1107,
  "IOTAUSDT": 0.0698,
  "MMTUSDT": 0.1347,
  "SKRUSDT": 0.023939,
  "ACTUSDT": 0.0149,
  "FRAXUSDT": 0.6504,
  "AGTUSDT": 0.0047,
  "ANIMEUSDT": 0.005738,
  "SFPUSDT": 0.2526,
  "NILUSDT": 0.05652,
  "BOMEUSDT": 0.0004159,
  "AXLUSDT": 0.06173,
  "MEGAUSDT": 0.13,
  "BSVUSDT": 16.48,
  "PROVEUSDT": 0.3317,
  "FUSDT": 0.0064,
  "NOMUSDT": 0.005515,
  "PTBUSDT": 0.001412,
  "GASUSDT": 1.683,
  "NEIROUSDT": 7.62e-05,
  "ARKMUSDT": 0.1223,
  "GRASSUSDT": 0.1992,
  "SNXUSDT": 0.298,
  "AUSDT": 0.0885,
  "FOLKSUSDT": 1.411,
  "ICNTUSDT": 0.4686,
  "SOPHUSDT": 0.010062,
  "MINAUSDT": 0.06896,
  "BATUSDT": 0.132,
  "TWTUSDT": 0.5068,
  "SIGNUSDT": 0.02846,
  "KASUSDT": 0.03235,
  "DEEPUSDT": 0.02893,
  "KGENUSDT": 0.17616,
  "BLUAIUSDT": 0.005904,
  "YFIUSDT": 3084.0,
  "TSTUSDT": 0.01082,
  "LAYERUSDT": 0.0944,
  "GMTUSDT": 0.01287,
  "TUTUSDT": 0.01162,
  "PEOPLEUSDT": 0.00688,
  "TURBOUSDT": 0.0011258,
  "CYBERUSDT": 0.5841,
  "FIGHTUSDT": 0.006475,
  "AVAAIUSDT": 0.00786,
  "POPCATUSDT": 0.05166,
  "YBUSDT": 0.1743,
  "SAHARAUSDT": 0.01656,
  "SONICUSDT": 0.05047,
  "TOSHIUSDT": 0.0002541,
  "BASUSDT": 0.00617,
  "MAGICUSDT": 0.06958,
  "ACHUSDT": 0.008024,
  "ZBTUSDT": 0.0754,
  "OPENUSDT": 0.1724,
  "SWARMSUSDT": 0.00753,
  "IDOLUSDT": 0.02206,
  "SUSHIUSDT": 0.2114,
  "BLURUSDT": 0.02186,
  "BABYUSDT": 0.01371,
  "SANTOSUSDT": 1.935,
  "AKEUSDT": 0.0002714,
  "INUSDT": 0.06884,
  "CATIUSDT": 0.04194,
  "TRUTHUSDT": 0.014859,
  "SUPERUSDT": 0.1298,
  "YGGUSDT": 0.04288,
  "THEUSDT": 0.2748,
  "LUNA2USDT": 0.06323,
  "CELOUSDT": 0.088,
  "ONTUSDT": 0.0466,
  "AIOUSDT": 0.07698,
  "MEMEUSDT": 0.0007075,
  "SOLVUSDT": 0.00502,
  "SOONUSDT": 0.1841,
  "IOUSDT": 0.1076,
  "STOUSDT": 0.05606,
  "XPTUSDT": 2071.51,
  "MUBARAKUSDT": 0.01725,
  "GLMUSDT": 0.19687,
  "SYNUSDT": 0.04934,
  "ALTUSDT": 0.00892,
  "STBLUSDT": 0.04292,
  "SUNUSDT": 0.017111,
  "VELODROMEUSDT": 0.01498,
  "DYMUSDT": 0.04716,
  "CTSIUSDT": 0.0269,
  "ERAUSDT": 0.1659,
  "IDUSDT": 0.05419,
  "ANKRUSDT": 0.004661,
  "ASRUSDT": 1.441,
  "HYPERUSDT": 0.1068,
  "KERNELUSDT": 0.06796,
  "SKLUSDT": 0.00718,
  "MASKUSDT": 0.4667,
  "COWUSDT": 0.2027,
  "QTUMUSDT": 0.998,
  "WALUSDT": 0.0843,
  "GUSDT": 0.004071,
  "AIXBTUSDT": 0.02133,
  "RAREUSDT": 0.02005,
  "CVXUSDT": 1.966,
  "MELANIAUSDT": 0.1215,
  "ARPAUSDT": 0.01016,
  "KMNOUSDT": 0.02957,
  "KAVAUSDT": 0.0565,
  "AINUSDT": 0.03491,
  "INITUSDT": 0.06866,
  "ZEREBROUSDT": 0.00832,
  "VELVETUSDT": 0.07683,
  "DEXEUSDT": 2.397,
  "EDENUSDT": 0.03357,
  "ORCAUSDT": 0.792,
  "ELSAUSDT": 0.08353,
  "BANANAUSDT": 4.768,
  "ONUSDT": 0.085,
  "PLAYUSDT": 0.04139,
  "SAPIENUSDT": 0.09128,
  "KOMAUSDT": 0.0079,
  "XVSUSDT": 2.959,
  "KSMUSDT": 4.59,
  "NOTUSDT": 0.0004088,
  "POLYXUSDT": 0.04617,
  "RSRUSDT": 0.001614,
  "DEGOUSDT": 0.34,