{
  "BTCUSDT": 72809.9,
  "ETHUSDT": 2121.78,
  "SOLUSDT": 90.31,
  "XRPUSDT": 1.4256,
  "BNBUSDT": 656.99,
  "DOGEUSDT": 0.09779,
  "XAUUSDT": 5171.02,
  "BCHUSDT": 461.87,
  "PAXGUSDT": 5183.33,
  "HYPEUSDT": 31.933,
  "XAGUSDT": 84.64,
  "ZECUSDT": 239.32,
  "WLFIUSDT": 0.1068,
  "TRXUSDT": 0.28712,
  "UNIUSDT": 3.99,
  "SUIUSDT": 0.952,
  "ADAUSDT": 0.275,
  "AVAXUSDT": 9.474,
  "LINKUSDT": 9.305,
  "ASTERUSDT": 0.7165,
  "1000PEPEUSDT": 0.003619,
  "LTCUSDT": 56.91,
  "PUMPUSDT": 0.00203,
  "ENAUSDT": 0.117,
  "NEARUSDT": 1.263,
  "AAVEUSDT": 116.13,
  "WLDUSDT": 0.4167,
  "DOTUSDT": 1.536,
  "XPLUSDT": 0.1118,
  "FILUSDT": 1.019,
  "TAOUSDT": 186.75,
  "LITUSDT": 1.345,
  "TRUMPUSDT": 3.419,
  "1000SHIBUSDT": 0.005675,
  "ZROUSDT": 1.9148,
  "PIPPINUSDT": 0.36029,
  "KITEUSDT": 0.22317,
  "RIVERUSDT": 18.315,
  "APTUSDT": 1.0068,
  "TONUSDT": 1.3206,
  "HUSDT": 0.12542,
  "HBARUSDT": 0.10069,
  "ATOMUSDT": 1.875,
  "XMRUSDT": 357.42,
  "XLMUSDT": 0.15919,
  "ARBUSDT": 0.104,
  "BERAUSDT": 0.5447,
  "WIFUSDT": 0.2137,
  "ICPUSDT": 2.531,
  "MONUSDT": 0.02248,
  "CRVUSDT": 0.254,
  "VIRTUALUSDT": 0.747,
  "FFUSDT": 0.074,
  "FETUSDT": 0.1547,
  "PENGUUSDT": 0.007185,
  "AXSUSDT": 1.204,
  "OPUSDT": 0.1281,
  "ARCUSDT": 0.03919,
  "CCUSDT": 0.15515,
  "ETCUSDT": 8.855,
  "VVVUSDT": 6.699,
  "POLUSDT": 0.10397,
  "BTCDOMUSDT": 5243.3,
  "1000BONKUSDT": 0.006221,
  "ONDOUSDT": 0.2685,
  "IPUSDT": 0.881,
  "BARDUSDT": 1.0555,
  "ETHFIUSDT": 0.5419,
  "FARTCOINUSDT": 0.1732,
  "PARTIUSDT": 0.08499,
  "TIAUSDT": 0.3378,
  "CHZUSDT": 0.03772,
  "SAHARAUSDT": 0.0266,
  "BANUSDT": 0.10966,
  "SEIUSDT": 0.06918,
  "\u5e01\u5b89\u4eba\u751fUSDT": 0.06134,
  "POWERUSDT": 0.14795,
  "DASHUSDT": 35.07,
  "SIRENUSDT": 0.36177,
  "SENTUSDT": 0.02107,
  "ENSOUSDT": 1.2708,
  "JUPUSDT": 0.1906,
  "INJUSDT": 3.102,
  "BUSDT": 0.2237,
  "0GUSDT": 0.6075,
  "KAITOUSDT": 0.3551,
  "PHAUSDT": 0.04807,
  "ESPUSDT": 0.11817,
  "RENDERUSDT": 1.401,
  "GUAUSDT": 0.26829,
  "SIGNUSDT": 0.03115,
  "1000RATSUSDT": 0.04935,
  "STABLEUSDT": 0.028333,
  "LDOUSDT": 0.3163,
  "BANANAS31USDT": 0.005134,
  "FORMUSDT": 0.3027,
  "ROBOUSDT": 0.04289,
  "ZAMAUSDT": 0.01938,
  "PENDLEUSDT": 1.3008,
  "ALCHUSDT": 0.07921,
  "MANTRAUSDT": 0.02347,
  "ZKUSDT": 0.01883,
  "GIGGLEUSDT": 31.95,
  "MORPHOUSDT": 1.8753,
  "SKYAIUSDT": 0.03924,
  "JELLYJELLYUSDT": 0.08355,
  "GWEIUSDT": 0.042302,
  "ATUSDT": 0.1567,
  "PIEVERSEUSDT": 0.5329,
  "CAKEUSDT": 1.4019,
  "BIOUSDT": 0.02132,
  "SANDUSDT": 0.08678,
  "ZENUSDT": 5.763,
  "HOMEUSDT": 0.0285,
  "SKYUSDT": 0.07677,
  "ALLOUSDT": 0.12069,
  "BULLAUSDT": 0.02634,
  "GALAUSDT": 0.00358,
  "CRCLUSDT": 104.21,
  "NIGHTUSDT": 0.06142,
  "STRKUSDT": 0.0408,
  "ALGOUSDT": 0.0885,
  "LYNUSDT": 0.30457,
  "MSTRUSDT": 147.07,
  "MUSDT": 1.3517,
  "STGUSDT": 0.1701,
  "EIGENUSDT": 0.1984,
  "HANAUSDT": 0.03433,
  "BTRUSDT": 0.1798,
  "AEROUSDT": 0.3643,
  "MYXUSDT": 0.302,
  "TSLAUSDT": 406.39,
  "APEUSDT": 0.1032,
  "HUMAUSDT": 0.013945,
  "TRADOORUSDT": 1.593,
  "GPSUSDT": 0.008547,
  "OPNUSDT": 0.4882,
  "USDCUSDT": 0.99929,
  "GUNUSDT": 0.0203,
  "AZTECUSDT": 0.02274,
  "SYRUPUSDT": 0.24304,
  "ZILUSDT": 0.00434,
  "XPINUSDT": 0.001406,
  "ATHUSDT": 0.006472,
  "BEAMXUSDT": 0.001948,
  "JTOUSDT": 0.2747,
  "DUSKUSDT": 0.08734,
  "B2USDT": 0.7041,
  "NEOUSDT": 2.665,
  "ORDIUSDT": 2.54,
  "UBUSDT": 0.03533,
  "1000LUNCUSDT": 0.04465,
  "QUSDT": 0.012753,
  "PYTHUSDT": 0.05053,
  "VETUSDT": 0.007458,
  "METUSDT": 0.1778,
  "DYDXUSDT": 0.097,
  "BEATUSDT": 0.2816,
  "XTZUSDT": 0.384,
  "TAUSDT": 0.0498,
  "CYSUSDT": 0.388,
  "NXPCUSDT": 0.2753,
  "MOVEUSDT": 0.02265,
  "AVNTUSDT": 0.1725,
  "KAVAUSDT": 0.062,
  "LAUSDT": 0.2115,
  "PNUTUSDT": 0.0479,
  "ROSEUSDT": 0.01224,
  "FOGOUSDT": 0.02245,
  "1000FLOKIUSDT": 0.02931,
  "COMPUSDT": 18.01,
  "\u6211\u8e0f\u9a6c\u6765\u4e86USDT": 0.010703,
  "ENSUSDT": 6.283,
  "SUSDT": 0.04218,
  "ESPORTSUSDT": 0.30147,
  "LINEAUSDT": 0.003247,
  "SPXUSDT": 0.3589,
  "COLLECTUSDT": 0.039,
  "TAGUSDT": 0.0004318,
  "TRBUSDT": 14.964,
  "AIXBTUSDT": 0.02901,
  "RESOLVUSDT": 0.06439,
  "ZKPUSDT": 0.08917,
  "SNXUSDT": 0.333,
  "LPTUSDT": 2.367,
  "USELESSUSDT": 0.04707,
  "WETUSDT": 0.11735,
  "ARUSDT": 1.698,
  "RAVEUSDT": 0.35609,
  "GRASSUSDT": 0.2904,
  "TRIAUSDT": 0.01846,
  "JASMYUSDT": 0.005771,
  "AGLDUSDT": 0.2322,
  "4USDT": 0.00944,
  "STXUSDT": 0.2684,
  "ORCAUSDT": 0.895,
  "AUCTIONUSDT": 4.782,
  "PLUMEUSDT": 0.00966,
  "EULUSDT": 1.122,
  "SKRUSDT": 0.022151,
  "AGTUSDT": 0.005953,
  "WUSDT": 0.01901,
  "BANKUSDT": 0.03949,
  "CFXUSDT": 0.05043,
  "MANAUSDT": 0.0989,
  "IOTAUSDT": 0.0681,
  "IMXUSDT": 0.1589,
  "MOODENGUSDT": 0.05109,
  "MEUSDT": 0.1159,
  "JSTUSDT": 0.046514,
  "DEXEUSDT": 3.533,
  "COAIUSDT": 0.3237,
  "PEOPLEUSDT": 0.00707,
  "FLOWUSDT": 0.0344,
  "SOMIUSDT": 0.1951,
  "KGENUSDT": 0.23038,
  "CYBERUSDT": 0.5575,
  "RUNEUSDT": 0.4379,
  "DENTUSDT": 0.000247,
  "YGGUSDT": 0.03967,
  "GRTUSDT": 0.02662,
  "EDUUSDT": 0.104,
  "WCTUSDT": 0.06036,
  "THETAUSDT": 0.1993,
  "PTBUSDT": 0.001185,
  "NMRUSDT": 7.737,
  "AWEUSDT": 0.05087,
  "SFPUSDT": 0.2756,
  "SPKUSDT": 0.02,
  "API3USDT": 0.2886,
  "QNTUSDT": 65.06,
  "MMTUSDT": 0.1179,
  "NEIROUSDT": 7.063e-05,
  "MERLUSDT": 0.04109,
  "LIGHTUSDT": 0.1839,
  "2ZUSDT": 0.0734,
  "INITUSDT": 0.07832,
  "EGLDUSDT": 4.224,
  "1INCHUSDT": 0.0983,
  "MEMEUSDT": 0.0006263,
  "LAYERUSDT": 0.0876,
  "AXLUSDT": 0.05485,
  "BREVUSDT": 0.1498,
  "ZRXUSDT": 0.1073,
  "COWUSDT": 0.2411,
  "FOLKSUSDT": 1.236,
  "ARKMUSDT": 0.1101,
  "CLOUSDT": 0.07031,
  "NAORISUSDT": 0.03013,
  "SPACEUSDT": 0.007281,
  "KASUSDT": 0.031,
  "VANAUSDT": 1.449,
  "IOUSDT": 0.113,
  "KAIAUSDT": 0.05546,
  "USUALUSDT": 0.01589,
  "ZORAUSDT": 0.01717,
  "BIRBUSDT": 0.14677,
  "POPCATUSDT": 0.05118,
  "SWARMSUSDT": 0.007418,
  "AKEUSDT": 0.0002461,
  "SUSHIUSDT": 0.2079,
  "STEEMUSDT": 0.05726,
  "YFIUSDT": 2709.0,
  "TSTUSDT": 0.00992,
  "PROVEUSDT": 0.2787,
  "BOMEUSDT": 0.0004172,
  "LRCUSDT": 0.03147,
  "SOPHUSDT": 0.008633,
  "SUNUSDT": 0.016028,
  "TWTUSDT": 0.5005,
  "AVAAIUSDT": 0.007902,
  "AUSDT": 0.079,
  "GMTUSDT": 0.01179,
  "TURBOUSDT": 0.0010039,
  "AIAUSDT": 0.08416,
  "VELVETUSDT": 0.08712,
  "ACTUSDT": 0.01383,
  "LUNA2USDT": 0.06528,
  "MEGAUSDT": 0.13515,
  "OPENUSDT": 0.1458,
  "ANIMEUSDT": 0.004774,
  "NILUSDT": 0.05209,
  "OGUSDT": 2.828,
  "HIPPOUSDT": 0.0008005,
  "VELODROMEUSDT": 0.0165,
  "CATIUSDT": 0.03955,
  "DAMUSDT": 0.03068,
  "BATUSDT": 0.1043,
  "STOUSDT": 0.05983,
  "AIOTUSDT": 0.02796,
  "MIRAUSDT": 0.0886,
  "GASUSDT": 1.633,
  "TUTUSDT": 0.01061,
  "BLUAIUSDT": 0.00446,
  "MUBARAKUSDT": 0.01459,
  "FHEUSDT": 0.0281,
  "MANTAUSDT": 0.06553,
  "BABYUSDT": 0.0114,
  "KNCUSDT": 0.1375,
  "SUPERUSDT": 0.119,
  "TNSRUSDT": 0.0453,
  "BSVUSDT": 15.21,
  "AIOUSDT": 0.08014,
  "COOKIEUSDT": 0.02161,
  "ZBTUSDT": 0.07457,
  "SOONUSDT": 0.1643,
  "AKTUSDT": 0.331,
  "MASKUSDT": 0.4599,
  "ALICEUSDT": 0.13,
  "MAGICUSDT": 0.06187,
  "MINAUSDT": 0.05749,
  "RPLUSDT": 1.967,
  "UMAUSDT": 0.434,
  "KSMUSDT": 4.781,
  "ALTUSDT": 0.007346,
  "KERNELUSDT": 0.07466,
  "FUSDT": 0.005605,
  "FIOUSDT": 0.00955,
  "ASRUSDT": 1.332,
  "SAPIENUSDT": 0.08339,
  "HOLOUSDT": 0.06306,
  "FIGHTUSDT": 0.00604,
  "INUSDT": 0.072,
  "NOMUSDT": 0.003597,
  "BLURUSDT": 0.01993,
  "KMNOUSDT": 0.02356,
  "XVGUSDT": 0.005594,
  "ONTUSDT": 0.0441,
  "IOTXUSDT": 0.00544,
  "XPTUSDT": 2205.92,
  "XNYUSDT": 0.006247,
  "EDENUSDT": 0.03494,
  "YBUSDT": 0.1734,
  "GMXUSDT": 7.357,
  "CELOUSDT": 0.079,
  "ANKRUSDT": 0.004255,
  "ZEREBROUSDT": 0.007309,
  "ENJUSDT": 0.01926,
  "TRUTHUSDT": 0.009616,
  "REDUSDT": 0.1425,
  "1000SATSUSDT": 1.16e-05,
  "STBLUSDT": 0.04076,
  "KATUSDT": 0.01599,
  "AINUSDT": 0.0381,
  "SKLUSDT": 0.00675,
  "KOMAUSDT": 0.008091,
  "DRIFTUSDT": 0.0902,
  "POLYXUSDT": 0.04237,
  "RAYSOLUSDT": 0.62,
  "TAKEUSDT": 0.01912,
  "GLMUSDT": 0.13294,
  "UAIUSDT": 0.2021,
  "ERAUSDT": 0.1439,
  "NEWTUSDT": 0.06796,
  "QTUMUSDT": 0.938,
  "WALUSDT": 0.07942,