{
  "BTCUSDT": 72423.3,
  "ETHUSDT": 2113.21,
  "BTC/USDCUSDT": 71816.2,
  "ETH/USDCUSDT": 2097.19,
  "SOLUSDT": 89.78,
  "BTC/USDUSDT": 71903.3,
  "XAGUSDT": 82.91,
  "XAUUSDT": 5141.36,
  "DOGEUSDT": 0.09544,
  "XRPUSDT": 1.41,
  "ETH/USDUSDT": 2114.77,
  "MANTRAUSDT": 0.02209,
  "BNBUSDT": 650.47,
  "1000PEPEUSDT": 0.0035385,
  "ZECUSDT": 235.3,
  "SOL/USDCUSDT": 89.79,
  "RIVERUSDT": 17.078,
  "HYPEUSDT": 31.662,
  "BARDUSDT": 1.449,
  "PHAUSDT": 0.0509,
  "ADAUSDT": 0.271,
  "PIPPINUSDT": 0.33262,
  "SUIUSDT": 0.9434,
  "PAXGUSDT": 5154.21,
  "POWERUSDT": 0.14464,
  "NEARUSDT": 1.292,
  "XRP/USDCUSDT": 1.4098,
  "AVAXUSDT": 9.381,
  "BCHUSDT": 458.49,
  "ROBOUSDT": 0.04279,
  "SOL/USDUSDT": 89.0,
  "LINKUSDT": 9.216,
  "FILUSDT": 1.024,
  "VVVUSDT": 6.54,
  "SIRENUSDT": 0.40778,
  "DOTUSDT": 1.513,
  "TAOUSDT": 185.34,
  "ENAUSDT": 0.1174,
  "SAHARAUSDT": 0.02668,
  "AAVEUSDT": 115.2,
  "WLDUSDT": 0.4118,
  "LTCUSDT": 56.0,
  "PUMPUSDT": 0.00201,
  "TSLAUSDT": 404.15,
  "FORMUSDT": 0.3104,
  "ASTERUSDT": 0.7147,
  "ETH/BTCUSDT": 2096.7112998,
  "1000RATSUSDT": 0.04834,
  "XPLUSDT": 0.1103,
  "DOGE/USDCUSDT": 0.09545,
  "DOGE/USDUSDT": 0.09545,
  "QUSDT": 0.013107,
  "WLFIUSDT": 0.1031,
  "UNIUSDT": 3.978,
  "1000SHIBUSDT": 0.005588,
  "CRCLUSDT": 104.14,
  "BNB/USDUSDT": 651.98,
  "KITEUSDT": 0.23722,
  "WIFUSDT": 0.2144,
  "GIGGLEUSDT": 28.96,
  "FARTCOINUSDT": 0.1707,
  "XRP/USDUSDT": 1.4102,
  "BNB/USDCUSDT": 650.73,
  "SIGNUSDT": 0.03238,
  "PENGUUSDT": 0.007087,
  "VIRTUALUSDT": 0.7316,
  "TRXUSDT": 0.28366,
  "CRVUSDT": 0.251,
  "APTUSDT": 0.9976,
  "ARBUSDT": 0.1024,
  "XLMUSDT": 0.15762,
  "TRUMPUSDT": 3.367,
  "HBARUSDT": 0.10029,
  "AIXBTUSDT": 0.03153,
  "ZROUSDT": 1.8599,
  "XMRUSDT": 364.39,
  "ENSOUSDT": 1.3127,
  "ARCUSDT": 0.03798,
  "ETCUSDT": 8.729,
  "1000BONKUSDT": 0.006145,
  "BANANAS31USDT": 0.004973,
  "OPUSDT": 0.1273,
  "AXSUSDT": 1.196,
  "GALAUSDT": 0.00353,
  "IPUSDT": 0.86,
  "MSTRUSDT": 144.28,
  "AIOTUSDT": 0.02735,
  "KAVAUSDT": 0.0587,
  "DASHUSDT": 34.35,
  "ONDOUSDT": 0.2641,
  "ESPUSDT": 0.12012,
  "TONUSDT": 1.3247,
  "ICPUSDT": 2.526,
  "LITUSDT": 1.296,
  "COOKIEUSDT": 0.02149,
  "RENDERUSDT": 1.392,
  "SEIUSDT": 0.06762,
  "AZTECUSDT": 0.02198,
  "ADA/USDUSDT": 0.2709,
  "FETUSDT": 0.1523,
  "ZEC/USDCUSDT": 235.2,
  "SPXUSDT": 0.3535,
  "WETUSDT": 0.10787,
  "COINUSDT": 205.29,
  "HUMAUSDT": 0.014003,
  "INJUSDT": 3.061,
  "MONUSDT": 0.02238,
  "OPNUSDT": 0.4618,
  "HOODUSDT": 82.0,
  "TIAUSDT": 0.3375,
  "ATOMUSDT": 1.858,
  "BERAUSDT": 0.5329,
  "PEOPLEUSDT": 0.00716,
  "\u5e01\u5b89\u4eba\u751fUSDT": 0.05968,
  "CHZUSDT": 0.03838,
  "SUI/USDCUSDT": 0.9434,
  "MYXUSDT": 0.2991,
  "1000PEPE/USDCUSDT": 0.0035385,
  "DENTUSDT": 0.000232,
  "JUPUSDT": 0.1926,
  "SNXUSDT": 0.332,
  "ALGOUSDT": 0.0878,
  "MAGMAUSDT": 0.12832,
  "POLUSDT": 0.10195,
  "ALLOUSDT": 0.11602,
  "LDOUSDT": 0.312,
  "JELLYJELLYUSDT": 0.08397,
  "ZAMAUSDT": 0.01898,
  "SANDUSDT": 0.08567,
  "USELESSUSDT": 0.04573,
  "XPTUSDT": 2160.95,
  "MOODENGUSDT": 0.05017,
  "HUSDT": 0.14196,
  "BCH/USDCUSDT": 458.5,
  "ADA/USDCUSDT": 0.2711,
  "EIGENUSDT": 0.1964,
  "PLTRUSDT": 152.67,
  "STABLEUSDT": 0.02818,
  "1000FLOKIUSDT": 0.0289,
  "LYNUSDT": 0.30619,
  "CYSUSDT": 0.402,
  "INTCUSDT": 45.14,
  "ETHFIUSDT": 0.5393,
  "SUI/USDUSDT": 0.9434,
  "ZENUSDT": 5.747,
  "BREVUSDT": 0.1544,
  "BIOUSDT": 0.02072,
  "SKRUSDT": 0.023337,
  "CAKEUSDT": 1.3904,
  "RAVEUSDT": 0.35981,
  "GUNUSDT": 0.01976,
  "ATHUSDT": 0.006704,
  "PENDLEUSDT": 1.2854,
  "ORDIUSDT": 2.514,
  "MORPHOUSDT": 1.8767,
  "LINK/USDUSDT": 9.215,
  "MEMEUSDT": 0.0006244,
  "LINK/USDCUSDT": 9.215,
  "0GUSDT": 0.6102,
  "BEATUSDT": 0.2763,
  "FIL/USDCUSDT": 1.025,
  "NEIROUSDT": 6.989e-05,
  "GPSUSDT": 0.008417,
  "FFUSDT": 0.07285,
  "RESOLVUSDT": 0.06491,
  "ZILUSDT": 0.00429,
  "CCUSDT": 0.15628,
  "AVAX/USDCUSDT": 9.379,
  "SPACEUSDT": 0.00709,
  "SKYUSDT": 0.07707,
  "BULLAUSDT": 0.02601,
  "TRBUSDT": 14.847,
  "RIFUSDT": 0.03527,
  "SKYAIUSDT": 0.04028,
  "KASUSDT": 0.03078,
  "GWEIUSDT": 0.04478,
  "ENSUSDT": 6.185,
  "VETUSDT": 0.007355,
  "TAGUSDT": 0.0004601,
  "AGLDUSDT": 0.2378,
  "APEUSDT": 0.1017,
  "COWUSDT": 0.2457,
  "DYDXUSDT": 0.095,
  "JASMYUSDT": 0.005673,
  "DUSKUSDT": 0.0861,
  "NEAR/USDCUSDT": 1.294,
  "GRASSUSDT": 0.2921,
  "AEROUSDT": 0.3586,
  "TRIAUSDT": 0.01874,
  "ROSEUSDT": 0.01218,
  "1000LUNCUSDT": 0.04374,
  "JTOUSDT": 0.2718,
  "ALICEUSDT": 0.126,
  "BUSDT": 0.2382,
  "HOLOUSDT": 0.06603,
  "KAITOUSDT": 0.3538,
  "STRKUSDT": 0.04048,
  "KATUSDT": 0.01589,
  "MIRAUSDT": 0.09119,
  "PNUTUSDT": 0.04792,
  "TAUSDT": 0.03852,
  "ENA/USDCUSDT": 0.1175,
  "BASUSDT": 0.005858,
  "PLUMEUSDT": 0.00996,
  "STXUSDT": 0.2669,
  "HIPPOUSDT": 0.0008012,
  "PYTHUSDT": 0.04982,
  "LTC/USDCUSDT": 55.98,
  "TURBOUSDT": 0.0009934,
  "USUALUSDT": 0.01542,
  "SENTUSDT": 0.02093,
  "ARUSDT": 1.691,
  "ZKUSDT": 0.0189,
  "PHBUSDT": 0.1553,
  "XTZUSDT": 0.38,
  "LINEAUSDT": 0.003226,
  "AMZNUSDT": 215.35,
  "INUSDT": 0.0707,
  "RPLUSDT": 2.04,
  "THETAUSDT": 0.1966,
  "FOGOUSDT": 0.0227,
  "BCH/USDUSDT": 458.52,
  "MUBARAKUSDT": 0.01475,
  "BOMEUSDT": 0.0004137,
  "EGLDUSDT": 4.165,
  "STGUSDT": 0.1651,
  "GMTUSDT": 0.01171,
  "AVNTUSDT": 0.1732,
  "RUNEUSDT": 0.4318,
  "COMPUSDT": 17.89,
  "GUAUSDT": 0.26981,
  "LTC/USDUSDT": 55.98,
  "LPTUSDT": 2.339,
  "GRTUSDT": 0.02648,
  "IP/USDCUSDT": 0.86,
  "KNCUSDT": 0.134,
  "MANAUSDT": 0.0986,
  "ORCAUSDT": 0.894,
  "LAYERUSDT": 0.08609,
  "\u6211\u8e0f\u9a6c\u6765\u4e86USDT": 0.010473,
  "ARKMUSDT": 0.1083,
  "USDCUSDT": 0.99929,
  "COLLECTUSDT": 0.0375,
  "INITUSDT": 0.07706,
  "SYRUPUSDT": 0.2386,
  "1INCHUSDT": 0.0974,
  "AAVE/USDCUSDT": 115.16,
  "XNYUSDT": 0.006906,
  "SOMIUSDT": 0.197,
  "AAVE/USDUSDT": 115.17,
  "AKTUSDT": 0.3309,
  "BTCDOMUSDT": 5231.0,
  "CFXUSDT": 0.04992,
  "STEEMUSDT": 0.05637,
  "UNI/USDUSDT": 3.977,
  "IMXUSDT": 0.1562,
  "FIL/USDUSDT": 1.024,
  "LAUSDT": 0.2114,
  "XPDUSDT": 1666.32,
  "EULUSDT": 1.109,
  "MEUSDT": 0.1149,
  "FIOUSDT": 0.00886,
  "BANKUSDT": 0.04093,
  "ZKPUSDT": 0.08914,
  "SAPIENUSDT": 0.08217,
  "SUSHIUSDT": 0.2066,
  "MASKUSDT": 0.4485,
  "WIF/USDCUSDT": 0.2142,
  "ARB/USDCUSDT": 0.1023,
  "BELUSDT": 0.0965,
  "CGPTUSDT": 0.0222,
  "NEOUSDT": 2.615,
  "POPCATUSDT": 0.0503,
  "IOTAUSDT": 0.0671,
  "WLD/USDCUSDT": 0.4117,
  "RAYSOLUSDT": 0.6076,
  "CYBERUSDT": 0.547,
  "PARTIUSDT": 0.08423,
  "DOT/USDUSDT": 1.512,
  "PENGU/USDCUSDT": 0.007088,
  "SUSDT": 0.0417,
  "AXLUSDT": 0.05348,
  "MERLUSDT": 0.04024,
  "NXPCUSDT": 0.2808,
  "WUSDT": 0.01873,
  "1000SHIB/USDCUSDT": 0.005587,
  "BIRBUSDT": 0.14984,
  "4USDT": 0.008863,
  "GMXUSDT": 7.212,
  "NIGHTUSDT": 0.06037,
  "QNTUSDT": 64.34,
  "CLOUSDT": 0.0702,
  "BLESSUSDT": 0.004996,
  "YGGUSDT": 0.03987,
  "MOVEUSDT": 0.02238,
  "PIEVERSEUSDT": 0.5535,
  "ACUUSDT": 0.10189,
  "JSTUSDT": 0.048335,
  "METUSDT": 0.1743,
  "SUPERUSDT": 0.1229,
  "1000SATSUSDT": 1.17e-05,
  "ATUSDT": 0.15401,
  "AIUSDT": 0.02172,
  "BTRUSDT": 0.17489,
  "TRADOORUSDT": 1.61,
  "IOTXUSDT": 0.00566,
  "ACHUSDT": 0.007273,
  "DEXEUSDT": 3.515,
  "MUSDT": 1.4253,
  "AVAX/USDUSDT": 9.37,
  "KGENUSDT": 0.22836,
  "KSMUSDT": 4.79,
  "ZORAUSDT": 0.01735,
  "CVXUSDT": 1.902,
  "FLOWUSDT": 0.03345,
  "UNI/USDCUSDT": 3.975,
  "KAIAUSDT": 0.05436,
  "FOLKSUSDT": 1.253,
  "LIGHTUSDT": 0.1818,
  "BANUSDT": 0.1058,
  "RSRUSDT": 0.001593,
  "AUCTIONUSDT": 4.766,
  "NEWTUSDT": 0.06827,
  "UBUSDT": 0.03529,
  "BRETTUSDT": 0.00754,
  "LUNA2USDT": 0.065,
  "WLFI/USDCUSDT": 0.1031,
  "SAGAUSDT": 0.03261,
  "YFIUSDT": 2680.0,
  "METISUSDT": 3.393,
  "LABUSDT": 0.18111,
  "GOATUSDT": 0.01892,
  "IOUSDT": 0.1115,
  "CELOUSDT": 0.078,
  "CRV/USDCUSDT": 0.2518,
  "AIOUSDT": 0.08164,
  "C98USDT": 0.0263,
  "PROVEUSDT": 0.2757,
  "XVGUSDT": 0.005442,
  "WCTUSDT": 0.05962,
  "TAKEUSDT": 0.01885,
  "XLM/USDUSDT": 0.15761,
  "ICNTUSDT": 0.3289,
  "NOTUSDT": 0.000373,
  "HBAR/USDCUSDT": 0.10031,
  "API3USDT": 0.2842,
  "TWTUSDT": 0.4977,
  "ZKCUSDT": 0.0852,
  "KMNOUSDT": 0.02271,