{
  "BTCUSDT": 72616.2,
  "ETHUSDT": 2124.21,
  "SOLUSDT": 90.87,
  "XRPUSDT": 1.4296,
  "BNBUSDT": 657.61,
  "DOGEUSDT": 0.09904,
  "XAUUSDT": 5158.84,
  "BCHUSDT": 467.65,
  "PAXGUSDT": 5173.46,
  "HYPEUSDT": 32.283,
  "ZECUSDT": 243.73,
  "XAGUSDT": 83.89,
  "WLFIUSDT": 0.1068,
  "TRXUSDT": 0.28689,
  "UNIUSDT": 3.974,
  "SUIUSDT": 0.9576,
  "ADAUSDT": 0.2761,
  "AVAXUSDT": 9.496,
  "1000PEPEUSDT": 0.0036521,
  "LINKUSDT": 9.348,
  "ASTERUSDT": 0.7209,
  "LTCUSDT": 56.78,
  "PUMPUSDT": 0.00205,
  "NEARUSDT": 1.312,
  "ENAUSDT": 0.1172,
  "AAVEUSDT": 115.83,
  "WLDUSDT": 0.4201,
  "DOTUSDT": 1.541,
  "XPLUSDT": 0.1137,
  "FILUSDT": 1.024,
  "LITUSDT": 1.378,
  "TAOUSDT": 186.58,
  "1000SHIBUSDT": 0.0057,
  "TRUMPUSDT": 3.426,
  "ZROUSDT": 1.9629,
  "PIPPINUSDT": 0.35299,
  "KITEUSDT": 0.22503,
  "APTUSDT": 1.0084,
  "RIVERUSDT": 17.82,
  "TONUSDT": 1.3018,
  "HUSDT": 0.12523,
  "HBARUSDT": 0.10104,
  "ATOMUSDT": 1.881,
  "XMRUSDT": 357.19,
  "XLMUSDT": 0.15962,
  "ARBUSDT": 0.1048,
  "WIFUSDT": 0.2142,
  "BERAUSDT": 0.5451,
  "MONUSDT": 0.02261,
  "ICPUSDT": 2.511,
  "CRVUSDT": 0.255,
  "VIRTUALUSDT": 0.7494,
  "FETUSDT": 0.1553,
  "FFUSDT": 0.0739,
  "PENGUUSDT": 0.00722,
  "AXSUSDT": 1.222,
  "OPUSDT": 0.1285,
  "ARCUSDT": 0.03942,
  "CCUSDT": 0.15507,
  "ETCUSDT": 8.844,
  "POLUSDT": 0.10364,
  "VVVUSDT": 6.462,
  "1000BONKUSDT": 0.006248,
  "ONDOUSDT": 0.2691,
  "BTCDOMUSDT": 5219.2,
  "ETHFIUSDT": 0.5415,
  "SAHARAUSDT": 0.02876,
  "BARDUSDT": 1.0495,
  "FARTCOINUSDT": 0.1741,
  "POWERUSDT": 0.16636,
  "IPUSDT": 0.86,
  "TIAUSDT": 0.339,
  "PARTIUSDT": 0.08464,
  "CHZUSDT": 0.03738,
  "BANUSDT": 0.10979,
  "SEIUSDT": 0.06993,
  "\u5e01\u5b89\u4eba\u751fUSDT": 0.06068,
  "DASHUSDT": 35.11,
  "SIRENUSDT": 0.36807,
  "SENTUSDT": 0.02125,
  "ENSOUSDT": 1.3076,
  "JUPUSDT": 0.1897,
  "INJUSDT": 3.12,
  "BUSDT": 0.2247,
  "0GUSDT": 0.6147,
  "KAITOUSDT": 0.3578,
  "PHAUSDT": 0.04756,
  "ESPUSDT": 0.11929,
  "GUAUSDT": 0.26935,
  "1000RATSUSDT": 0.05025,
  "RENDERUSDT": 1.413,
  "STABLEUSDT": 0.028147,
  "FORMUSDT": 0.3036,
  "LDOUSDT": 0.3174,
  "BANANAS31USDT": 0.0051,
  "SIGNUSDT": 0.03064,
  "PENDLEUSDT": 1.2986,
  "ZAMAUSDT": 0.01942,
  "ALCHUSDT": 0.07881,
  "ZKUSDT": 0.01897,
  "MANTRAUSDT": 0.0233,
  "ROBOUSDT": 0.04212,
  "GIGGLEUSDT": 32.0,
  "MORPHOUSDT": 1.8649,
  "SKYAIUSDT": 0.039,
  "JELLYJELLYUSDT": 0.0836,
  "ATUSDT": 0.15588,
  "PIEVERSEUSDT": 0.5341,
  "BIOUSDT": 0.02136,
  "CAKEUSDT": 1.4041,
  "GWEIUSDT": 0.041224,
  "SANDUSDT": 0.08688,
  "ZENUSDT": 5.799,
  "HOMEUSDT": 0.028409,
  "ALLOUSDT": 0.12049,
  "SKYUSDT": 0.0761,
  "NIGHTUSDT": 0.06244,
  "BULLAUSDT": 0.02578,
  "CRCLUSDT": 104.99,
  "GALAUSDT": 0.00362,
  "STRKUSDT": 0.04084,
  "LYNUSDT": 0.30733,
  "ALGOUSDT": 0.0887,
  "MSTRUSDT": 145.88,
  "STGUSDT": 0.1733,
  "MUSDT": 1.3683,
  "HANAUSDT": 0.03447,
  "MYXUSDT": 0.314,
  "EIGENUSDT": 0.1972,
  "BTRUSDT": 0.1804,
  "AEROUSDT": 0.3652,
  "TSLAUSDT": 405.64,
  "OPNUSDT": 0.5081,
  "APEUSDT": 0.1038,
  "HUMAUSDT": 0.013979,
  "TRADOORUSDT": 1.58,
  "AZTECUSDT": 0.02355,
  "USDCUSDT": 0.999329,
  "GPSUSDT": 0.008665,
  "SYRUPUSDT": 0.24575,
  "GUNUSDT": 0.02007,
  "ZILUSDT": 0.00433,
  "ATHUSDT": 0.006472,
  "BEAMXUSDT": 0.001951,
  "DUSKUSDT": 0.08741,
  "JTOUSDT": 0.2758,
  "XPINUSDT": 0.001388,
  "NEOUSDT": 2.682,
  "B2USDT": 0.6974,
  "ORDIUSDT": 2.547,
  "1000LUNCUSDT": 0.045,
  "PYTHUSDT": 0.05059,
  "XTZUSDT": 0.39,
  "QUSDT": 0.013026,
  "VETUSDT": 0.00744,
  "METUSDT": 0.1765,
  "DYDXUSDT": 0.098,
  "UBUSDT": 0.0336,
  "TAUSDT": 0.04963,
  "BEATUSDT": 0.2774,
  "NXPCUSDT": 0.2765,
  "MOVEUSDT": 0.02263,
  "AVNTUSDT": 0.1738,
  "LAUSDT": 0.2139,
  "CYSUSDT": 0.3761,
  "FOGOUSDT": 0.02265,
  "COMPUSDT": 18.08,
  "ROSEUSDT": 0.01222,
  "PNUTUSDT": 0.04796,
  "1000FLOKIUSDT": 0.02944,
  "\u6211\u8e0f\u9a6c\u6765\u4e86USDT": 0.010839,
  "ENSUSDT": 6.296,
  "SUSDT": 0.04232,
  "ESPORTSUSDT": 0.30594,
  "LINEAUSDT": 0.003224,
  "AIXBTUSDT": 0.02938,
  "SPXUSDT": 0.3565,
  "COLLECTUSDT": 0.03902,
  "RESOLVUSDT": 0.06436,
  "TRBUSDT": 14.957,
  "SNXUSDT": 0.331,
  "KAVAUSDT": 0.059,
  "ZKPUSDT": 0.08815,
  "TAGUSDT": 0.0004244,
  "LPTUSDT": 2.363,
  "USELESSUSDT": 0.04734,
  "RAVEUSDT": 0.36203,
  "ARUSDT": 1.691,
  "WETUSDT": 0.11871,
  "GRASSUSDT": 0.2906,
  "AUCTIONUSDT": 4.787,
  "AGLDUSDT": 0.2312,
  "ORCAUSDT": 0.892,
  "STXUSDT": 0.2695,
  "TRIAUSDT": 0.01817,
  "SKRUSDT": 0.022358,
  "JASMYUSDT": 0.005787,
  "4USDT": 0.00936,
  "PLUMEUSDT": 0.00966,
  "BANKUSDT": 0.04019,
  "EULUSDT": 1.127,
  "MANAUSDT": 0.0996,
  "WUSDT": 0.01899,
  "AGTUSDT": 0.005907,
  "CFXUSDT": 0.05055,
  "IOTAUSDT": 0.0683,
  "MOODENGUSDT": 0.05204,
  "IMXUSDT": 0.1591,
  "DENTUSDT": 0.000255,
  "DEXEUSDT": 3.583,
  "MEUSDT": 0.1161,
  "JSTUSDT": 0.046113,
  "COAIUSDT": 0.324,
  "SOMIUSDT": 0.1945,
  "PEOPLEUSDT": 0.0071,
  "FLOWUSDT": 0.03459,
  "CYBERUSDT": 0.5576,
  "RUNEUSDT": 0.4376,
  "EDUUSDT": 0.1044,
  "YGGUSDT": 0.03934,
  "WCTUSDT": 0.06018,
  "GRTUSDT": 0.02671,
  "NMRUSDT": 7.74,
  "SFPUSDT": 0.2771,
  "KGENUSDT": 0.22142,
  "PTBUSDT": 0.001171,
  "AWEUSDT": 0.05142,
  "THETAUSDT": 0.1982,
  "SPKUSDT": 0.02006,
  "API3USDT": 0.2885,
  "QNTUSDT": 65.08,
  "NEIROUSDT": 7.064e-05,
  "MMTUSDT": 0.118,
  "MERLUSDT": 0.04122,
  "2ZUSDT": 0.07366,
  "INITUSDT": 0.07844,
  "1INCHUSDT": 0.0991,
  "LIGHTUSDT": 0.1845,
  "LAYERUSDT": 0.0881,
  "MEMEUSDT": 0.0006326,
  "AXLUSDT": 0.05499,
  "ZRXUSDT": 0.1074,
  "COWUSDT": 0.2407,
  "CLOUSDT": 0.0714,
  "NAORISUSDT": 0.03034,
  "ARKMUSDT": 0.1106,
  "FOLKSUSDT": 1.206,
  "EGLDUSDT": 4.271,
  "IOUSDT": 0.1136,
  "BREVUSDT": 0.146,
  "VANAUSDT": 1.454,
  "USUALUSDT": 0.01603,
  "KAIAUSDT": 0.0549,
  "SPACEUSDT": 0.007289,
  "BIRBUSDT": 0.14552,
  "KASUSDT": 0.03074,
  "ZORAUSDT": 0.01729,
  "POPCATUSDT": 0.05145,
  "STEEMUSDT": 0.05925,
  "SWARMSUSDT": 0.007359,
  "PROVEUSDT": 0.282,
  "AKEUSDT": 0.0002445,
  "YFIUSDT": 2709.0,
  "TSTUSDT": 0.00995,
  "BOMEUSDT": 0.0004185,
  "SUNUSDT": 0.016046,
  "LRCUSDT": 0.03177,
  "SOPHUSDT": 0.008689,
  "TWTUSDT": 0.5007,
  "SUSHIUSDT": 0.2086,
  "AVAAIUSDT": 0.007943,
  "AUSDT": 0.079,
  "GMTUSDT": 0.01178,
  "TURBOUSDT": 0.0010097,
  "HIPPOUSDT": 0.0008229,
  "AIAUSDT": 0.08421,
  "ACTUSDT": 0.01386,
  "LUNA2USDT": 0.0654,
  "COOKIEUSDT": 0.02241,
  "VELVETUSDT": 0.08596,
  "OPENUSDT": 0.1457,
  "MEGAUSDT": 0.13384,
  "ANIMEUSDT": 0.004769,
  "OGUSDT": 2.829,
  "VELODROMEUSDT": 0.01667,
  "NILUSDT": 0.05171,
  "BATUSDT": 0.1044,
  "CATIUSDT": 0.03962,
  "MIRAUSDT": 0.0896,
  "DAMUSDT": 0.03072,
  "BLUAIUSDT": 0.004526,
  "TUTUSDT": 0.01064,
  "MUBARAKUSDT": 0.01453,
  "STOUSDT": 0.05952,
  "GASUSDT": 1.643,
  "MANTAUSDT": 0.06613,
  "FHEUSDT": 0.02827,
  "KNCUSDT": 0.1388,
  "AIOUSDT": 0.08148,
  "BABYUSDT": 0.01144,
  "BSVUSDT": 15.38,
  "SUPERUSDT": 0.1189,
  "TNSRUSDT": 0.04555,
  "ZBTUSDT": 0.07518,
  "SOONUSDT": 0.1623,
  "AKTUSDT": 0.3361,
  "MASKUSDT": 0.4625,
  "ALICEUSDT": 0.129,
  "MAGICUSDT": 0.06161,
  "MINAUSDT": 0.05779,
  "UMAUSDT": 0.4362,
  "RPLUSDT": 1.964,
  "KERNELUSDT": 0.07597,
  "KSMUSDT": 4.797,
  "FIOUSDT": 0.00967,
  "ALTUSDT": 0.007407,
  "FUSDT": 0.005621,
  "FIGHTUSDT": 0.006054,
  "NOMUSDT": 0.003624,
  "SAPIENUSDT": 0.08338,
  "ASRUSDT": 1.329,
  "BLURUSDT": 0.01995,
  "KMNOUSDT": 0.02357,
  "INUSDT": 0.07243,
  "XVGUSDT": 0.005633,
  "ONTUSDT": 0.0442,
  "GMXUSDT": 7.491,
  "IOTXUSDT": 0.0054,
  "EDENUSDT": 0.03496,
  "CELOUSDT": 0.079,
  "ANKRUSDT": 0.004241,
  "ZEREBROUSDT": 0.007301,
  "ENJUSDT": 0.01929,
  "YBUSDT": 0.1721,
  "1000SATSUSDT": 1.16e-05,
  "STBLUSDT": 0.04109,
  "REDUSDT": 0.1417,
  "XNYUSDT": 0.005959,
  "TRUTHUSDT": 0.009577,
  "SKLUSDT": 0.00678,
  "XPTUSDT": 2173.85,
  "POLYXUSDT": 0.04234,
  "KOMAUSDT": 0.008086,
  "TAKEUSDT": 0.01929,
  "RAYSOLUSDT": 0.6218,
  "GLMUSDT": 0.13266,
  "WALUSDT": 0.07987,
  "UAIUSDT": 0.2024,
  "AINUSDT": 0.03683,
  "KATUSDT": 0.01545,
  "NEWTUSDT": 0.06885,
  "DRIFTUSDT": 0.0883,
  "QTUMUSDT": 0.94,
  "ERAUSDT": 0.1429,
  "RSRUSDT": 0.001607,