{
  "BTCUSDT": 66192.2,
  "ETHUSDT": 1945.01,
  "SOLUSDT": 83.37,
  "XRPUSDT": 1.3526,
  "BNBUSDT": 618.53,
  "XAUUSDT": 5398.68,
  "XAGUSDT": 95.4,
  "DOGEUSDT": 0.09222,
  "PAXGUSDT": 5433.29,
  "HYPEUSDT": 30.576,
  "BCHUSDT": 437.9,
  "WLFIUSDT": 0.1058,
  "TRXUSDT": 0.28123,
  "ZECUSDT": 214.39,
  "ADAUSDT": 0.2718,
  "UNIUSDT": 3.775,
  "SUIUSDT": 0.8933,
  "ASTERUSDT": 0.6974,
  "LINKUSDT": 8.698,
  "AVAXUSDT": 8.957,
  "1000PEPEUSDT": 0.0034264,
  "LTCUSDT": 53.42,
  "PUMPUSDT": 0.001904,
  "NEARUSDT": 1.185,
  "ENAUSDT": 0.1034,
  "PIPPINUSDT": 0.554,
  "DOTUSDT": 1.513,
  "AAVEUSDT": 114.26,
  "WLDUSDT": 0.3843,
  "FILUSDT": 0.976,
  "XPLUSDT": 0.0963,
  "LITUSDT": 1.393,
  "KITEUSDT": 0.24209,
  "TRUMPUSDT": 3.423,
  "1000SHIBUSDT": 0.005531,
  "TAOUSDT": 176.79,
  "ZROUSDT": 1.8238,
  "ARCUSDT": 0.0549,
  "TONUSDT": 1.2108,
  "POWERUSDT": 1.78407,
  "RIVERUSDT": 14.735,
  "APTUSDT": 0.9229,
  "ATOMUSDT": 1.797,
  "XMRUSDT": 348.83,
  "HUSDT": 0.12599,
  "HBARUSDT": 0.09759,
  "BERAUSDT": 0.5926,
  "ARBUSDT": 0.0996,
  "XLMUSDT": 0.15345,
  "WIFUSDT": 0.1913,
  "ICPUSDT": 2.368,
  "VVVUSDT": 6.52,
  "CRVUSDT": 0.241,
  "MONUSDT": 0.02079,
  "FETUSDT": 0.149,
  "AXSUSDT": 1.257,
  "FFUSDT": 0.07786,
  "OPUSDT": 0.1206,
  "VIRTUALUSDT": 0.6986,
  "CCUSDT": 0.15855,
  "ETCUSDT": 8.527,
  "PENGUUSDT": 0.00675,
  "PARTIUSDT": 0.09159,
  "BARDUSDT": 0.9986,
  "BTCDOMUSDT": 5114.6,
  "POLUSDT": 0.10373,
  "1000BONKUSDT": 0.005893,
  "CHZUSDT": 0.03333,
  "ETHFIUSDT": 0.4976,
  "ONDOUSDT": 0.2521,
  "BANUSDT": 0.11044,
  "FARTCOINUSDT": 0.1544,
  "TIAUSDT": 0.3204,
  "\u5e01\u5b89\u4eba\u751fUSDT": 0.06334,
  "DASHUSDT": 31.91,
  "ENSOUSDT": 1.2688,
  "IPUSDT": 0.839,
  "INJUSDT": 3.005,
  "ESPUSDT": 0.12531,
  "SENTUSDT": 0.02113,
  "SEIUSDT": 0.06853,
  "SAHARAUSDT": 0.0236,
  "STABLEUSDT": 0.032583,
  "JUPUSDT": 0.1688,
  "0GUSDT": 0.6095,
  "LYNUSDT": 0.33534,
  "KAITOUSDT": 0.3276,
  "ALCHUSDT": 0.0797,
  "BUSDT": 0.1897,
  "ZKUSDT": 0.01839,
  "PENDLEUSDT": 1.2696,
  "QUSDT": 0.025573,
  "ATUSDT": 0.15835,
  "SIRENUSDT": 0.28569,
  "ZAMAUSDT": 0.01992,
  "RENDERUSDT": 1.347,
  "SKYAIUSDT": 0.03805,
  "LDOUSDT": 0.2998,
  "GUAUSDT": 0.22632,
  "BANANAS31USDT": 0.004809,
  "MORPHOUSDT": 1.7859,
  "GWEIUSDT": 0.042555,
  "BULLAUSDT": 0.02411,
  "HOMEUSDT": 0.028319,
  "PIEVERSEUSDT": 0.5208,
  "MUSDT": 1.538,
  "MYXUSDT": 0.375,
  "NIGHTUSDT": 0.05703,
  "TSLAUSDT": 390.58,
  "SIGNUSDT": 0.02594,
  "ZENUSDT": 5.297,
  "CAKEUSDT": 1.3091,
  "SANDUSDT": 0.08243,
  "BIOUSDT": 0.02032,
  "ALGOUSDT": 0.086,
  "GIGGLEUSDT": 25.69,
  "USDCUSDT": 0.999541,
  "BTRUSDT": 0.18032,
  "HANAUSDT": 0.03508,
  "STRKUSDT": 0.03982,
  "GALAUSDT": 0.00346,
  "FORMUSDT": 0.2209,
  "GPSUSDT": 0.009083,
  "STGUSDT": 0.1623,
  "ALLOUSDT": 0.10442,
  "SKYUSDT": 0.06762,
  "1000RATSUSDT": 0.03269,
  "APEUSDT": 0.1014,
  "DUSKUSDT": 0.08146,
  "JELLYJELLYUSDT": 0.06972,
  "JTOUSDT": 0.2651,
  "OPNUSDT": 0.4654,
  "AZTECUSDT": 0.02142,
  "MSTRUSDT": 129.02,
  "GUNUSDT": 0.02555,
  "ATHUSDT": 0.00597,
  "B2USDT": 0.7292,
  "AEROUSDT": 0.3373,
  "TRADOORUSDT": 1.437,
  "SYRUPUSDT": 0.23183,
  "1000LUNCUSDT": 0.04271,
  "XPINUSDT": 0.001428,
  "DENTUSDT": 0.000289,
  "HUMAUSDT": 0.012208,
  "ZILUSDT": 0.00414,
  "BEAMXUSDT": 0.001874,
  "EIGENUSDT": 0.1761,
  "UBUSDT": 0.03277,
  "ROSEUSDT": 0.01104,
  "KNCUSDT": 0.1588,
  "METUSDT": 0.1786,
  "XTZUSDT": 0.371,
  "PYTHUSDT": 0.04824,
  "LAUSDT": 0.2147,
  "NEOUSDT": 2.601,
  "FOGOUSDT": 0.02525,
  "VETUSDT": 0.007134,
  "AVNTUSDT": 0.172,
  "DYDXUSDT": 0.092,
  "ORDIUSDT": 2.399,
  "NXPCUSDT": 0.272,
  "KAVAUSDT": 0.061,
  "ROBOUSDT": 0.04122,
  "CRCLUSDT": 80.44,
  "MOVEUSDT": 0.02142,
  "\u6211\u8e0f\u9a6c\u6765\u4e86USDT": 0.010447,
  "BEATUSDT": 0.2546,
  "GRASSUSDT": 0.2807,
  "ZKPUSDT": 0.08791,
  "RAVEUSDT": 0.36811,
  "COMPUSDT": 17.69,
  "ESPORTSUSDT": 0.30377,
  "1000FLOKIUSDT": 0.02741,
  "SUSDT": 0.03932,
  "LINEAUSDT": 0.003018,
  "PNUTUSDT": 0.0436,
  "COLLECTUSDT": 0.04006,
  "ARUSDT": 1.544,
  "AGLDUSDT": 0.2176,
  "ORCAUSDT": 0.866,
  "CYBERUSDT": 0.5468,
  "ENSUSDT": 5.94,
  "TRBUSDT": 13.928,
  "SPXUSDT": 0.318,
  "AUCTIONUSDT": 4.74,
  "SKRUSDT": 0.021368,
  "SNXUSDT": 0.308,
  "LPTUSDT": 2.286,
  "TRIAUSDT": 0.01971,
  "STXUSDT": 0.2509,
  "WUSDT": 0.01833,
  "MEUSDT": 0.114,
  "AGTUSDT": 0.005815,
  "TAUSDT": 0.03998,
  "EULUSDT": 1.007,
  "JASMYUSDT": 0.005293,
  "MANAUSDT": 0.0961,
  "PLUMEUSDT": 0.00895,
  "BIRBUSDT": 0.15173,
  "HIPPOUSDT": 0.0007923,
  "BANKUSDT": 0.03623,
  "IMXUSDT": 0.1647,
  "4USDT": 0.0085,
  "JSTUSDT": 0.047886,
  "USELESSUSDT": 0.04047,
  "RESOLVUSDT": 0.0575,
  "ALICEUSDT": 0.149,
  "WETUSDT": 0.10218,
  "IOTAUSDT": 0.0659,
  "FIOUSDT": 0.01021,
  "INITUSDT": 0.07754,
  "AWEUSDT": 0.05107,
  "YGGUSDT": 0.03874,
  "LAYERUSDT": 0.0902,
  "GRTUSDT": 0.02568,
  "WCTUSDT": 0.05797,
  "DEXEUSDT": 3.319,
  "COAIUSDT": 0.3112,
  "SOMIUSDT": 0.1878,
  "CYSUSDT": 0.3154,
  "CFXUSDT": 0.04734,
  "AXLUSDT": 0.05295,
  "MERLUSDT": 0.03934,
  "MIRAUSDT": 0.0924,
  "2ZUSDT": 0.07203,
  "EDUUSDT": 0.1017,
  "CLOUSDT": 0.06977,
  "SUNUSDT": 0.015466,
  "API3USDT": 0.2784,
  "QNTUSDT": 61.31,
  "FLOWUSDT": 0.03529,
  "PTBUSDT": 0.001203,
  "NMRUSDT": 7.429,
  "SFPUSDT": 0.2619,
  "NAORISUSDT": 0.03171,
  "LIGHTUSDT": 0.189,
  "MMTUSDT": 0.1163,
  "MOODENGUSDT": 0.04849,
  "TAGUSDT": 0.00034,
  "SPKUSDT": 0.01908,
  "FOLKSUSDT": 1.208,
  "AIXBTUSDT": 0.02222,
  "ZRXUSDT": 0.1062,
  "NEIROUSDT": 6.613e-05,
  "STEEMUSDT": 0.05943,
  "VANAUSDT": 1.43,
  "BREVUSDT": 0.1337,
  "THETAUSDT": 0.1857,
  "ARKMUSDT": 0.1055,
  "1INCHUSDT": 0.092,
  "RUNEUSDT": 0.3928,
  "IOUSDT": 0.1061,
  "EGLDUSDT": 4.338,
  "KASUSDT": 0.02989,
  "KAIAUSDT": 0.05445,
  "ZORAUSDT": 0.01723,
  "ANIMEUSDT": 0.004783,
  "KGENUSDT": 0.18634,
  "YFIUSDT": 2662.0,
  "SOPHUSDT": 0.009067,
  "SPACEUSDT": 0.007185,
  "LRCUSDT": 0.03079,
  "AKEUSDT": 0.0002423,
  "MEGAUSDT": 0.13278,
  "XPTUSDT": 2400.28,
  "PEOPLEUSDT": 0.00619,
  "STOUSDT": 0.06358,
  "BATUSDT": 0.103,
  "UAIUSDT": 0.2021,
  "PROVEUSDT": 0.2953,
  "COWUSDT": 0.2133,
  "BLUAIUSDT": 0.004896,
  "AIAUSDT": 0.0838,
  "AUSDT": 0.0782,
  "VELVETUSDT": 0.08236,
  "OGUSDT": 2.815,
  "FHEUSDT": 0.02815,
  "SUSHIUSDT": 0.1996,
  "BSVUSDT": 15.07,
  "TSTUSDT": 0.00913,
  "POPCATUSDT": 0.0466,
  "GMTUSDT": 0.01129,
  "OPENUSDT": 0.1418,
  "KERNELUSDT": 0.07564,
  "YBUSDT": 0.173,
  "TWTUSDT": 0.4868,
  "LUNA2USDT": 0.0626,
  "AVAAIUSDT": 0.007236,
  "TURBOUSDT": 0.000951,
  "MANTAUSDT": 0.06198,
  "TAKEUSDT": 0.02173,
  "ACTUSDT": 0.01314,
  "CATIUSDT": 0.03875,
  "SWARMSUSDT": 0.006736,
  "XNYUSDT": 0.006052,
  "GASUSDT": 1.611,
  "VELODROMEUSDT": 0.01532,
  "NILUSDT": 0.0503,
  "UMAUSDT": 0.4553,
  "SOONUSDT": 0.1658,
  "BOMEUSDT": 0.0003783,
  "BABYUSDT": 0.01128,
  "SUPERUSDT": 0.1125,
  "NOMUSDT": 0.003513,
  "MINAUSDT": 0.05606,
  "TUTUSDT": 0.00972,
  "KSMUSDT": 4.681,
  "TNSRUSDT": 0.04477,
  "ALTUSDT": 0.007211,
  "NEWTUSDT": 0.07096,
  "FUSDT": 0.005547,
  "IOTXUSDT": 0.00468,
  "ZBTUSDT": 0.07469,
  "MEMEUSDT": 0.0005727,
  "XVGUSDT": 0.005395,
  "AIOUSDT": 0.07109,
  "AINUSDT": 0.04152,
  "FIGHTUSDT": 0.005835,
  "MASKUSDT": 0.4221,
  "MAGICUSDT": 0.0596,
  "BASUSDT": 0.007182,
  "RPLUSDT": 1.837,
  "HOLOUSDT": 0.05941,
  "BLURUSDT": 0.01961,
  "DAMUSDT": 0.0231,
  "ASRUSDT": 1.298,
  "SAPIENUSDT": 0.08046,
  "ACHUSDT": 0.006565,
  "INUSDT": 0.06737,
  "CELOUSDT": 0.076,
  "ONTUSDT": 0.0433,
  "PHAUSDT": 0.02691,
  "MUBARAKUSDT": 0.01315,
  "POLYXUSDT": 0.04383,
  "TRUTHUSDT": 0.00966,
  "GLMUSDT": 0.13168,
  "KMNOUSDT": 0.02162,
  "REDUSDT": 0.149,
  "KOMAUSDT": 0.007795,
  "C98USDT": 0.0257,
  "CTSIUSDT": 0.0239,
  "QTUMUSDT": 0.911,
  "MELANIAUSDT": 0.1078,
  "SKLUSDT": 0.00643,
  "RAYSOLUSDT": 0.5859,
  "ERAUSDT": 0.1426,
  "DRIFTUSDT": 0.0849,
  "SANTOSUSDT": 1.287,
  "WALUSDT": 0.07666,
  "EDENUSDT": 0.03127,
  "ANKRUSDT": 0.004171,
  "SONICUSDT": 0.04338,
  "ZKCUSDT": 0.0834,
  "IDOLUSDT": 0.01879,
  "TLMUSDT": 0.001735,
  "RSRUSDT": 0.001439,