{
  "BTCUSDT": 69241.5,
  "ETHUSDT": 2007.61,
  "SOLUSDT": 85.5,
  "BTC/USDCUSDT": 68429.8,
  "ETH/USDCUSDT": 1986.12,
  "XRPUSDT": 1.4821,
  "INITUSDT": 0.1319,
  "XAGUSDT": 76.62,
  "DOGEUSDT": 0.10079,
  "BTC/USDUSDT": 69153.7,
  "ZECUSDT": 290.15,
  "1000PEPEUSDT": 0.0045098,
  "XAUUSDT": 4993.27,
  "ETH/USDUSDT": 2007.83,
  "SIRENUSDT": 0.21804,
  "SPACEUSDT": 0.012083,
  "BNBUSDT": 622.37,
  "PIPPINUSDT": 0.70527,
  "TAOUSDT": 197.12,
  "VVVUSDT": 3.749,
  "SOL/USDCUSDT": 85.48,
  "HYPEUSDT": 30.428,
  "XRP/USDCUSDT": 1.4816,
  "ASTERUSDT": 0.7357,
  "SUIUSDT": 0.9868,
  "RIVERUSDT": 12.691,
  "ADAUSDT": 0.2856,
  "BCHUSDT": 570.52,
  "AVAXUSDT": 9.23,
  "RPLUSDT": 2.725,
  "STABLEUSDT": 0.029357,
  "TRUMPUSDT": 3.382,
  "LINKUSDT": 8.881,
  "PAXGUSDT": 4996.91,
  "LTCUSDT": 55.18,
  "\u6211\u8e0f\u9a6c\u6765\u4e86USDT": 0.020303,
  "POWERUSDT": 0.2929,
  "FILUSDT": 0.977,
  "XRP/USDUSDT": 1.4781,
  "SOL/USDUSDT": 83.93,
  "WLFIUSDT": 0.1008,
  "BNB/USDCUSDT": 622.66,
  "UNIUSDT": 3.563,
  "FHEUSDT": 0.04233,
  "ENAUSDT": 0.1224,
  "ZAMAUSDT": 0.02319,
  "PUMPUSDT": 0.002217,
  "NEARUSDT": 1.057,
  "XPLUSDT": 0.1031,
  "HUSDT": 0.19255,
  "DOTUSDT": 1.372,
  "PENGUUSDT": 0.007229,
  "ZROUSDT": 1.7295,
  "IPUSDT": 1.171,
  "KITEUSDT": 0.20718,
  "DOGE/USDCUSDT": 0.10074,
  "FARTCOINUSDT": 0.2016,
  "WIFUSDT": 0.2354,
  "LITUSDT": 1.676,
  "AAVEUSDT": 126.21,
  "MOODENGUSDT": 0.06275,
  "WLDUSDT": 0.4053,
  "BERAUSDT": 0.6442,
  "AXSUSDT": 1.362,
  "PTBUSDT": 0.001708,
  "OMUSDT": 0.06173,
  "TRXUSDT": 0.28496,
  "UMAUSDT": 0.5497,
  "VIRTUALUSDT": 0.6573,
  "DASHUSDT": 38.1,
  "1000SHIBUSDT": 0.006578,
  "DOGE/USDUSDT": 0.10072,
  "BTRUSDT": 0.18916,
  "APTUSDT": 0.9297,
  "BULLAUSDT": 0.02994,
  "LUNA2USDT": 0.06607,
  "EULUSDT": 1.03,
  "MUBARAKUSDT": 0.02007,
  "XLMUSDT": 0.1684,
  "\u5e01\u5b89\u4eba\u751fUSDT": 0.09739,
  "USELESSUSDT": 0.0538,
  "ZEC/USDCUSDT": 289.91,
  "XMRUSDT": 328.29,
  "HBARUSDT": 0.10135,
  "ARBUSDT": 0.1146,
  "ESPUSDT": 0.05899,
  "0GUSDT": 0.6473,
  "1000BONKUSDT": 0.006582,
  "DUSKUSDT": 0.10835,
  "BEATUSDT": 0.2586,
  "CRVUSDT": 0.254,
  "1000PEPE/USDCUSDT": 0.0045061,
  "MOVEUSDT": 0.02627,
  "ATOMUSDT": 2.243,
  "STORJUSDT": 0.1095,
  "BNB/USDUSDT": 624.34,
  "SUPERUSDT": 0.1326,
  "TONUSDT": 1.4495,
  "MONUSDT": 0.02358,
  "TAKEUSDT": 0.03122,
  "ETCUSDT": 8.83,
  "OGUSDT": 3.372,
  "ICPUSDT": 2.405,
  "MYXUSDT": 1.909,
  "CLOUSDT": 0.07109,
  "ETH/BTCUSDT": 1986.4469664,
  "ALLOUSDT": 0.08807,
  "TNSRUSDT": 0.05472,
  "ENSOUSDT": 1.0914,
  "SENTUSDT": 0.0221,
  "AZTECUSDT": 0.02207,
  "OGNUSDT": 0.0267,
  "ONDOUSDT": 0.2766,
  "OPUSDT": 0.1893,
  "COMPUSDT": 19.71,
  "RENDERUSDT": 1.451,
  "TIAUSDT": 0.3437,
  "TRIAUSDT": 0.01703,
  "MAGICUSDT": 0.07469,
  "MERLUSDT": 0.06288,
  "FIGHTUSDT": 0.007478,
  "POLUSDT": 0.1081,
  "PROMUSDT": 1.483,
  "SAGAUSDT": 0.03467,
  "FETUSDT": 0.1727,
  "INJUSDT": 3.153,
  "NILUSDT": 0.05925,
  "GALAUSDT": 0.00414,
  "LAUSDT": 0.2023,
  "LPTUSDT": 2.472,
  "PLAYUSDT": 0.02358,
  "SEIUSDT": 0.0755,
  "ZENUSDT": 6.279,
  "HUMAUSDT": 0.014666,
  "ARCUSDT": 0.08033,
  "CHZUSDT": 0.04126,
  "JUPUSDT": 0.1616,
  "MORPHOUSDT": 1.3594,
  "ZKPUSDT": 0.09258,
  "SUI/USDCUSDT": 0.986,
  "PYTHUSDT": 0.05696,
  "ADA/USDUSDT": 0.2854,
  "MEUSDT": 0.1358,
  "ALGOUSDT": 0.0942,
  "TRUTHUSDT": 0.015961,
  "LDOUSDT": 0.3449,
  "ROSEUSDT": 0.01239,
  "PENDLEUSDT": 1.2437,
  "BCH/USDCUSDT": 570.15,
  "FOGOUSDT": 0.02379,
  "SHELLUSDT": 0.03317,
  "NEIROUSDT": 7.8e-05,
  "SOMIUSDT": 0.1978,
  "1000LUNCUSDT": 0.03481,
  "DYDXUSDT": 0.109,
  "GPSUSDT": 0.011335,
  "SKLUSDT": 0.00727,
  "STGUSDT": 0.149,
  "MUSDT": 1.4047,
  "SPXUSDT": 0.3228,
  "1000FLOKIUSDT": 0.0322,
  "COWUSDT": 0.2082,
  "SANDUSDT": 0.08817,
  "SUI/USDUSDT": 0.9856,
  "SNXUSDT": 0.297,
  "NOMUSDT": 0.005596,
  "ENSUSDT": 6.816,
  "ARIAUSDT": 0.08939,
  "ZKUSDT": 0.02179,
  "LRCUSDT": 0.03516,
  "ADA/USDCUSDT": 0.2854,
  "ARPAUSDT": 0.01073,
  "DYMUSDT": 0.04709,
  "JELLYJELLYUSDT": 0.06115,
  "LYNUSDT": 0.23731,
  "FRAXUSDT": 0.6754,
  "GIGGLEUSDT": 31.92,
  "NAORISUSDT": 0.0312,
  "JCTUSDT": 0.001834,
  "COAIUSDT": 0.3525,
  "MANTAUSDT": 0.07942,
  "LINEAUSDT": 0.003677,
  "MSTRUSDT": 134.11,
  "STRKUSDT": 0.04911,
  "EIGENUSDT": 0.2116,
  "FIL/USDCUSDT": 0.977,
  "BANANAS31USDT": 0.004781,
  "BIRBUSDT": 0.19396,
  "LINK/USDCUSDT": 8.876,
  "ENA/USDCUSDT": 0.1224,
  "VETUSDT": 0.008318,
  "GUNUSDT": 0.02322,
  "ETHFIUSDT": 0.4816,
  "XPINUSDT": 0.001856,
  "CAKEUSDT": 1.3164,
  "POPCATUSDT": 0.05592,
  "XANUSDT": 0.00888,
  "ZILUSDT": 0.00432,
  "SYRUPUSDT": 0.24677,
  "LINK/USDUSDT": 8.873,
  "PNUTUSDT": 0.05127,
  "TRUMP/USDCUSDT": 3.381,
  "SUSDT": 0.04863,
  "GWEIUSDT": 0.02882,
  "COLLECTUSDT": 0.07098,
  "KASUSDT": 0.03204,
  "ONUSDT": 0.09658,
  "AWEUSDT": 0.0978,
  "CYSUSDT": 0.5239,
  "KSMUSDT": 4.798,
  "XPDUSDT": 1726.67,
  "TURBOUSDT": 0.0011272,
  "TRBUSDT": 15.888,
  "FIL/USDUSDT": 0.976,
  "ORDIUSDT": 2.814,
  "ACEUSDT": 0.1729,
  "CCUSDT": 0.16069,
  "C98USDT": 0.0306,
  "ARUSDT": 2.034,
  "SKRUSDT": 0.020496,
  "TOSHIUSDT": 0.0002279,
  "CYBERUSDT": 0.5754,
  "FFUSDT": 0.08137,
  "XNYUSDT": 0.005693,
  "AVNTUSDT": 0.2036,
  "ACUUSDT": 0.11401,
  "IP/USDCUSDT": 1.17,
  "BROCCOLI714USDT": 0.01502,
  "RAVEUSDT": 0.38937,
  "MEMEUSDT": 0.0007236,
  "AVAX/USDCUSDT": 9.224,
  "XPTUSDT": 2047.98,
  "ALPINEUSDT": 0.4527,
  "APEUSDT": 0.1304,
  "AIAUSDT": 0.10679,
  "STXUSDT": 0.2658,
  "CFXUSDT": 0.05533,
  "BASUSDT": 0.00512,
  "LTC/USDCUSDT": 55.14,
  "MIRAUSDT": 0.0933,
  "LIGHTUSDT": 0.235,
  "RUNEUSDT": 0.4042,
  "MASKUSDT": 0.4739,
  "RESOLVUSDT": 0.06175,
  "AIXBTUSDT": 0.02149,
  "BOMEUSDT": 0.0004405,
  "BIOUSDT": 0.0245,
  "GRTUSDT": 0.02811,
  "JTOUSDT": 0.2707,
  "SPORTFUNUSDT": 0.0373,
  "DOLOUSDT": 0.03799,
  "BCH/USDUSDT": 569.99,
  "XTZUSDT": 0.399,
  "BREVUSDT": 0.1363,
  "LSKUSDT": 0.1451,
  "STOUSDT": 0.05734,
  "WLFI/USDCUSDT": 0.1006,
  "EGLDUSDT": 4.831,
  "JASMYUSDT": 0.005978,
  "DEEPUSDT": 0.02918,
  "USTCUSDT": 0.005044,
  "KAITOUSDT": 0.3208,
  "ARKMUSDT": 0.1183,
  "EDENUSDT": 0.03448,
  "LTC/USDUSDT": 55.14,
  "VICUSDT": 0.05055,
  "AIOUSDT": 0.07835,
  "AEROUSDT": 0.317,
  "OPENUSDT": 0.1583,
  "HOTUSDT": 0.000394,
  "ESPORTSUSDT": 0.37219,
  "MMTUSDT": 0.1322,
  "BATUSDT": 0.1287,
  "SYNUSDT": 0.05086,
  "AUCTIONUSDT": 5.332,
  "ALICEUSDT": 0.113,
  "IRYSUSDT": 0.03797,
  "AXLUSDT": 0.06218,
  "BANUSDT": 0.09967,
  "LISTAUSDT": 0.094,
  "MANAUSDT": 0.1027,
  "ACTUSDT": 0.01564,
  "PEOPLEUSDT": 0.00709,
  "ARB/USDCUSDT": 0.1146,
  "PARTIUSDT": 0.10605,
  "SAPIENUSDT": 0.08864,
  "1000SATSUSDT": 1.19e-05,
  "WUSDT": 0.02054,
  "NIGHTUSDT": 0.05677,
  "ZKCUSDT": 0.0976,
  "HAEDALUSDT": 0.02994,
  "TSLAUSDT": 417.28,
  "SQDUSDT": 0.04116,
  "BEAMXUSDT": 0.002467,
  "FLOWUSDT": 0.04074,
  "QNTUSDT": 70.19,
  "METUSDT": 0.2228,
  "THETAUSDT": 0.2093,
  "BARDUSDT": 0.7914,
  "NMRUSDT": 8.589,
  "NEAR/USDCUSDT": 1.057,
  "VANAUSDT": 1.558,
  "UNI/USDUSDT": 3.56,
  "CUSDT": 0.05823,
  "CRV/USDCUSDT": 0.2541,
  "ACHUSDT": 0.00764,
  "KERNELUSDT": 0.06852,
  "MAGMAUSDT": 0.1019,
  "PENGU/USDCUSDT": 0.007217,
  "EDUUSDT": 0.1314,
  "ALCHUSDT": 0.08366,
  "BTCDOMUSDT": 5073.6,
  "KAIAUSDT": 0.05794,
  "RAYSOLUSDT": 0.6248,
  "COINUSDT": 165.31,
  "KGENUSDT": 0.16767,
  "REZUSDT": 0.00316,
  "RAREUSDT": 0.02038,
  "ZORAUSDT": 0.02133,
  "CHRUSDT": 0.0264,
  "4USDT": 0.01002,
  "TREEUSDT": 0.07376,
  "BABYUSDT": 0.01416,
  "NEOUSDT": 2.863,
  "UAIUSDT": 0.2442,
  "SOONUSDT": 0.1833,
  "IRUSDT": 0.0797,
  "GMTUSDT": 0.0125,
  "WCTUSDT": 0.06288,
  "YFIUSDT": 2904.0,
  "TWTUSDT": 0.5361,
  "TOWNSUSDT": 0.004174,
  "SKYUSDT": 0.06659,
  "RECALLUSDT": 0.04846,
  "PLUMEUSDT": 0.01098,
  "1INCHUSDT": 0.0952,
  "API3USDT": 0.3175,
  "XVGUSDT": 0.006126,
  "HANAUSDT": 0.03875,
  "APRUSDT": 0.09413,
  "HEMIUSDT": 0.01047,
  "ICNTUSDT": 0.4745,
  "2ZUSDT": 0.07823,
  "IOUSDT": 0.1085,
  "INUSDT": 0.06469,
  "IMXUSDT": 0.1688,
  "XAIUSDT": 0.01075,
  "AVAX/USDUSDT": 9.22,
  "ZRXUSDT": 0.1097,