{
  "BTCUSDT": 70271.5,
  "ETHUSDT": 2098.5,
  "SOLUSDT": 86.88,
  "XRPUSDT": 1.464,
  "BNBUSDT": 632.76,
  "BCHUSDT": 566.76,
  "DOGEUSDT": 0.10041,
  "HYPEUSDT": 31.894,
  "PAXGUSDT": 5025.62,
  "XAGUSDT": 77.44,
  "ZECUSDT": 280.8,
  "XAUUSDT": 5038.44,
  "SUIUSDT": 1.002,
  "TRXUSDT": 0.28378,
  "ASTERUSDT": 0.7193,
  "LINKUSDT": 9.024,
  "LTCUSDT": 55.7,
  "AVAXUSDT": 9.374,
  "UNIUSDT": 3.515,
  "ADAUSDT": 0.2829,
  "PIPPINUSDT": 0.66383,
  "1000PEPEUSDT": 0.0039467,
  "ENAUSDT": 0.125,
  "PUMPUSDT": 0.002154,
  "AAVEUSDT": 128.43,
  "WLFIUSDT": 0.1057,
  "NEARUSDT": 1.051,
  "KITEUSDT": 0.2,
  "LITUSDT": 1.611,
  "WLDUSDT": 0.41,
  "FILUSDT": 0.973,
  "TRUMPUSDT": 3.472,
  "TAOUSDT": 194.58,
  "XPLUSDT": 0.0984,
  "ARCUSDT": 0.07631,
  "HUSDT": 0.20256,
  "ZROUSDT": 1.8673,
  "DOTUSDT": 1.372,
  "TONUSDT": 1.4971,
  "HBARUSDT": 0.10337,
  "1000SHIBUSDT": 0.006535,
  "APTUSDT": 0.964,
  "BERAUSDT": 0.692,
  "RIVERUSDT": 14.122,
  "MONUSDT": 0.02435,
  "ATOMUSDT": 2.139,
  "XLMUSDT": 0.17,
  "AXSUSDT": 1.464,
  "XMRUSDT": 354.84,
  "ARBUSDT": 0.1188,
  "ICPUSDT": 2.46,
  "WIFUSDT": 0.232,
  "DASHUSDT": 38.85,
  "FARTCOINUSDT": 0.1953,
  "CRVUSDT": 0.255,
  "PENGUUSDT": 0.007006,
  "IPUSDT": 1.16,
  "FFUSDT": 0.0809,
  "FETUSDT": 0.1722,
  "ETCUSDT": 8.804,
  "1000BONKUSDT": 0.0065,
  "BARDUSDT": 0.8019,
  "POLUSDT": 0.10605,
  "\u5e01\u5b89\u4eba\u751fUSDT": 0.10487,
  "CHZUSDT": 0.04304,
  "OPUSDT": 0.194,
  "PARTIUSDT": 0.11215,
  "VIRTUALUSDT": 0.6807,
  "TIAUSDT": 0.3452,
  "BTCDOMUSDT": 5074.5,
  "SENTUSDT": 0.02262,
  "ONDOUSDT": 0.2808,
  "JUPUSDT": 0.1586,
  "ZKUSDT": 0.02299,
  "SEIUSDT": 0.0771,
  "ZAMAUSDT": 0.01986,
  "0GUSDT": 0.6298,
  "ETHFIUSDT": 0.4829,
  "BANUSDT": 0.09543,
  "LDOUSDT": 0.3556,
  "CCUSDT": 0.16366,
  "OMUSDT": 0.0608,
  "BTRUSDT": 0.16778,
  "UBUSDT": 0.04738,
  "ALCHUSDT": 0.08456,
  "PENDLEUSDT": 1.2729,
  "RENDERUSDT": 1.46,
  "ZENUSDT": 6.493,
  "SKYUSDT": 0.0688,
  "KAITOUSDT": 0.3305,
  "INJUSDT": 3.196,
  "1000RATSUSDT": 0.05088,
  "ATUSDT": 0.1601,
  "BANANAS31USDT": 0.004982,
  "POWERUSDT": 0.28158,
  "ENSOUSDT": 1.1588,
  "OGUSDT": 5.049,
  "SANDUSDT": 0.08956,
  "TAKEUSDT": 0.05695,
  "STABLEUSDT": 0.023724,
  "AWEUSDT": 0.09501,
  "\u6211\u8e0f\u9a6c\u6765\u4e86USDT": 0.025177,
  "GIGGLEUSDT": 32.43,
  "DUSKUSDT": 0.1101,
  "CYSUSDT": 0.4577,
  "STRKUSDT": 0.05046,
  "MSTRUSDT": 135.23,
  "NIGHTUSDT": 0.0572,
  "ROSEUSDT": 0.01286,
  "QUSDT": 0.01995,
  "SKYAIUSDT": 0.04011,
  "COMPUSDT": 19.92,
  "HOMEUSDT": 0.027271,
  "HANAUSDT": 0.03563,
  "CAKEUSDT": 1.3374,
  "SPACEUSDT": 0.009301,
  "PIEVERSEUSDT": 0.4274,
  "TRADOORUSDT": 1.363,
  "ALGOUSDT": 0.0983,
  "METUSDT": 0.2246,
  "USDCUSDT": 0.999967,
  "ZILUSDT": 0.00454,
  "MYXUSDT": 2.319,
  "GALAUSDT": 0.00423,
  "LYNUSDT": 0.21089,
  "ENSUSDT": 7.09,
  "GPSUSDT": 0.010932,
  "PYTHUSDT": 0.05393,
  "AVNTUSDT": 0.206,
  "AUCTIONUSDT": 5.376,
  "VVVUSDT": 2.984,
  "MUSDT": 1.3791,
  "LINEAUSDT": 0.003856,
  "GUNUSDT": 0.02528,
  "MORPHOUSDT": 1.2922,
  "COLLECTUSDT": 0.07434,
  "BUSDT": 0.1453,
  "SUSDT": 0.04997,
  "EIGENUSDT": 0.2143,
  "MEUSDT": 0.1552,
  "B2USDT": 0.7046,
  "BIRBUSDT": 0.20594,
  "XTZUSDT": 0.415,
  "VETUSDT": 0.008431,
  "AEROUSDT": 0.3235,
  "BEAMXUSDT": 0.002455,
  "LPTUSDT": 2.5,
  "LAUSDT": 0.2197,
  "SYRUPUSDT": 0.27995,
  "BIOUSDT": 0.02537,
  "XPINUSDT": 0.001526,
  "DYDXUSDT": 0.109,
  "TSLAUSDT": 417.95,
  "ZKPUSDT": 0.09322,
  "HUMAUSDT": 0.013176,
  "BEATUSDT": 0.2748,
  "MOVEUSDT": 0.02425,
  "RESOLVUSDT": 0.06317,
  "1000LUNCUSDT": 0.0342,
  "COAIUSDT": 0.4368,
  "ESPUSDT": 0.06139,
  "BULLAUSDT": 0.02451,
  "NEOUSDT": 2.891,
  "AIAUSDT": 0.12926,
  "FORMUSDT": 0.2198,
  "JELLYJELLYUSDT": 0.05739,
  "PNUTUSDT": 0.05042,
  "ORDIUSDT": 2.897,
  "COWUSDT": 0.2505,
  "FOGOUSDT": 0.02293,
  "CLOUSDT": 0.08885,
  "MOODENGUSDT": 0.05574,
  "RAVEUSDT": 0.36446,
  "LRCUSDT": 0.03404,
  "BANKUSDT": 0.04375,
  "GUAUSDT": 0.14254,
  "NXPCUSDT": 0.2871,
  "STXUSDT": 0.2735,
  "XNYUSDT": 0.006794,
  "SOMIUSDT": 0.197,
  "SIRENUSDT": 0.12925,
  "VANAUSDT": 1.647,
  "ATHUSDT": 0.006483,
  "ESPORTSUSDT": 0.354,
  "STGUSDT": 0.1625,
  "FHEUSDT": 0.04112,
  "MERLUSDT": 0.05652,
  "TRBUSDT": 16.246,
  "ALLOUSDT": 0.082,
  "PLUMEUSDT": 0.0118,
  "WCTUSDT": 0.06659,
  "1000FLOKIUSDT": 0.03155,
  "JTOUSDT": 0.2732,
  "API3USDT": 0.3239,
  "ARUSDT": 2.064,
  "NMRUSDT": 8.646,
  "CFXUSDT": 0.05591,
  "EDUUSDT": 0.1298,
  "2ZUSDT": 0.08059,
  "QNTUSDT": 74.56,
  "TRIAUSDT": 0.01882,
  "SPXUSDT": 0.3264,
  "FLOWUSDT": 0.04492,
  "XVGUSDT": 0.006557,
  "MANAUSDT": 0.1042,
  "JASMYUSDT": 0.006157,
  "WUSDT": 0.02109,
  "ZKCUSDT": 0.1014,
  "4USDT": 0.01042,
  "AZTECUSDT": 0.02232,
  "TNSRUSDT": 0.05691,
  "EULUSDT": 0.958,
  "BREVUSDT": 0.1477,
  "IRYSUSDT": 0.04295,
  "LIGHTUSDT": 0.245,
  "GWEIUSDT": 0.025858,
  "UAIUSDT": 0.2443,
  "KAIAUSDT": 0.05877,
  "ZORAUSDT": 0.022,
  "TAGUSDT": 0.0003778,
  "C98USDT": 0.0326,
  "GRTUSDT": 0.02829,
  "APEUSDT": 0.1328,
  "TAUSDT": 0.03674,
  "THETAUSDT": 0.2198,
  "1INCHUSDT": 0.0986,
  "NAORISUSDT": 0.03088,
  "JSTUSDT": 0.042086,
  "SPKUSDT": 0.02267,
  "EGLDUSDT": 5.163,
  "ZRXUSDT": 0.1139,
  "MMTUSDT": 0.138,
  "IMXUSDT": 0.1702,
  "MUBARAKUSDT": 0.01864,
  "IOTAUSDT": 0.0703,
  "SFPUSDT": 0.2581,
  "RUNEUSDT": 0.4225,
  "SKRUSDT": 0.023631,
  "MANTAUSDT": 0.08058,
  "AGTUSDT": 0.004733,
  "FRAXUSDT": 0.6435,
  "ANIMEUSDT": 0.005811,
  "ACTUSDT": 0.01499,
  "NEIROUSDT": 7.82e-05,
  "BOMEUSDT": 0.000424,
  "AXLUSDT": 0.06239,
  "NILUSDT": 0.05692,
  "BSVUSDT": 16.88,
  "FUSDT": 0.006417,
  "MEGAUSDT": 0.12992,
  "PROVEUSDT": 0.3336,
  "SNXUSDT": 0.303,
  "FOLKSUSDT": 1.43,
  "GRASSUSDT": 0.2047,
  "PTBUSDT": 0.001405,
  "ARKMUSDT": 0.1247,
  "NOMUSDT": 0.005502,
  "KASUSDT": 0.03341,
  "TWTUSDT": 0.5261,
  "GASUSDT": 1.702,
  "TSTUSDT": 0.01121,
  "AUSDT": 0.0891,
  "MINAUSDT": 0.06847,
  "ICNTUSDT": 0.4625,
  "YFIUSDT": 2929.0,
  "KGENUSDT": 0.17772,
  "BATUSDT": 0.1344,
  "SOPHUSDT": 0.010009,
  "PEOPLEUSDT": 0.00695,
  "SIGNUSDT": 0.02869,
  "BLUAIUSDT": 0.005846,
  "DEEPUSDT": 0.02956,
  "FIGHTUSDT": 0.006388,
  "TUTUSDT": 0.01188,
  "POPCATUSDT": 0.05247,
  "GMTUSDT": 0.01296,
  "ACHUSDT": 0.007973,
  "CYBERUSDT": 0.5875,
  "AVAAIUSDT": 0.00795,
  "LAYERUSDT": 0.0959,
  "YBUSDT": 0.1754,
  "SAHARAUSDT": 0.01654,
  "TURBOUSDT": 0.0011293,
  "OPENUSDT": 0.1745,
  "MAGICUSDT": 0.07071,
  "SONICUSDT": 0.05051,
  "ZBTUSDT": 0.07613,
  "SWARMSUSDT": 0.00763,
  "IDOLUSDT": 0.02212,
  "SOONUSDT": 0.1911,
  "BABYUSDT": 0.01405,
  "BLURUSDT": 0.02191,
  "TRUTHUSDT": 0.015102,
  "AIOUSDT": 0.08086,
  "CATIUSDT": 0.04201,
  "SANTOSUSDT": 1.918,
  "BASUSDT": 0.006007,
  "AKEUSDT": 0.0002816,
  "SUPERUSDT": 0.1319,
  "SUSHIUSDT": 0.2152,
  "LUNA2USDT": 0.06379,
  "MEMEUSDT": 0.000719,
  "THEUSDT": 0.2787,
  "ONTUSDT": 0.0473,
  "CELOUSDT": 0.088,
  "YGGUSDT": 0.0429,
  "INUSDT": 0.06821,
  "IOUSDT": 0.109,
  "TOSHIUSDT": 0.0002424,
  "ALTUSDT": 0.00904,
  "GLMUSDT": 0.19956,
  "SKLUSDT": 0.00726,
  "XPTUSDT": 2069.0,
  "VELODROMEUSDT": 0.01512,
  "STOUSDT": 0.05549,
  "SYNUSDT": 0.04897,
  "DYMUSDT": 0.04711,
  "CTSIUSDT": 0.0273,
  "SUNUSDT": 0.017174,
  "SOLVUSDT": 0.00499,
  "KERNELUSDT": 0.06901,
  "HYPERUSDT": 0.1083,
  "IDUSDT": 0.05478,
  "ERAUSDT": 0.1654,
  "ASRUSDT": 1.453,
  "AIXBTUSDT": 0.02182,
  "MASKUSDT": 0.4765,
  "WALUSDT": 0.0856,
  "STBLUSDT": 0.04176,
  "QTUMUSDT": 1.014,
  "RAREUSDT": 0.02027,
  "ANKRUSDT": 0.004711,
  "BROCCOLI714USDT": 0.01544,
  "INITUSDT": 0.06975,
  "EDENUSDT": 0.03455,
  "CVXUSDT": 2.006,
  "GUSDT": 0.004132,
  "MELANIAUSDT": 0.1214,
  "KAVAUSDT": 0.0576,
  "ORCAUSDT": 0.817,
  "AINUSDT": 0.03515,
  "BANANAUSDT": 4.825,
  "DEXEUSDT": 2.431,
  "ZEREBROUSDT": 0.00836,
  "ARPAUSDT": 0.01031,
  "VELVETUSDT": 0.07691,
  "KMNOUSDT": 0.02987,
  "SAPIENUSDT": 0.09244,
  "KOMAUSDT": 0.00795,
  "POLYXUSDT": 0.04696,
  "ONUSDT": 0.08645,
  "HEMIUSDT": 0.01017,
  "XVSUSDT": 2.986,
  "ELSAUSDT": 0.0837,
  "DEGOUSDT": 0.3465,
  "KSMUSDT": 4.72,
  "RSRUSDT": 0.001644,