{
  "BTCUSDT": 68061.0,
  "ETHUSDT": 1976.3,
  "SOLUSDT": 85.35,
  "XRPUSDT": 1.443,
  "BNBUSDT": 630.41,
  "BCHUSDT": 567.37,
  "DOGEUSDT": 0.09997,
  "HYPEUSDT": 30.127,
  "XAGUSDT": 84.53,
  "WLFIUSDT": 0.1192,
  "PAXGUSDT": 5124.66,
  "XAUUSDT": 5112.61,
  "ZECUSDT": 261.63,
  "TRXUSDT": 0.2861,
  "SUIUSDT": 0.9601,
  "ASTERUSDT": 0.729,
  "LINKUSDT": 8.937,
  "ADAUSDT": 0.2833,
  "UNIUSDT": 3.645,
  "AVAXUSDT": 9.271,
  "LTCUSDT": 55.04,
  "1000PEPEUSDT": 0.0042956,
  "PUMPUSDT": 0.00212,
  "ENAUSDT": 0.1114,
  "AAVEUSDT": 122.12,
  "KITEUSDT": 0.23495,
  "NEARUSDT": 1.09,
  "PIPPINUSDT": 0.49385,
  "WLDUSDT": 0.395,
  "TRUMPUSDT": 3.519,
  "LITUSDT": 1.492,
  "FILUSDT": 1.001,
  "TAOUSDT": 182.33,
  "XPLUSDT": 0.0988,
  "DOTUSDT": 1.385,
  "ARCUSDT": 0.07222,
  "ZROUSDT": 1.7156,
  "ATOMUSDT": 2.358,
  "APTUSDT": 0.902,
  "ENSOUSDT": 2.01,
  "ARBUSDT": 0.1032,
  "TONUSDT": 1.3307,
  "1000SHIBUSDT": 0.006513,
  "HBARUSDT": 0.10025,
  "XLMUSDT": 0.16286,
  "ICPUSDT": 2.241,
  "AXSUSDT": 1.327,
  "BERAUSDT": 0.585,
  "ETCUSDT": 9.636,
  "OPUSDT": 0.1314,
  "RIVERUSDT": 8.188,
  "HUSDT": 0.16478,
  "XMRUSDT": 328.14,
  "MONUSDT": 0.02103,
  "AZTECUSDT": 0.03552,
  "POWERUSDT": 0.45953,
  "FETUSDT": 0.1685,
  "WIFUSDT": 0.2267,
  "FFUSDT": 0.08094,
  "PENGUUSDT": 0.007037,
  "CRVUSDT": 0.245,
  "INJUSDT": 3.846,
  "BARDUSDT": 0.7568,
  "1000BONKUSDT": 0.006476,
  "FARTCOINUSDT": 0.1875,
  "BANUSDT": 0.12976,
  "IPUSDT": 1.11,
  "PARTIUSDT": 0.10499,
  "POLUSDT": 0.1107,
  "\u5e01\u5b89\u4eba\u751fUSDT": 0.08713,
  "DASHUSDT": 34.62,
  "CHZUSDT": 0.03606,
  "ZAMAUSDT": 0.02535,
  "BTCDOMUSDT": 5075.6,
  "SENTUSDT": 0.02335,
  "TIAUSDT": 0.3442,
  "RAVEUSDT": 0.54755,
  "VIRTUALUSDT": 0.6456,
  "ONDOUSDT": 0.2716,
  "0GUSDT": 0.6847,
  "ETHFIUSDT": 0.4769,
  "VVVUSDT": 4.411,
  "SEIUSDT": 0.0713,
  "ZKUSDT": 0.02023,
  "JUPUSDT": 0.1593,
  "BIOUSDT": 0.02993,
  "LYNUSDT": 0.30295,
  "MYXUSDT": 1.132,
  "STABLEUSDT": 0.029736,
  "ESPUSDT": 0.08586,
  "RENDERUSDT": 1.488,
  "ALCHUSDT": 0.08043,
  "CCUSDT": 0.15984,
  "LDOUSDT": 0.3354,
  "PENDLEUSDT": 1.2363,
  "ALLOUSDT": 0.13884,
  "KAITOUSDT": 0.307,
  "QUSDT": 0.021865,
  "BTRUSDT": 0.1972,
  "1000RATSUSDT": 0.04653,
  "HOMEUSDT": 0.029144,
  "NIGHTUSDT": 0.05979,
  "ZENUSDT": 5.898,
  "BANANAS31USDT": 0.004618,
  "SANDUSDT": 0.08597,
  "SIRENUSDT": 0.21411,
  "DUSKUSDT": 0.08565,
  "HANAUSDT": 0.03628,
  "ATUSDT": 0.16073,
  "SKYAIUSDT": 0.03891,
  "STRKUSDT": 0.04612,
  "ALGOUSDT": 0.0904,
  "CAKEUSDT": 1.3184,
  "ORCAUSDT": 1.08,
  "JTOUSDT": 0.3069,
  "UBUSDT": 0.03806,
  "TRADOORUSDT": 1.413,
  "GUNUSDT": 0.02838,
  "GPSUSDT": 0.013129,
  "ZILUSDT": 0.00424,
  "MORPHOUSDT": 1.6045,
  "OMUSDT": 0.06439,
  "PIEVERSEUSDT": 0.415,
  "SKYUSDT": 0.06417,
  "MUSDT": 1.3309,
  "\u6211\u8e0f\u9a6c\u6765\u4e86USDT": 0.016276,
  "GALAUSDT": 0.00399,
  "USDCUSDT": 0.999848,
  "YGGUSDT": 0.04866,
  "ROSEUSDT": 0.01372,
  "APEUSDT": 0.1111,
  "GIGGLEUSDT": 29.53,
  "PYTHUSDT": 0.0551,
  "B2USDT": 0.7231,
  "AWEUSDT": 0.05787,
  "XPINUSDT": 0.001749,
  "METUSDT": 0.2132,
  "CYSUSDT": 0.3871,
  "SNXUSDT": 0.388,
  "AVNTUSDT": 0.1946,
  "BEAMXUSDT": 0.00231,
  "HUMAUSDT": 0.012736,
  "NAORISUSDT": 0.04755,
  "JELLYJELLYUSDT": 0.06683,
  "EIGENUSDT": 0.197,
  "SYRUPUSDT": 0.229,
  "BUSDT": 0.132,
  "ORDIUSDT": 2.746,
  "MSTRUSDT": 131.42,
  "AEROUSDT": 0.3306,
  "COMPUSDT": 18.25,
  "DYDXUSDT": 0.101,
  "GUAUSDT": 0.15456,
  "BULLAUSDT": 0.0263,
  "INITUSDT": 0.09842,
  "XTZUSDT": 0.396,
  "ENSUSDT": 6.971,
  "FOGOUSDT": 0.02678,
  "MEUSDT": 0.13,
  "SPACEUSDT": 0.010044,
  "ESPORTSUSDT": 0.345,
  "TSLAUSDT": 411.51,
  "SUSDT": 0.04531,
  "MOVEUSDT": 0.02388,
  "ZKPUSDT": 0.09235,
  "VETUSDT": 0.00784,
  "NXPCUSDT": 0.2747,
  "NEOUSDT": 2.761,
  "FORMUSDT": 0.2119,
  "PNUTUSDT": 0.04924,
  "AUCTIONUSDT": 5.109,
  "COLLECTUSDT": 0.05043,
  "CYBERUSDT": 0.5727,
  "LINEAUSDT": 0.003502,
  "LAUSDT": 0.2105,
  "VANAUSDT": 1.631,
  "EULUSDT": 1.055,
  "1000LUNCUSDT": 0.03702,
  "SOMIUSDT": 0.2107,
  "STGUSDT": 0.1484,
  "RESOLVUSDT": 0.06505,
  "BEATUSDT": 0.2461,
  "1000FLOKIUSDT": 0.03085,
  "LPTUSDT": 2.376,
  "OGUSDT": 3.324,
  "PLUMEUSDT": 0.0102,
  "GWEIUSDT": 0.029802,
  "STXUSDT": 0.257,
  "TRBUSDT": 15.546,
  "CLOUSDT": 0.08722,
  "MERLUSDT": 0.05213,
  "FHEUSDT": 0.04043,
  "BIRBUSDT": 0.17499,
  "EDUUSDT": 0.1256,
  "GRTUSDT": 0.02885,
  "ATHUSDT": 0.00564,
  "MOODENGUSDT": 0.05787,
  "LRCUSDT": 0.03409,
  "BANKUSDT": 0.04009,
  "WUSDT": 0.02013,
  "UAIUSDT": 0.245,
  "2ZUSDT": 0.07401,
  "MANAUSDT": 0.0996,
  "NMRUSDT": 8.232,
  "JASMYUSDT": 0.005897,
  "CFXUSDT": 0.05384,
  "ARUSDT": 2.071,
  "MMTUSDT": 0.1308,
  "WCTUSDT": 0.06152,
  "AGTUSDT": 0.00536,
  "RPLUSDT": 2.407,
  "USELESSUSDT": 0.04241,
  "SPXUSDT": 0.3242,
  "COAIUSDT": 0.3316,
  "TAUSDT": 0.0389,
  "API3USDT": 0.3047,
  "TRIAUSDT": 0.01675,
  "LIGHTUSDT": 0.242,
  "IMXUSDT": 0.17,
  "TRUTHUSDT": 0.011937,
  "ZORAUSDT": 0.02072,
  "LUNA2USDT": 0.06492,
  "AIAUSDT": 0.10451,
  "4USDT": 0.00927,
  "THETAUSDT": 0.2071,
  "FLOWUSDT": 0.03838,
  "ZRXUSDT": 0.1135,
  "IOTAUSDT": 0.0704,
  "PTBUSDT": 0.00143,
  "SFPUSDT": 0.2775,
  "IOUSDT": 0.1217,
  "SPKUSDT": 0.02127,
  "QNTUSDT": 65.74,
  "JSTUSDT": 0.042995,
  "AXLUSDT": 0.05584,
  "1INCHUSDT": 0.0936,
  "BREVUSDT": 0.141,
  "TAGUSDT": 0.0003392,
  "FOLKSUSDT": 1.398,
  "NEIROUSDT": 7.54e-05,
  "RUNEUSDT": 0.4155,
  "KAIAUSDT": 0.05613,
  "ARKMUSDT": 0.1164,
  "SKRUSDT": 0.019919,
  "NOMUSDT": 0.005511,
  "YFIUSDT": 2847.0,
  "EGLDUSDT": 4.671,
  "ANIMEUSDT": 0.005069,
  "KGENUSDT": 0.18137,
  "BOMEUSDT": 0.0004218,
  "FIGHTUSDT": 0.007175,
  "MEGAUSDT": 0.13053,
  "SAHARAUSDT": 0.01585,
  "MAGICUSDT": 0.07053,
  "TWTUSDT": 0.53,
  "AUSDT": 0.0839,
  "ZKCUSDT": 0.0912,
  "PROVEUSDT": 0.3095,
  "BLUAIUSDT": 0.005167,
  "XNYUSDT": 0.004618,
  "PEOPLEUSDT": 0.00692,
  "TAKEUSDT": 0.02467,
  "COWUSDT": 0.2079,
  "GASUSDT": 1.612,
  "MANTAUSDT": 0.07218,
  "ACTUSDT": 0.01481,
  "KASUSDT": 0.03138,
  "TSTUSDT": 0.01072,
  "SIGNUSDT": 0.02593,
  "AVAAIUSDT": 0.00777,
  "TURBOUSDT": 0.001091,
  "CTSIUSDT": 0.0284,
  "MINAUSDT": 0.06331,
  "TUTUSDT": 0.01129,
  "OPENUSDT": 0.1534,
  "GMTUSDT": 0.01229,
  "AIOUSDT": 0.07871,
  "NILUSDT": 0.05244,
  "SUPERUSDT": 0.1211,
  "GRASSUSDT": 0.1914,
  "SWARMSUSDT": 0.00718,
  "BATUSDT": 0.1225,
  "SANTOSUSDT": 1.899,
  "BSVUSDT": 16.46,
  "ZBTUSDT": 0.07379,
  "TNSRUSDT": 0.04988,
  "YBUSDT": 0.1641,
  "SOPHUSDT": 0.009304,
  "MUBARAKUSDT": 0.01599,
  "FUSDT": 0.005945,
  "IDOLUSDT": 0.02194,
  "POPCATUSDT": 0.05228,
  "VELVETUSDT": 0.07867,
  "CATIUSDT": 0.04049,
  "KSMUSDT": 5.039,
  "SUSHIUSDT": 0.2132,
  "AKEUSDT": 0.0002778,
  "XPTUSDT": 2160.84,
  "BABYUSDT": 0.01331,
  "XVGUSDT": 0.006152,
  "LAYERUSDT": 0.0888,
  "CVXUSDT": 1.98,
  "EDENUSDT": 0.0365,
  "VELODROMEUSDT": 0.01508,
  "ICNTUSDT": 0.4022,
  "C98USDT": 0.0272,
  "BLURUSDT": 0.02115,
  "ACHUSDT": 0.007635,
  "RAYSOLUSDT": 0.6569,
  "SOLVUSDT": 0.00464,
  "ALTUSDT": 0.0082,
  "MASKUSDT": 0.4562,
  "DOLOUSDT": 0.04064,
  "GLMUSDT": 0.16679,
  "AIXBTUSDT": 0.02045,
  "DEXEUSDT": 2.448,
  "IRUSDT": 0.09347,
  "ONTUSDT": 0.0445,
  "SOONUSDT": 0.1712,
  "ASRUSDT": 1.419,
  "CELOUSDT": 0.079,
  "ANKRUSDT": 0.004617,
  "STOUSDT": 0.05671,
  "SONICUSDT": 0.05051,
  "DRIFTUSDT": 0.0917,
  "MEMEUSDT": 0.0006969,
  "UMAUSDT": 0.4744,
  "RAREUSDT": 0.0193,
  "THEUSDT": 0.2644,
  "SUNUSDT": 0.016926,
  "KERNELUSDT": 0.07006,
  "DEGOUSDT": 0.3561,
  "FRAXUSDT": 0.6723,
  "ZEREBROUSDT": 0.00795,
  "MELANIAUSDT": 0.1171,
  "ERAUSDT": 0.1584,
  "SAPIENUSDT": 0.08687,
  "PROMUSDT": 1.31,
  "GMXUSDT": 6.869,
  "IDUSDT": 0.04897,
  "WOOUSDT": 0.01866,
  "ONUSDT": 0.09875,
  "KAVAUSDT": 0.0531,
  "WALUSDT": 0.0815,
  "RSRUSDT": 0.001512,
  "HYPERUSDT": 0.0983,
  "BANANAUSDT": 4.572,
  "KMNOUSDT": 0.02808,
  "POLYXUSDT": 0.04439,
  "LSKUSDT": 0.1424,
  "SKLUSDT": 0.00692,
  "IOTXUSDT": 0.00482,
  "STBLUSDT": 0.03771,
  "AKTUSDT": 0.3232,
  "FIDAUSDT": 0.01801,
  "STORJUSDT": 0.098,
  "KOMAUSDT": 0.00743,