{
  "BTCUSDT": 65016.0,
  "ETHUSDT": 1906.7,
  "SOLUSDT": 81.11,
  "XRPUSDT": 1.3358,
  "BNBUSDT": 604.7,
  "XAUUSDT": 5302.46,
  "DOGEUSDT": 0.09136,
  "XAGUSDT": 93.97,
  "BCHUSDT": 449.15,
  "PAXGUSDT": 5393.0,
  "HYPEUSDT": 27.775,
  "WLFIUSDT": 0.1096,
  "TRXUSDT": 0.27956,
  "ZECUSDT": 212.06,
  "UNIUSDT": 3.673,
  "ADAUSDT": 0.2691,
  "ASTERUSDT": 0.6984,
  "SUIUSDT": 0.8634,
  "LINKUSDT": 8.48,
  "AVAXUSDT": 8.686,
  "LTCUSDT": 52.88,
  "1000PEPEUSDT": 0.0035463,
  "PUMPUSDT": 0.00181,
  "ENAUSDT": 0.0995,
  "PIPPINUSDT": 0.60908,
  "NEARUSDT": 1.071,
  "DOTUSDT": 1.51,
  "WLDUSDT": 0.382,
  "AAVEUSDT": 108.71,
  "KITEUSDT": 0.25757,
  "FILUSDT": 0.953,
  "POWERUSDT": 1.92106,
  "TRUMPUSDT": 3.336,
  "XPLUSDT": 0.0934,
  "TAOUSDT": 174.42,
  "LITUSDT": 1.327,
  "1000SHIBUSDT": 0.005596,
  "ZROUSDT": 1.5761,
  "APTUSDT": 0.8977,
  "TONUSDT": 1.2592,
  "ATOMUSDT": 1.808,
  "RIVERUSDT": 12.709,
  "HBARUSDT": 0.09704,
  "BERAUSDT": 0.6031,
  "ICPUSDT": 2.353,
  "XLMUSDT": 0.1528,
  "ARBUSDT": 0.0944,
  "XMRUSDT": 335.39,
  "WIFUSDT": 0.1896,
  "HUSDT": 0.11498,
  "AXSUSDT": 1.267,
  "MONUSDT": 0.0204,
  "CRVUSDT": 0.237,
  "FETUSDT": 0.1499,
  "FFUSDT": 0.07805,
  "OPUSDT": 0.1146,
  "VIRTUALUSDT": 0.6619,
  "ETCUSDT": 8.361,
  "BARDUSDT": 1.0149,
  "CCUSDT": 0.16407,
  "PENGUUSDT": 0.0066,
  "\u5e01\u5b89\u4eba\u751fUSDT": 0.07154,
  "PARTIUSDT": 0.0943,
  "POLUSDT": 0.10447,
  "FARTCOINUSDT": 0.1581,
  "1000BONKUSDT": 0.00573,
  "BTCDOMUSDT": 5104.8,
  "IPUSDT": 0.9,
  "CHZUSDT": 0.03279,
  "BANUSDT": 0.1103,
  "ETHFIUSDT": 0.484,
  "SKYAIUSDT": 0.05769,
  "INJUSDT": 2.978,
  "ARCUSDT": 0.02652,
  "TIAUSDT": 0.3079,
  "ONDOUSDT": 0.2484,
  "ENSOUSDT": 1.3427,
  "0GUSDT": 0.6176,
  "DASHUSDT": 31.96,
  "ESPUSDT": 0.11667,
  "SENTUSDT": 0.02142,
  "VVVUSDT": 5.097,
  "STABLEUSDT": 0.031285,
  "SEIUSDT": 0.06546,
  "GWEIUSDT": 0.045686,
  "SAHARAUSDT": 0.01906,
  "JUPUSDT": 0.1507,
  "KAITOUSDT": 0.3271,
  "ALCHUSDT": 0.07916,
  "ZKUSDT": 0.01838,
  "ZAMAUSDT": 0.02217,
  "QUSDT": 0.024179,
  "PENDLEUSDT": 1.2302,
  "MORPHOUSDT": 1.7814,
  "SIRENUSDT": 0.2809,
  "LDOUSDT": 0.2903,
  "BUSDT": 0.1759,
  "RENDERUSDT": 1.339,
  "BANANAS31USDT": 0.004667,
  "BULLAUSDT": 0.01969,
  "ATUSDT": 0.15909,
  "HOMEUSDT": 0.029041,
  "GUAUSDT": 0.21324,
  "SIGNUSDT": 0.02627,
  "MYXUSDT": 0.411,
  "NIGHTUSDT": 0.05576,
  "ZENUSDT": 5.169,
  "PIEVERSEUSDT": 0.4948,
  "CAKEUSDT": 1.276,
  "MUSDT": 1.4774,
  "1000RATSUSDT": 0.03797,
  "BIOUSDT": 0.02094,
  "BTRUSDT": 0.1871,
  "LYNUSDT": 0.27914,
  "GPSUSDT": 0.009509,
  "ALGOUSDT": 0.0846,
  "STRKUSDT": 0.03948,
  "USDCUSDT": 0.999429,
  "SANDUSDT": 0.08037,
  "HANAUSDT": 0.03482,
  "ALLOUSDT": 0.10798,
  "GALAUSDT": 0.00344,
  "MSTRUSDT": 129.33,
  "SKYUSDT": 0.06635,
  "APEUSDT": 0.0978,
  "1000LUNCUSDT": 0.04078,
  "DUSKUSDT": 0.08028,
  "JTOUSDT": 0.2606,
  "GIGGLEUSDT": 24.88,
  "UBUSDT": 0.03708,
  "CRCLUSDT": 83.43,
  "GUNUSDT": 0.02621,
  "ATHUSDT": 0.00561,
  "TSLAUSDT": 401.99,
  "AZTECUSDT": 0.02051,
  "JELLYJELLYUSDT": 0.06703,
  "AEROUSDT": 0.3335,
  "B2USDT": 0.7243,
  "TRADOORUSDT": 1.304,
  "ZILUSDT": 0.0041,
  "XPINUSDT": 0.00142,
  "SYRUPUSDT": 0.21818,
  "OPNUSDT": 0.4677,
  "PYTHUSDT": 0.04717,
  "METUSDT": 0.1772,
  "EIGENUSDT": 0.1758,
  "ROSEUSDT": 0.01135,
  "HUMAUSDT": 0.01149,
  "BEAMXUSDT": 0.001848,
  "VETUSDT": 0.007052,
  "LAUSDT": 0.2208,
  "\u6211\u8e0f\u9a6c\u6765\u4e86USDT": 0.011642,
  "AVNTUSDT": 0.1712,
  "FOGOUSDT": 0.02601,
  "DYDXUSDT": 0.091,
  "NEOUSDT": 2.558,
  "STGUSDT": 0.1386,
  "DENTUSDT": 0.000258,
  "NXPCUSDT": 0.2712,
  "ORDIUSDT": 2.336,
  "MOVEUSDT": 0.02119,
  "COLLECTUSDT": 0.04231,
  "ORCAUSDT": 0.904,
  "LAYERUSDT": 0.0962,
  "EULUSDT": 1.12,
  "ESPORTSUSDT": 0.30669,
  "XTZUSDT": 0.367,
  "ZKPUSDT": 0.08028,
  "RAVEUSDT": 0.33364,
  "AUCTIONUSDT": 4.698,
  "FORMUSDT": 0.185,
  "SUSDT": 0.03826,
  "PNUTUSDT": 0.04273,
  "LINEAUSDT": 0.003007,
  "COMPUSDT": 17.69,
  "BEATUSDT": 0.2245,
  "STXUSDT": 0.2522,
  "CYBERUSDT": 0.5214,
  "LPTUSDT": 2.246,
  "ROBOUSDT": 0.03678,
  "WUSDT": 0.01808,
  "ENSUSDT": 5.891,
  "SKRUSDT": 0.020117,
  "1000FLOKIUSDT": 0.02754,
  "SNXUSDT": 0.317,
  "ARUSDT": 1.545,
  "WETUSDT": 0.09999,
  "BIRBUSDT": 0.1671,
  "MEUSDT": 0.1143,
  "SOMIUSDT": 0.2042,
  "TRBUSDT": 13.608,
  "AWEUSDT": 0.05236,
  "JASMYUSDT": 0.005419,
  "PLUMEUSDT": 0.00893,
  "JSTUSDT": 0.047671,
  "TRIAUSDT": 0.0187,
  "RESOLVUSDT": 0.05899,
  "AGTUSDT": 0.005588,
  "BANKUSDT": 0.03662,
  "DEXEUSDT": 3.505,
  "USELESSUSDT": 0.03947,
  "AXLUSDT": 0.05344,
  "ALICEUSDT": 0.132,
  "AGLDUSDT": 0.2293,
  "FLOWUSDT": 0.03772,
  "SPXUSDT": 0.2915,
  "TAUSDT": 0.03806,
  "MANAUSDT": 0.0928,
  "CFXUSDT": 0.04707,
  "COAIUSDT": 0.3247,
  "IMXUSDT": 0.1579,
  "2ZUSDT": 0.07355,
  "IOTAUSDT": 0.0652,
  "WCTUSDT": 0.05871,
  "GRTUSDT": 0.02522,
  "YGGUSDT": 0.03704,
  "MERLUSDT": 0.04084,
  "CYSUSDT": 0.3149,
  "EDUUSDT": 0.1043,
  "API3USDT": 0.2762,
  "OGUSDT": 2.906,
  "SOPHUSDT": 0.009288,
  "CLOUSDT": 0.07113,
  "INITUSDT": 0.07707,
  "NMRUSDT": 7.416,
  "FOLKSUSDT": 1.392,
  "QNTUSDT": 62.71,
  "TAGUSDT": 0.0003457,
  "NAORISUSDT": 0.03247,
  "MOODENGUSDT": 0.04812,
  "MMTUSDT": 0.1148,
  "VANAUSDT": 1.413,
  "SFPUSDT": 0.2522,
  "PTBUSDT": 0.001156,
  "LIGHTUSDT": 0.1872,
  "GRASSUSDT": 0.2013,
  "1INCHUSDT": 0.089,
  "ZRXUSDT": 0.1,
  "XPTUSDT": 2375.6,
  "SPKUSDT": 0.01883,
  "NEIROUSDT": 6.375e-05,
  "4USDT": 0.00753,
  "THETAUSDT": 0.1817,
  "ZORAUSDT": 0.01814,
  "ANIMEUSDT": 0.004852,
  "RUNEUSDT": 0.3859,
  "ARKMUSDT": 0.103,
  "AIXBTUSDT": 0.02094,
  "KAIAUSDT": 0.05379,
  "IOUSDT": 0.1058,
  "EGLDUSDT": 4.28,
  "BATUSDT": 0.1047,
  "SPACEUSDT": 0.00808,
  "YFIUSDT": 2619.0,
  "KASUSDT": 0.02965,
  "KGENUSDT": 0.18104,
  "VELVETUSDT": 0.08523,
  "LRCUSDT": 0.03073,
  "STEEMUSDT": 0.05454,
  "PEOPLEUSDT": 0.00617,
  "MIRAUSDT": 0.0868,
  "LUNA2USDT": 0.06357,
  "BREVUSDT": 0.1312,
  "KERNELUSDT": 0.07741,
  "FHEUSDT": 0.02842,
  "COWUSDT": 0.2078,
  "AKEUSDT": 0.0002398,
  "BLUAIUSDT": 0.00485,
  "UAIUSDT": 0.1681,
  "TWTUSDT": 0.4846,
  "MEGAUSDT": 0.13135,
  "BOMEUSDT": 0.000365,
  "NOMUSDT": 0.003575,
  "POPCATUSDT": 0.04605,
  "OPENUSDT": 0.1438,
  "STOUSDT": 0.06242,
  "PROVEUSDT": 0.2805,
  "AUSDT": 0.0772,
  "TRUTHUSDT": 0.010309,
  "GMTUSDT": 0.01107,
  "AIAUSDT": 0.08166,
  "SWARMSUSDT": 0.007279,
  "BSVUSDT": 15.34,
  "AVAAIUSDT": 0.007199,
  "SUSHIUSDT": 0.1938,
  "RPLUSDT": 1.819,
  "TSTUSDT": 0.00913,
  "ACTUSDT": 0.01307,
  "TURBOUSDT": 0.0009299,
  "FIGHTUSDT": 0.006468,
  "VELODROMEUSDT": 0.01537,
  "KSMUSDT": 4.687,
  "SOONUSDT": 0.1637,
  "MANTAUSDT": 0.06008,
  "CATIUSDT": 0.03727,
  "XVGUSDT": 0.005451,
  "MAGICUSDT": 0.06089,
  "YBUSDT": 0.1636,
  "MINAUSDT": 0.05531,
  "MEMEUSDT": 0.0005751,
  "BABYUSDT": 0.01151,
  "SUPERUSDT": 0.111,
  "FUSDT": 0.00562,
  "TUTUSDT": 0.00949,
  "AINUSDT": 0.04199,
  "SUNUSDT": 0.015628,
  "ZBTUSDT": 0.07476,
  "HOLOUSDT": 0.05813,
  "GASUSDT": 1.545,
  "TNSRUSDT": 0.04376,
  "IOTXUSDT": 0.00496,
  "XNYUSDT": 0.005379,
  "STBLUSDT": 0.04079,
  "AIOUSDT": 0.07079,
  "TAKEUSDT": 0.01883,
  "ALTUSDT": 0.007029,
  "BLURUSDT": 0.01932,
  "IDOLUSDT": 0.01993,
  "C98USDT": 0.0256,
  "NILUSDT": 0.04669,
  "ACHUSDT": 0.006602,
  "MASKUSDT": 0.4104,
  "MUBARAKUSDT": 0.01313,
  "NEWTUSDT": 0.06826,
  "REDUSDT": 0.1517,
  "UMAUSDT": 0.4214,
  "HOTUSDT": 0.000391,
  "ASRUSDT": 1.289,
  "SAPIENUSDT": 0.08496,
  "GLMUSDT": 0.13044,
  "CELOUSDT": 0.074,
  "WALUSDT": 0.07294,
  "RAYSOLUSDT": 0.5765,
  "INUSDT": 0.06679,
  "ONTUSDT": 0.0412,
  "ANKRUSDT": 0.004141,
  "ICNTUSDT": 0.3838,
  "CTSIUSDT": 0.0236,
  "ERAUSDT": 0.1414,
  "SKLUSDT": 0.00632,
  "EDENUSDT": 0.03235,
  "ZKCUSDT": 0.0824,
  "KMNOUSDT": 0.02058,
  "KOMAUSDT": 0.00747,
  "SOLVUSDT": 0.003916,
  "DRIFTUSDT": 0.083,
  "RSRUSDT": 0.001407,
  "SONICUSDT": 0.04324,
  "MELANIAUSDT": 0.1056,
  "DAMUSDT": 0.02184,
  "BASUSDT": 0.006275,
  "STORJUSDT": 0.0927,
  "POLYXUSDT": 0.0416,
  "QTUMUSDT": 0.872,
  "ENJUSDT": 0.01889,
  "DEGOUSDT": 0.2906,