{
  "BTCUSDT": 67703.6,
  "ETHUSDT": 1965.98,
  "SOLUSDT": 84.9,
  "XRPUSDT": 1.4249,
  "BNBUSDT": 627.55,
  "BCHUSDT": 560.08,
  "DOGEUSDT": 0.101,
  "HYPEUSDT": 30.096,
  "XAGUSDT": 83.7,
  "WLFIUSDT": 0.1161,
  "PAXGUSDT": 5092.38,
  "ZECUSDT": 258.37,
  "XAUUSDT": 5085.95,
  "TRXUSDT": 0.28528,
  "SUIUSDT": 0.9551,
  "ASTERUSDT": 0.7176,
  "LINKUSDT": 8.94,
  "ADAUSDT": 0.284,
  "LTCUSDT": 55.12,
  "UNIUSDT": 3.457,
  "AVAXUSDT": 9.137,
  "1000PEPEUSDT": 0.0042267,
  "PUMPUSDT": 0.002095,
  "KITEUSDT": 0.27941,
  "ENAUSDT": 0.1109,
  "AAVEUSDT": 117.0,
  "NEARUSDT": 1.042,
  "PIPPINUSDT": 0.48323,
  "WLDUSDT": 0.388,
  "TRUMPUSDT": 3.552,
  "LITUSDT": 1.476,
  "FILUSDT": 0.95,
  "TAOUSDT": 178.5,
  "XPLUSDT": 0.0954,
  "ARCUSDT": 0.07384,
  "DOTUSDT": 1.337,
  "ZROUSDT": 1.6104,
  "ATOMUSDT": 2.349,
  "APTUSDT": 0.8756,
  "TONUSDT": 1.3481,
  "1000SHIBUSDT": 0.006373,
  "HBARUSDT": 0.1002,
  "XLMUSDT": 0.16183,
  "ARBUSDT": 0.0963,
  "AXSUSDT": 1.282,
  "BERAUSDT": 0.598,
  "OPUSDT": 0.1283,
  "ICPUSDT": 2.196,
  "ENSOUSDT": 1.897,
  "HUSDT": 0.16154,
  "RIVERUSDT": 7.999,
  "XMRUSDT": 330.83,
  "MONUSDT": 0.02108,
  "FETUSDT": 0.1679,
  "WIFUSDT": 0.2249,
  "CRVUSDT": 0.246,
  "FFUSDT": 0.07888,
  "ETCUSDT": 8.655,
  "PENGUUSDT": 0.006867,
  "BARDUSDT": 0.7624,
  "FARTCOINUSDT": 0.1861,
  "1000BONKUSDT": 0.006401,
  "IPUSDT": 1.112,
  "PARTIUSDT": 0.10736,
  "BANUSDT": 0.12623,
  "\u5e01\u5b89\u4eba\u751fUSDT": 0.0888,
  "DASHUSDT": 33.7,
  "INJUSDT": 3.385,
  "POLUSDT": 0.10539,
  "CHZUSDT": 0.03589,
  "BTCDOMUSDT": 5077.9,
  "AZTECUSDT": 0.03064,
  "VVVUSDT": 4.417,
  "RAVEUSDT": 0.59486,
  "POWERUSDT": 0.37726,
  "VIRTUALUSDT": 0.6501,
  "SENTUSDT": 0.02295,
  "TIAUSDT": 0.3314,
  "ZAMAUSDT": 0.024,
  "ONDOUSDT": 0.2671,
  "BIOUSDT": 0.03225,
  "SEIUSDT": 0.0713,
  "ETHFIUSDT": 0.4699,
  "ZKUSDT": 0.02023,
  "JUPUSDT": 0.1619,
  "0GUSDT": 0.6552,
  "STABLEUSDT": 0.029828,
  "LYNUSDT": 0.28522,
  "RENDERUSDT": 1.483,
  "CCUSDT": 0.16353,
  "ALCHUSDT": 0.08155,
  "ALLOUSDT": 0.14526,
  "MYXUSDT": 0.977,
  "KAITOUSDT": 0.305,
  "PENDLEUSDT": 1.2128,
  "LDOUSDT": 0.329,
  "1000RATSUSDT": 0.04777,
  "ORCAUSDT": 1.146,
  "HOMEUSDT": 0.028436,
  "SIRENUSDT": 0.21515,
  "NIGHTUSDT": 0.06017,
  "BTRUSDT": 0.18056,
  "DUSKUSDT": 0.08906,
  "ZENUSDT": 5.754,
  "JTOUSDT": 0.3165,
  "QUSDT": 0.020469,
  "OMUSDT": 0.06759,
  "BANANAS31USDT": 0.004536,
  "SANDUSDT": 0.08384,
  "ATUSDT": 0.15983,
  "UBUSDT": 0.04022,
  "SKYAIUSDT": 0.03813,
  "STRKUSDT": 0.04605,
  "ALGOUSDT": 0.0904,
  "HANAUSDT": 0.03485,
  "CAKEUSDT": 1.2954,
  "GPSUSDT": 0.013349,
  "TRADOORUSDT": 1.371,
  "ESPUSDT": 0.06726,
  "GUNUSDT": 0.02859,
  "MORPHOUSDT": 1.5309,
  "PIEVERSEUSDT": 0.4149,
  "MUSDT": 1.3426,
  "SKYUSDT": 0.06383,
  "ZILUSDT": 0.00408,
  "GALAUSDT": 0.00392,
  "USDCUSDT": 0.999783,
  "CYSUSDT": 0.4131,
  "\u6211\u8e0f\u9a6c\u6765\u4e86USDT": 0.016255,
  "APEUSDT": 0.1105,
  "GIGGLEUSDT": 29.51,
  "ROSEUSDT": 0.01284,
  "B2USDT": 0.7224,
  "SNXUSDT": 0.373,
  "PYTHUSDT": 0.05415,
  "METUSDT": 0.2128,
  "AWEUSDT": 0.05947,
  "JELLYJELLYUSDT": 0.06674,
  "BEAMXUSDT": 0.002297,
  "XPINUSDT": 0.001692,
  "NAORISUSDT": 0.0467,
  "HUMAUSDT": 0.012347,
  "AVNTUSDT": 0.1901,
  "EIGENUSDT": 0.1971,
  "MSTRUSDT": 131.04,
  "BUSDT": 0.1318,
  "SYRUPUSDT": 0.22508,
  "INITUSDT": 0.10074,
  "COMPUSDT": 18.17,
  "XTZUSDT": 0.392,
  "MOVEUSDT": 0.02402,
  "GUAUSDT": 0.1549,
  "TSLAUSDT": 410.33,
  "DYDXUSDT": 0.098,
  "FOGOUSDT": 0.02731,
  "AEROUSDT": 0.3122,
  "MEUSDT": 0.1282,
  "VETUSDT": 0.007787,
  "ZKPUSDT": 0.09214,
  "BULLAUSDT": 0.02557,
  "ORDIUSDT": 2.611,
  "FORMUSDT": 0.2128,
  "NXPCUSDT": 0.2727,
  "CYBERUSDT": 0.5644,
  "SPACEUSDT": 0.009901,
  "LAUSDT": 0.2063,
  "NEOUSDT": 2.756,
  "AUCTIONUSDT": 5.068,
  "ENSUSDT": 6.615,
  "COLLECTUSDT": 0.05452,
  "1000LUNCUSDT": 0.03674,
  "PNUTUSDT": 0.04882,
  "SOMIUSDT": 0.2135,
  "LINEAUSDT": 0.003546,
  "ESPORTSUSDT": 0.32537,
  "SUSDT": 0.04344,
  "BEATUSDT": 0.261,
  "STGUSDT": 0.1389,
  "RESOLVUSDT": 0.06525,
  "1000FLOKIUSDT": 0.03063,
  "OGUSDT": 3.372,
  "PLUMEUSDT": 0.01022,
  "STXUSDT": 0.2561,
  "LPTUSDT": 2.321,
  "MERLUSDT": 0.05302,
  "RPLUSDT": 2.538,
  "TRBUSDT": 15.198,
  "VANAUSDT": 1.528,
  "FHEUSDT": 0.03958,
  "LRCUSDT": 0.03319,
  "BIRBUSDT": 0.17824,
  "EDUUSDT": 0.1258,
  "CLOUSDT": 0.08447,
  "ATHUSDT": 0.005607,
  "2ZUSDT": 0.07526,
  "GWEIUSDT": 0.028166,
  "WUSDT": 0.01992,
  "SPXUSDT": 0.328,
  "BANKUSDT": 0.0397,
  "MOODENGUSDT": 0.05627,
  "MANAUSDT": 0.0975,
  "UAIUSDT": 0.2431,
  "WCTUSDT": 0.06183,
  "EULUSDT": 0.966,
  "JASMYUSDT": 0.005746,
  "NMRUSDT": 8.217,
  "CFXUSDT": 0.05171,
  "ARUSDT": 2.016,
  "MMTUSDT": 0.1294,
  "TRIAUSDT": 0.01699,
  "USELESSUSDT": 0.04408,
  "API3USDT": 0.3033,
  "TAUSDT": 0.03877,
  "ZORAUSDT": 0.02087,
  "LIGHTUSDT": 0.2363,
  "COAIUSDT": 0.3268,
  "AIAUSDT": 0.10621,
  "LUNA2USDT": 0.0647,
  "NOMUSDT": 0.005967,
  "GRTUSDT": 0.02705,
  "IOTAUSDT": 0.0707,
  "IMXUSDT": 0.165,
  "4USDT": 0.00917,
  "SKRUSDT": 0.020881,
  "FLOWUSDT": 0.03777,
  "SFPUSDT": 0.277,
  "SPKUSDT": 0.02124,
  "JSTUSDT": 0.04326,
  "AXLUSDT": 0.05617,
  "RUNEUSDT": 0.4135,
  "TAGUSDT": 0.0003443,
  "1INCHUSDT": 0.093,
  "ZRXUSDT": 0.1086,
  "FOLKSUSDT": 1.358,
  "PTBUSDT": 0.001344,
  "ARKMUSDT": 0.1144,
  "THETAUSDT": 0.1975,
  "QNTUSDT": 67.11,
  "KAIAUSDT": 0.05626,
  "BREVUSDT": 0.1383,
  "NEIROUSDT": 7.47e-05,
  "AGTUSDT": 0.00467,
  "XNYUSDT": 0.00526,
  "YFIUSDT": 2823.0,
  "MEGAUSDT": 0.13172,
  "ANIMEUSDT": 0.005021,
  "EGLDUSDT": 4.562,
  "BOMEUSDT": 0.0004238,
  "COWUSDT": 0.2045,
  "KGENUSDT": 0.17776,
  "MAGICUSDT": 0.06957,
  "ZKCUSDT": 0.092,
  "PROVEUSDT": 0.3158,
  "SAHARAUSDT": 0.01564,
  "TAKEUSDT": 0.02425,
  "TWTUSDT": 0.5252,
  "BLUAIUSDT": 0.005142,
  "GASUSDT": 1.601,
  "PEOPLEUSDT": 0.0069,
  "MANTAUSDT": 0.07128,
  "ACTUSDT": 0.01478,
  "AUSDT": 0.0813,
  "TSTUSDT": 0.01055,
  "MINAUSDT": 0.06278,
  "AVAAIUSDT": 0.00767,
  "FIGHTUSDT": 0.006807,
  "SIGNUSDT": 0.02525,
  "NILUSDT": 0.05252,
  "DOLOUSDT": 0.04077,
  "TNSRUSDT": 0.0503,
  "SANTOSUSDT": 1.941,
  "TUTUSDT": 0.01109,
  "KASUSDT": 0.03109,
  "OPENUSDT": 0.1564,
  "SUPERUSDT": 0.1197,
  "TURBOUSDT": 0.0010765,
  "GRASSUSDT": 0.1899,
  "SWARMSUSDT": 0.00718,
  "FUSDT": 0.005954,
  "GMTUSDT": 0.01194,
  "BATUSDT": 0.1213,
  "VELVETUSDT": 0.07914,
  "AIOUSDT": 0.07626,
  "BSVUSDT": 15.99,
  "MUBARAKUSDT": 0.01616,
  "IOUSDT": 0.1145,
  "YBUSDT": 0.1645,
  "SOPHUSDT": 0.009373,
  "IDOLUSDT": 0.02181,
  "CATIUSDT": 0.04036,
  "POPCATUSDT": 0.05195,
  "ZBTUSDT": 0.07167,
  "BABYUSDT": 0.01333,
  "DEXEUSDT": 2.412,
  "AKEUSDT": 0.0002695,
  "CVXUSDT": 1.977,
  "XPTUSDT": 2166.48,
  "PLAYUSDT": 0.02273,
  "ICNTUSDT": 0.4076,
  "XVGUSDT": 0.006115,
  "C98USDT": 0.0279,
  "RAYSOLUSDT": 0.6513,
  "SUSHIUSDT": 0.2034,
  "LAYERUSDT": 0.0861,
  "EDENUSDT": 0.03611,
  "YGGUSDT": 0.03979,
  "ALTUSDT": 0.00815,
  "VELODROMEUSDT": 0.0144,
  "ACHUSDT": 0.007495,
  "TRUTHUSDT": 0.009812,
  "MASKUSDT": 0.4539,
  "ONTUSDT": 0.0444,
  "SONICUSDT": 0.05155,
  "SOLVUSDT": 0.00453,
  "AIXBTUSDT": 0.02052,
  "BLURUSDT": 0.0205,
  "KSMUSDT": 4.944,
  "CELOUSDT": 0.077,
  "GLMUSDT": 0.16965,
  "MEMEUSDT": 0.0006831,
  "SOONUSDT": 0.1713,
  "ASRUSDT": 1.413,
  "MELANIAUSDT": 0.1188,
  "SUNUSDT": 0.016971,
  "DRIFTUSDT": 0.0933,
  "IRUSDT": 0.087,
  "STOUSDT": 0.05547,
  "CTSIUSDT": 0.0257,
  "ANKRUSDT": 0.004526,
  "KERNELUSDT": 0.07074,
  "SAPIENUSDT": 0.08765,
  "RAREUSDT": 0.01918,
  "THEUSDT": 0.2624,
  "FRAXUSDT": 0.6619,
  "ERAUSDT": 0.1584,
  "UMAUSDT": 0.4695,
  "ZEREBROUSDT": 0.008,
  "DEGOUSDT": 0.3489,
  "GMXUSDT": 6.835,
  "PROMUSDT": 1.354,
  "LSKUSDT": 0.1459,
  "AKTUSDT": 0.3252,
  "KAVAUSDT": 0.0519,
  "IDUSDT": 0.04835,
  "HYPERUSDT": 0.0977,
  "WALUSDT": 0.0809,
  "IRYSUSDT": 0.0246,
  "POLYXUSDT": 0.04428,
  "STORJUSDT": 0.0965,
  "KMNOUSDT": 0.0279,
  "RSRUSDT": 0.001495,
  "STBLUSDT": 0.03744,
  "QTUMUSDT": 0.952,
  "ONUSDT": 0.09359,
  "INUSDT": 0.06124,
  "AINUSDT": 0.03293,
  "KOMAUSDT": 0.00733,