{
  "BTCUSDT": 67637.5,
  "ETHUSDT": 1982.7,
  "ETH/USDCUSDT": 1962.51,
  "BTC/USDCUSDT": 66794.5,
  "SOLUSDT": 81.15,
  "XAGUSDT": 78.57,
  "XRPUSDT": 1.4143,
  "BTC/USDUSDT": 67541.1,
  "XAUUSDT": 4999.15,
  "ETH/USDUSDT": 1984.51,
  "WLFIUSDT": 0.1163,
  "PIPPINUSDT": 0.50321,
  "DOGEUSDT": 0.09746,
  "RIVERUSDT": 9.222,
  "ESPUSDT": 0.07454,
  "BNBUSDT": 606.18,
  "ZECUSDT": 257.79,
  "NAORISUSDT": 0.04107,
  "ORCAUSDT": 1.339,
  "HYPEUSDT": 28.667,
  "1000PEPEUSDT": 0.0041847,
  "SOL/USDCUSDT": 81.12,
  "SPACEUSDT": 0.011551,
  "SUIUSDT": 0.916,
  "ADAUSDT": 0.2733,
  "INJUSDT": 3.174,
  "CYBERUSDT": 0.587,
  "OPUSDT": 0.1437,
  "XRP/USDCUSDT": 1.4138,
  "AVAXUSDT": 8.825,
  "PAXGUSDT": 5001.3,
  "BCHUSDT": 547.47,
  "ASTERUSDT": 0.6963,
  "LINKUSDT": 8.601,
  "TAOUSDT": 181.58,
  "VVVUSDT": 3.722,
  "PUMPUSDT": 0.002032,
  "FILUSDT": 0.922,
  "LTCUSDT": 52.77,
  "JTOUSDT": 0.2858,
  "SIRENUSDT": 0.21785,
  "SOL/USDUSDT": 80.4,
  "KITEUSDT": 0.23028,
  "UNIUSDT": 3.399,
  "AAVEUSDT": 122.56,
  "DOTUSDT": 1.297,
  "TRUMPUSDT": 3.411,
  "ATOMUSDT": 2.317,
  "NEARUSDT": 1.007,
  "MYXUSDT": 0.959,
  "ENAUSDT": 0.1128,
  "POWERUSDT": 0.36011,
  "BERAUSDT": 0.582,
  "APTUSDT": 0.8649,
  "WIFUSDT": 0.2193,
  "GUNUSDT": 0.0287,
  "WLDUSDT": 0.3763,
  "AXSUSDT": 1.208,
  "INITUSDT": 0.10131,
  "BNB/USDCUSDT": 606.55,
  "STABLEUSDT": 0.028838,
  "ARBUSDT": 0.1047,
  "ZAMAUSDT": 0.02091,
  "PENGUUSDT": 0.006692,
  "XRP/USDUSDT": 1.4235,
  "RPLUSDT": 2.38,
  "TRXUSDT": 0.27972,
  "1000SHIBUSDT": 0.00623,
  "JELLYJELLYUSDT": 0.07021,
  "DOGE/USDUSDT": 0.0974,
  "BNB/USDUSDT": 610.01,
  "AWEUSDT": 0.09956,
  "FARTCOINUSDT": 0.1841,
  "GPSUSDT": 0.01325,
  "DOGE/USDCUSDT": 0.09741,
  "XLMUSDT": 0.15974,
  "CRVUSDT": 0.243,
  "ENSOUSDT": 1.275,
  "VIRTUALUSDT": 0.6161,
  "XMRUSDT": 324.92,
  "ZROUSDT": 1.4522,
  "ARCUSDT": 0.0761,
  "HBARUSDT": 0.09793,
  "ICPUSDT": 2.203,
  "DUSKUSDT": 0.08718,
  "SENTUSDT": 0.02123,
  "DASHUSDT": 35.28,
  "LITUSDT": 1.513,
  "ETH/BTCUSDT": 1963.488069,
  "CLOUSDT": 0.08585,
  "XPLUSDT": 0.0913,
  "OMUSDT": 0.06089,
  "MUBARAKUSDT": 0.01683,
  "ROSEUSDT": 0.01285,
  "\u5e01\u5b89\u4eba\u751fUSDT": 0.09264,
  "RECALLUSDT": 0.05471,
  "STEEMUSDT": 0.05143,
  "MONUSDT": 0.02041,
  "TSLAUSDT": 409.66,
  "1000BONKUSDT": 0.006172,
  "RENDERUSDT": 1.415,
  "WLFI/USDCUSDT": 0.1162,
  "SNXUSDT": 0.302,
  "ETCUSDT": 8.352,
  "ZEC/USDCUSDT": 257.56,
  "\u6211\u8e0f\u9a6c\u6765\u4e86USDT": 0.016321,
  "HUSDT": 0.16522,
  "SPXUSDT": 0.3238,
  "USELESSUSDT": 0.04026,
  "MOODENGUSDT": 0.05708,
  "TRIAUSDT": 0.01636,
  "TONUSDT": 1.4073,
  "BEATUSDT": 0.2377,
  "TIAUSDT": 0.3228,
  "PROMUSDT": 1.461,
  "IRUSDT": 0.09219,
  "IPUSDT": 1.093,
  "POLUSDT": 0.10625,
  "FOGOUSDT": 0.02488,
  "SUI/USDCUSDT": 0.9153,
  "ONDOUSDT": 0.2625,
  "1000PEPE/USDCUSDT": 0.004182,
  "FETUSDT": 0.1635,
  "GALAUSDT": 0.00385,
  "APEUSDT": 0.1101,
  "SEIUSDT": 0.0718,
  "LYNUSDT": 0.27305,
  "LUNA2USDT": 0.0645,
  "JUPUSDT": 0.1537,
  "BANUSDT": 0.12187,
  "PENDLEUSDT": 1.1828,
  "MITOUSDT": 0.03996,
  "DYDXUSDT": 0.1,
  "LIGHTUSDT": 0.2676,
  "0GUSDT": 0.6116,
  "ZILUSDT": 0.00398,
  "SPORTFUNUSDT": 0.03386,
  "BASUSDT": 0.006065,
  "MUSDT": 1.3621,
  "TRUTHUSDT": 0.010415,
  "HOODUSDT": 75.27,
  "ACEUSDT": 0.1635,
  "COMPUSDT": 17.93,
  "RAVEUSDT": 0.42638,
  "BCH/USDCUSDT": 547.14,
  "BTRUSDT": 0.18408,
  "LDOUSDT": 0.3246,
  "SANDUSDT": 0.08199,
  "SONICUSDT": 0.05036,
  "SOMIUSDT": 0.1943,
  "MERLUSDT": 0.05518,
  "ALGOUSDT": 0.0904,
  "XNYUSDT": 0.004563,
  "NEIROUSDT": 7.26e-05,
  "AZTECUSDT": 0.01854,
  "CHZUSDT": 0.03885,
  "ENSUSDT": 6.512,
  "ADA/USDUSDT": 0.2733,
  "TAKEUSDT": 0.02355,
  "ALLOUSDT": 0.10002,
  "CAKEUSDT": 1.2812,
  "MORPHOUSDT": 1.3985,
  "MOVEUSDT": 0.02303,
  "SUI/USDUSDT": 0.9152,
  "ZENUSDT": 5.831,
  "ETHFIUSDT": 0.4633,
  "RAYSOLUSDT": 0.6255,
  "FIGHTUSDT": 0.006488,
  "GIGGLEUSDT": 29.5,
  "MEUSDT": 0.1253,
  "HUMAUSDT": 0.013191,
  "BIRBUSDT": 0.17064,
  "LAUSDT": 0.1992,
  "LINEAUSDT": 0.003383,
  "ZKPUSDT": 0.09113,
  "EIGENUSDT": 0.1953,
  "ZKUSDT": 0.02014,
  "BIOUSDT": 0.02313,
  "ORDIUSDT": 2.624,
  "VETUSDT": 0.007802,
  "1000LUNCUSDT": 0.03432,
  "1000FLOKIUSDT": 0.03021,
  "PYTHUSDT": 0.05278,
  "CCUSDT": 0.16078,
  "EULUSDT": 0.932,
  "ADA/USDCUSDT": 0.2733,
  "SKYUSDT": 0.06448,
  "SKRUSDT": 0.018664,
  "FIL/USDCUSDT": 0.921,
  "STRKUSDT": 0.04534,
  "NILUSDT": 0.05603,
  "FHEUSDT": 0.03992,
  "SUSDT": 0.04297,
  "AVNTUSDT": 0.1841,
  "C98USDT": 0.0275,
  "CRCLUSDT": 63.32,
  "CYSUSDT": 0.4605,
  "IRYSUSDT": 0.02458,
  "AVAX/USDCUSDT": 8.821,
  "LINK/USDCUSDT": 8.596,
  "PLAYUSDT": 0.02022,
  "MMTUSDT": 0.126,
  "STGUSDT": 0.1262,
  "LINK/USDUSDT": 8.596,
  "TRBUSDT": 14.906,
  "ARB/USDCUSDT": 0.1047,
  "VANAUSDT": 1.408,
  "INTCUSDT": 45.26,
  "ENA/USDCUSDT": 0.1128,
  "ZORAUSDT": 0.02102,
  "OGUSDT": 3.313,
  "AUCTIONUSDT": 4.944,
  "KSMUSDT": 4.598,
  "PTBUSDT": 0.001397,
  "SYRUPUSDT": 0.23278,
  "XPTUSDT": 2084.34,
  "COINUSDT": 164.23,
  "TURBOUSDT": 0.0010398,
  "BULLAUSDT": 0.02648,
  "TNSRUSDT": 0.05022,
  "BREVUSDT": 0.1266,
  "ARUSDT": 1.913,
  "WUSDT": 0.01948,
  "PLTRUSDT": 134.41,
  "PNUTUSDT": 0.04772,
  "WETUSDT": 0.07718,
  "MANAUSDT": 0.097,
  "MAGICUSDT": 0.06906,
  "FLOWUSDT": 0.03598,
  "JASMYUSDT": 0.005732,
  "VELVETUSDT": 0.07082,
  "COLLECTUSDT": 0.06542,
  "LABUSDT": 0.1582,
  "ARKMUSDT": 0.111,
  "MSTRUSDT": 125.54,
  "NIGHTUSDT": 0.05753,
  "STXUSDT": 0.2475,
  "LPTUSDT": 2.316,
  "ZKCUSDT": 0.0902,
  "BARDUSDT": 0.7597,
  "XTZUSDT": 0.381,
  "DOLOUSDT": 0.03479,
  "ONTUSDT": 0.0444,
  "OP/USDUSDT": 0.1436,
  "NOMUSDT": 0.005111,
  "GWEIUSDT": 0.026732,
  "LSKUSDT": 0.1495,
  "NEAR/USDCUSDT": 1.006,
  "GMTUSDT": 0.012,
  "COWUSDT": 0.1903,
  "AIAUSDT": 0.10351,
  "PEOPLEUSDT": 0.00673,
  "RUNEUSDT": 0.3977,
  "MAVUSDT": 0.01612,
  "BOMEUSDT": 0.0004125,
  "BANANAS31USDT": 0.004392,
  "LTC/USDCUSDT": 52.74,
  "THETAUSDT": 0.1943,
  "AEROUSDT": 0.3095,
  "XPDUSDT": 1708.88,
  "WIF/USDCUSDT": 0.2193,
  "FRAXUSDT": 0.6624,
  "ARIAUSDT": 0.07505,
  "BCH/USDUSDT": 547.06,
  "MINAUSDT": 0.06284,
  "FFUSDT": 0.07937,
  "TRUMP/USDCUSDT": 3.408,
  "CFXUSDT": 0.05163,
  "FUSDT": 0.005905,
  "QNTUSDT": 66.27,
  "TOWNSUSDT": 0.003772,
  "GRTUSDT": 0.02672,
  "PIEVERSEUSDT": 0.4051,
  "METUSDT": 0.2131,
  "IOTAUSDT": 0.0674,
  "UBUSDT": 0.04027,
  "TURTLEUSDT": 0.042,
  "KAITOUSDT": 0.3025,
  "MEMEUSDT": 0.0006724,
  "VANRYUSDT": 0.005978,
  "SWARMSUSDT": 0.00727,
  "TRADOORUSDT": 1.422,
  "QUSDT": 0.020664,
  "UAIUSDT": 0.232,
  "MIRAUSDT": 0.0857,
  "ZBTUSDT": 0.06996,
  "SUSHIUSDT": 0.2021,
  "ATUSDT": 0.16016,
  "LQTYUSDT": 0.2819,
  "ACUUSDT": 0.10131,
  "CRV/USDCUSDT": 0.2425,
  "SUPERUSDT": 0.1243,
  "CVXUSDT": 1.982,
  "AIXBTUSDT": 0.01998,
  "EGLDUSDT": 4.448,
  "IMXUSDT": 0.1595,
  "WCTUSDT": 0.05922,
  "AXLUSDT": 0.05605,
  "RESOLVUSDT": 0.06021,
  "CLANKERUSDT": 31.98,
  "KASUSDT": 0.03063,
  "MELANIAUSDT": 0.1147,
  "TOSHIUSDT": 0.0002083,
  "DEEPUSDT": 0.02693,
  "UMAUSDT": 0.4802,
  "RLSUSDT": 0.00511,
  "ICNTUSDT": 0.3691,
  "TWTUSDT": 0.5245,
  "MASKUSDT": 0.4449,
  "SSVUSDT": 3.118,
  "AVAX/USDUSDT": 8.82,
  "ACHUSDT": 0.00744,
  "IOUSDT": 0.1091,
  "FIL/USDUSDT": 0.922,
  "1000SATSUSDT": 1.11e-05,
  "POPCATUSDT": 0.05011,
  "KAIAUSDT": 0.05584,
  "PLUMEUSDT": 0.0102,
  "ANIMEUSDT": 0.005073,
  "UNI/USDUSDT": 3.396,
  "COAIUSDT": 0.3243,
  "GASUSDT": 1.581,
  "ATOM/USDUSDT": 2.316,
  "PENGU/USDCUSDT": 0.006686,
  "FOLKSUSDT": 1.364,
  "2ZUSDT": 0.0716,
  "LTC/USDUSDT": 52.75,
  "BANKUSDT": 0.04268,
  "BROCCOLI714USDT": 0.01366,
  "ALTUSDT": 0.00804,
  "OPENUSDT": 0.1543,
  "API3USDT": 0.2972,
  "LRCUSDT": 0.03234,
  "WOOUSDT": 0.01674,
  "LAYERUSDT": 0.0826,
  "BLESSUSDT": 0.005409,
  "1INCHUSDT": 0.0922,
  "XVGUSDT": 0.005946,
  "YFIUSDT": 2812.0,
  "DRIFTUSDT": 0.0864,
  "HIVEUSDT": 0.06719,
  "MANTAUSDT": 0.07213,
  "STORJUSDT": 0.0966,
  "XPINUSDT": 0.001928,
  "ELSAUSDT": 0.07138,
  "JCTUSDT": 0.001636,
  "PARTIUSDT": 0.10456,
  "AUSDT": 0.0809,
  "XVSUSDT": 3.23,