{
  "BTCUSDT": 66467.0,
  "ETHUSDT": 1984.47,
  "SOLUSDT": 85.25,
  "XRPUSDT": 1.3765,
  "BNBUSDT": 623.62,
  "XAUUSDT": 5298.5,
  "DOGEUSDT": 0.09336,
  "XAGUSDT": 94.04,
  "HYPEUSDT": 30.946,
  "PAXGUSDT": 5382.58,
  "BCHUSDT": 445.13,
  "WLFIUSDT": 0.1114,
  "TRXUSDT": 0.28081,
  "ADAUSDT": 0.2783,
  "ZECUSDT": 223.47,
  "UNIUSDT": 3.776,
  "SUIUSDT": 0.9037,
  "ASTERUSDT": 0.7164,
  "LINKUSDT": 8.884,
  "AVAXUSDT": 9.15,
  "LTCUSDT": 54.02,
  "1000PEPEUSDT": 0.0035433,
  "PUMPUSDT": 0.001898,
  "ENAUSDT": 0.1042,
  "NEARUSDT": 1.147,
  "PIPPINUSDT": 0.60546,
  "DOTUSDT": 1.569,
  "AAVEUSDT": 113.15,
  "WLDUSDT": 0.3897,
  "POWERUSDT": 1.92641,
  "KITEUSDT": 0.26572,
  "FILUSDT": 0.974,
  "LITUSDT": 1.414,
  "XPLUSDT": 0.0983,
  "TRUMPUSDT": 3.464,
  "TAOUSDT": 179.44,
  "ZROUSDT": 1.8231,
  "1000SHIBUSDT": 0.005657,
  "TONUSDT": 1.246,
  "APTUSDT": 0.9442,
  "RIVERUSDT": 13.493,
  "ATOMUSDT": 1.83,
  "HBARUSDT": 0.09903,
  "BERAUSDT": 0.6048,
  "XMRUSDT": 343.21,
  "ARBUSDT": 0.1003,
  "XLMUSDT": 0.15735,
  "WIFUSDT": 0.195,
  "HUSDT": 0.12401,
  "ICPUSDT": 2.404,
  "MONUSDT": 0.02139,
  "CRVUSDT": 0.246,
  "AXSUSDT": 1.301,
  "ARCUSDT": 0.03921,
  "OPUSDT": 0.123,
  "FETUSDT": 0.1551,
  "FFUSDT": 0.07911,
  "VIRTUALUSDT": 0.7006,
  "PENGUUSDT": 0.006823,
  "ETCUSDT": 8.601,
  "CCUSDT": 0.16592,
  "BARDUSDT": 0.9924,
  "PARTIUSDT": 0.09329,
  "POLUSDT": 0.10674,
  "1000BONKUSDT": 0.005876,
  "VVVUSDT": 5.589,
  "BTCDOMUSDT": 5039.7,
  "FARTCOINUSDT": 0.1575,
  "CHZUSDT": 0.03387,
  "ETHFIUSDT": 0.5022,
  "\u5e01\u5b89\u4eba\u751fUSDT": 0.06686,
  "TIAUSDT": 0.3228,
  "ONDOUSDT": 0.2583,
  "IPUSDT": 0.899,
  "BANUSDT": 0.10976,
  "DASHUSDT": 33.04,
  "ESPUSDT": 0.13632,
  "INJUSDT": 3.066,
  "SAHARAUSDT": 0.02512,
  "ENSOUSDT": 1.3267,
  "SEIUSDT": 0.06891,
  "SENTUSDT": 0.02125,
  "0GUSDT": 0.6451,
  "JUPUSDT": 0.1682,
  "STABLEUSDT": 0.032987,
  "KAITOUSDT": 0.3378,
  "BULLAUSDT": 0.02489,
  "ALCHUSDT": 0.08293,
  "SKYAIUSDT": 0.04069,
  "ZAMAUSDT": 0.02188,
  "ZKUSDT": 0.01889,
  "GWEIUSDT": 0.043594,
  "PENDLEUSDT": 1.2993,
  "QUSDT": 0.025229,
  "LDOUSDT": 0.3034,
  "RENDERUSDT": 1.365,
  "GUAUSDT": 0.22507,
  "SIRENUSDT": 0.25473,
  "BUSDT": 0.175,
  "BANANAS31USDT": 0.004717,
  "HOMEUSDT": 0.029323,
  "ATUSDT": 0.15811,
  "PIEVERSEUSDT": 0.5288,
  "MORPHOUSDT": 1.7062,
  "NIGHTUSDT": 0.05842,
  "MYXUSDT": 0.398,
  "ZENUSDT": 5.395,
  "SIGNUSDT": 0.02602,
  "MUSDT": 1.5092,
  "GIGGLEUSDT": 26.8,
  "CAKEUSDT": 1.3167,
  "BIOUSDT": 0.02071,
  "1000RATSUSDT": 0.038,
  "SANDUSDT": 0.08421,
  "ALLOUSDT": 0.11364,
  "STRKUSDT": 0.04125,
  "GALAUSDT": 0.00353,
  "USDCUSDT": 0.9995,
  "HANAUSDT": 0.03532,
  "BTRUSDT": 0.18132,
  "STGUSDT": 0.1607,
  "GPSUSDT": 0.009285,
  "ALGOUSDT": 0.0868,
  "SKYUSDT": 0.06855,
  "1000LUNCUSDT": 0.04476,
  "MSTRUSDT": 130.16,
  "DENTUSDT": 0.000318,
  "APEUSDT": 0.102,
  "ATHUSDT": 0.006332,
  "AEROUSDT": 0.352,
  "DUSKUSDT": 0.08301,
  "LYNUSDT": 0.26481,
  "AZTECUSDT": 0.02203,
  "JTOUSDT": 0.2659,
  "SYRUPUSDT": 0.24137,
  "GUNUSDT": 0.02593,
  "JELLYJELLYUSDT": 0.06803,
  "FORMUSDT": 0.2087,
  "TRADOORUSDT": 1.386,
  "B2USDT": 0.7249,
  "OPNUSDT": 0.469,
  "HUMAUSDT": 0.012265,
  "ZILUSDT": 0.00425,
  "TSLAUSDT": 401.79,
  "GRASSUSDT": 0.2752,
  "UBUSDT": 0.03329,
  "EIGENUSDT": 0.1849,
  "XPINUSDT": 0.001406,
  "FIOUSDT": 0.0118,
  "METUSDT": 0.1827,
  "PYTHUSDT": 0.04907,
  "CRCLUSDT": 83.52,
  "XTZUSDT": 0.386,
  "BEAMXUSDT": 0.001881,
  "ROSEUSDT": 0.01144,
  "NEOUSDT": 2.712,
  "FOGOUSDT": 0.02596,
  "AVNTUSDT": 0.1752,
  "VETUSDT": 0.007218,
  "DYDXUSDT": 0.093,
  "\u6211\u8e0f\u9a6c\u6765\u4e86USDT": 0.011712,
  "LAUSDT": 0.218,
  "MOVEUSDT": 0.02192,
  "NXPCUSDT": 0.2732,
  "COLLECTUSDT": 0.04357,
  "ORDIUSDT": 2.428,
  "ZKPUSDT": 0.08971,
  "ROBOUSDT": 0.03721,
  "LINEAUSDT": 0.003124,
  "SKRUSDT": 0.022846,
  "ESPORTSUSDT": 0.30221,
  "COMPUSDT": 18.0,
  "RAVEUSDT": 0.35734,
  "SPXUSDT": 0.3375,
  "AUCTIONUSDT": 4.805,
  "SUSDT": 0.03992,
  "1000FLOKIUSDT": 0.02777,
  "PNUTUSDT": 0.04454,
  "BEATUSDT": 0.233,
  "ORCAUSDT": 0.88,
  "CYBERUSDT": 0.5347,
  "EULUSDT": 1.096,
  "SNXUSDT": 0.32,
  "ENSUSDT": 6.057,
  "LPTUSDT": 2.324,
  "STXUSDT": 0.2573,
  "LAYERUSDT": 0.0974,
  "TRBUSDT": 14.057,
  "ARUSDT": 1.532,
  "WETUSDT": 0.10635,
  "AGLDUSDT": 0.2258,
  "WUSDT": 0.01877,
  "JASMYUSDT": 0.005493,
  "BIRBUSDT": 0.15673,
  "MEUSDT": 0.1172,
  "PLUMEUSDT": 0.00931,
  "SOMIUSDT": 0.203,
  "TRIAUSDT": 0.01808,
  "USELESSUSDT": 0.04184,
  "RESOLVUSDT": 0.05964,
  "TAUSDT": 0.04015,
  "AWEUSDT": 0.05196,
  "BANKUSDT": 0.03591,
  "MANAUSDT": 0.0963,
  "JSTUSDT": 0.047071,
  "STEEMUSDT": 0.0631,
  "AXLUSDT": 0.05376,
  "IMXUSDT": 0.1633,
  "IOTAUSDT": 0.0672,
  "SUNUSDT": 0.014839,
  "COAIUSDT": 0.3246,
  "AGTUSDT": 0.005421,
  "YGGUSDT": 0.03798,
  "FLOWUSDT": 0.03797,
  "DEXEUSDT": 3.351,
  "INITUSDT": 0.07728,
  "MERLUSDT": 0.04136,
  "EDUUSDT": 0.1073,
  "GRTUSDT": 0.02611,
  "CLOUSDT": 0.07066,
  "2ZUSDT": 0.07437,
  "API3USDT": 0.284,
  "CFXUSDT": 0.04828,
  "OGUSDT": 2.988,
  "WCTUSDT": 0.05934,
  "NMRUSDT": 7.625,
  "QNTUSDT": 63.01,
  "CYSUSDT": 0.3096,
  "MOODENGUSDT": 0.04978,
  "MMTUSDT": 0.1184,
  "SFPUSDT": 0.2655,
  "NAORISUSDT": 0.03176,
  "SPKUSDT": 0.01938,
  "TAGUSDT": 0.000346,
  "LIGHTUSDT": 0.1903,
  "NEIROUSDT": 6.673e-05,
  "THETAUSDT": 0.192,
  "VANAUSDT": 1.449,
  "ZRXUSDT": 0.1055,
  "PTBUSDT": 0.001142,
  "FOLKSUSDT": 1.319,
  "4USDT": 0.00757,
  "1INCHUSDT": 0.0932,
  "ZORAUSDT": 0.01818,
  "SOPHUSDT": 0.009347,
  "AIXBTUSDT": 0.02173,
  "ARKMUSDT": 0.1076,
  "SPACEUSDT": 0.007912,
  "RUNEUSDT": 0.3982,
  "IOUSDT": 0.1087,
  "MIRAUSDT": 0.092,
  "EGLDUSDT": 4.464,
  "KAIAUSDT": 0.05484,
  "XPTUSDT": 2378.6,
  "ANIMEUSDT": 0.004877,
  "KASUSDT": 0.02954,
  "KGENUSDT": 0.18834,
  "TAKEUSDT": 0.02091,
  "YFIUSDT": 2664.0,
  "AKEUSDT": 0.0002466,
  "GMTUSDT": 0.01193,
  "LRCUSDT": 0.03103,
  "LUNA2USDT": 0.06507,
  "PEOPLEUSDT": 0.00634,
  "ALICEUSDT": 0.127,
  "MEGAUSDT": 0.13236,
  "FHEUSDT": 0.02864,
  "BLUAIUSDT": 0.005013,
  "PROVEUSDT": 0.2947,
  "KERNELUSDT": 0.08074,
  "BREVUSDT": 0.1343,
  "BATUSDT": 0.1041,
  "BSVUSDT": 15.54,
  "VELVETUSDT": 0.08303,
  "TSTUSDT": 0.00944,
  "COWUSDT": 0.2123,
  "AUSDT": 0.0799,
  "STOUSDT": 0.06298,
  "AIAUSDT": 0.08246,
  "OPENUSDT": 0.1462,
  "CATIUSDT": 0.04043,
  "AVAAIUSDT": 0.007455,
  "TWTUSDT": 0.4986,
  "POPCATUSDT": 0.04726,
  "SWARMSUSDT": 0.007233,
  "ACTUSDT": 0.01354,
  "TURBOUSDT": 0.0009823,
  "SUSHIUSDT": 0.2017,
  "BOMEUSDT": 0.0003871,
  "FIGHTUSDT": 0.006436,
  "SOONUSDT": 0.166,
  "NOMUSDT": 0.003571,
  "VELODROMEUSDT": 0.01554,
  "GASUSDT": 1.604,
  "RPLUSDT": 1.858,
  "MINAUSDT": 0.05696,
  "BABYUSDT": 0.0115,
  "SUPERUSDT": 0.1158,
  "XNYUSDT": 0.005714,
  "TUTUSDT": 0.01014,
  "MANTAUSDT": 0.06132,
  "KSMUSDT": 4.866,
  "FUSDT": 0.005736,
  "YBUSDT": 0.1664,
  "XVGUSDT": 0.005654,
  "MAGICUSDT": 0.06137,
  "HOLOUSDT": 0.06314,
  "TNSRUSDT": 0.04524,
  "BLURUSDT": 0.0201,
  "ALTUSDT": 0.007285,
  "MEMEUSDT": 0.0005933,
  "AIOUSDT": 0.0707,
  "NILUSDT": 0.04769,
  "AINUSDT": 0.04065,
  "TRUTHUSDT": 0.009958,
  "INUSDT": 0.07189,
  "MASKUSDT": 0.429,
  "REDUSDT": 0.1504,
  "CELOUSDT": 0.079,
  "IOTXUSDT": 0.00466,
  "NEWTUSDT": 0.07166,
  "STBLUSDT": 0.04101,
  "ZBTUSDT": 0.07404,
  "ASRUSDT": 1.322,
  "UAIUSDT": 0.1627,
  "ACHUSDT": 0.006788,
  "SAPIENUSDT": 0.08539,
  "KOMAUSDT": 0.007896,
  "ONTUSDT": 0.0435,
  "UMAUSDT": 0.4229,
  "MELANIAUSDT": 0.1114,
  "RAYSOLUSDT": 0.602,
  "MUBARAKUSDT": 0.01368,
  "BASUSDT": 0.006603,
  "KMNOUSDT": 0.02195,
  "WALUSDT": 0.0777,
  "GLMUSDT": 0.1345,
  "ERAUSDT": 0.1474,
  "C98USDT": 0.0265,
  "DRIFTUSDT": 0.0867,
  "IDOLUSDT": 0.01937,
  "RSRUSDT": 0.001506,
  "EDENUSDT": 0.03215,
  "DAMUSDT": 0.02321,
  "ANKRUSDT": 0.004255,
  "CTSIUSDT": 0.0242,
  "SONICUSDT": 0.04425,
  "SKLUSDT": 0.00651,
  "KAVAUSDT": 0.0498,
  "ZEREBROUSDT": 0.007123,
  "ZKCUSDT": 0.0853,
  "ICNTUSDT": 0.3777,
  "SOLVUSDT": 0.003916,
  "HOTUSDT": 0.00039,
  "ENJUSDT": 0.01959,
  "POLYXUSDT": 0.04274,