{
  "BTCUSDT": 67774.3,
  "ETHUSDT": 2034.96,
  "BTC/USDCUSDT": 67647.9,
  "SOLUSDT": 86.27,
  "ETH/USDCUSDT": 2020.45,
  "XAGUSDT": 90.51,
  "BTC/USDUSDT": 68273.3,
  "XRPUSDT": 1.4427,
  "XAUUSDT": 5196.91,
  "ETH/USDUSDT": 2037.86,
  "DOGEUSDT": 0.10123,
  "ENSOUSDT": 1.9061,
  "POWERUSDT": 0.87527,
  "ESPUSDT": 0.15504,
  "BNBUSDT": 623.29,
  "SOL/USDCUSDT": 86.28,
  "1000PEPEUSDT": 0.004208,
  "PIPPINUSDT": 0.7015,
  "ZECUSDT": 248.62,
  "BCHUSDT": 514.7,
  "HYPEUSDT": 27.987,
  "ADAUSDT": 0.2948,
  "AVAXUSDT": 9.621,
  "DENTUSDT": 0.000223,
  "SUIUSDT": 0.9534,
  "DOTUSDT": 1.523,
  "XRP/USDCUSDT": 1.4429,
  "ARCUSDT": 0.11381,
  "FILUSDT": 1.082,
  "PAXGUSDT": 5206.75,
  "LINKUSDT": 9.399,
  "RIVERUSDT": 8.946,
  "UNIUSDT": 3.93,
  "SOL/USDUSDT": 85.36,
  "LTCUSDT": 57.91,
  "SIRENUSDT": 0.36809,
  "NEARUSDT": 1.113,
  "VIRTUALUSDT": 0.6938,
  "PUMPUSDT": 0.001873,
  "KITEUSDT": 0.27446,
  "TAOUSDT": 181.64,
  "ASTERUSDT": 0.709,
  "STEEMUSDT": 0.05824,
  "ENAUSDT": 0.1069,
  "AXLUSDT": 0.05996,
  "AAVEUSDT": 121.28,
  "BULLAUSDT": 0.01826,
  "OPNUSDT": 0.5755,
  "MYXUSDT": 0.43,
  "SKRUSDT": 0.022958,
  "WIFUSDT": 0.2131,
  "LAUSDT": 0.239,
  "HOLOUSDT": 0.06017,
  "BNB/USDCUSDT": 623.62,
  "WLDUSDT": 0.4164,
  "VVVUSDT": 4.362,
  "OPUSDT": 0.124,
  "WLFIUSDT": 0.1163,
  "BNB/USDUSDT": 622.95,
  "FARTCOINUSDT": 0.1673,
  "DOGE/USDUSDT": 0.1012,
  "ARBUSDT": 0.1011,
  "AKEUSDT": 0.0003774,
  "TRXUSDT": 0.28474,
  "XRP/USDUSDT": 1.4372,
  "DOGE/USDCUSDT": 0.1012,
  "AXSUSDT": 1.365,
  "BERAUSDT": 0.6183,
  "PENGUUSDT": 0.007156,
  "ETH/BTCUSDT": 2019.4318,
  "LITUSDT": 1.478,
  "1000SHIBUSDT": 0.006317,
  "DUSKUSDT": 0.08787,
  "GPSUSDT": 0.010067,
  "TSLAUSDT": 414.4,
  "SOMIUSDT": 0.2139,
  "APTUSDT": 0.9719,
  "ETCUSDT": 9.3,
  "COLLECTUSDT": 0.05412,
  "TRUMPUSDT": 3.546,
  "MORPHOUSDT": 1.8928,
  "CRCLUSDT": 75.42,
  "HBARUSDT": 0.1017,
  "\u5e01\u5b89\u4eba\u751fUSDT": 0.06143,
  "XLMUSDT": 0.16364,
  "ALLOUSDT": 0.11834,
  "INJUSDT": 3.325,
  "RAVEUSDT": 0.28231,
  "XMRUSDT": 341.75,
  "ETHFIUSDT": 0.5261,
  "ZROUSDT": 1.558,
  "ARUSDT": 1.884,
  "TIAUSDT": 0.3636,
  "SNXUSDT": 0.377,
  "HUSDT": 0.12994,
  "ICPUSDT": 2.342,
  "FOGOUSDT": 0.02758,
  "POLUSDT": 0.1143,
  "1000BONKUSDT": 0.006374,
  "TONUSDT": 1.33,
  "DASHUSDT": 34.94,
  "AZTECUSDT": 0.02561,
  "CRVUSDT": 0.254,
  "ONDOUSDT": 0.2722,
  "PIEVERSEUSDT": 0.471,
  "TRIAUSDT": 0.02217,
  "AGLDUSDT": 0.2842,
  "ATOMUSDT": 2.068,
  "SEIUSDT": 0.0712,
  "ZAMAUSDT": 0.02204,
  "DEXEUSDT": 3.405,
  "XPLUSDT": 0.0945,
  "BCH/USDCUSDT": 514.64,
  "HOODUSDT": 76.34,
  "KSMUSDT": 5.256,
  "ADA/USDUSDT": 0.2947,
  "FIGHTUSDT": 0.00751,
  "SENTUSDT": 0.02313,
  "SPACEUSDT": 0.008548,
  "GALAUSDT": 0.00375,
  "MONUSDT": 0.0219,
  "ZEC/USDCUSDT": 248.46,
  "FETUSDT": 0.1684,
  "ORCAUSDT": 0.97,
  "RENDERUSDT": 1.497,
  "GUAUSDT": 0.22279,
  "1000PEPE/USDCUSDT": 0.0042072,
  "FIL/USDCUSDT": 1.081,
  "IPUSDT": 1.056,
  "BIOUSDT": 0.0258,
  "EIGENUSDT": 0.2001,
  "GUNUSDT": 0.02969,
  "ADA/USDCUSDT": 0.2946,
  "AVAX/USDCUSDT": 9.616,
  "SUI/USDCUSDT": 0.9532,
  "STABLEUSDT": 0.030683,
  "ORDERUSDT": 0.05841,
  "SANDUSDT": 0.08636,
  "LYNUSDT": 0.32239,
  "ALGOUSDT": 0.0918,
  "LDOUSDT": 0.3268,
  "PENDLEUSDT": 1.3046,
  "0GUSDT": 0.6562,
  "CAKEUSDT": 1.322,
  "XPTUSDT": 2312.32,
  "CHZUSDT": 0.03523,
  "LINEAUSDT": 0.003236,
  "BOBUSDT": 0.006217,
  "ZILUSDT": 0.00438,
  "\u6211\u8e0f\u9a6c\u6765\u4e86USDT": 0.012375,
  "ROSEUSDT": 0.01298,
  "GWEIUSDT": 0.030737,
  "LINK/USDUSDT": 9.395,
  "JTOUSDT": 0.292,
  "USELESSUSDT": 0.04247,
  "MSTRUSDT": 132.93,
  "DYDXUSDT": 0.102,
  "SPXUSDT": 0.3159,
  "INTCUSDT": 46.03,
  "AEROUSDT": 0.3472,
  "ZKUSDT": 0.02041,
  "SUI/USDUSDT": 0.9532,
  "STRKUSDT": 0.04557,
  "ENSUSDT": 6.536,
  "SYRUPUSDT": 0.22991,
  "XPDUSDT": 1813.2,
  "LINK/USDCUSDT": 9.397,
  "BEATUSDT": 0.2226,
  "ZENUSDT": 5.677,
  "KAITOUSDT": 0.3311,
  "ORDIUSDT": 2.583,
  "NEIROUSDT": 7.24e-05,
  "1000FLOKIUSDT": 0.03055,
  "CLOUSDT": 0.08705,
  "VETUSDT": 0.007794,
  "COINUSDT": 178.11,
  "EULUSDT": 1.003,
  "MOODENGUSDT": 0.05438,
  "JUPUSDT": 0.157,
  "LPTUSDT": 2.388,
  "BCH/USDUSDT": 514.57,
  "YGGUSDT": 0.04239,
  "GIGGLEUSDT": 25.89,
  "BIRBUSDT": 0.16628,
  "PARTIUSDT": 0.10105,
  "LTC/USDCUSDT": 57.88,
  "APEUSDT": 0.1111,
  "KERNELUSDT": 0.08155,
  "DOT/USDUSDT": 1.521,
  "INXUSDT": 0.012453,
  "FIL/USDUSDT": 1.082,
  "TRBUSDT": 15.313,
  "INITUSDT": 0.08468,
  "ENA/USDCUSDT": 0.1068,
  "SAHARAUSDT": 0.01536,
  "GRIFFAINUSDT": 0.00986,
  "STGUSDT": 0.1369,
  "DAMUSDT": 0.02584,
  "FFUSDT": 0.0798,
  "NAORISUSDT": 0.03331,
  "CYBERUSDT": 0.5574,
  "LTC/USDUSDT": 57.87,
  "XTZUSDT": 0.396,
  "AWEUSDT": 0.05307,
  "STXUSDT": 0.267,
  "GRTUSDT": 0.02807,
  "CCUSDT": 0.16107,
  "KMNOUSDT": 0.02444,
  "AVNTUSDT": 0.1843,
  "HOTUSDT": 0.00039,
  "PNUTUSDT": 0.04821,
  "PROMPTUSDT": 0.04689,
  "ZKPUSDT": 0.08578,
  "BTRUSDT": 0.18546,
  "CYSUSDT": 0.369,
  "ACHUSDT": 0.007385,
  "METUSDT": 0.186,
  "SUSDT": 0.04378,
  "HANAUSDT": 0.03462,
  "TURBOUSDT": 0.0010559,
  "DUSDT": 0.00726,
  "MANAUSDT": 0.0986,
  "PORTALUSDT": 0.01274,
  "UNI/USDUSDT": 3.925,
  "COMPUSDT": 18.63,
  "KASUSDT": 0.03137,
  "OGNUSDT": 0.0213,
  "SPORTFUNUSDT": 0.04967,
  "PYTHUSDT": 0.05424,
  "ARB/USDCUSDT": 0.101,
  "2ZUSDT": 0.07435,
  "TNSRUSDT": 0.04968,
  "AVAX/USDUSDT": 9.61,
  "BTCDOMUSDT": 4995.8,
  "MERLUSDT": 0.04665,
  "SWARMSUSDT": 0.00727,
  "RUNEUSDT": 0.4204,
  "AIXBTUSDT": 0.02043,
  "FLOCKUSDT": 0.06515,
  "SKYUSDT": 0.06849,
  "JASMYUSDT": 0.00596,
  "ELSAUSDT": 0.08072,
  "BARDUSDT": 0.7677,
  "MEUSDT": 0.1224,
  "AMZNUSDT": 210.17,
  "ONTUSDT": 0.0437,
  "GASUSDT": 1.63,
  "MEMEUSDT": 0.0006608,
  "NEAR/USDCUSDT": 1.111,
  "AINUSDT": 0.04309,
  "UMAUSDT": 0.4745,
  "EDUUSDT": 0.1181,
  "RAYSOLUSDT": 0.6419,
  "RESOLVUSDT": 0.06706,
  "ARKMUSDT": 0.1161,
  "MUBARAKUSDT": 0.01442,
  "RPLUSDT": 1.99,
  "FLOWUSDT": 0.03702,
  "QNTUSDT": 65.39,
  "TAKEUSDT": 0.0209,
  "THETAUSDT": 0.1944,
  "RSRUSDT": 0.001571,
  "WCTUSDT": 0.06203,
  "SXTUSDT": 0.0226,
  "MIRAUSDT": 0.0863,
  "UNI/USDCUSDT": 3.923,
  "FHEUSDT": 0.02945,
  "WIF/USDCUSDT": 0.2129,
  "UBUSDT": 0.04103,
  "BROCCOLIF3BUSDT": 0.003678,
  "CFXUSDT": 0.05211,
  "IMXUSDT": 0.1756,
  "AAVE/USDCUSDT": 121.22,
  "WOOUSDT": 0.01745,
  "JELLYJELLYUSDT": 0.06267,
  "STORJUSDT": 0.0984,
  "BUSDT": 0.1409,
  "CRV/USDCUSDT": 0.2535,
  "NOMUSDT": 0.004572,
  "ETHFI/USDCUSDT": 0.5258,
  "BANUSDT": 0.1181,
  "WUSDT": 0.02001,
  "BOMEUSDT": 0.0004123,
  "TIA/USDCUSDT": 0.3633,
  "ENJUSDT": 0.02051,
  "C98USDT": 0.0257,
  "BREVUSDT": 0.1353,
  "ACUUSDT": 0.11774,
  "ZKCUSDT": 0.0885,
  "GRASSUSDT": 0.198,
  "OPENUSDT": 0.1547,
  "EGLDUSDT": 4.661,
  "PLTRUSDT": 134.62,
  "MUSDT": 1.3684,
  "BASUSDT": 0.005597,
  "IOTAUSDT": 0.0705,
  "DOLOUSDT": 0.03795,
  "MOVEUSDT": 0.02235,
  "GMTUSDT": 0.01189,
  "PEOPLEUSDT": 0.00676,
  "WETUSDT": 0.08878,
  "FOLKSUSDT": 1.208,
  "ZETAUSDT": 0.0543,
  "POPCATUSDT": 0.05133,
  "NIGHTUSDT": 0.05706,
  "1INCHUSDT": 0.0964,
  "1000LUNCUSDT": 0.0364,
  "SUSHIUSDT": 0.2197,
  "1MBABYDOGEUSDT": 0.0004231,
  "SONICUSDT": 0.04821,
  "SAPIENUSDT": 0.08972,
  "KAIAUSDT": 0.05618,
  "HUMAUSDT": 0.012268,
  "MINAUSDT": 0.05977,
  "1000SATSUSDT": 1.15e-05,
  "LUNA2USDT": 0.06348,
  "FRAXUSDT": 0.6556,
  "LIGHTUSDT": 0.224,
  "VANAUSDT": 1.486,
  "USDCUSDT": 0.999529,
  "1000RATSUSDT": 0.04797,
  "LRCUSDT": 0.03539,
  "NEOUSDT": 2.783,
  "MASKUSDT": 0.4459,
  "XNYUSDT": 0.005327,
  "ATUSDT": 0.15818,
  "ZRXUSDT": 0.1139,
  "AIAUSDT": 0.08998,
  "BATUSDT": 0.1257,
  "IOUSDT": 0.1177,
  "AUCTIONUSDT": 5.014,
  "PLUMEUSDT": 0.00974,
  "ALCHUSDT": 0.08027,
  "GLMUSDT": 0.15397,
  "REZUSDT": 0.003097,
  "VTHOUSDT": 0.0006111,
  "COWUSDT": 0.2227,
  "BANANAS31USDT": 0.004707,
  "PENGU/USDCUSDT": 0.007152,
  "TREEUSDT": 0.0721,
  "CUSDT": 0.05461,
  "WLFI/USDCUSDT": 0.1162,
  "JSTUSDT": 0.043429,
  "WLD/USDCUSDT": 0.4162,
  "VELODROMEUSDT": 0.01559,
  "AAVE/USDUSDT": 121.24,
  "NILUSDT": 0.04831,
  "HOMEUSDT": 0.02937,