{
  "BTCUSDT": 64716.6,
  "ETHUSDT": 1856.43,
  "SOLUSDT": 77.42,
  "XRPUSDT": 1.3396,
  "BNBUSDT": 587.87,
  "BCHUSDT": 539.1,
  "DOGEUSDT": 0.0925,
  "XAGUSDT": 87.22,
  "XAUUSDT": 5161.23,
  "HYPEUSDT": 27.052,
  "PAXGUSDT": 5173.46,
  "WLFIUSDT": 0.1124,
  "ZECUSDT": 238.03,
  "TRXUSDT": 0.2864,
  "SUIUSDT": 0.8704,
  "ASTERUSDT": 0.6911,
  "ADAUSDT": 0.2601,
  "LINKUSDT": 8.198,
  "AVAXUSDT": 8.348,
  "LTCUSDT": 51.1,
  "UNIUSDT": 3.292,
  "PIPPINUSDT": 0.65354,
  "1000PEPEUSDT": 0.0039019,
  "PUMPUSDT": 0.001873,
  "KITEUSDT": 0.26251,
  "ENAUSDT": 0.0968,
  "NEARUSDT": 0.981,
  "ARCUSDT": 0.09108,
  "AAVEUSDT": 112.1,
  "WLDUSDT": 0.3649,
  "TRUMPUSDT": 3.209,
  "LITUSDT": 1.375,
  "FILUSDT": 0.881,
  "DOTUSDT": 1.248,
  "TAOUSDT": 165.72,
  "XPLUSDT": 0.0826,
  "ATOMUSDT": 2.185,
  "TONUSDT": 1.3207,
  "ZROUSDT": 1.5152,
  "ENSOUSDT": 2.0711,
  "APTUSDT": 0.8044,
  "1000SHIBUSDT": 0.005984,
  "HBARUSDT": 0.09456,
  "XLMUSDT": 0.14993,
  "BERAUSDT": 0.5505,
  "AXSUSDT": 1.218,
  "ICPUSDT": 2.035,
  "RIVERUSDT": 7.987,
  "ARBUSDT": 0.0898,
  "HUSDT": 0.15708,
  "OPUSDT": 0.1153,
  "XMRUSDT": 309.95,
  "POWERUSDT": 0.45435,
  "MONUSDT": 0.01903,
  "CRVUSDT": 0.222,
  "RAVEUSDT": 0.66654,
  "BARDUSDT": 0.786,
  "WIFUSDT": 0.2011,
  "FFUSDT": 0.0767,
  "ETCUSDT": 8.136,
  "FETUSDT": 0.1525,
  "PENGUUSDT": 0.006175,
  "BANUSDT": 0.13522,
  "PARTIUSDT": 0.10801,
  "1000BONKUSDT": 0.005836,
  "FARTCOINUSDT": 0.1572,
  "AGLDUSDT": 0.3721,
  "IPUSDT": 1.015,
  "POLUSDT": 0.1028,
  "INJUSDT": 3.39,
  "BTCDOMUSDT": 5166.5,
  "CHZUSDT": 0.03321,
  "DASHUSDT": 31.47,
  "\u5e01\u5b89\u4eba\u751fUSDT": 0.05841,
  "SENTUSDT": 0.02059,
  "TIAUSDT": 0.2917,
  "ONDOUSDT": 0.248,
  "ETHFIUSDT": 0.4271,
  "SIRENUSDT": 0.27036,
  "0GUSDT": 0.6092,
  "SEIUSDT": 0.0661,
  "VIRTUALUSDT": 0.5886,
  "LYNUSDT": 0.30739,
  "ZKUSDT": 0.01826,
  "STABLEUSDT": 0.029083,
  "JUPUSDT": 0.1416,
  "ZAMAUSDT": 0.02109,
  "CCUSDT": 0.16137,
  "AZTECUSDT": 0.02736,
  "ALCHUSDT": 0.07817,
  "MYXUSDT": 0.714,
  "1000RATSUSDT": 0.04725,
  "QUSDT": 0.022171,
  "VVVUSDT": 3.695,
  "RENDERUSDT": 1.366,
  "HOMEUSDT": 0.029824,
  "LDOUSDT": 0.293,
  "KAITOUSDT": 0.2818,
  "BANANAS31USDT": 0.004672,
  "BTRUSDT": 0.19412,
  "OPNUSDT": 0.5853,
  "DUSKUSDT": 0.07994,
  "PENDLEUSDT": 1.1273,
  "BIOUSDT": 0.02526,
  "NIGHTUSDT": 0.05724,
  "ATUSDT": 0.16062,
  "SKYAIUSDT": 0.03842,
  "HANAUSDT": 0.03557,
  "ESPUSDT": 0.07817,
  "ALGOUSDT": 0.0834,
  "ZENUSDT": 5.384,
  "STRKUSDT": 0.04127,
  "JTOUSDT": 0.2775,
  "SANDUSDT": 0.07767,
  "MUSDT": 1.3828,
  "CAKEUSDT": 1.2249,
  "UBUSDT": 0.03535,
  "GUNUSDT": 0.02814,
  "GPSUSDT": 0.012808,
  "BULLAUSDT": 0.02788,
  "TRADOORUSDT": 1.501,
  "PIEVERSEUSDT": 0.4051,
  "ZILUSDT": 0.00399,
  "USDCUSDT": 0.999718,
  "MORPHOUSDT": 1.5269,
  "AWEUSDT": 0.05506,
  "LAUSDT": 0.2339,
  "SNXUSDT": 0.404,
  "B2USDT": 0.7201,
  "GALAUSDT": 0.00346,
  "ORCAUSDT": 0.948,
  "ALLOUSDT": 0.10595,
  "APEUSDT": 0.1016,
  "OMUSDT": 0.06583,
  "SKYUSDT": 0.06129,
  "XPINUSDT": 0.001648,
  "PYTHUSDT": 0.04969,
  "ROSEUSDT": 0.01182,
  "BUSDT": 0.1344,
  "METUSDT": 0.1906,
  "GUAUSDT": 0.15898,
  "CYSUSDT": 0.3881,
  "\u6211\u8e0f\u9a6c\u6765\u4e86USDT": 0.012459,
  "BEAMXUSDT": 0.002019,
  "JELLYJELLYUSDT": 0.06266,
  "HUMAUSDT": 0.011575,
  "GIGGLEUSDT": 25.05,
  "MSTRUSDT": 126.29,
  "TSLAUSDT": 406.84,
  "YGGUSDT": 0.04744,
  "EIGENUSDT": 0.1723,
  "AVNTUSDT": 0.1715,
  "ESPORTSUSDT": 0.3403,
  "VETUSDT": 0.007169,
  "SYRUPUSDT": 0.20902,
  "NAORISUSDT": 0.04347,
  "DYDXUSDT": 0.089,
  "AEROUSDT": 0.2997,
  "NEOUSDT": 2.572,
  "COLLECTUSDT": 0.04646,
  "XTZUSDT": 0.363,
  "COMPUSDT": 17.02,
  "ZKPUSDT": 0.0821,
  "MOVEUSDT": 0.02195,
  "NXPCUSDT": 0.258,
  "CYBERUSDT": 0.5518,
  "ORDIUSDT": 2.361,
  "FORMUSDT": 0.1921,
  "MEUSDT": 0.1178,
  "PNUTUSDT": 0.04362,
  "AUCTIONUSDT": 4.795,
  "INITUSDT": 0.08626,
  "SOMIUSDT": 0.1991,
  "SUSDT": 0.0394,
  "RESOLVUSDT": 0.06487,
  "FOGOUSDT": 0.02443,
  "ENSUSDT": 5.956,
  "1000FLOKIUSDT": 0.02779,
  "GWEIUSDT": 0.030798,
  "STGUSDT": 0.1321,
  "1000LUNCUSDT": 0.03409,
  "STXUSDT": 0.2342,
  "LINEAUSDT": 0.00318,
  "OGUSDT": 3.174,
  "SPACEUSDT": 0.008966,
  "AGTUSDT": 0.005625,
  "BEATUSDT": 0.2208,
  "LPTUSDT": 2.169,
  "PLUMEUSDT": 0.00911,
  "MERLUSDT": 0.04764,
  "TAUSDT": 0.04127,
  "CLOUSDT": 0.08751,
  "VANAUSDT": 1.429,
  "EDUUSDT": 0.1167,
  "TRIAUSDT": 0.01589,
  "TRBUSDT": 13.953,
  "WUSDT": 0.01811,
  "UAIUSDT": 0.2385,
  "BANKUSDT": 0.03746,
  "2ZUSDT": 0.06651,
  "BIRBUSDT": 0.15196,
  "ATHUSDT": 0.005031,
  "USELESSUSDT": 0.03444,
  "ARUSDT": 1.856,
  "TAGUSDT": 0.0003846,
  "WCTUSDT": 0.0573,
  "GRTUSDT": 0.0258,
  "JASMYUSDT": 0.005482,
  "LRCUSDT": 0.03269,
  "EULUSDT": 0.882,
  "NMRUSDT": 7.68,
  "API3USDT": 0.2844,
  "MANAUSDT": 0.0899,
  "SPXUSDT": 0.2812,
  "CFXUSDT": 0.04883,
  "LIGHTUSDT": 0.2187,
  "MOODENGUSDT": 0.05027,
  "QNTUSDT": 62.73,
  "MMTUSDT": 0.1164,
  "IOTAUSDT": 0.0658,
  "COWUSDT": 0.2069,
  "ZORAUSDT": 0.01923,
  "1INCHUSDT": 0.0874,
  "IMXUSDT": 0.1519,
  "IDOLUSDT": 0.02386,
  "SPKUSDT": 0.01992,
  "COAIUSDT": 0.3012,
  "FHEUSDT": 0.02884,
  "LUNA2USDT": 0.05918,
  "JSTUSDT": 0.042655,
  "AXLUSDT": 0.05079,
  "THETAUSDT": 0.1861,
  "SFPUSDT": 0.2477,
  "ZRXUSDT": 0.1018,
  "FLOWUSDT": 0.03466,
  "KAIAUSDT": 0.05271,
  "RPLUSDT": 2.128,
  "ARKMUSDT": 0.1021,
  "IOUSDT": 0.1075,
  "PROMPTUSDT": 0.052,
  "4USDT": 0.00753,
  "BREVUSDT": 0.1231,
  "PTBUSDT": 0.001227,
  "BELUSDT": 0.1079,
  "YFIUSDT": 2711.0,
  "NEIROUSDT": 6.68e-05,
  "SIGNUSDT": 0.02319,
  "KGENUSDT": 0.17714,
  "RUNEUSDT": 0.3804,
  "EGLDUSDT": 4.255,
  "AIAUSDT": 0.08772,
  "SKRUSDT": 0.017697,
  "AIOUSDT": 0.08139,
  "ARPAUSDT": 0.01041,
  "BOMEUSDT": 0.000373,
  "ANIMEUSDT": 0.004672,
  "DEXEUSDT": 2.591,
  "NOMUSDT": 0.004731,
  "BLUAIUSDT": 0.005007,
  "KASUSDT": 0.02946,
  "SAHARAUSDT": 0.01428,
  "PROVEUSDT": 0.2761,
  "MAGICUSDT": 0.06464,
  "PEOPLEUSDT": 0.00621,
  "XPTUSDT": 2178.1,
  "TWTUSDT": 0.486,
  "MEGAUSDT": 0.12516,
  "SAPIENUSDT": 0.09049,
  "VELVETUSDT": 0.07963,
  "FOLKSUSDT": 1.173,
  "GMTUSDT": 0.01089,
  "MINAUSDT": 0.05734,
  "OPENUSDT": 0.1427,
  "ACTUSDT": 0.0135,
  "XNYUSDT": 0.004693,
  "TSTUSDT": 0.00954,
  "GASUSDT": 1.486,
  "ZKCUSDT": 0.0826,
  "AUSDT": 0.0757,
  "AVAAIUSDT": 0.00701,
  "BATUSDT": 0.1132,
  "CATIUSDT": 0.03897,
  "MANTAUSDT": 0.06339,
  "GRASSUSDT": 0.1684,
  "TNSRUSDT": 0.0453,
  "TURBOUSDT": 0.0009761,
  "TUTUSDT": 0.01001,
  "SUSHIUSDT": 0.1897,
  "SOPHUSDT": 0.008517,
  "ICNTUSDT": 0.4121,
  "TAKEUSDT": 0.02434,
  "BSVUSDT": 15.08,
  "STOUSDT": 0.05821,
  "ZBTUSDT": 0.06852,
  "AKEUSDT": 0.0002549,
  "YBUSDT": 0.1466,
  "SUPERUSDT": 0.1072,
  "ACHUSDT": 0.007086,
  "FUSDT": 0.005492,
  "FIGHTUSDT": 0.006355,
  "SWARMSUSDT": 0.00638,
  "BABYUSDT": 0.01201,
  "POPCATUSDT": 0.0461,
  "SANTOSUSDT": 1.714,
  "NILUSDT": 0.04702,
  "VELODROMEUSDT": 0.01379,
  "CVXUSDT": 1.809,
  "LAYERUSDT": 0.0794,
  "MUBARAKUSDT": 0.01384,
  "C98USDT": 0.0257,
  "GLMUSDT": 0.15419,
  "BLURUSDT": 0.01906,
  "SOONUSDT": 0.1604,
  "ASRUSDT": 1.362,
  "XVGUSDT": 0.005672,
  "MASKUSDT": 0.4105,
  "CTSIUSDT": 0.0237,
  "TRUTHUSDT": 0.009107,
  "MEMEUSDT": 0.0006311,
  "ALTUSDT": 0.00717,
  "RAREUSDT": 0.01757,
  "KSMUSDT": 4.533,
  "DRIFTUSDT": 0.0815,
  "FRAXUSDT": 0.6237,
  "ONTUSDT": 0.0399,
  "SOLVUSDT": 0.00408,
  "RAYSOLUSDT": 0.5857,
  "VTHOUSDT": 0.0005779,
  "AIXBTUSDT": 0.01817,
  "ANKRUSDT": 0.004176,
  "EDENUSDT": 0.03162,
  "SONICUSDT": 0.04303,
  "IRUSDT": 0.08865,
  "KERNELUSDT": 0.06605,
  "PROMUSDT": 1.256,
  "THEUSDT": 0.2393,
  "SUNUSDT": 0.016694,
  "DEGOUSDT": 0.3233,
  "CELOUSDT": 0.072,
  "XPDUSDT": 1758.15,
  "UMAUSDT": 0.4259,
  "ERAUSDT": 0.1453,
  "SPORTFUNUSDT": 0.04464,
  "MELANIAUSDT": 0.1079,
  "STORJUSDT": 0.0882,
  "DOLOUSDT": 0.03892,
  "IDUSDT": 0.0435,
  "INUSDT": 0.06008,
  "AKTUSDT": 0.2948,
  "WETUSDT": 0.08283,
  "ARIAUSDT": 0.06941,
  "ZEREBROUSDT": 0.00686,
  "CRCLUSDT": 61.28,
  "AINUSDT": 0.03237,
  "KAVAUSDT": 0.0492,
  "BASUSDT": 0.005311,