{
  "BTCUSDT": 67823.2,
  "ETHUSDT": 1961.69,
  "SOLUSDT": 84.12,
  "XRPUSDT": 1.4304,
  "BNBUSDT": 627.24,
  "BCHUSDT": 564.68,
  "DOGEUSDT": 0.10001,
  "HYPEUSDT": 30.131,
  "XAGUSDT": 84.55,
  "WLFIUSDT": 0.1202,
  "PAXGUSDT": 5120.49,
  "XAUUSDT": 5112.31,
  "ZECUSDT": 261.13,
  "TRXUSDT": 0.28491,
  "SUIUSDT": 0.9497,
  "ASTERUSDT": 0.7246,
  "LINKUSDT": 8.862,
  "ADAUSDT": 0.2811,
  "UNIUSDT": 3.542,
  "LTCUSDT": 55.02,
  "AVAXUSDT": 9.149,
  "1000PEPEUSDT": 0.0043073,
  "PUMPUSDT": 0.002112,
  "ENAUSDT": 0.1098,
  "KITEUSDT": 0.24092,
  "AAVEUSDT": 119.15,
  "NEARUSDT": 1.066,
  "PIPPINUSDT": 0.49338,
  "WLDUSDT": 0.3926,
  "TRUMPUSDT": 3.513,
  "LITUSDT": 1.482,
  "FILUSDT": 0.967,
  "XPLUSDT": 0.097,
  "TAOUSDT": 178.46,
  "ARCUSDT": 0.07329,
  "DOTUSDT": 1.354,
  "ZROUSDT": 1.6747,
  "ATOMUSDT": 2.376,
  "APTUSDT": 0.885,
  "1000SHIBUSDT": 0.006514,
  "TONUSDT": 1.3266,
  "ARBUSDT": 0.0999,
  "HBARUSDT": 0.09886,
  "XLMUSDT": 0.16167,
  "AXSUSDT": 1.318,
  "ICPUSDT": 2.177,
  "OPUSDT": 0.1317,
  "ENSOUSDT": 1.8371,
  "BERAUSDT": 0.5834,
  "RIVERUSDT": 8.259,
  "HUSDT": 0.16162,
  "XMRUSDT": 331.44,
  "MONUSDT": 0.02077,
  "AZTECUSDT": 0.03587,
  "FFUSDT": 0.08138,
  "WIFUSDT": 0.2254,
  "FETUSDT": 0.1662,
  "PENGUUSDT": 0.006916,
  "CRVUSDT": 0.243,
  "ETCUSDT": 9.005,
  "BARDUSDT": 0.7582,
  "1000BONKUSDT": 0.006416,
  "FARTCOINUSDT": 0.1851,
  "POWERUSDT": 0.43544,
  "IPUSDT": 1.103,
  "PARTIUSDT": 0.10649,
  "BANUSDT": 0.12753,
  "\u5e01\u5b89\u4eba\u751fUSDT": 0.08838,
  "INJUSDT": 3.515,
  "POLUSDT": 0.10938,
  "DASHUSDT": 34.32,
  "CHZUSDT": 0.03595,
  "RAVEUSDT": 0.57969,
  "BTCDOMUSDT": 5094.7,
  "SENTUSDT": 0.02343,
  "ZAMAUSDT": 0.02463,
  "TIAUSDT": 0.3377,
  "0GUSDT": 0.7032,
  "VIRTUALUSDT": 0.6427,
  "ONDOUSDT": 0.2681,
  "ETHFIUSDT": 0.469,
  "VVVUSDT": 4.265,
  "SEIUSDT": 0.0708,
  "ZKUSDT": 0.02017,
  "JUPUSDT": 0.1576,
  "BIOUSDT": 0.02911,
  "LYNUSDT": 0.30049,
  "MYXUSDT": 1.147,
  "STABLEUSDT": 0.02976,
  "RENDERUSDT": 1.486,
  "ALCHUSDT": 0.07999,
  "CCUSDT": 0.16092,
  "LDOUSDT": 0.3289,
  "KAITOUSDT": 0.3062,
  "PENDLEUSDT": 1.2135,
  "QUSDT": 0.022517,
  "ALLOUSDT": 0.13628,
  "1000RATSUSDT": 0.04667,
  "SIRENUSDT": 0.2228,
  "HOMEUSDT": 0.028958,
  "BTRUSDT": 0.18542,
  "NIGHTUSDT": 0.06041,
  "ZENUSDT": 5.917,
  "ESPUSDT": 0.07785,
  "BANANAS31USDT": 0.004595,
  "SANDUSDT": 0.08528,
  "ORCAUSDT": 1.088,
  "DUSKUSDT": 0.08591,
  "SKYAIUSDT": 0.03899,
  "ATUSDT": 0.16064,
  "HANAUSDT": 0.03577,
  "STRKUSDT": 0.04582,
  "ALGOUSDT": 0.0903,
  "UBUSDT": 0.03882,
  "JTOUSDT": 0.3046,
  "CAKEUSDT": 1.2957,
  "TRADOORUSDT": 1.396,
  "OMUSDT": 0.06489,
  "GUNUSDT": 0.02852,
  "GPSUSDT": 0.012978,
  "MORPHOUSDT": 1.5778,
  "ZILUSDT": 0.00423,
  "YGGUSDT": 0.04996,
  "PIEVERSEUSDT": 0.4111,
  "SKYUSDT": 0.0642,
  "MUSDT": 1.3366,
  "GALAUSDT": 0.00395,
  "USDCUSDT": 0.999868,
  "\u6211\u8e0f\u9a6c\u6765\u4e86USDT": 0.016253,
  "APEUSDT": 0.1131,
  "ROSEUSDT": 0.01375,
  "GIGGLEUSDT": 29.47,
  "B2USDT": 0.7204,
  "PYTHUSDT": 0.05407,
  "SNXUSDT": 0.396,
  "METUSDT": 0.2127,
  "XPINUSDT": 0.001718,
  "CYSUSDT": 0.3825,
  "HUMAUSDT": 0.012739,
  "BEAMXUSDT": 0.002287,
  "JELLYJELLYUSDT": 0.06712,
  "AWEUSDT": 0.05707,
  "AVNTUSDT": 0.1911,
  "EIGENUSDT": 0.1954,
  "NAORISUSDT": 0.04548,
  "DYDXUSDT": 0.101,
  "BUSDT": 0.132,
  "SYRUPUSDT": 0.22702,
  "BULLAUSDT": 0.02685,
  "MSTRUSDT": 131.31,
  "COMPUSDT": 18.14,
  "ORDIUSDT": 2.731,
  "AEROUSDT": 0.3233,
  "GUAUSDT": 0.15443,
  "FOGOUSDT": 0.02704,
  "XTZUSDT": 0.394,
  "MEUSDT": 0.1305,
  "EULUSDT": 1.089,
  "MOVEUSDT": 0.02379,
  "INITUSDT": 0.09855,
  "TSLAUSDT": 411.52,
  "NXPCUSDT": 0.275,
  "VETUSDT": 0.007794,
  "ZKPUSDT": 0.09156,
  "NEOUSDT": 2.756,
  "FORMUSDT": 0.2116,
  "LAUSDT": 0.2169,
  "PNUTUSDT": 0.04906,
  "SPACEUSDT": 0.010186,
  "CYBERUSDT": 0.5732,
  "AUCTIONUSDT": 5.086,
  "ESPORTSUSDT": 0.3202,
  "COLLECTUSDT": 0.05247,
  "ENSUSDT": 6.602,
  "VANAUSDT": 1.612,
  "1000LUNCUSDT": 0.03699,
  "SUSDT": 0.04342,
  "LINEAUSDT": 0.003485,
  "STGUSDT": 0.1452,
  "RESOLVUSDT": 0.0655,
  "SOMIUSDT": 0.2059,
  "BEATUSDT": 0.2496,
  "1000FLOKIUSDT": 0.03069,
  "OGUSDT": 3.348,
  "PLUMEUSDT": 0.01016,
  "STXUSDT": 0.2568,
  "MERLUSDT": 0.0531,
  "LPTUSDT": 2.352,
  "GWEIUSDT": 0.029836,
  "CLOUSDT": 0.08758,
  "FHEUSDT": 0.04021,
  "TRBUSDT": 15.407,
  "BIRBUSDT": 0.17596,
  "LRCUSDT": 0.03424,
  "GRTUSDT": 0.02897,
  "BANKUSDT": 0.04089,
  "EDUUSDT": 0.1242,
  "ATHUSDT": 0.005615,
  "MOODENGUSDT": 0.05794,
  "UAIUSDT": 0.2465,
  "2ZUSDT": 0.07428,
  "WUSDT": 0.02003,
  "CFXUSDT": 0.05313,
  "JASMYUSDT": 0.005859,
  "MANAUSDT": 0.0988,
  "ARUSDT": 2.045,
  "MMTUSDT": 0.1315,
  "SPXUSDT": 0.3245,
  "NMRUSDT": 8.225,
  "WCTUSDT": 0.06143,
  "COAIUSDT": 0.3321,
  "TAUSDT": 0.03899,
  "LIGHTUSDT": 0.2438,
  "API3USDT": 0.3025,
  "RPLUSDT": 2.362,
  "USELESSUSDT": 0.04121,
  "ZORAUSDT": 0.02073,
  "AIAUSDT": 0.1045,
  "THETAUSDT": 0.2085,
  "LUNA2USDT": 0.06493,
  "IMXUSDT": 0.1677,
  "4USDT": 0.0092,
  "TRIAUSDT": 0.0162,
  "ZRXUSDT": 0.1134,
  "FLOWUSDT": 0.03819,
  "IOTAUSDT": 0.0697,
  "SFPUSDT": 0.2766,
  "SPKUSDT": 0.0211,
  "IOUSDT": 0.1237,
  "1INCHUSDT": 0.0941,
  "JSTUSDT": 0.04295,
  "QNTUSDT": 65.92,
  "TAGUSDT": 0.0003442,
  "AXLUSDT": 0.05569,
  "PTBUSDT": 0.001373,
  "RUNEUSDT": 0.4141,
  "FOLKSUSDT": 1.381,
  "NEIROUSDT": 7.52e-05,
  "BREVUSDT": 0.1387,
  "NOMUSDT": 0.005504,
  "KAIAUSDT": 0.05594,
  "ARKMUSDT": 0.1151,
  "SKRUSDT": 0.019641,
  "AGTUSDT": 0.004671,
  "YFIUSDT": 2823.0,
  "EGLDUSDT": 4.662,
  "ANIMEUSDT": 0.005043,
  "MAGICUSDT": 0.07104,
  "TAKEUSDT": 0.02541,
  "CTSIUSDT": 0.0299,
  "MEGAUSDT": 0.13013,
  "BOMEUSDT": 0.0004213,
  "SAHARAUSDT": 0.01565,
  "FIGHTUSDT": 0.007096,
  "KGENUSDT": 0.17293,
  "ZKCUSDT": 0.091,
  "BLUAIUSDT": 0.005182,
  "COWUSDT": 0.2072,
  "MANTAUSDT": 0.07302,
  "TWTUSDT": 0.5212,
  "PEOPLEUSDT": 0.00685,
  "PROVEUSDT": 0.3087,
  "SIGNUSDT": 0.02628,
  "AUSDT": 0.0817,
  "GASUSDT": 1.608,
  "ACTUSDT": 0.01482,
  "TSTUSDT": 0.01061,
  "XNYUSDT": 0.004554,
  "AVAAIUSDT": 0.0077,
  "KASUSDT": 0.03072,
  "MINAUSDT": 0.06347,
  "NILUSDT": 0.05253,
  "TURBOUSDT": 0.0010851,
  "TUTUSDT": 0.01115,
  "GMTUSDT": 0.01228,
  "SUPERUSDT": 0.1202,
  "OPENUSDT": 0.155,
  "AIOUSDT": 0.07819,
  "SWARMSUSDT": 0.00715,
  "SANTOSUSDT": 1.9,
  "BATUSDT": 0.1212,
  "TNSRUSDT": 0.05004,
  "GRASSUSDT": 0.189,
  "BSVUSDT": 16.2,
  "VELVETUSDT": 0.0797,
  "ZBTUSDT": 0.07427,
  "FUSDT": 0.005944,
  "MUBARAKUSDT": 0.01607,
  "POPCATUSDT": 0.05173,
  "IDOLUSDT": 0.02199,
  "SOPHUSDT": 0.009311,
  "YBUSDT": 0.1635,
  "CATIUSDT": 0.04042,
  "DOLOUSDT": 0.04177,
  "AKEUSDT": 0.0002745,
  "XPTUSDT": 2162.12,
  "BABYUSDT": 0.01328,
  "XVGUSDT": 0.006177,
  "SUSHIUSDT": 0.2109,
  "ICNTUSDT": 0.4117,
  "CVXUSDT": 1.974,
  "LAYERUSDT": 0.0883,
  "BLURUSDT": 0.02121,
  "DEXEUSDT": 2.514,
  "VELODROMEUSDT": 0.01474,
  "EDENUSDT": 0.03626,
  "ALTUSDT": 0.00827,
  "RAYSOLUSDT": 0.6428,
  "GLMUSDT": 0.16745,
  "KSMUSDT": 4.977,
  "C98USDT": 0.0266,
  "SOLVUSDT": 0.00454,
  "IRUSDT": 0.09417,
  "ACHUSDT": 0.007553,
  "MASKUSDT": 0.4535,
  "AIXBTUSDT": 0.02034,
  "CELOUSDT": 0.079,
  "ONTUSDT": 0.0441,
  "SOONUSDT": 0.1704,
  "ASRUSDT": 1.418,
  "ANKRUSDT": 0.004641,
  "TRUTHUSDT": 0.010276,
  "DRIFTUSDT": 0.0912,
  "SONICUSDT": 0.0499,
  "STOUSDT": 0.05582,
  "MEMEUSDT": 0.0006941,
  "UMAUSDT": 0.4761,
  "RAREUSDT": 0.0192,
  "SUNUSDT": 0.016911,
  "KERNELUSDT": 0.07019,
  "MELANIAUSDT": 0.1169,
  "THEUSDT": 0.2594,
  "DEGOUSDT": 0.3539,
  "ZEREBROUSDT": 0.00798,
  "PROMUSDT": 1.318,
  "ERAUSDT": 0.1584,
  "FRAXUSDT": 0.6541,
  "SAPIENUSDT": 0.08613,
  "ONUSDT": 0.10076,
  "GMXUSDT": 6.796,
  "IDUSDT": 0.04908,
  "LSKUSDT": 0.1435,
  "KAVAUSDT": 0.0534,
  "IRYSUSDT": 0.0251,
  "BIGTIMEUSDT": 0.01577,
  "AKTUSDT": 0.3215,
  "WALUSDT": 0.0808,
  "HYPERUSDT": 0.0982,
  "POLYXUSDT": 0.04421,
  "RSRUSDT": 0.001511,
  "KMNOUSDT": 0.02775,
  "WOOUSDT": 0.01852,
  "STORJUSDT": 0.0978,
  "STBLUSDT": 0.03777,
  "BANANAUSDT": 4.516,
  "FIDAUSDT": 0.01828,