{
  "BTCUSDT": 68566.6,
  "ETHUSDT": 2014.29,
  "BTC/USDCUSDT": 67633.0,
  "SOLUSDT": 85.12,
  "ETH/USDCUSDT": 1991.96,
  "XAGUSDT": 73.39,
  "XAUUSDT": 4881.64,
  "XRPUSDT": 1.4902,
  "BTC/USDUSDT": 68465.0,
  "PIPPINUSDT": 0.541,
  "ETH/USDUSDT": 2013.61,
  "DOGEUSDT": 0.1007,
  "ORCAUSDT": 1.17,
  "ZECUSDT": 286.14,
  "BNBUSDT": 618.55,
  "RPLUSDT": 2.278,
  "1000PEPEUSDT": 0.004378,
  "SOL/USDCUSDT": 85.09,
  "SPACEUSDT": 0.010336,
  "HYPEUSDT": 29.78,
  "INITUSDT": 0.1165,
  "RIVERUSDT": 9.381,
  "PAXGUSDT": 4882.36,
  "VVVUSDT": 4.287,
  "SIRENUSDT": 0.21911,
  "SUIUSDT": 0.9635,
  "JTOUSDT": 0.3233,
  "TAOUSDT": 193.06,
  "JELLYJELLYUSDT": 0.07324,
  "ADAUSDT": 0.2821,
  "POWERUSDT": 0.31679,
  "XRP/USDCUSDT": 1.4895,
  "BCHUSDT": 567.65,
  "STABLEUSDT": 0.029351,
  "AVAXUSDT": 9.155,
  "ASTERUSDT": 0.7082,
  "LINKUSDT": 8.844,
  "BERAUSDT": 0.6408,
  "WLFIUSDT": 0.1055,
  "PUMPUSDT": 0.002223,
  "LTCUSDT": 54.08,
  "SOL/USDUSDT": 84.33,
  "FILUSDT": 0.96,
  "AAVEUSDT": 126.59,
  "UNIUSDT": 3.528,
  "WLDUSDT": 0.3982,
  "ENAUSDT": 0.1209,
  "ZROUSDT": 1.6062,
  "AXSUSDT": 1.333,
  "GPSUSDT": 0.013426,
  "NEARUSDT": 1.041,
  "BNB/USDCUSDT": 618.7,
  "DOTUSDT": 1.352,
  "TRXUSDT": 0.28161,
  "\u6211\u8e0f\u9a6c\u6765\u4e86USDT": 0.017265,
  "TRUMPUSDT": 3.426,
  "XRP/USDUSDT": 1.4847,
  "FARTCOINUSDT": 0.1976,
  "BTRUSDT": 0.19523,
  "WIFUSDT": 0.2313,
  "APTUSDT": 0.9178,
  "PENGUUSDT": 0.007093,
  "ZAMAUSDT": 0.01927,
  "USELESSUSDT": 0.05114,
  "RAYSOLUSDT": 0.6778,
  "DOGE/USDCUSDT": 0.10065,
  "0GUSDT": 0.6723,
  "MERLUSDT": 0.06433,
  "ARIAUSDT": 0.07468,
  "ESPUSDT": 0.05987,
  "CLOUSDT": 0.08096,
  "XMRUSDT": 333.45,
  "DOGE/USDUSDT": 0.10067,
  "VIRTUALUSDT": 0.6494,
  "ATOMUSDT": 2.233,
  "MMTUSDT": 0.1441,
  "TRUTHUSDT": 0.010649,
  "ARBUSDT": 0.113,
  "MYXUSDT": 1.603,
  "HBARUSDT": 0.10176,
  "XLMUSDT": 0.16672,
  "DASHUSDT": 36.97,
  "1000SHIBUSDT": 0.006508,
  "XPLUSDT": 0.0966,
  "TSLAUSDT": 411.07,
  "HUSDT": 0.1841,
  "ETH/BTCUSDT": 1992.0188772,
  "CRVUSDT": 0.251,
  "LITUSDT": 1.603,
  "BNB/USDUSDT": 621.26,
  "ENSOUSDT": 1.1465,
  "MUSDT": 1.5219,
  "KITEUSDT": 0.20605,
  "OPUSDT": 0.1865,
  "MOODENGUSDT": 0.06083,
  "ZEC/USDCUSDT": 286.05,
  "\u5e01\u5b89\u4eba\u751fUSDT": 0.09603,
  "ZORAUSDT": 0.02301,
  "BULLAUSDT": 0.02772,
  "MOVEUSDT": 0.02602,
  "OGNUSDT": 0.0242,
  "ETCUSDT": 8.677,
  "HUMAUSDT": 0.014521,
  "MAGICUSDT": 0.07739,
  "1000PEPE/USDCUSDT": 0.004375,
  "1000BONKUSDT": 0.006491,
  "FHEUSDT": 0.04228,
  "PROMUSDT": 1.402,
  "JUPUSDT": 0.1646,
  "HOODUSDT": 75.4,
  "MONUSDT": 0.02194,
  "IPUSDT": 1.137,
  "BASUSDT": 0.006023,
  "ICPUSDT": 2.384,
  "TONUSDT": 1.4268,
  "TIAUSDT": 0.3406,
  "SENTUSDT": 0.0221,
  "OMUSDT": 0.0599,
  "RENDERUSDT": 1.447,
  "DUSKUSDT": 0.10278,
  "ONDOUSDT": 0.2746,
  "POLUSDT": 0.10899,
  "AZTECUSDT": 0.02105,
  "SEIUSDT": 0.0743,
  "ZKPUSDT": 0.09384,
  "SUI/USDCUSDT": 0.963,
  "TAKEUSDT": 0.02797,
  "INJUSDT": 3.108,
  "FIGHTUSDT": 0.00618,
  "BEATUSDT": 0.2418,
  "EULUSDT": 0.954,
  "BCH/USDCUSDT": 567.34,
  "ARCUSDT": 0.07771,
  "BREVUSDT": 0.1424,
  "GALAUSDT": 0.00404,
  "ROSEUSDT": 0.0127,
  "LDOUSDT": 0.3403,
  "ADA/USDUSDT": 0.282,
  "PENDLEUSDT": 1.2206,
  "BLUAIUSDT": 0.005596,
  "ALGOUSDT": 0.0933,
  "FETUSDT": 0.1711,
  "MUBARAKUSDT": 0.02034,
  "COINUSDT": 166.19,
  "FOGOUSDT": 0.02437,
  "METUSDT": 0.2246,
  "DEEPUSDT": 0.03013,
  "TRIAUSDT": 0.01723,
  "UMAUSDT": 0.5345,
  "MORPHOUSDT": 1.4638,
  "GWEIUSDT": 0.028109,
  "AVNTUSDT": 0.206,
  "SPXUSDT": 0.3344,
  "LINEAUSDT": 0.003788,
  "MSTRUSDT": 128.76,
  "MEUSDT": 0.1349,
  "DYDXUSDT": 0.107,
  "TNSRUSDT": 0.054,
  "STGUSDT": 0.1386,
  "INTCUSDT": 46.17,
  "NEIROUSDT": 7.62e-05,
  "CHZUSDT": 0.04056,
  "XPDUSDT": 1689.13,
  "PTBUSDT": 0.001509,
  "SUI/USDUSDT": 0.9631,
  "ZENUSDT": 6.165,
  "COMPUSDT": 19.15,
  "CCUSDT": 0.16563,
  "LUNA2USDT": 0.06482,
  "RESOLVUSDT": 0.06213,
  "ADA/USDCUSDT": 0.282,
  "IRYSUSDT": 0.02961,
  "ZKUSDT": 0.02181,
  "SANDUSDT": 0.08583,
  "BIRBUSDT": 0.19179,
  "C98USDT": 0.0309,
  "SUSDT": 0.04906,
  "XPTUSDT": 2017.32,
  "AMZNUSDT": 200.54,
  "COTIUSDT": 0.01236,
  "EIGENUSDT": 0.2071,
  "CRCLUSDT": 62.04,
  "LPTUSDT": 2.46,
  "LINK/USDUSDT": 8.838,
  "ETHFIUSDT": 0.4766,
  "ALLOUSDT": 0.08978,
  "CAKEUSDT": 1.3025,
  "ZILUSDT": 0.00424,
  "GUNUSDT": 0.025,
  "PYTHUSDT": 0.05612,
  "SNXUSDT": 0.296,
  "KSMUSDT": 4.8,
  "GIGGLEUSDT": 30.59,
  "AIAUSDT": 0.11498,
  "LINK/USDCUSDT": 8.839,
  "SKRUSDT": 0.021329,
  "FRAXUSDT": 0.7088,
  "1000FLOKIUSDT": 0.03181,
  "LAUSDT": 0.2023,
  "WUSDT": 0.02046,
  "COWUSDT": 0.2144,
  "OGUSDT": 3.361,
  "ARPAUSDT": 0.01026,
  "TRBUSDT": 15.667,
  "VETUSDT": 0.008121,
  "ENSUSDT": 6.673,
  "LTC/USDCUSDT": 54.06,
  "JASMYUSDT": 0.005944,
  "TWTUSDT": 0.5756,
  "PLAYUSDT": 0.02335,
  "NILUSDT": 0.05552,
  "SYRUPUSDT": 0.2436,
  "CYSUSDT": 0.5523,
  "REZUSDT": 0.003358,
  "CVXUSDT": 2.077,
  "NAORISUSDT": 0.03208,
  "AVAX/USDCUSDT": 9.15,
  "STRKUSDT": 0.04834,
  "SUPERUSDT": 0.1302,
  "EGLDUSDT": 4.682,
  "APEUSDT": 0.1268,
  "KMNOUSDT": 0.03046,
  "FIL/USDCUSDT": 0.96,
  "ARUSDT": 2.042,
  "IOUSDT": 0.1111,
  "SOMIUSDT": 0.1904,
  "DRIFTUSDT": 0.0945,
  "AIXBTUSDT": 0.02121,
  "BCH/USDUSDT": 567.45,
  "SKYUSDT": 0.06379,
  "LRCUSDT": 0.03472,
  "NOMUSDT": 0.005463,
  "ENA/USDCUSDT": 0.1209,
  "PNUTUSDT": 0.05043,
  "TURBOUSDT": 0.0010951,
  "POPCATUSDT": 0.05247,
  "STXUSDT": 0.2616,
  "ORDIUSDT": 2.783,
  "SAFEUSDT": 0.1182,
  "LYNUSDT": 0.24054,
  "RUNEUSDT": 0.4039,
  "IMXUSDT": 0.1662,
  "AEROUSDT": 0.3147,
  "1000LUNCUSDT": 0.03355,
  "ARB/USDCUSDT": 0.113,
  "MEMEUSDT": 0.0007147,
  "HAEDALUSDT": 0.03051,
  "APRUSDT": 0.0894,
  "MANAUSDT": 0.1011,
  "SYNUSDT": 0.05174,
  "STORJUSDT": 0.1051,
  "COAIUSDT": 0.348,
  "OPENUSDT": 0.1599,
  "AWEUSDT": 0.08851,
  "ANIMEUSDT": 0.00545,
  "WLFI/USDCUSDT": 0.1053,
  "LIGHTUSDT": 0.241,
  "KASUSDT": 0.03187,
  "IOTAUSDT": 0.069,
  "WETUSDT": 0.08731,
  "PLTRUSDT": 133.13,
  "LTC/USDUSDT": 54.08,
  "FFUSDT": 0.07968,
  "AEVOUSDT": 0.02828,
  "SAGAUSDT": 0.03466,
  "BOMEUSDT": 0.0004304,
  "FLOWUSDT": 0.03898,
  "RAVEUSDT": 0.39515,
  "FIL/USDUSDT": 0.961,
  "LISTAUSDT": 0.0976,
  "NEAR/USDCUSDT": 1.042,
  "QNTUSDT": 68.26,
  "SPORTFUNUSDT": 0.03504,
  "VANRYUSDT": 0.005999,
  "BIOUSDT": 0.02416,
  "COLLECTUSDT": 0.0753,
  "XTZUSDT": 0.393,
  "ARKMUSDT": 0.117,
  "ACUUSDT": 0.10932,
  "HEMIUSDT": 0.01043,
  "VANAUSDT": 1.54,
  "GRTUSDT": 0.02773,
  "KAITOUSDT": 0.3176,
  "DOLOUSDT": 0.03615,
  "XVGUSDT": 0.006035,
  "CFXUSDT": 0.05455,
  "BATUSDT": 0.127,
  "AXLUSDT": 0.06083,
  "ANKRUSDT": 0.00472,
  "PARTIUSDT": 0.10566,
  "ALICEUSDT": 0.112,
  "UAIUSDT": 0.2338,
  "ZKCUSDT": 0.0966,
  "LAYERUSDT": 0.09,
  "USUSDT": 0.003821,
  "SKLUSDT": 0.00696,
  "HANAUSDT": 0.03595,
  "BANUSDT": 0.10441,
  "LABUSDT": 0.14409,
  "BROCCOLI714USDT": 0.01455,
  "AUCTIONUSDT": 5.173,
  "BANKUSDT": 0.041,
  "PLUMEUSDT": 0.01075,
  "BANANAS31USDT": 0.004506,
  "2ZUSDT": 0.07754,
  "MANTAUSDT": 0.07936,
  "UNI/USDUSDT": 3.526,
  "ACHUSDT": 0.007864,
  "PENGU/USDCUSDT": 0.007088,
  "NIGHTUSDT": 0.05647,
  "BARDUSDT": 0.802,
  "XNYUSDT": 0.004881,
  "SSVUSDT": 3.378,
  "GMTUSDT": 0.01241,
  "ILVUSDT": 3.957,
  "MASKUSDT": 0.4658,
  "LUMIAUSDT": 0.06681,
  "WALUSDT": 0.0843,
  "CRV/USDCUSDT": 0.2517,
  "TOSHIUSDT": 0.0002187,
  "PEOPLEUSDT": 0.00699,
  "FUSDT": 0.006404,
  "TOWNSUSDT": 0.004158,
  "THETAUSDT": 0.206,
  "CLANKERUSDT": 32.56,
  "ALTUSDT": 0.00873,
  "SUSHIUSDT": 0.2101,
  "AAVE/USDCUSDT": 126.47,
  "1000SATSUSDT": 1.16e-05,
  "WLD/USDCUSDT": 0.3977,
  "SHELLUSDT": 0.0344,
  "NEOUSDT": 2.79,
  "DYMUSDT": 0.04595,
  "NEWTUSDT": 0.07302,
  "ACTUSDT": 0.01497,
  "NXPCUSDT": 0.2742,
  "YFIUSDT": 2837.0,
  "JCTUSDT": 0.00174,
  "AIOUSDT": 0.07534,
  "TRADOORUSDT": 1.383,
  "GTCUSDT": 0.101,
  "1INCHUSDT": 0.0951,
  "AIUSDT": 0.02419,
  "KAIAUSDT": 0.05747,
  "MINAUSDT": 0.06536,
  "FOLKSUSDT": 1.329,
  "UNI/USDCUSDT": 3.523,
  "ELSAUSDT": 0.07773,
  "WIF/USDCUSDT": 0.231,
  "AVAX/USDUSDT": 9.15,