{
  "BTCUSDT": 67668.6,
  "ETHUSDT": 1969.37,
  "SOLUSDT": 84.4,
  "XRPUSDT": 1.4187,
  "BNBUSDT": 628.72,
  "BCHUSDT": 560.32,
  "DOGEUSDT": 0.10051,
  "HYPEUSDT": 30.079,
  "XAGUSDT": 84.05,
  "WLFIUSDT": 0.1164,
  "PAXGUSDT": 5103.75,
  "ZECUSDT": 258.71,
  "XAUUSDT": 5098.05,
  "TRXUSDT": 0.28567,
  "SUIUSDT": 0.9539,
  "ASTERUSDT": 0.7163,
  "ADAUSDT": 0.2832,
  "LINKUSDT": 8.905,
  "LTCUSDT": 55.05,
  "UNIUSDT": 3.443,
  "AVAXUSDT": 9.132,
  "1000PEPEUSDT": 0.0042197,
  "PUMPUSDT": 0.002092,
  "KITEUSDT": 0.27159,
  "ENAUSDT": 0.1101,
  "AAVEUSDT": 116.71,
  "NEARUSDT": 1.044,
  "PIPPINUSDT": 0.4827,
  "WLDUSDT": 0.3874,
  "TRUMPUSDT": 3.548,
  "LITUSDT": 1.471,
  "FILUSDT": 0.953,
  "TAOUSDT": 177.17,
  "XPLUSDT": 0.0946,
  "ARCUSDT": 0.07406,
  "DOTUSDT": 1.333,
  "ZROUSDT": 1.6183,
  "ATOMUSDT": 2.343,
  "APTUSDT": 0.8751,
  "TONUSDT": 1.3435,
  "1000SHIBUSDT": 0.006371,
  "HBARUSDT": 0.09966,
  "XLMUSDT": 0.16132,
  "AXSUSDT": 1.283,
  "ARBUSDT": 0.0956,
  "BERAUSDT": 0.5939,
  "OPUSDT": 0.1275,
  "ICPUSDT": 2.181,
  "ENSOUSDT": 1.8487,
  "HUSDT": 0.16301,
  "RIVERUSDT": 8.112,
  "XMRUSDT": 331.96,
  "MONUSDT": 0.02087,
  "FETUSDT": 0.1674,
  "WIFUSDT": 0.224,
  "CRVUSDT": 0.246,
  "FFUSDT": 0.07885,
  "ETCUSDT": 8.659,
  "PENGUUSDT": 0.00686,
  "BARDUSDT": 0.7612,
  "1000BONKUSDT": 0.006377,
  "FARTCOINUSDT": 0.1847,
  "PARTIUSDT": 0.10745,
  "IPUSDT": 1.109,
  "BANUSDT": 0.12696,
  "\u5e01\u5b89\u4eba\u751fUSDT": 0.08906,
  "DASHUSDT": 34.01,
  "INJUSDT": 3.389,
  "POLUSDT": 0.10546,
  "AZTECUSDT": 0.03112,
  "CHZUSDT": 0.03564,
  "BTCDOMUSDT": 5077.0,
  "RAVEUSDT": 0.5818,
  "POWERUSDT": 0.37881,
  "VVVUSDT": 4.34,
  "VIRTUALUSDT": 0.6457,
  "SENTUSDT": 0.02275,
  "TIAUSDT": 0.3307,
  "ZAMAUSDT": 0.02401,
  "ONDOUSDT": 0.2663,
  "BIOUSDT": 0.03162,
  "SEIUSDT": 0.0713,
  "ETHFIUSDT": 0.4686,
  "ZKUSDT": 0.02013,
  "JUPUSDT": 0.1605,
  "0GUSDT": 0.6602,
  "STABLEUSDT": 0.029958,
  "LYNUSDT": 0.29353,
  "CCUSDT": 0.16569,
  "RENDERUSDT": 1.493,
  "MYXUSDT": 1.02,
  "ALCHUSDT": 0.08147,
  "KAITOUSDT": 0.3082,
  "ALLOUSDT": 0.1388,
  "PENDLEUSDT": 1.2098,
  "LDOUSDT": 0.3288,
  "1000RATSUSDT": 0.04773,
  "SIRENUSDT": 0.21932,
  "ORCAUSDT": 1.137,
  "HOMEUSDT": 0.028389,
  "NIGHTUSDT": 0.06075,
  "BTRUSDT": 0.18071,
  "DUSKUSDT": 0.0886,
  "QUSDT": 0.0206,
  "ZENUSDT": 5.747,
  "BANANAS31USDT": 0.00459,
  "JTOUSDT": 0.3118,
  "OMUSDT": 0.06739,
  "ATUSDT": 0.16041,
  "SANDUSDT": 0.08393,
  "UBUSDT": 0.04009,
  "SKYAIUSDT": 0.03829,
  "STRKUSDT": 0.04578,
  "ALGOUSDT": 0.0903,
  "HANAUSDT": 0.03472,
  "CAKEUSDT": 1.296,
  "GPSUSDT": 0.013166,
  "TRADOORUSDT": 1.368,
  "ESPUSDT": 0.06702,
  "MORPHOUSDT": 1.5421,
  "GUNUSDT": 0.0284,
  "PIEVERSEUSDT": 0.4142,
  "SKYUSDT": 0.06404,
  "MUSDT": 1.3421,
  "ZILUSDT": 0.00408,
  "GALAUSDT": 0.0039,
  "USDCUSDT": 0.999784,
  "CYSUSDT": 0.411,
  "GIGGLEUSDT": 29.48,
  "APEUSDT": 0.1102,
  "SNXUSDT": 0.379,
  "\u6211\u8e0f\u9a6c\u6765\u4e86USDT": 0.016151,
  "ROSEUSDT": 0.01286,
  "B2USDT": 0.7229,
  "PYTHUSDT": 0.05345,
  "METUSDT": 0.2126,
  "JELLYJELLYUSDT": 0.06722,
  "BEAMXUSDT": 0.002297,
  "AWEUSDT": 0.05936,
  "XPINUSDT": 0.001657,
  "HUMAUSDT": 0.012287,
  "NAORISUSDT": 0.04614,
  "AVNTUSDT": 0.1898,
  "EIGENUSDT": 0.1965,
  "MSTRUSDT": 130.87,
  "SYRUPUSDT": 0.22626,
  "COMPUSDT": 18.22,
  "BUSDT": 0.1315,
  "INITUSDT": 0.0996,
  "MOVEUSDT": 0.02396,
  "XTZUSDT": 0.39,
  "GUAUSDT": 0.15431,
  "TSLAUSDT": 411.83,
  "FOGOUSDT": 0.02722,
  "AEROUSDT": 0.3123,
  "DYDXUSDT": 0.098,
  "BULLAUSDT": 0.02613,
  "MEUSDT": 0.1283,
  "VETUSDT": 0.007761,
  "SPACEUSDT": 0.009996,
  "ORDIUSDT": 2.607,
  "LAUSDT": 0.2093,
  "CYBERUSDT": 0.5654,
  "NXPCUSDT": 0.2731,
  "FORMUSDT": 0.2126,
  "ZKPUSDT": 0.09158,
  "NEOUSDT": 2.756,
  "VANAUSDT": 1.674,
  "AUCTIONUSDT": 5.089,
  "ENSUSDT": 6.585,
  "PNUTUSDT": 0.04866,
  "COLLECTUSDT": 0.05421,
  "1000LUNCUSDT": 0.03664,
  "SOMIUSDT": 0.2116,
  "LINEAUSDT": 0.00356,
  "ESPORTSUSDT": 0.32332,
  "SUSDT": 0.04339,
  "BEATUSDT": 0.2586,
  "STGUSDT": 0.1396,
  "RESOLVUSDT": 0.06503,
  "1000FLOKIUSDT": 0.03057,
  "OGUSDT": 3.36,
  "PLUMEUSDT": 0.01021,
  "STXUSDT": 0.2547,
  "LPTUSDT": 2.331,
  "MERLUSDT": 0.05308,
  "TRBUSDT": 15.091,
  "FHEUSDT": 0.03971,
  "BIRBUSDT": 0.17903,
  "LRCUSDT": 0.03332,
  "EDUUSDT": 0.1266,
  "GWEIUSDT": 0.028423,
  "ATHUSDT": 0.005597,
  "CLOUSDT": 0.08367,
  "2ZUSDT": 0.07522,
  "WUSDT": 0.02,
  "BANKUSDT": 0.03998,
  "MOODENGUSDT": 0.05605,
  "SPXUSDT": 0.3239,
  "WCTUSDT": 0.06216,
  "MANAUSDT": 0.0977,
  "EULUSDT": 0.957,
  "RPLUSDT": 2.414,
  "JASMYUSDT": 0.005749,
  "UAIUSDT": 0.2412,
  "NMRUSDT": 8.189,
  "CFXUSDT": 0.05173,
  "ARUSDT": 2.022,
  "TRIAUSDT": 0.01723,
  "MMTUSDT": 0.1294,
  "USELESSUSDT": 0.04329,
  "API3USDT": 0.3035,
  "TAUSDT": 0.03885,
  "ZORAUSDT": 0.02083,
  "LIGHTUSDT": 0.236,
  "COAIUSDT": 0.3254,
  "AIAUSDT": 0.10528,
  "LUNA2USDT": 0.06441,
  "NOMUSDT": 0.005886,
  "4USDT": 0.00921,
  "IOTAUSDT": 0.0706,
  "GRTUSDT": 0.02698,
  "IMXUSDT": 0.1645,
  "SPKUSDT": 0.0214,
  "SKRUSDT": 0.020769,
  "SFPUSDT": 0.2769,
  "FLOWUSDT": 0.03763,
  "TAGUSDT": 0.000357,
  "JSTUSDT": 0.043303,
  "RUNEUSDT": 0.414,
  "AXLUSDT": 0.05594,
  "ZRXUSDT": 0.1087,
  "1INCHUSDT": 0.0927,
  "PTBUSDT": 0.001355,
  "FOLKSUSDT": 1.363,
  "ARKMUSDT": 0.1141,
  "THETAUSDT": 0.1973,
  "QNTUSDT": 66.9,
  "KAIAUSDT": 0.05628,
  "BREVUSDT": 0.1367,
  "NEIROUSDT": 7.44e-05,
  "AGTUSDT": 0.00469,
  "YFIUSDT": 2828.0,
  "XNYUSDT": 0.00522,
  "MEGAUSDT": 0.13155,
  "ANIMEUSDT": 0.005019,
  "EGLDUSDT": 4.563,
  "COWUSDT": 0.2081,
  "BOMEUSDT": 0.0004233,
  "MAGICUSDT": 0.06946,
  "KGENUSDT": 0.17765,
  "ZKCUSDT": 0.0916,
  "PROVEUSDT": 0.316,
  "TAKEUSDT": 0.02402,
  "SAHARAUSDT": 0.01554,
  "TWTUSDT": 0.529,
  "GASUSDT": 1.599,
  "BLUAIUSDT": 0.005123,
  "PEOPLEUSDT": 0.00689,
  "MANTAUSDT": 0.07129,
  "ACTUSDT": 0.01471,
  "AUSDT": 0.0813,
  "TSTUSDT": 0.01052,
  "MINAUSDT": 0.06272,
  "SIGNUSDT": 0.02535,
  "FIGHTUSDT": 0.006828,
  "DOLOUSDT": 0.04127,
  "AVAAIUSDT": 0.00768,
  "NILUSDT": 0.05245,
  "TUTUSDT": 0.01107,
  "SANTOSUSDT": 1.938,
  "TNSRUSDT": 0.05006,
  "KASUSDT": 0.03098,
  "TURBOUSDT": 0.0010748,
  "SUPERUSDT": 0.1195,
  "GRASSUSDT": 0.1899,
  "VELVETUSDT": 0.08005,
  "OPENUSDT": 0.1554,
  "GMTUSDT": 0.01194,
  "SWARMSUSDT": 0.00714,
  "FUSDT": 0.005935,
  "BSVUSDT": 16.02,
  "MUBARAKUSDT": 0.01618,
  "AIOUSDT": 0.07607,
  "BATUSDT": 0.1209,
  "IOUSDT": 0.1141,
  "IDOLUSDT": 0.0219,
  "YBUSDT": 0.1639,
  "SOPHUSDT": 0.009325,
  "POPCATUSDT": 0.05176,
  "CATIUSDT": 0.0403,
  "ZBTUSDT": 0.07172,
  "BABYUSDT": 0.0133,
  "AKEUSDT": 0.0002721,
  "CVXUSDT": 1.986,
  "ICNTUSDT": 0.4103,
  "DEXEUSDT": 2.395,
  "XPTUSDT": 2166.0,
  "XVGUSDT": 0.0061,
  "C98USDT": 0.0278,
  "RAYSOLUSDT": 0.6496,
  "SUSHIUSDT": 0.2026,
  "LAYERUSDT": 0.086,
  "YGGUSDT": 0.03971,
  "EDENUSDT": 0.03568,
  "ALTUSDT": 0.00814,
  "VELODROMEUSDT": 0.01439,
  "MASKUSDT": 0.4544,
  "ACHUSDT": 0.007442,
  "TRUTHUSDT": 0.009755,
  "ONTUSDT": 0.0444,
  "SOLVUSDT": 0.00453,
  "GLMUSDT": 0.17059,
  "AIXBTUSDT": 0.02043,
  "BLURUSDT": 0.0205,
  "CELOUSDT": 0.077,
  "SONICUSDT": 0.05121,
  "MEMEUSDT": 0.0006832,
  "SOONUSDT": 0.171,
  "DRIFTUSDT": 0.0947,
  "ASRUSDT": 1.415,
  "KSMUSDT": 4.887,
  "PLAYUSDT": 0.02185,
  "SUNUSDT": 0.016938,
  "MELANIAUSDT": 0.1181,
  "CTSIUSDT": 0.0257,
  "STOUSDT": 0.05537,
  "IRUSDT": 0.08567,
  "ANKRUSDT": 0.004525,
  "RAREUSDT": 0.01917,
  "SAPIENUSDT": 0.0879,
  "KERNELUSDT": 0.07053,
  "THEUSDT": 0.2617,
  "FRAXUSDT": 0.6597,
  "UMAUSDT": 0.4662,
  "ERAUSDT": 0.1577,
  "ZEREBROUSDT": 0.00799,
  "GMXUSDT": 6.869,
  "DEGOUSDT": 0.3477,
  "LSKUSDT": 0.1463,
  "PROMUSDT": 1.348,
  "IRYSUSDT": 0.02495,
  "KAVAUSDT": 0.0521,
  "IDUSDT": 0.04833,
  "HYPERUSDT": 0.0978,
  "AKTUSDT": 0.3229,
  "WALUSDT": 0.0806,
  "POLYXUSDT": 0.04419,
  "KMNOUSDT": 0.02792,
  "STORJUSDT": 0.0968,
  "RSRUSDT": 0.001494,
  "STBLUSDT": 0.03732,
  "QTUMUSDT": 0.951,
  "AINUSDT": 0.03302,
  "ONUSDT": 0.09274,
  "INUSDT": 0.06113,
  "KOMAUSDT": 0.00734,