{
  "BTCUSDT": 70042.8,
  "ETHUSDT": 2092.24,
  "SOLUSDT": 86.52,
  "XRPUSDT": 1.463,
  "BNBUSDT": 631.08,
  "BCHUSDT": 567.87,
  "DOGEUSDT": 0.09962,
  "HYPEUSDT": 32.204,
  "PAXGUSDT": 5023.28,
  "ZECUSDT": 282.82,
  "XAGUSDT": 77.45,
  "XAUUSDT": 5036.95,
  "TRXUSDT": 0.28345,
  "SUIUSDT": 1.0002,
  "ASTERUSDT": 0.7221,
  "LINKUSDT": 9.0,
  "LTCUSDT": 55.68,
  "AVAXUSDT": 9.33,
  "UNIUSDT": 3.496,
  "ADAUSDT": 0.2822,
  "1000PEPEUSDT": 0.0039475,
  "PIPPINUSDT": 0.64653,
  "ENAUSDT": 0.1249,
  "PUMPUSDT": 0.002163,
  "AAVEUSDT": 127.23,
  "WLFIUSDT": 0.1048,
  "NEARUSDT": 1.049,
  "LITUSDT": 1.645,
  "KITEUSDT": 0.20225,
  "WLDUSDT": 0.4107,
  "FILUSDT": 0.971,
  "TRUMPUSDT": 3.465,
  "TAOUSDT": 195.88,
  "ARCUSDT": 0.07756,
  "XPLUSDT": 0.0981,
  "HUSDT": 0.2081,
  "ZROUSDT": 1.8742,
  "DOTUSDT": 1.369,
  "TONUSDT": 1.4917,
  "HBARUSDT": 0.1029,
  "1000SHIBUSDT": 0.006504,
  "APTUSDT": 0.9627,
  "BERAUSDT": 0.6922,
  "XLMUSDT": 0.1716,
  "RIVERUSDT": 14.095,
  "MONUSDT": 0.0239,
  "ATOMUSDT": 2.139,
  "AXSUSDT": 1.468,
  "XMRUSDT": 355.52,
  "ARBUSDT": 0.1186,
  "ICPUSDT": 2.448,
  "WIFUSDT": 0.2326,
  "DASHUSDT": 39.03,
  "FARTCOINUSDT": 0.1952,
  "CRVUSDT": 0.255,
  "PENGUUSDT": 0.007001,
  "IPUSDT": 1.158,
  "FFUSDT": 0.0807,
  "FETUSDT": 0.1723,
  "ETCUSDT": 8.787,
  "1000BONKUSDT": 0.006499,
  "BARDUSDT": 0.8055,
  "\u5e01\u5b89\u4eba\u751fUSDT": 0.10492,
  "CHZUSDT": 0.04294,
  "OPUSDT": 0.1939,
  "POLUSDT": 0.10459,
  "PARTIUSDT": 0.11216,
  "VIRTUALUSDT": 0.672,
  "TIAUSDT": 0.3451,
  "BTCDOMUSDT": 5071.1,
  "SENTUSDT": 0.02263,
  "ONDOUSDT": 0.2801,
  "JUPUSDT": 0.1585,
  "ZKUSDT": 0.02303,
  "SEIUSDT": 0.0768,
  "ZAMAUSDT": 0.0199,
  "0GUSDT": 0.63,
  "ETHFIUSDT": 0.4832,
  "BANUSDT": 0.09536,
  "OMUSDT": 0.06147,
  "LDOUSDT": 0.3552,
  "CCUSDT": 0.16264,
  "ALCHUSDT": 0.08461,
  "ZENUSDT": 6.505,
  "RENDERUSDT": 1.467,
  "UBUSDT": 0.04711,
  "PENDLEUSDT": 1.2715,
  "SKYUSDT": 0.06886,
  "BTRUSDT": 0.16383,
  "KAITOUSDT": 0.3308,
  "INJUSDT": 3.2,
  "ATUSDT": 0.15983,
  "BANANAS31USDT": 0.004957,
  "1000RATSUSDT": 0.04962,
  "ENSOUSDT": 1.1564,
  "OGUSDT": 5.04,
  "POWERUSDT": 0.27986,
  "SANDUSDT": 0.08948,
  "TAKEUSDT": 0.05707,
  "STABLEUSDT": 0.023841,
  "AWEUSDT": 0.09487,
  "CYSUSDT": 0.4603,
  "GIGGLEUSDT": 32.44,
  "\u6211\u8e0f\u9a6c\u6765\u4e86USDT": 0.025,
  "DUSKUSDT": 0.10945,
  "STRKUSDT": 0.05041,
  "MSTRUSDT": 135.51,
  "NIGHTUSDT": 0.05717,
  "ROSEUSDT": 0.01273,
  "QUSDT": 0.019958,
  "SKYAIUSDT": 0.03992,
  "COMPUSDT": 19.79,
  "HOMEUSDT": 0.027227,
  "HANAUSDT": 0.03561,
  "SPACEUSDT": 0.009476,
  "CAKEUSDT": 1.3321,
  "TRADOORUSDT": 1.372,
  "PIEVERSEUSDT": 0.4267,
  "ALGOUSDT": 0.0982,
  "METUSDT": 0.2242,
  "USDCUSDT": 0.999968,
  "ZILUSDT": 0.00454,
  "MYXUSDT": 2.366,
  "GPSUSDT": 0.011008,
  "GALAUSDT": 0.00423,
  "LYNUSDT": 0.21123,
  "ENSUSDT": 6.983,
  "AVNTUSDT": 0.2058,
  "AUCTIONUSDT": 5.353,
  "PYTHUSDT": 0.05322,
  "MUSDT": 1.3777,
  "VVVUSDT": 2.983,
  "LINEAUSDT": 0.003858,
  "GUNUSDT": 0.02535,
  "COLLECTUSDT": 0.07657,
  "MORPHOUSDT": 1.3091,
  "MEUSDT": 0.1557,
  "EIGENUSDT": 0.2145,
  "BUSDT": 0.1451,
  "SUSDT": 0.04991,
  "B2USDT": 0.7023,
  "BIRBUSDT": 0.2055,
  "XTZUSDT": 0.415,
  "VETUSDT": 0.008419,
  "AEROUSDT": 0.322,
  "BEAMXUSDT": 0.002454,
  "LPTUSDT": 2.495,
  "LAUSDT": 0.2193,
  "BIOUSDT": 0.02532,
  "SYRUPUSDT": 0.27868,
  "XPINUSDT": 0.001518,
  "TSLAUSDT": 417.6,
  "DYDXUSDT": 0.11,
  "HUMAUSDT": 0.013138,
  "ZKPUSDT": 0.09231,
  "MOVEUSDT": 0.0242,
  "RESOLVUSDT": 0.06333,
  "BEATUSDT": 0.2745,
  "1000LUNCUSDT": 0.03408,
  "BULLAUSDT": 0.02439,
  "NEOUSDT": 2.883,
  "AIAUSDT": 0.12932,
  "FORMUSDT": 0.2196,
  "ESPUSDT": 0.0605,
  "COAIUSDT": 0.4338,
  "PNUTUSDT": 0.05039,
  "ORDIUSDT": 2.892,
  "JELLYJELLYUSDT": 0.05619,
  "MOODENGUSDT": 0.05566,
  "FOGOUSDT": 0.02288,
  "RAVEUSDT": 0.36436,
  "LRCUSDT": 0.03394,
  "BANKUSDT": 0.04374,
  "CLOUSDT": 0.08698,
  "GUAUSDT": 0.14247,
  "NXPCUSDT": 0.2869,
  "XNYUSDT": 0.006789,
  "STXUSDT": 0.2735,
  "SIRENUSDT": 0.12927,
  "SOMIUSDT": 0.1955,
  "ATHUSDT": 0.006551,
  "VANAUSDT": 1.646,
  "ESPORTSUSDT": 0.35329,
  "FHEUSDT": 0.04128,
  "MERLUSDT": 0.05666,
  "STGUSDT": 0.1629,
  "ALLOUSDT": 0.08175,
  "PLUMEUSDT": 0.01175,
  "WCTUSDT": 0.06659,
  "1000FLOKIUSDT": 0.03155,
  "JTOUSDT": 0.2736,
  "TRBUSDT": 15.941,
  "ARUSDT": 2.071,
  "API3USDT": 0.3219,
  "COWUSDT": 0.2514,
  "NMRUSDT": 8.685,
  "EDUUSDT": 0.1302,
  "CFXUSDT": 0.05554,
  "2ZUSDT": 0.07992,
  "QNTUSDT": 73.92,
  "XVGUSDT": 0.006564,
  "FLOWUSDT": 0.04472,
  "MANAUSDT": 0.1039,
  "JASMYUSDT": 0.006161,
  "WUSDT": 0.02111,
  "SPXUSDT": 0.3198,
  "TRIAUSDT": 0.01821,
  "ZKCUSDT": 0.1013,
  "4USDT": 0.01041,
  "AZTECUSDT": 0.02253,
  "TNSRUSDT": 0.05693,
  "IRYSUSDT": 0.04309,
  "BREVUSDT": 0.1477,
  "GWEIUSDT": 0.02592,
  "LIGHTUSDT": 0.2445,
  "EULUSDT": 0.956,
  "UAIUSDT": 0.2439,
  "KAIAUSDT": 0.05876,
  "ZORAUSDT": 0.02195,
  "TAGUSDT": 0.0003804,
  "C98USDT": 0.0327,
  "GRTUSDT": 0.02832,
  "TAUSDT": 0.03678,
  "APEUSDT": 0.1329,
  "THETAUSDT": 0.2192,
  "1INCHUSDT": 0.0985,
  "NAORISUSDT": 0.03108,
  "JSTUSDT": 0.042384,
  "SPKUSDT": 0.02276,
  "EGLDUSDT": 5.165,
  "IMXUSDT": 0.1701,
  "ZRXUSDT": 0.1133,
  "MMTUSDT": 0.1373,
  "IOTAUSDT": 0.0704,
  "MUBARAKUSDT": 0.01873,
  "SFPUSDT": 0.257,
  "RUNEUSDT": 0.422,
  "MANTAUSDT": 0.08067,
  "SKRUSDT": 0.023609,
  "FRAXUSDT": 0.6454,
  "AGTUSDT": 0.004711,
  "ACTUSDT": 0.01504,
  "ANIMEUSDT": 0.005789,
  "NEIROUSDT": 7.81e-05,
  "BOMEUSDT": 0.0004249,
  "NILUSDT": 0.05687,
  "AXLUSDT": 0.06221,
  "FUSDT": 0.006409,
  "PROVEUSDT": 0.334,
  "BSVUSDT": 16.76,
  "MEGAUSDT": 0.12961,
  "FOLKSUSDT": 1.438,
  "SNXUSDT": 0.304,
  "ARKMUSDT": 0.1255,
  "GRASSUSDT": 0.2048,
  "PTBUSDT": 0.001404,
  "KASUSDT": 0.03354,
  "GASUSDT": 1.701,
  "NOMUSDT": 0.005474,
  "TSTUSDT": 0.01113,
  "AUSDT": 0.0891,
  "TWTUSDT": 0.5234,
  "MINAUSDT": 0.06827,
  "ICNTUSDT": 0.4607,
  "YFIUSDT": 2921.0,
  "KGENUSDT": 0.17741,
  "SOPHUSDT": 0.010039,
  "BATUSDT": 0.1343,
  "SIGNUSDT": 0.02867,
  "PEOPLEUSDT": 0.00695,
  "DEEPUSDT": 0.02956,
  "FIGHTUSDT": 0.006407,
  "BLUAIUSDT": 0.005781,
  "POPCATUSDT": 0.05265,
  "TUTUSDT": 0.01186,
  "GMTUSDT": 0.01295,
  "ACHUSDT": 0.007975,
  "TURBOUSDT": 0.0011299,
  "AVAAIUSDT": 0.00795,
  "YBUSDT": 0.1752,
  "CYBERUSDT": 0.5861,
  "SAHARAUSDT": 0.01651,
  "LAYERUSDT": 0.0951,
  "MAGICUSDT": 0.07089,
  "SONICUSDT": 0.0505,
  "OPENUSDT": 0.1729,
  "ZBTUSDT": 0.07616,
  "IDOLUSDT": 0.02212,
  "SWARMSUSDT": 0.00754,
  "SOONUSDT": 0.1911,
  "BABYUSDT": 0.01401,
  "AIOUSDT": 0.0813,
  "BLURUSDT": 0.02187,
  "TRUTHUSDT": 0.015062,
  "CATIUSDT": 0.04192,
  "SANTOSUSDT": 1.918,
  "BASUSDT": 0.005978,
  "SUPERUSDT": 0.1313,
  "LUNA2USDT": 0.06364,
  "AKEUSDT": 0.0002796,
  "SUSHIUSDT": 0.2146,
  "THEUSDT": 0.2784,
  "MEMEUSDT": 0.0007177,
  "ONTUSDT": 0.0473,
  "YGGUSDT": 0.04299,
  "IOUSDT": 0.1094,
  "CELOUSDT": 0.088,
  "INUSDT": 0.06786,
  "TOSHIUSDT": 0.0002404,
  "GLMUSDT": 0.19944,
  "XPTUSDT": 2069.71,
  "ALTUSDT": 0.00898,
  "SKLUSDT": 0.00719,
  "VELODROMEUSDT": 0.0151,
  "STOUSDT": 0.05559,
  "SYNUSDT": 0.04888,
  "DYMUSDT": 0.04698,
  "CTSIUSDT": 0.0274,
  "SUNUSDT": 0.017155,
  "SOLVUSDT": 0.00497,
  "HYPERUSDT": 0.1083,
  "IDUSDT": 0.05481,
  "KERNELUSDT": 0.06878,
  "ERAUSDT": 0.1651,
  "ASRUSDT": 1.453,
  "MASKUSDT": 0.4758,
  "AIXBTUSDT": 0.02175,
  "ANKRUSDT": 0.004711,
  "RAREUSDT": 0.02026,
  "STBLUSDT": 0.04148,
  "WALUSDT": 0.0853,
  "QTUMUSDT": 1.01,
  "INITUSDT": 0.06941,
  "GUSDT": 0.00414,
  "CVXUSDT": 1.997,
  "EDENUSDT": 0.03435,
  "KAVAUSDT": 0.0574,
  "AINUSDT": 0.03517,
  "DEXEUSDT": 2.442,
  "BANANAUSDT": 4.833,
  "MELANIAUSDT": 0.1206,
  "ARPAUSDT": 0.01032,
  "ZEREBROUSDT": 0.00834,
  "ORCAUSDT": 0.809,
  "KMNOUSDT": 0.02985,
  "SAPIENUSDT": 0.09224,
  "VELVETUSDT": 0.07604,
  "BROCCOLI714USDT": 0.01497,
  "KOMAUSDT": 0.00792,
  "POLYXUSDT": 0.04686,
  "ONUSDT": 0.08626,
  "HEMIUSDT": 0.01018,
  "XVSUSDT": 2.984,
  "ELSAUSDT": 0.08359,
  "KSMUSDT": 4.697,
  "DEGOUSDT": 0.3445,