{
  "BTCUSDT": 66621.0,
  "ETHUSDT": 1930.33,
  "SOLUSDT": 81.02,
  "XRPUSDT": 1.4039,
  "BNBUSDT": 601.92,
  "BCHUSDT": 553.7,
  "DOGEUSDT": 0.09733,
  "HYPEUSDT": 28.55,
  "XAGUSDT": 77.96,
  "WLFIUSDT": 0.1179,
  "PAXGUSDT": 5000.4,
  "ZECUSDT": 258.64,
  "XAUUSDT": 4997.34,
  "TRXUSDT": 0.28257,
  "SUIUSDT": 0.9106,
  "ASTERUSDT": 0.6941,
  "LINKUSDT": 8.474,
  "1000PEPEUSDT": 0.0041751,
  "AVAXUSDT": 8.854,
  "LTCUSDT": 52.2,
  "ADAUSDT": 0.2708,
  "UNIUSDT": 3.354,
  "PUMPUSDT": 0.002046,
  "ENAUSDT": 0.1083,
  "KITEUSDT": 0.23188,
  "NEARUSDT": 0.996,
  "AAVEUSDT": 122.6,
  "PIPPINUSDT": 0.4916,
  "LITUSDT": 1.496,
  "WLDUSDT": 0.3718,
  "TRUMPUSDT": 3.431,
  "ARCUSDT": 0.07767,
  "FILUSDT": 0.909,
  "XPLUSDT": 0.0906,
  "TAOUSDT": 176.11,
  "DOTUSDT": 1.278,
  "ATOMUSDT": 2.297,
  "APTUSDT": 0.85,
  "TONUSDT": 1.3579,
  "ZROUSDT": 1.4508,
  "HBARUSDT": 0.09702,
  "1000SHIBUSDT": 0.006191,
  "XLMUSDT": 0.15875,
  "BERAUSDT": 0.568,
  "ARBUSDT": 0.0991,
  "AXSUSDT": 1.214,
  "RIVERUSDT": 8.024,
  "HUSDT": 0.15986,
  "ICPUSDT": 2.169,
  "XMRUSDT": 329.27,
  "OPUSDT": 0.1379,
  "MONUSDT": 0.02031,
  "WIFUSDT": 0.2154,
  "FETUSDT": 0.16,
  "FFUSDT": 0.07881,
  "CRVUSDT": 0.237,
  "BARDUSDT": 0.7628,
  "IPUSDT": 1.087,
  "PENGUUSDT": 0.006554,
  "FARTCOINUSDT": 0.1789,
  "ETCUSDT": 8.219,
  "POWERUSDT": 0.37892,
  "1000BONKUSDT": 0.006086,
  "ENSOUSDT": 1.628,
  "CHZUSDT": 0.0379,
  "PARTIUSDT": 0.10156,
  "BANUSDT": 0.12057,
  "DASHUSDT": 34.51,
  "POLUSDT": 0.10586,
  "INJUSDT": 3.221,
  "BTCDOMUSDT": 5123.5,
  "\u5e01\u5b89\u4eba\u751fUSDT": 0.08441,
  "SENTUSDT": 0.02075,
  "TIAUSDT": 0.3158,
  "ONDOUSDT": 0.2589,
  "VIRTUALUSDT": 0.6114,
  "SEIUSDT": 0.0697,
  "ETHFIUSDT": 0.4545,
  "ZKUSDT": 0.01979,
  "ZAMAUSDT": 0.02034,
  "JUPUSDT": 0.1508,
  "RAVEUSDT": 0.49727,
  "0GUSDT": 0.5981,
  "STABLEUSDT": 0.029059,
  "ORCAUSDT": 1.137,
  "SIRENUSDT": 0.21984,
  "LYNUSDT": 0.27849,
  "ALCHUSDT": 0.08162,
  "VVVUSDT": 3.651,
  "CCUSDT": 0.1575,
  "ESPUSDT": 0.07419,
  "KAITOUSDT": 0.2942,
  "OMUSDT": 0.06381,
  "PENDLEUSDT": 1.1673,
  "1000RATSUSDT": 0.04702,
  "BTRUSDT": 0.18244,
  "LDOUSDT": 0.3197,
  "RENDERUSDT": 1.378,
  "NIGHTUSDT": 0.05997,
  "QUSDT": 0.020568,
  "ATUSDT": 0.16014,
  "DUSKUSDT": 0.0853,
  "JTOUSDT": 0.2845,
  "HANAUSDT": 0.03701,
  "UBUSDT": 0.03984,
  "HOMEUSDT": 0.026598,
  "ZENUSDT": 5.706,
  "SANDUSDT": 0.08056,
  "STRKUSDT": 0.04376,
  "BANANAS31USDT": 0.004382,
  "GUNUSDT": 0.02848,
  "GPSUSDT": 0.013371,
  "CYSUSDT": 0.4383,
  "TRADOORUSDT": 1.419,
  "SKYAIUSDT": 0.03618,
  "CAKEUSDT": 1.2531,
  "MYXUSDT": 0.838,
  "MUSDT": 1.356,
  "ALGOUSDT": 0.088,
  "APEUSDT": 0.1111,
  "PIEVERSEUSDT": 0.4057,
  "XPINUSDT": 0.002015,
  "SKYUSDT": 0.06281,
  "USDCUSDT": 0.99975,
  "JELLYJELLYUSDT": 0.07269,
  "GALAUSDT": 0.00376,
  "GIGGLEUSDT": 28.65,
  "ZILUSDT": 0.00395,
  "ALLOUSDT": 0.10935,
  "ROSEUSDT": 0.01256,
  "MSTRUSDT": 126.19,
  "INITUSDT": 0.09946,
  "PYTHUSDT": 0.05172,
  "B2USDT": 0.7007,
  "METUSDT": 0.2111,
  "MORPHOUSDT": 1.3762,
  "HUMAUSDT": 0.013116,
  "AVNTUSDT": 0.1807,
  "\u6211\u8e0f\u9a6c\u6765\u4e86USDT": 0.013852,
  "SPACEUSDT": 0.01014,
  "SNXUSDT": 0.333,
  "NAORISUSDT": 0.04314,
  "CYBERUSDT": 0.5716,
  "BEAMXUSDT": 0.002237,
  "SYRUPUSDT": 0.22831,
  "BUSDT": 0.1332,
  "MOVEUSDT": 0.02285,
  "AWEUSDT": 0.06357,
  "COMPUSDT": 17.81,
  "AEROUSDT": 0.3163,
  "EIGENUSDT": 0.1912,
  "ZKPUSDT": 0.09183,
  "MEUSDT": 0.1242,
  "COLLECTUSDT": 0.06319,
  "XTZUSDT": 0.377,
  "TSLAUSDT": 413.96,
  "GUAUSDT": 0.15058,
  "BULLAUSDT": 0.0261,
  "LAUSDT": 0.1986,
  "1000LUNCUSDT": 0.03462,
  "AUCTIONUSDT": 4.885,
  "VETUSDT": 0.007661,
  "ENSUSDT": 6.424,
  "BIOUSDT": 0.02201,
  "ESPORTSUSDT": 0.35317,
  "FORMUSDT": 0.2095,
  "NEOUSDT": 2.673,
  "DYDXUSDT": 0.096,
  "ORDIUSDT": 2.561,
  "NXPCUSDT": 0.2539,
  "PNUTUSDT": 0.04702,
  "LINEAUSDT": 0.003283,
  "SUSDT": 0.0425,
  "FOGOUSDT": 0.02378,
  "BEATUSDT": 0.2475,
  "OGUSDT": 3.372,
  "1000FLOKIUSDT": 0.02965,
  "PLUMEUSDT": 0.00997,
  "FHEUSDT": 0.03959,
  "STXUSDT": 0.2469,
  "SOMIUSDT": 0.1966,
  "LRCUSDT": 0.03211,
  "STGUSDT": 0.1255,
  "LPTUSDT": 2.303,
  "BANKUSDT": 0.04251,
  "BIRBUSDT": 0.16654,
  "VANAUSDT": 1.393,
  "RESOLVUSDT": 0.05789,
  "EDUUSDT": 0.1258,
  "MERLUSDT": 0.05204,
  "SPXUSDT": 0.3188,
  "AZTECUSDT": 0.01915,
  "TRBUSDT": 14.803,
  "ATHUSDT": 0.005461,
  "WUSDT": 0.01915,
  "LIGHTUSDT": 0.2553,
  "CLOUSDT": 0.0826,
  "RPLUSDT": 2.221,
  "MANAUSDT": 0.0951,
  "NMRUSDT": 8.199,
  "TRIAUSDT": 0.01607,
  "2ZUSDT": 0.06965,
  "ZORAUSDT": 0.0206,
  "GWEIUSDT": 0.026551,
  "WCTUSDT": 0.05854,
  "MOODENGUSDT": 0.05491,
  "UAIUSDT": 0.2339,
  "LUNA2USDT": 0.06334,
  "TAGUSDT": 0.0003949,
  "ARUSDT": 1.913,
  "JASMYUSDT": 0.005579,
  "MMTUSDT": 0.1277,
  "CFXUSDT": 0.05068,
  "API3USDT": 0.2961,
  "AIAUSDT": 0.10496,
  "EULUSDT": 0.879,
  "COAIUSDT": 0.3233,
  "USELESSUSDT": 0.04149,
  "FLOWUSDT": 0.03516,
  "SFPUSDT": 0.2705,
  "SPKUSDT": 0.0205,
  "TAUSDT": 0.03545,
  "4USDT": 0.00894,
  "GRTUSDT": 0.02627,
  "IMXUSDT": 0.157,
  "1INCHUSDT": 0.0908,
  "IOTAUSDT": 0.0685,
  "XNYUSDT": 0.005162,
  "QNTUSDT": 66.25,
  "ZRXUSDT": 0.1046,
  "JSTUSDT": 0.041648,
  "YFIUSDT": 2777.0,
  "KAIAUSDT": 0.05515,
  "PTBUSDT": 0.00134,
  "ARKMUSDT": 0.108,
  "THETAUSDT": 0.1909,
  "SKRUSDT": 0.019329,
  "NEIROUSDT": 7.18e-05,
  "MEGAUSDT": 0.1304,
  "KGENUSDT": 0.18477,
  "AXLUSDT": 0.05469,
  "ANIMEUSDT": 0.004973,
  "EGLDUSDT": 4.413,
  "FOLKSUSDT": 1.357,
  "BREVUSDT": 0.1236,
  "COWUSDT": 0.1883,
  "AGTUSDT": 0.004307,
  "RUNEUSDT": 0.3943,
  "ZKCUSDT": 0.0895,
  "BOMEUSDT": 0.0004084,
  "BLUAIUSDT": 0.005175,
  "GASUSDT": 1.571,
  "MANTAUSDT": 0.07171,
  "MAGICUSDT": 0.06839,
  "PEOPLEUSDT": 0.00671,
  "SAHARAUSDT": 0.01488,
  "TWTUSDT": 0.5206,
  "TSTUSDT": 0.01037,
  "NILUSDT": 0.05285,
  "NOMUSDT": 0.005177,
  "MUBARAKUSDT": 0.01625,
  "SANTOSUSDT": 1.952,
  "KASUSDT": 0.02996,
  "FUSDT": 0.005796,
  "TUTUSDT": 0.01099,
  "ACTUSDT": 0.01466,
  "AVAAIUSDT": 0.00757,
  "TAKEUSDT": 0.02473,
  "PROVEUSDT": 0.3005,
  "FIGHTUSDT": 0.006467,
  "IRUSDT": 0.08863,
  "BSVUSDT": 16.06,
  "IOUSDT": 0.1077,
  "VELVETUSDT": 0.07906,
  "AUSDT": 0.0794,
  "BATUSDT": 0.1193,
  "TURBOUSDT": 0.0010179,
  "MINAUSDT": 0.06185,
  "GRASSUSDT": 0.1821,
  "XPTUSDT": 2078.03,
  "GMTUSDT": 0.01171,
  "IDOLUSDT": 0.02179,
  "TNSRUSDT": 0.04807,
  "SIGNUSDT": 0.02534,
  "SOPHUSDT": 0.009053,
  "OPENUSDT": 0.1516,
  "YBUSDT": 0.1617,
  "SWARMSUSDT": 0.00695,
  "SUPERUSDT": 0.1219,
  "CVXUSDT": 1.953,
  "BABYUSDT": 0.01336,
  "ZBTUSDT": 0.0711,
  "AIOUSDT": 0.07402,
  "POPCATUSDT": 0.04911,
  "RAYSOLUSDT": 0.6231,
  "CATIUSDT": 0.03921,
  "SONICUSDT": 0.05112,
  "C98USDT": 0.0273,
  "XVGUSDT": 0.005928,
  "RECALLUSDT": 0.05776,
  "SUSHIUSDT": 0.1982,
  "AKEUSDT": 0.0002588,
  "ONTUSDT": 0.0436,
  "SUNUSDT": 0.017165,
  "ACHUSDT": 0.007389,
  "LAYERUSDT": 0.083,
  "VELODROMEUSDT": 0.014,
  "MASKUSDT": 0.439,
  "BLURUSDT": 0.01989,
  "CELOUSDT": 0.076,
  "ICNTUSDT": 0.377,
  "PROMUSDT": 1.335,
  "IRYSUSDT": 0.02527,
  "YGGUSDT": 0.03841,
  "MEMEUSDT": 0.0006643,
  "FRAXUSDT": 0.6625,
  "ALTUSDT": 0.00788,
  "SOLVUSDT": 0.00438,
  "ASRUSDT": 1.412,
  "TRUTHUSDT": 0.01031,
  "STOUSDT": 0.05419,
  "GLMUSDT": 0.17161,
  "RAREUSDT": 0.01902,
  "SOONUSDT": 0.1605,
  "APRUSDT": 0.10789,
  "CTSIUSDT": 0.0247,
  "UMAUSDT": 0.4682,
  "LSKUSDT": 0.1491,
  "DEXEUSDT": 2.255,
  "BASUSDT": 0.005898,
  "ERAUSDT": 0.154,
  "THEUSDT": 0.2608,
  "ZEREBROUSDT": 0.00768,
  "GMXUSDT": 6.57,
  "AIXBTUSDT": 0.01969,
  "KMNOUSDT": 0.02722,
  "EDENUSDT": 0.03262,
  "MELANIAUSDT": 0.112,
  "STBLUSDT": 0.03878,
  "ANKRUSDT": 0.004337,
  "STORJUSDT": 0.0945,
  "DEGOUSDT": 0.3387,
  "QTUMUSDT": 0.919,
  "IDUSDT": 0.04791,
  "POLYXUSDT": 0.04317,
  "DRIFTUSDT": 0.0826,
  "KERNELUSDT": 0.06393,
  "WALUSDT": 0.0776,
  "RSRUSDT": 0.001434,
  "KSMUSDT": 4.523,
  "HYPERUSDT": 0.0966,
  "ONUSDT": 0.09331,
  "ARIAUSDT": 0.07215,
  "AINUSDT": 0.03318,
  "KOMAUSDT": 0.0072,
  "PLAYUSDT": 0.01872,
  "ENJUSDT": 0.02006,