{
  "BTCUSDT": 71327.5,
  "ETHUSDT": 2070.84,
  "SOLUSDT": 90.26,
  "XRPUSDT": 1.4072,
  "BNBUSDT": 651.29,
  "DOGEUSDT": 0.09271,
  "XAUUSDT": 5190.33,
  "PAXGUSDT": 5201.95,
  "BCHUSDT": 457.72,
  "HYPEUSDT": 32.573,
  "XAGUSDT": 86.12,
  "WLFIUSDT": 0.1057,
  "ZECUSDT": 226.15,
  "TRXUSDT": 0.28354,
  "UNIUSDT": 4.014,
  "SUIUSDT": 0.938,
  "ADAUSDT": 0.2696,
  "ASTERUSDT": 0.7095,
  "1000PEPEUSDT": 0.0035521,
  "LINKUSDT": 9.203,
  "AVAXUSDT": 9.358,
  "LTCUSDT": 55.96,
  "NEARUSDT": 1.358,
  "PUMPUSDT": 0.002029,
  "ENAUSDT": 0.1158,
  "AAVEUSDT": 115.34,
  "DOTUSDT": 1.545,
  "WLDUSDT": 0.4037,
  "XPLUSDT": 0.1154,
  "FILUSDT": 1.02,
  "TAOUSDT": 189.25,
  "1000SHIBUSDT": 0.005569,
  "LITUSDT": 1.313,
  "TRUMPUSDT": 3.399,
  "PIPPINUSDT": 0.3327,
  "RIVERUSDT": 17.362,
  "KITEUSDT": 0.23343,
  "ZROUSDT": 1.8684,
  "APTUSDT": 0.9969,
  "TONUSDT": 1.2919,
  "HBARUSDT": 0.1012,
  "ATOMUSDT": 1.877,
  "HUSDT": 0.12446,
  "XMRUSDT": 347.36,
  "ARBUSDT": 0.1043,
  "XLMUSDT": 0.15555,
  "ICPUSDT": 2.568,
  "CRVUSDT": 0.26,
  "WIFUSDT": 0.2093,
  "BERAUSDT": 0.5435,
  "MONUSDT": 0.02184,
  "VIRTUALUSDT": 0.7597,
  "FETUSDT": 0.1528,
  "PENGUUSDT": 0.007181,
  "OPUSDT": 0.1299,
  "AXSUSDT": 1.205,
  "FFUSDT": 0.07381,
  "CCUSDT": 0.1566,
  "BARDUSDT": 1.0963,
  "ETCUSDT": 8.641,
  "ARCUSDT": 0.03631,
  "VVVUSDT": 6.103,
  "POLUSDT": 0.10352,
  "ONDOUSDT": 0.2685,
  "SAHARAUSDT": 0.02895,
  "BTCDOMUSDT": 5226.2,
  "ETHFIUSDT": 0.5374,
  "FORMUSDT": 0.3568,
  "1000BONKUSDT": 0.006161,
  "DASHUSDT": 34.83,
  "TIAUSDT": 0.3399,
  "POWERUSDT": 0.18447,
  "IPUSDT": 0.849,
  "PARTIUSDT": 0.08428,
  "FARTCOINUSDT": 0.1694,
  "SIRENUSDT": 0.38164,
  "CHZUSDT": 0.03697,
  "\u5e01\u5b89\u4eba\u751fUSDT": 0.06241,
  "SEIUSDT": 0.06897,
  "BANUSDT": 0.10162,
  "SENTUSDT": 0.02098,
  "JUPUSDT": 0.1879,
  "ENSOUSDT": 1.2925,
  "1000RATSUSDT": 0.05481,
  "INJUSDT": 3.086,
  "KAITOUSDT": 0.3687,
  "ESPUSDT": 0.12015,
  "0GUSDT": 0.616,
  "STABLEUSDT": 0.030534,
  "BUSDT": 0.2139,
  "SKYAIUSDT": 0.04738,
  "LDOUSDT": 0.3128,
  "RENDERUSDT": 1.393,
  "BANANAS31USDT": 0.004988,
  "PENDLEUSDT": 1.2981,
  "GUAUSDT": 0.24074,
  "ALCHUSDT": 0.07888,
  "ZKUSDT": 0.01885,
  "MORPHOUSDT": 1.9372,
  "ZAMAUSDT": 0.01922,
  "PHAUSDT": 0.04076,
  "GIGGLEUSDT": 30.72,
  "JELLYJELLYUSDT": 0.08405,
  "QUSDT": 0.025172,
  "ATUSDT": 0.15777,
  "CRCLUSDT": 105.17,
  "GWEIUSDT": 0.042378,
  "BIOUSDT": 0.02144,
  "HOMEUSDT": 0.029387,
  "PIEVERSEUSDT": 0.5198,
  "SIGNUSDT": 0.02814,
  "CAKEUSDT": 1.3988,
  "ZENUSDT": 5.712,
  "SANDUSDT": 0.08624,
  "ROBOUSDT": 0.04595,
  "BULLAUSDT": 0.02577,
  "NIGHTUSDT": 0.06179,
  "GALAUSDT": 0.00362,
  "STRKUSDT": 0.04064,
  "SKYUSDT": 0.07304,
  "LYNUSDT": 0.29635,
  "ALLOUSDT": 0.11029,
  "TSLAUSDT": 399.44,
  "BTRUSDT": 0.18732,
  "MUSDT": 1.392,
  "ALGOUSDT": 0.0882,
  "HANAUSDT": 0.03472,
  "MSTRUSDT": 142.76,
  "MYXUSDT": 0.306,
  "STGUSDT": 0.1654,
  "AEROUSDT": 0.3642,
  "EIGENUSDT": 0.194,
  "GPSUSDT": 0.00917,
  "APEUSDT": 0.1039,
  "OPNUSDT": 0.4863,
  "AZTECUSDT": 0.02334,
  "USDCUSDT": 0.99942,
  "GUNUSDT": 0.02092,
  "MANTRAUSDT": 0.0226,
  "TRADOORUSDT": 1.467,
  "DUSKUSDT": 0.08798,
  "SYRUPUSDT": 0.23568,
  "HUMAUSDT": 0.012969,
  "UBUSDT": 0.03597,
  "XPINUSDT": 0.001397,
  "BEAMXUSDT": 0.001942,
  "JTOUSDT": 0.2763,
  "B2USDT": 0.7044,
  "ZILUSDT": 0.00417,
  "NEOUSDT": 2.606,
  "1000LUNCUSDT": 0.04377,
  "ATHUSDT": 0.006087,
  "PYTHUSDT": 0.05054,
  "ORDIUSDT": 2.531,
  "METUSDT": 0.176,
  "XTZUSDT": 0.377,
  "VETUSDT": 0.007323,
  "TAUSDT": 0.04928,
  "DYDXUSDT": 0.097,
  "ROSEUSDT": 0.01219,
  "AVNTUSDT": 0.1718,
  "BEATUSDT": 0.2732,
  "MOVEUSDT": 0.02246,
  "COMPUSDT": 18.1,
  "LAUSDT": 0.2102,
  "AIXBTUSDT": 0.0295,
  "NXPCUSDT": 0.2731,
  "\u6211\u8e0f\u9a6c\u6765\u4e86USDT": 0.010936,
  "LINEAUSDT": 0.003262,
  "FOGOUSDT": 0.02278,
  "PNUTUSDT": 0.04741,
  "SPXUSDT": 0.3534,
  "SUSDT": 0.04187,
  "COLLECTUSDT": 0.04175,
  "ESPORTSUSDT": 0.30235,
  "ENSUSDT": 6.114,
  "SNXUSDT": 0.34,
  "1000FLOKIUSDT": 0.02886,
  "ZKPUSDT": 0.0879,
  "KAVAUSDT": 0.058,
  "WETUSDT": 0.12189,
  "GRASSUSDT": 0.2916,
  "SKRUSDT": 0.023128,
  "4USDT": 0.0098,
  "TRBUSDT": 14.862,
  "AUCTIONUSDT": 4.738,
  "AGLDUSDT": 0.2225,
  "LPTUSDT": 2.332,
  "PLUMEUSDT": 0.00977,
  "ARUSDT": 1.675,
  "ORCAUSDT": 0.881,
  "USELESSUSDT": 0.04687,
  "TAGUSDT": 0.000399,
  "STXUSDT": 0.2652,
  "EULUSDT": 1.142,
  "RAVEUSDT": 0.33823,
  "JASMYUSDT": 0.005654,
  "WUSDT": 0.01902,
  "MANAUSDT": 0.0983,
  "DENTUSDT": 0.000264,
  "CYSUSDT": 0.3436,
  "MEUSDT": 0.1152,
  "AGTUSDT": 0.00592,
  "TRIAUSDT": 0.01783,
  "JSTUSDT": 0.04828,
  "SOMIUSDT": 0.1979,
  "IOTAUSDT": 0.0677,
  "CYBERUSDT": 0.548,
  "BANKUSDT": 0.03602,
  "DEXEUSDT": 3.511,
  "CFXUSDT": 0.04969,
  "GRTUSDT": 0.0264,
  "RESOLVUSDT": 0.05927,
  "IMXUSDT": 0.1606,
  "MOODENGUSDT": 0.0504,
  "COAIUSDT": 0.3202,
  "YGGUSDT": 0.03946,
  "WCTUSDT": 0.05981,
  "EDUUSDT": 0.1038,
  "FLOWUSDT": 0.03471,
  "API3USDT": 0.2853,
  "PTBUSDT": 0.001198,
  "SFPUSDT": 0.2778,
  "QNTUSDT": 64.13,
  "MEMEUSDT": 0.0006321,
  "MERLUSDT": 0.04153,
  "AWEUSDT": 0.05089,
  "NMRUSDT": 7.613,
  "SPKUSDT": 0.02004,
  "2ZUSDT": 0.07362,
  "RUNEUSDT": 0.4237,
  "PEOPLEUSDT": 0.00706,
  "1INCHUSDT": 0.0975,
  "LIGHTUSDT": 0.189,
  "AXLUSDT": 0.05423,
  "MMTUSDT": 0.1168,
  "KGENUSDT": 0.21152,
  "INITUSDT": 0.08113,
  "NEIROUSDT": 7.06e-05,
  "LAYERUSDT": 0.086,
  "CLOUSDT": 0.07195,
  "THETAUSDT": 0.1956,
  "BREVUSDT": 0.1451,
  "ARKMUSDT": 0.1089,
  "NAORISUSDT": 0.03039,
  "SPACEUSDT": 0.007487,
  "ZRXUSDT": 0.1037,
  "MUBARAKUSDT": 0.01545,
  "EGLDUSDT": 4.212,
  "VANAUSDT": 1.445,
  "ZORAUSDT": 0.0173,
  "FOLKSUSDT": 1.176,
  "KAIAUSDT": 0.05457,
  "BIRBUSDT": 0.14349,
  "KASUSDT": 0.0308,
  "IOUSDT": 0.1145,
  "COWUSDT": 0.2286,
  "USUALUSDT": 0.0155,
  "AKEUSDT": 0.0002484,
  "SWARMSUSDT": 0.007523,
  "POPCATUSDT": 0.04984,
  "SOPHUSDT": 0.008643,
  "SUNUSDT": 0.01587,
  "VELVETUSDT": 0.09027,
  "LRCUSDT": 0.03099,
  "YFIUSDT": 2705.0,
  "TSTUSDT": 0.00999,
  "BOMEUSDT": 0.0004161,
  "AVAAIUSDT": 0.007886,
  "GMTUSDT": 0.01157,
  "ANIMEUSDT": 0.004745,
  "AIAUSDT": 0.08548,
  "PROVEUSDT": 0.2812,
  "AUSDT": 0.0788,
  "TWTUSDT": 0.4969,
  "SUSHIUSDT": 0.209,
  "TURBOUSDT": 0.0009958,
  "MEGAUSDT": 0.13279,
  "ACTUSDT": 0.0139,
  "KNCUSDT": 0.141,
  "MIRAUSDT": 0.0888,
  "STEEMUSDT": 0.05644,
  "LUNA2USDT": 0.06464,
  "BATUSDT": 0.1051,
  "AIOUSDT": 0.08046,
  "CATIUSDT": 0.04001,
  "GASUSDT": 1.618,
  "VELODROMEUSDT": 0.01613,
  "NILUSDT": 0.05047,
  "OPENUSDT": 0.1448,
  "STOUSDT": 0.05922,
  "AKTUSDT": 0.3432,
  "OGUSDT": 2.812,
  "MANTAUSDT": 0.06573,
  "HIPPOUSDT": 0.0007573,
  "XNYUSDT": 0.006448,
  "TUTUSDT": 0.01066,
  "BLUAIUSDT": 0.004378,
  "BSVUSDT": 15.14,
  "SUPERUSDT": 0.118,
  "BABYUSDT": 0.01142,
  "ALICEUSDT": 0.131,
  "FHEUSDT": 0.02723,
  "SOONUSDT": 0.1623,
  "TNSRUSDT": 0.04518,
  "ZBTUSDT": 0.07368,
  "KMNOUSDT": 0.02464,
  "KSMUSDT": 4.72,
  "FIOUSDT": 0.0099,
  "DAMUSDT": 0.02733,
  "MINAUSDT": 0.05732,
  "MAGICUSDT": 0.06156,
  "XVGUSDT": 0.005573,
  "UMAUSDT": 0.4405,
  "KERNELUSDT": 0.07608,
  "FUSDT": 0.005549,
  "MASKUSDT": 0.4441,
  "SAPIENUSDT": 0.08434,
  "RPLUSDT": 1.964,
  "INUSDT": 0.07151,
  "BLURUSDT": 0.01995,
  "ASRUSDT": 1.324,
  "FIGHTUSDT": 0.006071,
  "ALTUSDT": 0.007376,
  "CELOUSDT": 0.078,
  "GMXUSDT": 7.555,
  "NOMUSDT": 0.003527,
  "KATUSDT": 0.01752,
  "REDUSDT": 0.1416,
  "ZEREBROUSDT": 0.00742,
  "1000SATSUSDT": 1.18e-05,
  "YBUSDT": 0.1673,
  "ENJUSDT": 0.01914,
  "ONTUSDT": 0.0433,
  "SANTOSUSDT": 1.287,
  "EDENUSDT": 0.03339,
  "AINUSDT": 0.03833,
  "ANKRUSDT": 0.004163,
  "WALUSDT": 0.0797,
  "UAIUSDT": 0.2067,
  "IOTXUSDT": 0.00516,
  "RSRUSDT": 0.001599,
  "NEWTUSDT": 0.06686,
  "XPTUSDT": 2175.75,
  "TRUTHUSDT": 0.00943,
  "KOMAUSDT": 0.008008,
  "SKLUSDT": 0.0068,
  "STBLUSDT": 0.03962,
  "ERAUSDT": 0.1425,
  "GLMUSDT": 0.12924,
  "TAKEUSDT": 0.01884,
  "POLYXUSDT": 0.04144,
  "RAYSOLUSDT": 0.6112,
  "QTUMUSDT": 0.923,
  "ZKCUSDT": 0.083,
  "ACHUSDT": 0.00689,