{
  "BTCUSDT": 66331.8,
  "ETHUSDT": 1948.6,
  "SOLUSDT": 83.36,
  "XAGUSDT": 94.2,
  "BTC/USDCUSDT": 65703.4,
  "ETH/USDCUSDT": 1932.99,
  "XAUUSDT": 5402.88,
  "BTC/USDUSDT": 65860.3,
  "XRPUSDT": 1.3423,
  "ETH/USDUSDT": 1949.01,
  "HYPEUSDT": 30.874,
  "DOGEUSDT": 0.09128,
  "BNBUSDT": 622.09,
  "PAXGUSDT": 5426.68,
  "1000PEPEUSDT": 0.0034516,
  "ARCUSDT": 0.0546,
  "POWERUSDT": 1.70695,
  "SOL/USDCUSDT": 83.34,
  "SAHARAUSDT": 0.02496,
  "RIVERUSDT": 14.394,
  "ZECUSDT": 213.14,
  "SUIUSDT": 0.8899,
  "VVVUSDT": 6.304,
  "PIPPINUSDT": 0.55359,
  "ADAUSDT": 0.271,
  "NEARUSDT": 1.226,
  "BCHUSDT": 442.08,
  "XRP/USDCUSDT": 1.3422,
  "SIRENUSDT": 0.35713,
  "AVAXUSDT": 8.94,
  "DOTUSDT": 1.51,
  "LYNUSDT": 0.34335,
  "LINKUSDT": 8.643,
  "FILUSDT": 0.975,
  "HIPPOUSDT": 0.0007444,
  "SOL/USDUSDT": 83.01,
  "PUMPUSDT": 0.001907,
  "OPNUSDT": 0.4983,
  "TAOUSDT": 177.42,
  "ESPUSDT": 0.12295,
  "KNCUSDT": 0.1458,
  "ASTERUSDT": 0.6961,
  "LTCUSDT": 53.31,
  "GRASSUSDT": 0.3065,
  "BNB/USDUSDT": 622.38,
  "ROBOUSDT": 0.04934,
  "ETH/BTCUSDT": 1933.0675542,
  "AAVEUSDT": 114.64,
  "ZROUSDT": 1.846,
  "UNIUSDT": 3.765,
  "ENSOUSDT": 1.4224,
  "DENTUSDT": 0.000289,
  "KAVAUSDT": 0.0574,
  "KITEUSDT": 0.23342,
  "ALICEUSDT": 0.145,
  "ENAUSDT": 0.1035,
  "WIFUSDT": 0.192,
  "XRP/USDUSDT": 1.3446,
  "ARBUSDT": 0.1009,
  "BNB/USDCUSDT": 622.1,
  "1000SHIBUSDT": 0.005479,
  "WLFIUSDT": 0.105,
  "WLDUSDT": 0.3836,
  "OPUSDT": 0.1223,
  "VIRTUALUSDT": 0.6923,
  "PENGUUSDT": 0.006736,
  "APTUSDT": 0.9232,
  "BULLAUSDT": 0.02749,
  "DOGE/USDCUSDT": 0.09126,
  "FIOUSDT": 0.01062,
  "DOGE/USDUSDT": 0.09127,
  "CRVUSDT": 0.24,
  "TRUMPUSDT": 3.427,
  "TSLAUSDT": 393.25,
  "XMRUSDT": 341.48,
  "XLMUSDT": 0.15315,
  "HBARUSDT": 0.09695,
  "FARTCOINUSDT": 0.155,
  "GALAUSDT": 0.00344,
  "ETCUSDT": 8.507,
  "GWEIUSDT": 0.043893,
  "XPLUSDT": 0.0956,
  "1000BONKUSDT": 0.00588,
  "MIRAUSDT": 0.091,
  "TRXUSDT": 0.28149,
  "DASHUSDT": 31.9,
  "TONUSDT": 1.2047,
  "TIAUSDT": 0.3218,
  "RAVEUSDT": 0.34392,
  "ICPUSDT": 2.391,
  "MYXUSDT": 0.376,
  "AXSUSDT": 1.255,
  "KATUSDT": 0.02662,
  "BARDUSDT": 0.991,
  "SUI/USDCUSDT": 0.8895,
  "ONDOUSDT": 0.2503,
  "ATOMUSDT": 1.797,
  "SEIUSDT": 0.06817,
  "JUPUSDT": 0.1705,
  "POLUSDT": 0.10187,
  "\u5e01\u5b89\u4eba\u751fUSDT": 0.06344,
  "FORMUSDT": 0.2253,
  "ZAMAUSDT": 0.01936,
  "SPXUSDT": 0.3155,
  "IPUSDT": 0.844,
  "TLMUSDT": 0.001708,
  "INJUSDT": 3.006,
  "ZKPUSDT": 0.08767,
  "BEATUSDT": 0.2554,
  "CRCLUSDT": 80.57,
  "XPTUSDT": 2349.48,
  "RENDERUSDT": 1.339,
  "ZETAUSDT": 0.05865,
  "FETUSDT": 0.1471,
  "ATHUSDT": 0.006127,
  "UAIUSDT": 0.2018,
  "STEEMUSDT": 0.05964,
  "SIGNUSDT": 0.02553,
  "LDOUSDT": 0.2993,
  "PHAUSDT": 0.02631,
  "ADA/USDUSDT": 0.2709,
  "ATUSDT": 0.15742,
  "WETUSDT": 0.10302,
  "ZEC/USDCUSDT": 213.06,
  "IMXUSDT": 0.1622,
  "AZTECUSDT": 0.02126,
  "1000PEPE/USDCUSDT": 0.0034498,
  "BERAUSDT": 0.5992,
  "NEIROUSDT": 6.608e-05,
  "1000LUNCUSDT": 0.04247,
  "LITUSDT": 1.382,
  "FIL/USDCUSDT": 0.976,
  "MORPHOUSDT": 1.7997,
  "SANDUSDT": 0.08261,
  "CHZUSDT": 0.03368,
  "LAYERUSDT": 0.0875,
  "SKYAIUSDT": 0.03896,
  "SPACEUSDT": 0.007145,
  "STGUSDT": 0.1639,
  "SUI/USDUSDT": 0.8896,
  "HUSDT": 0.12632,
  "ADA/USDCUSDT": 0.271,
  "BCH/USDCUSDT": 441.87,
  "STABLEUSDT": 0.032433,
  "ALGOUSDT": 0.0857,
  "ORDIUSDT": 2.412,
  "YGGUSDT": 0.03945,
  "LINK/USDCUSDT": 8.641,
  "SKRUSDT": 0.021276,
  "\u6211\u8e0f\u9a6c\u6765\u4e86USDT": 0.0103,
  "LINK/USDUSDT": 8.642,
  "1000FLOKIUSDT": 0.02729,
  "BIOUSDT": 0.02034,
  "HOODUSDT": 73.24,
  "BREVUSDT": 0.1361,
  "AIXBTUSDT": 0.0237,
  "0GUSDT": 0.6073,
  "APEUSDT": 0.1032,
  "CAKEUSDT": 1.3123,
  "NEWTUSDT": 0.07088,
  "ARUSDT": 1.602,
  "TRIAUSDT": 0.01866,
  "AGLDUSDT": 0.2255,
  "MSTRUSDT": 129.03,
  "SENTUSDT": 0.02133,
  "PENDLEUSDT": 1.2727,
  "HOLOUSDT": 0.05912,
  "COSUSDT": 0.001062,
  "MONUSDT": 0.02058,
  "EULUSDT": 1.015,
  "AVAX/USDCUSDT": 8.937,
  "EIGENUSDT": 0.1751,
  "ZENUSDT": 5.3,
  "JELLYJELLYUSDT": 0.07228,
  "BASUSDT": 0.006672,
  "XTZUSDT": 0.37,
  "XPDUSDT": 1787.92,
  "DUSKUSDT": 0.08192,
  "ACEUSDT": 0.1556,
  "COLLECTUSDT": 0.04024,
  "GIGGLEUSDT": 25.71,
  "VETUSDT": 0.007099,
  "NEAR/USDCUSDT": 1.226,
  "JTOUSDT": 0.2713,
  "ETHFIUSDT": 0.4942,
  "CCUSDT": 0.16195,
  "SUNUSDT": 0.016013,
  "MOODENGUSDT": 0.04827,
  "ZILUSDT": 0.00409,
  "SNXUSDT": 0.306,
  "DYDXUSDT": 0.092,
  "ROSEUSDT": 0.01109,
  "1000RATSUSDT": 0.03321,
  "STRKUSDT": 0.0397,
  "GPSUSDT": 0.008976,
  "4USDT": 0.00849,
  "BIRBUSDT": 0.14929,
  "FOLKSUSDT": 1.216,
  "TRBUSDT": 13.993,
  "CYBERUSDT": 0.5465,
  "ZKUSDT": 0.01833,
  "TAKEUSDT": 0.022,
  "KSMUSDT": 4.671,
  "LAUSDT": 0.2161,
  "PNUTUSDT": 0.04358,
  "SYRUPUSDT": 0.22918,
  "JASMYUSDT": 0.005185,
  "PLTRUSDT": 142.5,
  "LTC/USDCUSDT": 53.3,
  "SOMIUSDT": 0.1884,
  "ENSUSDT": 5.902,
  "1000SATSUSDT": 1.11e-05,
  "PYTHUSDT": 0.04817,
  "QUSDT": 0.025323,
  "USELESSUSDT": 0.04028,
  "YBUSDT": 0.1734,
  "ARB/USDCUSDT": 0.1009,
  "ENA/USDCUSDT": 0.1034,
  "MANAUSDT": 0.0953,
  "VICUSDT": 0.04544,
  "ICXUSDT": 0.0352,
  "BCH/USDUSDT": 442.05,
  "UMAUSDT": 0.4271,
  "GRTUSDT": 0.02558,
  "LINEAUSDT": 0.003016,
  "ARKMUSDT": 0.1048,
  "FIL/USDUSDT": 0.976,
  "PTBUSDT": 0.001195,
  "MASKUSDT": 0.4236,
  "COINUSDT": 171.15,
  "SUSDT": 0.03926,
  "ORCAUSDT": 0.862,
  "TURBOUSDT": 0.0009531,
  "CLOUSDT": 0.07114,
  "LTC/USDUSDT": 53.29,
  "AMZNUSDT": 205.46,
  "BTCDOMUSDT": 5093.6,
  "INITUSDT": 0.07698,
  "1INCHUSDT": 0.0923,
  "KASUSDT": 0.0295,
  "EGLDUSDT": 4.372,
  "AEROUSDT": 0.3359,
  "ALLOUSDT": 0.10476,
  "COMPUSDT": 17.61,
  "THETAUSDT": 0.1855,
  "AXLUSDT": 0.05358,
  "FOGOUSDT": 0.02526,
  "AVNTUSDT": 0.1711,
  "BOMEUSDT": 0.0003774,
  "MERLUSDT": 0.03891,
  "WUSDT": 0.01843,
  "BUSDT": 0.1903,
  "STXUSDT": 0.2488,
  "AAVE/USDCUSDT": 114.6,
  "NOMUSDT": 0.00359,
  "AAVE/USDUSDT": 114.59,
  "GMTUSDT": 0.01112,
  "LIGHTUSDT": 0.1881,
  "SUSHIUSDT": 0.1995,
  "OGUSDT": 2.792,
  "BOBUSDT": 0.005962,
  "LPTUSDT": 2.283,
  "NEOUSDT": 2.589,
  "LUNA2USDT": 0.0619,
  "MEUSDT": 0.114,
  "PARTIUSDT": 0.09254,
  "MOVEUSDT": 0.02161,
  "IOTXUSDT": 0.0048,
  "KAITOUSDT": 0.3269,
  "CRV/USDCUSDT": 0.2399,
  "FFUSDT": 0.07799,
  "HUMAUSDT": 0.012178,
  "FLOWUSDT": 0.035,
  "UNI/USDCUSDT": 3.762,
  "POWRUSDT": 0.06385,
  "C98USDT": 0.0256,
  "IOTAUSDT": 0.0657,
  "ZRXUSDT": 0.1038,
  "MBOXUSDT": 0.01833,
  "COWUSDT": 0.2111,
  "ZBTUSDT": 0.07436,
  "AWEUSDT": 0.05131,
  "WCTUSDT": 0.05902,
  "KERNELUSDT": 0.07474,
  "SOPHUSDT": 0.008909,
  "MUSDT": 1.5236,
  "DOT/USDUSDT": 1.51,
  "RUNEUSDT": 0.39,
  "USDCUSDT": 0.999709,
  "CFXUSDT": 0.04759,
  "FIGHTUSDT": 0.005833,
  "MEMEUSDT": 0.0005732,
  "BATUSDT": 0.1024,
  "STBLUSDT": 0.03673,
  "CELOUSDT": 0.074,
  "TRUTHUSDT": 0.009398,
  "PLUMEUSDT": 0.00901,
  "SPORTFUNUSDT": 0.04536,
  "NEAR/USDUSDT": 1.225,
  "PEOPLEUSDT": 0.00615,
  "WOOUSDT": 0.0167,
  "BANANAS31USDT": 0.00487,
  "CVCUSDT": 0.03007,
  "UBUSDT": 0.03633,
  "UNI/USDUSDT": 3.763,
  "YFIUSDT": 2659.0,
  "REDUSDT": 0.1488,
  "HOTUSDT": 0.000374,
  "AVAX/USDUSDT": 8.93,
  "PIEVERSEUSDT": 0.5232,
  "XLM/USDUSDT": 0.15309,
  "NILUSDT": 0.04918,
  "NIGHTUSDT": 0.05735,
  "NAORISUSDT": 0.03112,
  "BTRUSDT": 0.18032,
  "DEXEUSDT": 3.384,
  "GLMUSDT": 0.13221,
  "RAYSOLUSDT": 0.5849,
  "TNSRUSDT": 0.04512,
  "FRAXUSDT": 0.5883,
  "ZORAUSDT": 0.01732,
  "QNTUSDT": 61.29,
  "METUSDT": 0.1795,
  "IP/USDCUSDT": 0.843,
  "ZKCUSDT": 0.0834,
  "PROVEUSDT": 0.3013,
  "GUAUSDT": 0.23321,
  "WIF/USDCUSDT": 0.1919,
  "AUCTIONUSDT": 4.736,
  "GUNUSDT": 0.02559,
  "INTCUSDT": 44.42,
  "MUBARAKUSDT": 0.01316,
  "ACHUSDT": 0.006568,
  "BANKUSDT": 0.03615,
  "CYSUSDT": 0.3062,
  "ANIMEUSDT": 0.004801,
  "DUSDT": 0.006889,
  "SANTOSUSDT": 1.284,
  "POLYXUSDT": 0.0421,
  "PENGU/USDCUSDT": 0.006734,
  "QTUMUSDT": 0.903,
  "TIA/USDCUSDT": 0.3216,
  "1MBABYDOGEUSDT": 0.0003791,
  "AIAUSDT": 0.08677,
  "PORTALUSDT": 0.0119,
  "ARKUSDT": 0.1727,
  "GOATUSDT": 0.01816,
  "GASUSDT": 1.604,
  "ALTUSDT": 0.007114,