{
  "BTCUSDT": 63724.7,
  "ETHUSDT": 1862.57,
  "BTC/USDCUSDT": 63615.0,
  "SOLUSDT": 78.27,
  "ETH/USDCUSDT": 1859.42,
  "XAGUSDT": 94.44,
  "BTC/USDUSDT": 64138.2,
  "XRPUSDT": 1.2921,
  "XAUUSDT": 5315.36,
  "ETH/USDUSDT": 1874.47,
  "SAHARAUSDT": 0.01943,
  "DOGEUSDT": 0.08881,
  "PIPPINUSDT": 0.61429,
  "POWERUSDT": 1.54562,
  "BNBUSDT": 593.07,
  "1000PEPEUSDT": 0.0034682,
  "ZECUSDT": 206.64,
  "PAXGUSDT": 5405.05,
  "SOL/USDCUSDT": 78.26,
  "HYPEUSDT": 26.799,
  "ADAUSDT": 0.2625,
  "DOTUSDT": 1.484,
  "SUIUSDT": 0.8421,
  "ROBOUSDT": 0.03863,
  "RIVERUSDT": 11.108,
  "BCHUSDT": 445.05,
  "XRP/USDCUSDT": 1.2922,
  "GWEIUSDT": 0.045024,
  "VVVUSDT": 4.816,
  "AVAXUSDT": 8.521,
  "LINKUSDT": 8.307,
  "FILUSDT": 0.938,
  "DENTUSDT": 0.000254,
  "SIGNUSDT": 0.02698,
  "SIRENUSDT": 0.33491,
  "ALICEUSDT": 0.12,
  "NEARUSDT": 1.052,
  "ATHUSDT": 0.005486,
  "SOL/USDUSDT": 77.58,
  "ARBUSDT": 0.0938,
  "\u5e01\u5b89\u4eba\u751fUSDT": 0.06602,
  "PUMPUSDT": 0.001778,
  "ASTERUSDT": 0.6856,
  "AAVEUSDT": 106.37,
  "TAOUSDT": 167.84,
  "LTCUSDT": 52.03,
  "ENAUSDT": 0.0965,
  "KITEUSDT": 0.24851,
  "ENSOUSDT": 1.359,
  "BARDUSDT": 0.9839,
  "1000LUNCUSDT": 0.03999,
  "UNIUSDT": 3.619,
  "WIFUSDT": 0.1876,
  "VIRTUALUSDT": 0.6411,
  "XRP/USDUSDT": 1.2897,
  "ESPUSDT": 0.12115,
  "LAYERUSDT": 0.1041,
  "OPUSDT": 0.1117,
  "APTUSDT": 0.886,
  "HUSDT": 0.11881,
  "MYXUSDT": 0.398,
  "FARTCOINUSDT": 0.149,
  "TSLAUSDT": 400.25,
  "ZROUSDT": 1.5171,
  "1000SHIBUSDT": 0.005503,
  "BNB/USDCUSDT": 593.49,
  "ICPUSDT": 2.305,
  "WLDUSDT": 0.3663,
  "CRCLUSDT": 81.34,
  "WLFIUSDT": 0.1069,
  "DOGE/USDUSDT": 0.08881,
  "BNB/USDUSDT": 594.43,
  "XPLUSDT": 0.0881,
  "ETH/BTCUSDT": 1859.5615248,
  "HBARUSDT": 0.09493,
  "WETUSDT": 0.10097,
  "PENGUUSDT": 0.006356,
  "TRXUSDT": 0.27936,
  "XLMUSDT": 0.14895,
  "ARCUSDT": 0.03005,
  "DOGE/USDCUSDT": 0.08882,
  "NEWTUSDT": 0.06787,
  "AXSUSDT": 1.24,
  "TRUMPUSDT": 3.279,
  "AIXBTUSDT": 0.0201,
  "FOLKSUSDT": 1.257,
  "HOLOUSDT": 0.05808,
  "BERAUSDT": 0.5774,
  "STABLEUSDT": 0.030112,
  "ETCUSDT": 8.22,
  "XMRUSDT": 336.52,
  "MIRAUSDT": 0.0884,
  "1000BONKUSDT": 0.005604,
  "ATOMUSDT": 1.787,
  "DASHUSDT": 31.05,
  "RAVEUSDT": 0.33517,
  "BULLAUSDT": 0.01647,
  "INJUSDT": 2.9,
  "TIAUSDT": 0.304,
  "CRVUSDT": 0.231,
  "ONDOUSDT": 0.2433,
  "TONUSDT": 1.2384,
  "0GUSDT": 0.6004,
  "PENDLEUSDT": 1.1962,
  "GALAUSDT": 0.00344,
  "CHZUSDT": 0.03192,
  "MSTRUSDT": 126.75,
  "SOPHUSDT": 0.009568,
  "OPNUSDT": 0.4716,
  "BUSDT": 0.1695,
  "ZAMAUSDT": 0.0217,
  "AZTECUSDT": 0.02014,
  "POLUSDT": 0.10234,
  "C98USDT": 0.0252,
  "ANIMEUSDT": 0.004767,
  "FETUSDT": 0.1475,
  "ALLOUSDT": 0.1064,
  "RENDERUSDT": 1.321,
  "ZEC/USDCUSDT": 206.59,
  "LDOUSDT": 0.2858,
  "CLOUSDT": 0.06914,
  "ADA/USDUSDT": 0.2625,
  "JELLYJELLYUSDT": 0.06556,
  "1000PEPE/USDCUSDT": 0.0034673,
  "SPACEUSDT": 0.007885,
  "SEIUSDT": 0.06518,
  "CGPTUSDT": 0.01918,
  "BIOUSDT": 0.02083,
  "NEIROUSDT": 6.287e-05,
  "STEEMUSDT": 0.05449,
  "JUPUSDT": 0.1472,
  "UAIUSDT": 0.1672,
  "LUNA2USDT": 0.06155,
  "HOODUSDT": 74.79,
  "IPUSDT": 0.882,
  "LYNUSDT": 0.30333,
  "ALGOUSDT": 0.0828,
  "BCH/USDCUSDT": 445.03,
  "PORTALUSDT": 0.01164,
  "SANDUSDT": 0.07831,
  "SUI/USDCUSDT": 0.842,
  "STGUSDT": 0.1339,
  "MORPHOUSDT": 1.7587,
  "GIGGLEUSDT": 24.31,
  "ADA/USDCUSDT": 0.2625,
  "LITUSDT": 1.309,
  "CCUSDT": 0.16092,
  "FIL/USDCUSDT": 0.937,
  "SKYAIUSDT": 0.05147,
  "SENTUSDT": 0.02096,
  "DUSKUSDT": 0.07854,
  "EULUSDT": 1.022,
  "FLOWUSDT": 0.03711,
  "\u6211\u8e0f\u9a6c\u6765\u4e86USDT": 0.011096,
  "STRKUSDT": 0.03947,
  "BEATUSDT": 0.2181,
  "GUAUSDT": 0.2104,
  "KAITOUSDT": 0.3142,
  "ARUSDT": 1.511,
  "CYBERUSDT": 0.5219,
  "MONUSDT": 0.01977,
  "ZENUSDT": 5.034,
  "COINUSDT": 170.55,
  "WCTUSDT": 0.05762,
  "AGLDUSDT": 0.232,
  "ORDIUSDT": 2.273,
  "ZBTUSDT": 0.07507,
  "CAKEUSDT": 1.2379,
  "SUI/USDUSDT": 0.8419,
  "FOGOUSDT": 0.02588,
  "JTOUSDT": 0.2566,
  "XPTUSDT": 2380.21,
  "APEUSDT": 0.0948,
  "GPSUSDT": 0.009137,
  "ZILUSDT": 0.00394,
  "SPORTFUNUSDT": 0.0469,
  "LINK/USDUSDT": 8.304,
  "ETHFIUSDT": 0.4682,
  "SNXUSDT": 0.316,
  "SKRUSDT": 0.019274,
  "YBUSDT": 0.1724,
  "LAUSDT": 0.2181,
  "BIRBUSDT": 0.15179,
  "EIGENUSDT": 0.1765,
  "VETUSDT": 0.006907,
  "ROSEUSDT": 0.01135,
  "1000FLOKIUSDT": 0.0267,
  "HOTUSDT": 0.000391,
  "MOVEUSDT": 0.02081,
  "AMZNUSDT": 209.12,
  "LINK/USDCUSDT": 8.305,
  "TRBUSDT": 13.487,
  "BCH/USDUSDT": 445.09,
  "ORCAUSDT": 0.871,
  "ARB/USDCUSDT": 0.0937,
  "LINEAUSDT": 0.002905,
  "INTCUSDT": 45.34,
  "ZKUSDT": 0.01809,
  "AVAX/USDCUSDT": 8.52,
  "DYDXUSDT": 0.089,
  "COLLECTUSDT": 0.03879,
  "MOODENGUSDT": 0.04669,
  "ENSUSDT": 5.727,
  "AXLUSDT": 0.05192,
  "LTC/USDCUSDT": 52.01,
  "SPXUSDT": 0.2769,
  "GUNUSDT": 0.02592,
  "WUSDT": 0.01784,
  "PNUTUSDT": 0.04172,
  "REDUSDT": 0.1537,
  "TRIAUSDT": 0.01959,
  "KASUSDT": 0.02858,
  "TLMUSDT": 0.001554,
  "YGGUSDT": 0.03695,
  "PYTHUSDT": 0.04631,
  "USTCUSDT": 0.004792,
  "DOT/USDUSDT": 1.483,
  "AVNTUSDT": 0.1678,
  "ACEUSDT": 0.1455,
  "PLUMEUSDT": 0.00862,
  "API3USDT": 0.2761,
  "LIGHTUSDT": 0.1787,
  "ATUSDT": 0.15844,
  "JASMYUSDT": 0.005283,
  "GMTUSDT": 0.0108,
  "NOMUSDT": 0.00353,
  "MEUSDT": 0.1141,
  "ALTUSDT": 0.006933,
  "SAPIENUSDT": 0.08587,
  "KSMUSDT": 4.653,
  "PARTIUSDT": 0.09366,
  "TAKEUSDT": 0.01686,
  "TURBOUSDT": 0.0009058,
  "SOMIUSDT": 0.2014,
  "ENA/USDCUSDT": 0.0964,
  "ARKMUSDT": 0.1004,
  "STXUSDT": 0.2438,
  "NILUSDT": 0.04579,
  "XPDUSDT": 1798.88,
  "GRTUSDT": 0.02482,
  "USELESSUSDT": 0.03649,
  "BOMEUSDT": 0.000355,
  "MANAUSDT": 0.0912,
  "XTZUSDT": 0.361,
  "INITUSDT": 0.07812,
  "SKLUSDT": 0.00633,
  "COMPUSDT": 17.38,
  "ACUUSDT": 0.10423,
  "SUSDT": 0.03726,
  "SYRUPUSDT": 0.21995,
  "BTCDOMUSDT": 5126.5,
  "AAVE/USDCUSDT": 106.4,
  "DRIFTUSDT": 0.0819,
  "CFXUSDT": 0.04567,
  "TWTUSDT": 0.4811,
  "ZKCUSDT": 0.0818,
  "ZKPUSDT": 0.07879,
  "MUBARAKUSDT": 0.01291,
  "IOTXUSDT": 0.00486,
  "LPTUSDT": 2.207,
  "NIGHTUSDT": 0.05705,
  "DEXEUSDT": 3.323,
  "MUSDT": 1.4632,
  "AEROUSDT": 0.321,
  "PIEVERSEUSDT": 0.4675,
  "UBUSDT": 0.0381,
  "PLTRUSDT": 136.77,
  "MERLUSDT": 0.04001,
  "TREEUSDT": 0.06883,
  "FFUSDT": 0.07823,
  "LTC/USDUSDT": 52.0,
  "THETAUSDT": 0.1776,
  "STBLUSDT": 0.04154,
  "FIL/USDUSDT": 0.937,
  "AWEUSDT": 0.05117,
  "PTBUSDT": 0.001144,
  "IOTAUSDT": 0.0638,
  "MEMEUSDT": 0.0005669,
  "RUNEUSDT": 0.3789,
  "EGLDUSDT": 4.182,
  "XAIUSDT": 0.00891,
  "SUSHIUSDT": 0.19,
  "GRASSUSDT": 0.2018,
  "RESOLVUSDT": 0.05911,
  "IMXUSDT": 0.1535,
  "PLAYUSDT": 0.01781,
  "METUSDT": 0.172,
  "MAGICUSDT": 0.06,
  "QUSDT": 0.023224,
  "FIGHTUSDT": 0.00663,
  "CELOUSDT": 0.074,
  "BREVUSDT": 0.1248,
  "BTRUSDT": 0.18011,
  "WIF/USDCUSDT": 0.1876,
  "BATUSDT": 0.1034,
  "IOUSDT": 0.1044,
  "IDOLUSDT": 0.01938,
  "SHELLUSDT": 0.02829,
  "KERNELUSDT": 0.07798,
  "FUSDT": 0.00547,
  "MBOXUSDT": 0.01764,
  "NEAR/USDCUSDT": 1.051,
  "2ZUSDT": 0.07153,
  "ACTUSDT": 0.01293,
  "HUMAUSDT": 0.011338,
  "PIXELUSDT": 0.00461,
  "ZORAUSDT": 0.01788,
  "1INCHUSDT": 0.0868,
  "1000RATSUSDT": 0.0362,
  "HYPERUSDT": 0.0904,
  "JSTUSDT": 0.046574,
  "HMSTRUSDT": 0.00015,
  "YFIUSDT": 2539.0,
  "OPENUSDT": 0.1445,
  "FIDAUSDT": 0.01456,
  "ACHUSDT": 0.006494,
  "SUPERUSDT": 0.1089,
  "MASKUSDT": 0.3992,
  "NAORISUSDT": 0.03201,
  "AUCTIONUSDT": 4.655,
  "CRV/USDCUSDT": 0.2302,
  "NEOUSDT": 2.572,
  "GLMUSDT": 0.12769,
  "ERAUSDT": 0.1389,
  "COOKIEUSDT": 0.01671,
  "PEOPLEUSDT": 0.00602,
  "RPLUSDT": 1.785,
  "AVAX/USDUSDT": 8.51,
  "XNYUSDT": 0.004908,
  "QNTUSDT": 61.14,
  "NXPCUSDT": 0.2658,
  "TNSRUSDT": 0.0436,
  "FLOCKUSDT": 0.05897,
  "SAGAUSDT": 0.02882,
  "MAVIAUSDT": 0.03179,
  "BASUSDT": 0.005506,
  "AAVE/USDUSDT": 106.34,
  "LQTYUSDT": 0.268,
  "CHRUSDT": 0.017,
  "NOTUSDT": 0.0003391,
  "AIUSDT": 0.0189,
  "RAYSOLUSDT": 0.5602,
  "VANAUSDT": 1.39,
  "1000SATSUSDT": 1.03e-05,
  "ZKJUSDT": 0.02324,
  "1MBABYDOGEUSDT": 0.0003607,
  "WLFI/USDCUSDT": 0.1069,
  "MMTUSDT": 0.1134,
  "FHEUSDT": 0.02772,