{
  "BTCUSDT": 67189.5,
  "ETHUSDT": 1966.24,
  "ETH/USDCUSDT": 1944.93,
  "BTC/USDCUSDT": 66366.4,
  "SOLUSDT": 81.49,
  "XAGUSDT": 77.25,
  "BTC/USDUSDT": 67105.6,
  "XAUUSDT": 4982.95,
  "XRPUSDT": 1.4264,
  "PIPPINUSDT": 0.5094,
  "ETH/USDUSDT": 1965.85,
  "WLFIUSDT": 0.1204,
  "RIVERUSDT": 7.881,
  "DOGEUSDT": 0.09891,
  "ZECUSDT": 268.87,
  "BNBUSDT": 605.26,
  "ORCAUSDT": 1.255,
  "CYBERUSDT": 0.6608,
  "ESPUSDT": 0.09219,
  "HYPEUSDT": 28.703,
  "SOL/USDCUSDT": 81.46,
  "1000PEPEUSDT": 0.0042517,
  "NAORISUSDT": 0.04717,
  "SPACEUSDT": 0.011882,
  "SUIUSDT": 0.9328,
  "ADAUSDT": 0.2744,
  "PAXGUSDT": 4984.6,
  "AVAXUSDT": 8.89,
  "VVVUSDT": 3.772,
  "KITEUSDT": 0.21916,
  "XRP/USDCUSDT": 1.4255,
  "JTOUSDT": 0.3002,
  "LINKUSDT": 8.6,
  "BCHUSDT": 554.05,
  "ASTERUSDT": 0.7036,
  "PUMPUSDT": 0.002018,
  "TAOUSDT": 184.5,
  "AAVEUSDT": 122.94,
  "SIRENUSDT": 0.20997,
  "TRUMPUSDT": 3.384,
  "INITUSDT": 0.101,
  "GUNUSDT": 0.0286,
  "FILUSDT": 0.926,
  "LTCUSDT": 53.3,
  "SOL/USDUSDT": 80.68,
  "JELLYJELLYUSDT": 0.07218,
  "BERAUSDT": 0.6119,
  "STEEMUSDT": 0.05544,
  "UNIUSDT": 3.407,
  "GPSUSDT": 0.013845,
  "DOTUSDT": 1.313,
  "STABLEUSDT": 0.028188,
  "ATOMUSDT": 2.365,
  "ENSOUSDT": 1.1934,
  "OPUSDT": 0.1697,
  "NEARUSDT": 1.018,
  "WIFUSDT": 0.222,
  "WLDUSDT": 0.379,
  "ENAUSDT": 0.115,
  "CLOUSDT": 0.08508,
  "BNB/USDCUSDT": 605.63,
  "APTUSDT": 0.878,
  "POWERUSDT": 0.34298,
  "MYXUSDT": 1.051,
  "AXSUSDT": 1.296,
  "TRXUSDT": 0.27897,
  "XRP/USDUSDT": 1.4308,
  "RPLUSDT": 2.116,
  "PENGUUSDT": 0.006845,
  "FARTCOINUSDT": 0.1873,
  "1000SHIBUSDT": 0.006322,
  "ARBUSDT": 0.1076,
  "AWEUSDT": 0.10142,
  "BNB/USDUSDT": 607.59,
  "VIRTUALUSDT": 0.6185,
  "DOGE/USDCUSDT": 0.09886,
  "ZROUSDT": 1.5065,
  "ETH/BTCUSDT": 1945.471035,
  "ARCUSDT": 0.07929,
  "LITUSDT": 1.471,
  "HBARUSDT": 0.0993,
  "XMRUSDT": 329.81,
  "\u6211\u8e0f\u9a6c\u6765\u4e86USDT": 0.016316,
  "ROSEUSDT": 0.01356,
  "CRVUSDT": 0.244,
  "XLMUSDT": 0.16216,
  "DOGE/USDUSDT": 0.09885,
  "HUSDT": 0.16655,
  "DASHUSDT": 35.72,
  "SPXUSDT": 0.3344,
  "ZEC/USDCUSDT": 268.67,
  "SNXUSDT": 0.299,
  "ZAMAUSDT": 0.01898,
  "MONUSDT": 0.02016,
  "XPLUSDT": 0.0932,
  "TSLAUSDT": 410.32,
  "WLFI/USDCUSDT": 0.1202,
  "1000BONKUSDT": 0.006217,
  "ICPUSDT": 2.249,
  "LAUSDT": 0.2064,
  "POLUSDT": 0.10857,
  "\u5e01\u5b89\u4eba\u751fUSDT": 0.09206,
  "0GUSDT": 0.6275,
  "ETCUSDT": 8.451,
  "USELESSUSDT": 0.0429,
  "MUBARAKUSDT": 0.01766,
  "TONUSDT": 1.4161,
  "TRUTHUSDT": 0.00958,
  "SENTUSDT": 0.02254,
  "MORPHOUSDT": 1.4518,
  "BTRUSDT": 0.18302,
  "ONDOUSDT": 0.2659,
  "1000PEPE/USDCUSDT": 0.0042478,
  "TIAUSDT": 0.3288,
  "FOGOUSDT": 0.02493,
  "IPUSDT": 1.101,
  "SEIUSDT": 0.0726,
  "SUI/USDCUSDT": 0.9323,
  "JUPUSDT": 0.1529,
  "ONTUSDT": 0.0462,
  "TRIAUSDT": 0.01576,
  "RENDERUSDT": 1.417,
  "MUSDT": 1.4128,
  "AZTECUSDT": 0.01867,
  "PENDLEUSDT": 1.198,
  "ZORAUSDT": 0.02137,
  "MOODENGUSDT": 0.05717,
  "FETUSDT": 0.1654,
  "DUSKUSDT": 0.09732,
  "GALAUSDT": 0.00388,
  "INJUSDT": 2.983,
  "BANUSDT": 0.11819,
  "TAKEUSDT": 0.02327,
  "SONICUSDT": 0.04687,
  "BEATUSDT": 0.2024,
  "MERLUSDT": 0.05553,
  "SPORTFUNUSDT": 0.03664,
  "RAYSOLUSDT": 0.637,
  "DYDXUSDT": 0.101,
  "HOODUSDT": 75.1,
  "BIOUSDT": 0.02374,
  "OMUSDT": 0.05631,
  "ENSUSDT": 6.693,
  "COMPUSDT": 17.75,
  "LUNA2USDT": 0.06626,
  "XNYUSDT": 0.005636,
  "MOVEUSDT": 0.02398,
  "HUMAUSDT": 0.013842,
  "SANDUSDT": 0.08453,
  "MITOUSDT": 0.04473,
  "NEIROUSDT": 7.33e-05,
  "ACEUSDT": 0.1675,
  "FIGHTUSDT": 0.006508,
  "LDOUSDT": 0.3293,
  "ALGOUSDT": 0.091,
  "ALLOUSDT": 0.09524,
  "COLLECTUSDT": 0.07118,
  "MMTUSDT": 0.1324,
  "GASUSDT": 1.612,
  "BCH/USDCUSDT": 553.67,
  "BASUSDT": 0.006738,
  "ZILUSDT": 0.00402,
  "SKRUSDT": 0.019071,
  "CAKEUSDT": 1.2708,
  "CHZUSDT": 0.03935,
  "ADA/USDUSDT": 0.2744,
  "SKYUSDT": 0.06587,
  "FHEUSDT": 0.04098,
  "LYNUSDT": 0.26942,
  "CYSUSDT": 0.4952,
  "LINEAUSDT": 0.003541,
  "SUI/USDUSDT": 0.9321,
  "GIGGLEUSDT": 30.1,
  "ZENUSDT": 5.971,
  "MEUSDT": 0.1302,
  "EIGENUSDT": 0.1981,
  "EULUSDT": 0.901,
  "AVNTUSDT": 0.1907,
  "IRYSUSDT": 0.02537,
  "APEUSDT": 0.1171,
  "1000FLOKIUSDT": 0.03054,
  "VETUSDT": 0.007856,
  "PYTHUSDT": 0.0542,
  "ZKUSDT": 0.0207,
  "ZKPUSDT": 0.09102,
  "PLAYUSDT": 0.02061,
  "MAGICUSDT": 0.07085,
  "INTCUSDT": 45.48,
  "ETHFIUSDT": 0.4633,
  "ORDIUSDT": 2.659,
  "CRCLUSDT": 63.27,
  "ARIAUSDT": 0.07432,
  "CCUSDT": 0.16938,
  "BULLAUSDT": 0.0265,
  "SOMIUSDT": 0.1948,
  "ADA/USDCUSDT": 0.2743,
  "WETUSDT": 0.08417,
  "LINK/USDCUSDT": 8.596,
  "AUCTIONUSDT": 5.033,
  "LINK/USDUSDT": 8.594,
  "LIGHTUSDT": 0.2452,
  "C98USDT": 0.0283,
  "BIRBUSDT": 0.18646,
  "STGUSDT": 0.1308,
  "AVAX/USDCUSDT": 8.884,
  "CVXUSDT": 2.015,
  "1000LUNCUSDT": 0.03442,
  "STRKUSDT": 0.04622,
  "PTBUSDT": 0.001376,
  "FRAXUSDT": 0.648,
  "FIL/USDCUSDT": 0.925,
  "COINUSDT": 164.39,
  "PROMUSDT": 1.375,
  "XPTUSDT": 2084.97,
  "TRBUSDT": 14.912,
  "SYRUPUSDT": 0.23586,
  "OGUSDT": 3.268,
  "SUSDT": 0.04597,
  "ZKCUSDT": 0.0938,
  "BREVUSDT": 0.132,
  "BARDUSDT": 0.7588,
  "ARB/USDCUSDT": 0.1076,
  "KSMUSDT": 4.625,
  "UBUSDT": 0.04124,
  "AIAUSDT": 0.10025,
  "JASMYUSDT": 0.005706,
  "STXUSDT": 0.2539,
  "ANIMEUSDT": 0.005176,
  "PLTRUSDT": 135.22,
  "ARUSDT": 1.975,
  "TURBOUSDT": 0.0010521,
  "KASUSDT": 0.03115,
  "ENA/USDCUSDT": 0.115,
  "WCTUSDT": 0.06042,
  "SUPERUSDT": 0.1277,
  "ZBTUSDT": 0.07174,
  "ALTUSDT": 0.00825,
  "TRUMP/USDCUSDT": 3.383,
  "PNUTUSDT": 0.04798,
  "QNTUSDT": 68.08,
  "MSTRUSDT": 125.15,
  "WUSDT": 0.01979,
  "HIVEUSDT": 0.06866,
  "ATUSDT": 0.16081,
  "XPDUSDT": 1720.1,
  "RESOLVUSDT": 0.06023,
  "VELVETUSDT": 0.07056,
  "MANAUSDT": 0.0985,
  "NEAR/USDCUSDT": 1.017,
  "LTC/USDCUSDT": 53.27,
  "IOUSDT": 0.1103,
  "NIGHTUSDT": 0.0573,
  "IRUSDT": 0.08777,
  "RAVEUSDT": 0.38252,
  "ACHUSDT": 0.007481,
  "TRADOORUSDT": 1.414,
  "ARKMUSDT": 0.1125,
  "DOLOUSDT": 0.03628,
  "UMAUSDT": 0.4907,
  "POLYXUSDT": 0.04342,
  "TNSRUSDT": 0.05122,
  "LPTUSDT": 2.345,
  "LABUSDT": 0.15361,
  "GMTUSDT": 0.01209,
  "RUNEUSDT": 0.3973,
  "FFUSDT": 0.07966,
  "XTZUSDT": 0.386,
  "NOMUSDT": 0.005298,
  "LRCUSDT": 0.03296,
  "INUSDT": 0.0602,
  "MINAUSDT": 0.06471,
  "DRIFTUSDT": 0.0896,
  "METUSDT": 0.2084,
  "DEEPUSDT": 0.02833,
  "MIRAUSDT": 0.0912,
  "GWEIUSDT": 0.028101,
  "COWUSDT": 0.1965,
  "IMXUSDT": 0.1618,
  "TAIKOUSDT": 0.1307,
  "BOMEUSDT": 0.0004137,
  "BANANAS31USDT": 0.004519,
  "QUSDT": 0.02062,
  "BANKUSDT": 0.04176,
  "XVGUSDT": 0.00594,
  "PIEVERSEUSDT": 0.4031,
  "INXUSDT": 0.012383,
  "MELANIAUSDT": 0.1192,
  "AEROUSDT": 0.3051,
  "ACUUSDT": 0.10347,
  "ICNTUSDT": 0.3702,
  "SUSHIUSDT": 0.2049,
  "STORJUSDT": 0.099,
  "TOWNSUSDT": 0.003663,
  "MEMEUSDT": 0.0006787,
  "FUSDT": 0.006087,
  "FLOWUSDT": 0.03743,
  "2ZUSDT": 0.07402,
  "NILUSDT": 0.05381,
  "COAIUSDT": 0.3243,
  "GRTUSDT": 0.0268,
  "THETAUSDT": 0.1975,
  "AAVE/USDCUSDT": 122.85,
  "BCH/USDUSDT": 553.59,
  "AIXBTUSDT": 0.02027,
  "API3USDT": 0.306,
  "CKBUSDT": 0.001609,
  "AAVE/USDUSDT": 122.85,
  "TWTUSDT": 0.546,
  "CFXUSDT": 0.05217,
  "MASKUSDT": 0.4512,
  "WIF/USDCUSDT": 0.2218,
  "SAGAUSDT": 0.03234,
  "EGLDUSDT": 4.51,
  "CRV/USDCUSDT": 0.245,
  "LAYERUSDT": 0.0859,
  "HEMIUSDT": 0.01001,
  "ELSAUSDT": 0.07612,
  "SSVUSDT": 3.142,
  "KAITOUSDT": 0.3045,
  "ATOM/USDUSDT": 2.366,
  "RLSUSDT": 0.00541,
  "TREEUSDT": 0.07149,
  "POPCATUSDT": 0.05052,
  "AXLUSDT": 0.05739,
  "YFIUSDT": 2816.0,
  "AVAX/USDUSDT": 8.88,
  "CLANKERUSDT": 31.25,
  "LSKUSDT": 0.1434,
  "FIL/USDUSDT": 0.925,
  "PEOPLEUSDT": 0.0067,
  "REZUSDT": 0.003087,
  "ALICEUSDT": 0.107,
  "OGNUSDT": 0.0225,
  "XVSUSDT": 3.128,
  "PENGU/USDCUSDT": 0.006838,
  "NXPCUSDT": 0.2672,
  "NEOUSDT": 2.714,
  "1000SATSUSDT": 1.12e-05,
  "LTC/USDUSDT": 53.28,
  "PLUMEUSDT": 0.01041,
  "ZRXUSDT": 0.1066,
  "WIF/USDUSDT": 0.2218,
  "PARTIUSDT": 0.10394,
  "1INCHUSDT": 0.092,
  "IOTAUSDT": 0.0669,
  "QTUMUSDT": 0.951,
  "OPENUSDT": 0.1592,
  "GLMUSDT": 0.17659,
  "BATUSDT": 0.1229,
  "JSTUSDT": 0.042335,