{
  "BTCUSDT": 66757.5,
  "ETHUSDT": 1942.21,
  "SOLUSDT": 82.25,
  "XRPUSDT": 1.4063,
  "BNBUSDT": 606.69,
  "BCHUSDT": 561.49,
  "DOGEUSDT": 0.09791,
  "HYPEUSDT": 29.055,
  "XAGUSDT": 78.44,
  "WLFIUSDT": 0.1162,
  "PAXGUSDT": 5004.45,
  "ZECUSDT": 263.11,
  "XAUUSDT": 5001.5,
  "TRXUSDT": 0.28455,
  "SUIUSDT": 0.9192,
  "ASTERUSDT": 0.718,
  "1000PEPEUSDT": 0.0042181,
  "LINKUSDT": 8.508,
  "LTCUSDT": 52.58,
  "AVAXUSDT": 8.883,
  "ADAUSDT": 0.272,
  "UNIUSDT": 3.355,
  "PUMPUSDT": 0.002065,
  "ENAUSDT": 0.1108,
  "KITEUSDT": 0.24263,
  "NEARUSDT": 0.999,
  "AAVEUSDT": 123.3,
  "PIPPINUSDT": 0.48823,
  "LITUSDT": 1.48,
  "WLDUSDT": 0.3708,
  "TRUMPUSDT": 3.405,
  "FILUSDT": 0.91,
  "XPLUSDT": 0.094,
  "ARCUSDT": 0.07705,
  "TAOUSDT": 177.77,
  "DOTUSDT": 1.279,
  "ATOMUSDT": 2.281,
  "APTUSDT": 0.8581,
  "TONUSDT": 1.3664,
  "ZROUSDT": 1.4736,
  "HBARUSDT": 0.09774,
  "1000SHIBUSDT": 0.006181,
  "XLMUSDT": 0.15931,
  "BERAUSDT": 0.5751,
  "ARBUSDT": 0.0973,
  "AXSUSDT": 1.233,
  "HUSDT": 0.16837,
  "RIVERUSDT": 8.292,
  "ICPUSDT": 2.141,
  "OPUSDT": 0.137,
  "XMRUSDT": 335.35,
  "MONUSDT": 0.02051,
  "WIFUSDT": 0.2164,
  "FETUSDT": 0.1611,
  "FFUSDT": 0.07948,
  "CRVUSDT": 0.239,
  "ENSOUSDT": 1.6333,
  "BARDUSDT": 0.7594,
  "PENGUUSDT": 0.006565,
  "IPUSDT": 1.097,
  "ETCUSDT": 8.241,
  "FARTCOINUSDT": 0.1813,
  "1000BONKUSDT": 0.006112,
  "INJUSDT": 3.252,
  "CHZUSDT": 0.0382,
  "BANUSDT": 0.12176,
  "PARTIUSDT": 0.10021,
  "DASHUSDT": 34.59,
  "POWERUSDT": 0.37467,
  "POLUSDT": 0.10391,
  "BTCDOMUSDT": 5101.9,
  "\u5e01\u5b89\u4eba\u751fUSDT": 0.08482,
  "SENTUSDT": 0.02065,
  "TIAUSDT": 0.3167,
  "ONDOUSDT": 0.2595,
  "VIRTUALUSDT": 0.6252,
  "ETHFIUSDT": 0.4558,
  "SEIUSDT": 0.0696,
  "ZKUSDT": 0.01981,
  "ZAMAUSDT": 0.01998,
  "RAVEUSDT": 0.49224,
  "JUPUSDT": 0.1504,
  "0GUSDT": 0.6045,
  "STABLEUSDT": 0.02947,
  "LYNUSDT": 0.28424,
  "ORCAUSDT": 1.198,
  "ALCHUSDT": 0.08252,
  "SIRENUSDT": 0.21528,
  "CCUSDT": 0.15793,
  "KAITOUSDT": 0.2949,
  "VVVUSDT": 3.606,
  "PENDLEUSDT": 1.179,
  "LDOUSDT": 0.3208,
  "NIGHTUSDT": 0.06177,
  "1000RATSUSDT": 0.04662,
  "ESPUSDT": 0.0721,
  "RENDERUSDT": 1.391,
  "OMUSDT": 0.06414,
  "QUSDT": 0.021097,
  "DUSKUSDT": 0.08645,
  "BTRUSDT": 0.17713,
  "ATUSDT": 0.16089,
  "HANAUSDT": 0.03682,
  "HOMEUSDT": 0.026831,
  "JTOUSDT": 0.2818,
  "ZENUSDT": 5.798,
  "SANDUSDT": 0.0816,
  "STRKUSDT": 0.04442,
  "BANANAS31USDT": 0.004436,
  "SKYAIUSDT": 0.03797,
  "TRADOORUSDT": 1.445,
  "UBUSDT": 0.03747,
  "MYXUSDT": 0.889,
  "GUNUSDT": 0.02851,
  "GPSUSDT": 0.012851,
  "CYSUSDT": 0.4173,
  "CAKEUSDT": 1.2488,
  "ALGOUSDT": 0.0885,
  "MUSDT": 1.3503,
  "PIEVERSEUSDT": 0.4109,
  "SKYUSDT": 0.0642,
  "APEUSDT": 0.1084,
  "USDCUSDT": 0.999752,
  "\u6211\u8e0f\u9a6c\u6765\u4e86USDT": 0.015753,
  "GALAUSDT": 0.00375,
  "GIGGLEUSDT": 29.24,
  "JELLYJELLYUSDT": 0.07208,
  "ALLOUSDT": 0.10998,
  "ZILUSDT": 0.00397,
  "ROSEUSDT": 0.01236,
  "XPINUSDT": 0.001866,
  "B2USDT": 0.7074,
  "PYTHUSDT": 0.05219,
  "METUSDT": 0.2139,
  "INITUSDT": 0.09965,
  "AVNTUSDT": 0.1871,
  "MORPHOUSDT": 1.3892,
  "HUMAUSDT": 0.012557,
  "SNXUSDT": 0.345,
  "NAORISUSDT": 0.0428,
  "BUSDT": 0.135,
  "MSTRUSDT": 128.58,
  "BEAMXUSDT": 0.002229,
  "SYRUPUSDT": 0.22806,
  "MOVEUSDT": 0.02326,
  "1000LUNCUSDT": 0.03696,
  "CYBERUSDT": 0.5698,
  "SPACEUSDT": 0.009353,
  "COMPUSDT": 17.87,
  "BULLAUSDT": 0.02696,
  "ZKPUSDT": 0.09282,
  "GUAUSDT": 0.15289,
  "MEUSDT": 0.1266,
  "EIGENUSDT": 0.1919,
  "TSLAUSDT": 411.62,
  "XTZUSDT": 0.38,
  "COLLECTUSDT": 0.06293,
  "AEROUSDT": 0.3104,
  "AUCTIONUSDT": 4.961,
  "LAUSDT": 0.2022,
  "DYDXUSDT": 0.097,
  "VETUSDT": 0.007669,
  "ENSUSDT": 6.439,
  "FORMUSDT": 0.2107,
  "BIOUSDT": 0.02218,
  "NEOUSDT": 2.671,
  "ESPORTSUSDT": 0.3504,
  "NXPCUSDT": 0.2547,
  "ORDIUSDT": 2.555,
  "AWEUSDT": 0.06405,
  "PNUTUSDT": 0.04727,
  "SUSDT": 0.04265,
  "FOGOUSDT": 0.02367,
  "BEATUSDT": 0.2503,
  "LINEAUSDT": 0.003261,
  "OGUSDT": 3.382,
  "SOMIUSDT": 0.2063,
  "1000FLOKIUSDT": 0.02978,
  "CLOUSDT": 0.08932,
  "FHEUSDT": 0.04008,
  "PLUMEUSDT": 0.01004,
  "BIRBUSDT": 0.17541,
  "STXUSDT": 0.2482,
  "LPTUSDT": 2.304,
  "LRCUSDT": 0.03216,
  "STGUSDT": 0.1271,
  "MERLUSDT": 0.05369,
  "SPXUSDT": 0.3215,
  "VANAUSDT": 1.397,
  "EDUUSDT": 0.1236,
  "BANKUSDT": 0.04158,
  "RESOLVUSDT": 0.05741,
  "AZTECUSDT": 0.01924,
  "TRBUSDT": 14.909,
  "LIGHTUSDT": 0.2562,
  "ATHUSDT": 0.005472,
  "RPLUSDT": 2.203,
  "WUSDT": 0.01932,
  "TRIAUSDT": 0.01602,
  "GWEIUSDT": 0.027481,
  "MANAUSDT": 0.0955,
  "NMRUSDT": 8.196,
  "UAIUSDT": 0.2401,
  "2ZUSDT": 0.06967,
  "WCTUSDT": 0.05924,
  "LUNA2USDT": 0.06552,
  "ZORAUSDT": 0.02089,
  "MOODENGUSDT": 0.05504,
  "JASMYUSDT": 0.005587,
  "API3USDT": 0.2984,
  "CFXUSDT": 0.05061,
  "EULUSDT": 0.892,
  "TAGUSDT": 0.0003903,
  "ARUSDT": 1.932,
  "AIAUSDT": 0.10481,
  "MMTUSDT": 0.1255,
  "COAIUSDT": 0.3225,
  "SFPUSDT": 0.2761,
  "FLOWUSDT": 0.0351,
  "SPKUSDT": 0.02099,
  "TAUSDT": 0.03596,
  "GRTUSDT": 0.02622,
  "4USDT": 0.00894,
  "USELESSUSDT": 0.04078,
  "IMXUSDT": 0.1566,
  "1INCHUSDT": 0.0916,
  "IOTAUSDT": 0.068,
  "ZRXUSDT": 0.1061,
  "TAKEUSDT": 0.02616,
  "JSTUSDT": 0.041969,
  "FOLKSUSDT": 1.414,
  "QNTUSDT": 66.63,
  "XNYUSDT": 0.00506,
  "KAIAUSDT": 0.05556,
  "YFIUSDT": 2781.0,
  "THETAUSDT": 0.1915,
  "ARKMUSDT": 0.1085,
  "PTBUSDT": 0.001327,
  "SKRUSDT": 0.019279,
  "NEIROUSDT": 7.21e-05,
  "ANIMEUSDT": 0.004996,
  "MEGAUSDT": 0.1304,
  "AXLUSDT": 0.05438,
  "KGENUSDT": 0.18225,
  "EGLDUSDT": 4.476,
  "COWUSDT": 0.195,
  "BREVUSDT": 0.1253,
  "AGTUSDT": 0.004288,
  "RUNEUSDT": 0.3949,
  "ZKCUSDT": 0.089,
  "SAHARAUSDT": 0.01522,
  "BOMEUSDT": 0.0004104,
  "GASUSDT": 1.591,
  "BLUAIUSDT": 0.005147,
  "TSTUSDT": 0.0104,
  "MAGICUSDT": 0.06941,
  "PEOPLEUSDT": 0.00668,
  "NOMUSDT": 0.005214,
  "FUSDT": 0.005875,
  "NILUSDT": 0.05336,
  "MANTAUSDT": 0.0709,
  "TUTUSDT": 0.01103,
  "TWTUSDT": 0.5179,
  "AVAAIUSDT": 0.0076,
  "MUBARAKUSDT": 0.01638,
  "PROVEUSDT": 0.3006,
  "SANTOSUSDT": 1.959,
  "KASUSDT": 0.03016,
  "ACTUSDT": 0.01473,
  "BSVUSDT": 16.12,
  "IOUSDT": 0.1086,
  "VELVETUSDT": 0.07867,
  "TURBOUSDT": 0.001025,
  "AUSDT": 0.08,
  "TNSRUSDT": 0.04923,
  "BATUSDT": 0.1194,
  "MINAUSDT": 0.06181,
  "GMTUSDT": 0.01183,
  "GRASSUSDT": 0.1823,
  "XPTUSDT": 2083.22,
  "FIGHTUSDT": 0.006326,
  "OPENUSDT": 0.1533,
  "YBUSDT": 0.1627,
  "SIGNUSDT": 0.02495,
  "IDOLUSDT": 0.02149,
  "CATIUSDT": 0.04026,
  "ZBTUSDT": 0.07165,
  "SOPHUSDT": 0.009117,
  "RAYSOLUSDT": 0.6323,
  "SUPERUSDT": 0.1212,
  "AIOUSDT": 0.07458,
  "SWARMSUSDT": 0.00695,
  "BABYUSDT": 0.01341,
  "CVXUSDT": 1.972,
  "POPCATUSDT": 0.04932,
  "XVGUSDT": 0.006011,
  "C98USDT": 0.0272,
  "IRUSDT": 0.08509,
  "SONICUSDT": 0.05112,
  "SUSHIUSDT": 0.1983,
  "ICNTUSDT": 0.3925,
  "SUNUSDT": 0.017324,
  "AKEUSDT": 0.0002605,
  "ONTUSDT": 0.0442,
  "PROMUSDT": 1.359,
  "ACHUSDT": 0.007411,
  "LAYERUSDT": 0.0834,
  "MASKUSDT": 0.4438,
  "VELODROMEUSDT": 0.01404,
  "BLURUSDT": 0.02015,
  "CELOUSDT": 0.076,
  "YGGUSDT": 0.03881,
  "MEMEUSDT": 0.0006694,
  "FRAXUSDT": 0.6725,
  "DOLOUSDT": 0.04038,
  "ASRUSDT": 1.419,
  "GLMUSDT": 0.16711,
  "ALTUSDT": 0.00791,
  "STOUSDT": 0.05451,
  "SOLVUSDT": 0.00442,
  "RAREUSDT": 0.01913,
  "SOONUSDT": 0.1635,
  "CTSIUSDT": 0.025,
  "IRYSUSDT": 0.02449,
  "LSKUSDT": 0.1503,
  "UMAUSDT": 0.4661,
  "DEXEUSDT": 2.274,
  "ZEREBROUSDT": 0.00793,
  "THEUSDT": 0.2635,
  "EDENUSDT": 0.03389,
  "DEGOUSDT": 0.3573,
  "AIXBTUSDT": 0.01984,
  "KMNOUSDT": 0.0278,
  "ERAUSDT": 0.1545,
  "TRUTHUSDT": 0.009769,
  "MELANIAUSDT": 0.1132,
  "ANKRUSDT": 0.004412,
  "GMXUSDT": 6.536,
  "KERNELUSDT": 0.06483,
  "STORJUSDT": 0.0949,
  "IDUSDT": 0.04858,
  "DRIFTUSDT": 0.0837,
  "BASUSDT": 0.005707,
  "STBLUSDT": 0.03834,
  "QTUMUSDT": 0.924,
  "ARPAUSDT": 0.00974,
  "KSMUSDT": 4.528,
  "POLYXUSDT": 0.04351,
  "RSRUSDT": 0.001457,
  "WALUSDT": 0.0783,
  "ONUSDT": 0.0951,
  "HYPERUSDT": 0.0975,
  "APRUSDT": 0.10244,
  "INUSDT": 0.06033,
  "ARIAUSDT": 0.07303,
  "PLAYUSDT": 0.01908,