{
  "BTCUSDT": 66215.4,
  "ETHUSDT": 1950.9,
  "SOLUSDT": 83.83,
  "XRPUSDT": 1.3526,
  "BNBUSDT": 619.5,
  "XAUUSDT": 5390.22,
  "XAGUSDT": 95.25,
  "DOGEUSDT": 0.09185,
  "PAXGUSDT": 5423.76,
  "HYPEUSDT": 30.331,
  "BCHUSDT": 438.98,
  "WLFIUSDT": 0.1053,
  "TRXUSDT": 0.28133,
  "ZECUSDT": 213.42,
  "UNIUSDT": 3.786,
  "ADAUSDT": 0.2718,
  "SUIUSDT": 0.891,
  "ASTERUSDT": 0.6978,
  "1000PEPEUSDT": 0.0034766,
  "LINKUSDT": 8.679,
  "AVAXUSDT": 8.947,
  "LTCUSDT": 53.48,
  "PUMPUSDT": 0.001909,
  "ENAUSDT": 0.1035,
  "NEARUSDT": 1.181,
  "PIPPINUSDT": 0.54804,
  "DOTUSDT": 1.504,
  "AAVEUSDT": 114.89,
  "WLDUSDT": 0.384,
  "FILUSDT": 0.972,
  "XPLUSDT": 0.0963,
  "LITUSDT": 1.383,
  "TRUMPUSDT": 3.426,
  "KITEUSDT": 0.23865,
  "TAOUSDT": 177.2,
  "1000SHIBUSDT": 0.005495,
  "ZROUSDT": 1.8609,
  "ARCUSDT": 0.0565,
  "TONUSDT": 1.2034,
  "RIVERUSDT": 14.798,
  "POWERUSDT": 1.76924,
  "APTUSDT": 0.9255,
  "ATOMUSDT": 1.801,
  "XMRUSDT": 349.8,
  "HUSDT": 0.12748,
  "HBARUSDT": 0.09723,
  "BERAUSDT": 0.5945,
  "ARBUSDT": 0.0999,
  "XLMUSDT": 0.15393,
  "WIFUSDT": 0.1925,
  "ICPUSDT": 2.362,
  "CRVUSDT": 0.241,
  "VVVUSDT": 6.407,
  "MONUSDT": 0.02078,
  "FETUSDT": 0.1486,
  "AXSUSDT": 1.26,
  "FFUSDT": 0.07787,
  "OPUSDT": 0.1219,
  "VIRTUALUSDT": 0.6999,
  "CCUSDT": 0.16073,
  "ETCUSDT": 8.522,
  "PENGUUSDT": 0.006769,
  "PARTIUSDT": 0.09236,
  "BARDUSDT": 0.9947,
  "POLUSDT": 0.10338,
  "BTCDOMUSDT": 5101.7,
  "SAHARAUSDT": 0.0267,
  "1000BONKUSDT": 0.005942,
  "CHZUSDT": 0.03337,
  "ETHFIUSDT": 0.4979,
  "ONDOUSDT": 0.2523,
  "BANUSDT": 0.10963,
  "FARTCOINUSDT": 0.1542,
  "TIAUSDT": 0.3221,
  "\u5e01\u5b89\u4eba\u751fUSDT": 0.06358,
  "ENSOUSDT": 1.2825,
  "DASHUSDT": 31.95,
  "IPUSDT": 0.843,
  "INJUSDT": 3.005,
  "SENTUSDT": 0.02122,
  "ESPUSDT": 0.12327,
  "SEIUSDT": 0.0684,
  "STABLEUSDT": 0.032411,
  "JUPUSDT": 0.1706,
  "0GUSDT": 0.6134,
  "LYNUSDT": 0.32886,
  "KAITOUSDT": 0.3268,
  "ALCHUSDT": 0.07931,
  "BUSDT": 0.1908,
  "SIRENUSDT": 0.30685,
  "ZKUSDT": 0.01848,
  "PENDLEUSDT": 1.2794,
  "QUSDT": 0.025687,
  "ATUSDT": 0.15847,
  "ZAMAUSDT": 0.01979,
  "LDOUSDT": 0.3015,
  "RENDERUSDT": 1.348,
  "SKYAIUSDT": 0.03768,
  "GUAUSDT": 0.22601,
  "OPNUSDT": 0.5715,
  "BANANAS31USDT": 0.004838,
  "MORPHOUSDT": 1.795,
  "BULLAUSDT": 0.02494,
  "GWEIUSDT": 0.042139,
  "HOMEUSDT": 0.028393,
  "MYXUSDT": 0.389,
  "PIEVERSEUSDT": 0.5242,
  "TSLAUSDT": 393.37,
  "SIGNUSDT": 0.02628,
  "NIGHTUSDT": 0.05695,
  "MUSDT": 1.5014,
  "ZENUSDT": 5.335,
  "CAKEUSDT": 1.3144,
  "SANDUSDT": 0.08262,
  "BIOUSDT": 0.02043,
  "ALGOUSDT": 0.0858,
  "GIGGLEUSDT": 25.8,
  "USDCUSDT": 0.99954,
  "STRKUSDT": 0.0398,
  "BTRUSDT": 0.17953,
  "GPSUSDT": 0.009141,
  "HANAUSDT": 0.03496,
  "GALAUSDT": 0.00348,
  "STGUSDT": 0.1651,
  "ALLOUSDT": 0.105,
  "APEUSDT": 0.1025,
  "SKYUSDT": 0.06774,
  "FORMUSDT": 0.2158,
  "1000RATSUSDT": 0.03266,
  "DUSKUSDT": 0.08103,
  "JELLYJELLYUSDT": 0.06939,
  "JTOUSDT": 0.2676,
  "ATHUSDT": 0.006189,
  "AZTECUSDT": 0.02127,
  "GUNUSDT": 0.0257,
  "MSTRUSDT": 129.55,
  "B2USDT": 0.7297,
  "AEROUSDT": 0.3345,
  "SYRUPUSDT": 0.23169,
  "1000LUNCUSDT": 0.0426,
  "TRADOORUSDT": 1.41,
  "UBUSDT": 0.03529,
  "XPINUSDT": 0.001415,
  "HUMAUSDT": 0.012248,
  "DENTUSDT": 0.000292,
  "EIGENUSDT": 0.1772,
  "ZILUSDT": 0.00414,
  "BEAMXUSDT": 0.001875,
  "ROSEUSDT": 0.01105,
  "KAVAUSDT": 0.0609,
  "METUSDT": 0.1794,
  "ROBOUSDT": 0.04301,
  "XTZUSDT": 0.372,
  "PYTHUSDT": 0.04861,
  "LAUSDT": 0.2189,
  "GRASSUSDT": 0.2937,
  "NEOUSDT": 2.585,
  "AVNTUSDT": 0.1719,
  "VETUSDT": 0.007133,
  "FOGOUSDT": 0.02514,
  "DYDXUSDT": 0.092,
  "MOVEUSDT": 0.0218,
  "ORDIUSDT": 2.424,
  "NXPCUSDT": 0.2739,
  "RAVEUSDT": 0.38104,
  "CRCLUSDT": 80.95,
  "\u6211\u8e0f\u9a6c\u6765\u4e86USDT": 0.010499,
  "BEATUSDT": 0.2537,
  "ZKPUSDT": 0.08767,
  "KNCUSDT": 0.1525,
  "COMPUSDT": 17.73,
  "ESPORTSUSDT": 0.30519,
  "1000FLOKIUSDT": 0.02737,
  "SUSDT": 0.03948,
  "LINEAUSDT": 0.003031,
  "COLLECTUSDT": 0.03971,
  "ARUSDT": 1.564,
  "AGLDUSDT": 0.2211,
  "PNUTUSDT": 0.04382,
  "CYBERUSDT": 0.5526,
  "ORCAUSDT": 0.866,
  "ENSUSDT": 5.939,
  "TRBUSDT": 13.992,
  "SKRUSDT": 0.022284,
  "AUCTIONUSDT": 4.752,
  "SNXUSDT": 0.31,
  "SPXUSDT": 0.3175,
  "WUSDT": 0.01846,
  "AGTUSDT": 0.005993,
  "STXUSDT": 0.2513,
  "TRIAUSDT": 0.01928,
  "LPTUSDT": 2.287,
  "TAUSDT": 0.04036,
  "MEUSDT": 0.114,
  "HIPPOUSDT": 0.0007668,
  "EULUSDT": 1.018,
  "JASMYUSDT": 0.005243,
  "MANAUSDT": 0.0965,
  "IMXUSDT": 0.1653,
  "BIRBUSDT": 0.15142,
  "PLUMEUSDT": 0.00899,
  "WETUSDT": 0.10536,
  "4USDT": 0.00849,
  "RESOLVUSDT": 0.0581,
  "BANKUSDT": 0.03596,
  "JSTUSDT": 0.047888,
  "ALICEUSDT": 0.148,
  "USELESSUSDT": 0.03987,
  "IOTAUSDT": 0.0661,
  "FIOUSDT": 0.0105,
  "YGGUSDT": 0.03927,
  "INITUSDT": 0.07776,
  "WCTUSDT": 0.05894,
  "LAYERUSDT": 0.0905,
  "DEXEUSDT": 3.329,
  "GRTUSDT": 0.02565,
  "SOMIUSDT": 0.1892,
  "COAIUSDT": 0.313,
  "MIRAUSDT": 0.0945,
  "AWEUSDT": 0.05076,
  "CFXUSDT": 0.04757,
  "SUNUSDT": 0.015781,
  "2ZUSDT": 0.07266,
  "CLOUSDT": 0.07042,
  "MERLUSDT": 0.03908,
  "AXLUSDT": 0.05322,
  "API3USDT": 0.2794,
  "EDUUSDT": 0.1014,
  "QNTUSDT": 61.57,
  "CYSUSDT": 0.2996,
  "FLOWUSDT": 0.03515,
  "PTBUSDT": 0.001193,
  "NMRUSDT": 7.439,
  "SFPUSDT": 0.2637,
  "SPKUSDT": 0.0193,
  "MMTUSDT": 0.117,
  "NAORISUSDT": 0.03168,
  "AIXBTUSDT": 0.02283,
  "MOODENGUSDT": 0.04835,
  "TAGUSDT": 0.0003411,
  "LIGHTUSDT": 0.188,
  "FOLKSUSDT": 1.221,
  "NEIROUSDT": 6.629e-05,
  "ZRXUSDT": 0.1057,
  "STEEMUSDT": 0.06005,
  "VANAUSDT": 1.439,
  "ARKMUSDT": 0.1054,
  "BREVUSDT": 0.1368,
  "THETAUSDT": 0.1863,
  "RUNEUSDT": 0.3928,
  "1INCHUSDT": 0.0923,
  "IOUSDT": 0.1075,
  "SOPHUSDT": 0.009175,
  "ZORAUSDT": 0.01734,
  "KASUSDT": 0.02979,
  "EGLDUSDT": 4.354,
  "YFIUSDT": 2707.0,
  "KAIAUSDT": 0.05433,
  "ANIMEUSDT": 0.00483,
  "SPACEUSDT": 0.007252,
  "KGENUSDT": 0.18524,
  "MEGAUSDT": 0.13299,
  "LRCUSDT": 0.03088,
  "UAIUSDT": 0.2062,
  "XPTUSDT": 2365.52,
  "AKEUSDT": 0.0002406,
  "PEOPLEUSDT": 0.0062,
  "STOUSDT": 0.06359,
  "PROVEUSDT": 0.2958,
  "AIAUSDT": 0.08419,
  "BLUAIUSDT": 0.004899,
  "BATUSDT": 0.1027,
  "COWUSDT": 0.2123,
  "UMAUSDT": 0.4318,
  "AUSDT": 0.0786,
  "VELVETUSDT": 0.08237,
  "SUSHIUSDT": 0.2007,
  "POPCATUSDT": 0.04675,
  "OGUSDT": 2.819,
  "FHEUSDT": 0.02821,
  "AVAAIUSDT": 0.007312,
  "BSVUSDT": 15.08,
  "OPENUSDT": 0.1424,
  "TSTUSDT": 0.0091,
  "GMTUSDT": 0.0113,
  "YBUSDT": 0.1739,
  "TURBOUSDT": 0.0009535,
  "LUNA2USDT": 0.06262,
  "TWTUSDT": 0.4851,
  "ACTUSDT": 0.01335,
  "CATIUSDT": 0.03938,
  "TAKEUSDT": 0.02175,
  "MANTAUSDT": 0.06192,
  "GASUSDT": 1.617,
  "NOMUSDT": 0.003636,
  "KERNELUSDT": 0.07497,
  "SWARMSUSDT": 0.006767,
  "NEWTUSDT": 0.07435,
  "XNYUSDT": 0.006019,
  "VELODROMEUSDT": 0.01534,
  "BOMEUSDT": 0.0003805,
  "SOONUSDT": 0.1653,
  "NILUSDT": 0.05,
  "BABYUSDT": 0.01134,
  "SUPERUSDT": 0.1126,
  "KSMUSDT": 4.702,
  "MINAUSDT": 0.05618,
  "TUTUSDT": 0.00973,
  "TNSRUSDT": 0.04516,
  "IOTXUSDT": 0.00482,
  "ALTUSDT": 0.007237,
  "FUSDT": 0.00557,
  "MEMEUSDT": 0.0005754,
  "ZBTUSDT": 0.07552,
  "XVGUSDT": 0.005392,
  "AINUSDT": 0.04206,
  "AIOUSDT": 0.07091,
  "PHAUSDT": 0.02702,
  "HOLOUSDT": 0.06087,
  "MAGICUSDT": 0.06015,
  "FIGHTUSDT": 0.005827,
  "MASKUSDT": 0.4235,
  "DAMUSDT": 0.02349,
  "BLURUSDT": 0.01972,
  "RPLUSDT": 1.841,
  "SAPIENUSDT": 0.08109,
  "ASRUSDT": 1.296,
  "ACHUSDT": 0.006607,
  "INUSDT": 0.06787,
  "MUBARAKUSDT": 0.01326,
  "ONTUSDT": 0.0433,
  "BASUSDT": 0.006867,
  "CELOUSDT": 0.075,
  "TRUTHUSDT": 0.00965,
  "REDUSDT": 0.1512,
  "KMNOUSDT": 0.02177,
  "KOMAUSDT": 0.007847,
  "GLMUSDT": 0.13212,
  "QTUMUSDT": 0.902,
  "ERAUSDT": 0.145,
  "POLYXUSDT": 0.04241,
  "C98USDT": 0.0257,
  "SKLUSDT": 0.00642,
  "MELANIAUSDT": 0.1079,
  "DRIFTUSDT": 0.0854,
  "ANKRUSDT": 0.004197,
  "EDENUSDT": 0.03163,
  "ZKCUSDT": 0.0843,
  "RAYSOLUSDT": 0.5874,
  "WALUSDT": 0.07694,
  "CTSIUSDT": 0.0236,
  "STBLUSDT": 0.03655,
  "RSRUSDT": 0.00145,
  "SONICUSDT": 0.04333,
  "IDOLUSDT": 0.01883,
  "SANTOSUSDT": 1.277,