{
  "BTCUSDT": 66600.8,
  "ETHUSDT": 1969.44,
  "SOLUSDT": 83.29,
  "ETH/USDCUSDT": 1953.78,
  "BTC/USDCUSDT": 65946.7,
  "XRPUSDT": 1.3569,
  "BTC/USDUSDT": 66502.0,
  "ETH/USDUSDT": 1968.78,
  "XAUUSDT": 5322.66,
  "POWERUSDT": 1.77755,
  "DOGEUSDT": 0.09186,
  "HYPEUSDT": 31.622,
  "BNBUSDT": 620.39,
  "XAGUSDT": 94.93,
  "1000PEPEUSDT": 0.0034436,
  "SOL/USDCUSDT": 83.29,
  "ZECUSDT": 215.89,
  "PAXGUSDT": 5399.74,
  "SAHARAUSDT": 0.02303,
  "SUIUSDT": 0.8803,
  "FIOUSDT": 0.01131,
  "ADAUSDT": 0.2737,
  "ARCUSDT": 0.04067,
  "RIVERUSDT": 14.823,
  "PIPPINUSDT": 0.56287,
  "XRP/USDCUSDT": 1.3569,
  "BCHUSDT": 436.17,
  "DOTUSDT": 1.522,
  "AVAXUSDT": 8.951,
  "NEARUSDT": 1.13,
  "VVVUSDT": 5.95,
  "LINKUSDT": 8.701,
  "DENTUSDT": 0.000314,
  "GRASSUSDT": 0.2488,
  "FILUSDT": 0.959,
  "ESPUSDT": 0.13422,
  "SOL/USDUSDT": 82.47,
  "BULLAUSDT": 0.02368,
  "PUMPUSDT": 0.001916,
  "ASTERUSDT": 0.706,
  "ZROUSDT": 1.739,
  "TAOUSDT": 175.76,
  "LTCUSDT": 53.26,
  "UNIUSDT": 3.736,
  "BARDUSDT": 0.9909,
  "AAVEUSDT": 112.72,
  "XRP/USDUSDT": 1.3601,
  "ETH/BTCUSDT": 1953.731009,
  "SIRENUSDT": 0.27916,
  "TRUMPUSDT": 3.4,
  "ENAUSDT": 0.1028,
  "WIFUSDT": 0.1893,
  "GWEIUSDT": 0.0421,
  "ARBUSDT": 0.0976,
  "WLDUSDT": 0.3838,
  "WLFIUSDT": 0.1072,
  "1000SHIBUSDT": 0.005509,
  "VIRTUALUSDT": 0.6881,
  "KITEUSDT": 0.25039,
  "BNB/USDCUSDT": 620.59,
  "ENSOUSDT": 1.3136,
  "OPUSDT": 0.1209,
  "PENGUUSDT": 0.006664,
  "FARTCOINUSDT": 0.1525,
  "APTUSDT": 0.9202,
  "ROBOUSDT": 0.03916,
  "XLMUSDT": 0.15433,
  "XPLUSDT": 0.0973,
  "DOGE/USDUSDT": 0.09187,
  "DOGE/USDCUSDT": 0.09184,
  "BNB/USDUSDT": 619.87,
  "HIPPOUSDT": 0.0007366,
  "HBARUSDT": 0.09728,
  "STEEMUSDT": 0.06208,
  "ETCUSDT": 8.447,
  "SIGNUSDT": 0.02606,
  "SKYAIUSDT": 0.04064,
  "1000BONKUSDT": 0.00578,
  "ALICEUSDT": 0.158,
  "DASHUSDT": 31.67,
  "ICPUSDT": 2.379,
  "COSUSDT": 0.001081,
  "1000LUNCUSDT": 0.04309,
  "CRVUSDT": 0.241,
  "TRXUSDT": 0.2807,
  "GALAUSDT": 0.00347,
  "ATHUSDT": 0.006193,
  "JUPUSDT": 0.163,
  "LAYERUSDT": 0.0927,
  "TONUSDT": 1.2088,
  "XMRUSDT": 339.02,
  "SUI/USDCUSDT": 0.8801,
  "SPXUSDT": 0.3195,
  "MYXUSDT": 0.376,
  "AXSUSDT": 1.262,
  "ONDOUSDT": 0.2522,
  "MIRAUSDT": 0.0931,
  "INJUSDT": 2.999,
  "\u5e01\u5b89\u4eba\u751fUSDT": 0.06392,
  "XTZUSDT": 0.369,
  "STGUSDT": 0.1547,
  "GIGGLEUSDT": 25.75,
  "TIAUSDT": 0.3131,
  "ATOMUSDT": 1.781,
  "TAKEUSDT": 0.02184,
  "STABLEUSDT": 0.032681,
  "SEIUSDT": 0.06752,
  "RAVEUSDT": 0.37296,
  "FORMUSDT": 0.2108,
  "SKRUSDT": 0.022165,
  "RENDERUSDT": 1.336,
  "FETUSDT": 0.1505,
  "ADA/USDUSDT": 0.2737,
  "LITUSDT": 1.365,
  "HUSDT": 0.12524,
  "LYNUSDT": 0.26871,
  "ZEC/USDCUSDT": 215.81,
  "ZKPUSDT": 0.09079,
  "OPNUSDT": 0.4641,
  "VICUSDT": 0.04593,
  "AZTECUSDT": 0.02168,
  "BERAUSDT": 0.5969,
  "CHZUSDT": 0.03303,
  "ZAMAUSDT": 0.02072,
  "POLUSDT": 0.10402,
  "NEIROUSDT": 6.595e-05,
  "1000PEPE/USDCUSDT": 0.0034423,
  "PENDLEUSDT": 1.2567,
  "HOLOUSDT": 0.06049,
  "BIRBUSDT": 0.15603,
  "FIL/USDCUSDT": 0.96,
  "LDOUSDT": 0.2981,
  "SANDUSDT": 0.08187,
  "BCH/USDCUSDT": 436.08,
  "BEATUSDT": 0.2461,
  "SPACEUSDT": 0.00735,
  "SUI/USDUSDT": 0.8803,
  "ALGOUSDT": 0.0852,
  "MONUSDT": 0.02098,
  "0GUSDT": 0.6217,
  "ZENUSDT": 5.261,
  "WETUSDT": 0.09858,
  "ADA/USDCUSDT": 0.2738,
  "MORPHOUSDT": 1.7115,
  "BIOUSDT": 0.02022,
  "AVAX/USDCUSDT": 8.951,
  "DUSKUSDT": 0.07992,
  "AGLDUSDT": 0.2175,
  "EIGENUSDT": 0.1765,
  "IPUSDT": 0.869,
  "1000FLOKIUSDT": 0.02712,
  "COLLECTUSDT": 0.04485,
  "LINK/USDUSDT": 8.7,
  "LINK/USDCUSDT": 8.7,
  "SENTUSDT": 0.02094,
  "ARUSDT": 1.529,
  "UAIUSDT": 0.1901,
  "CAKEUSDT": 1.3037,
  "CRCLUSDT": 83.46,
  "EULUSDT": 1.079,
  "ROSEUSDT": 0.01108,
  "USELESSUSDT": 0.03999,
  "ORDIUSDT": 2.368,
  "JELLYJELLYUSDT": 0.06997,
  "ETHFIUSDT": 0.4931,
  "SYRUPUSDT": 0.23109,
  "JTOUSDT": 0.2607,
  "VETUSDT": 0.007078,
  "APEUSDT": 0.0998,
  "NEWTUSDT": 0.0719,
  "TSLAUSDT": 401.09,
  "MSTRUSDT": 129.66,
  "MOODENGUSDT": 0.04802,
  "STRKUSDT": 0.03981,
  "SUNUSDT": 0.015076,
  "ZILUSDT": 0.0041,
  "\u6211\u8e0f\u9a6c\u6765\u4e86USDT": 0.010634,
  "DYDXUSDT": 0.09,
  "TRBUSDT": 13.777,
  "SNXUSDT": 0.31,
  "GPSUSDT": 0.008868,
  "PYTHUSDT": 0.04781,
  "ZKUSDT": 0.01842,
  "TRIAUSDT": 0.01851,
  "FOGOUSDT": 0.02539,
  "SUSHIUSDT": 0.1961,
  "CYBERUSDT": 0.5311,
  "TURBOUSDT": 0.0009454,
  "CCUSDT": 0.16227,
  "PNUTUSDT": 0.04334,
  "SUSDT": 0.03897,
  "AEROUSDT": 0.3432,
  "HUMAUSDT": 0.012419,
  "LINEAUSDT": 0.003018,
  "ATUSDT": 0.14665,
  "SPORTFUNUSDT": 0.05003,
  "LUNA2USDT": 0.06306,
  "NEAR/USDCUSDT": 1.13,
  "ENSUSDT": 5.926,
  "BASUSDT": 0.006948,
  "GLMUSDT": 0.13256,
  "KSMUSDT": 4.738,
  "ARB/USDCUSDT": 0.0975,
  "LTC/USDCUSDT": 53.25,
  "FOLKSUSDT": 1.238,
  "AIXBTUSDT": 0.02039,
  "CLOUSDT": 0.06872,
  "MANAUSDT": 0.0945,
  "ENA/USDCUSDT": 0.1028,
  "FIL/USDUSDT": 0.959,
  "1000RATSUSDT": 0.03206,
  "PIEVERSEUSDT": 0.5213,
  "ALLOUSDT": 0.11079,
  "SOPHUSDT": 0.009146,
  "GMTUSDT": 0.01142,
  "JASMYUSDT": 0.005379,
  "BOMEUSDT": 0.0003767,
  "INITUSDT": 0.07394,
  "THETAUSDT": 0.1857,
  "ARKMUSDT": 0.1044,
  "ORCAUSDT": 0.861,
  "SOMIUSDT": 0.1954,
  "LTC/USDUSDT": 53.27,
  "BCH/USDUSDT": 436.37,
  "LAUSDT": 0.2104,
  "UBUSDT": 0.03308,
  "AVNTUSDT": 0.1705,
  "CELOUSDT": 0.078,
  "GRTUSDT": 0.02537,
  "IOTAUSDT": 0.0655,
  "AAVE/USDCUSDT": 112.75,
  "DOT/USDUSDT": 1.521,
  "COMPUSDT": 17.52,
  "1INCHUSDT": 0.0912,
  "LIGHTUSDT": 0.1912,
  "MEUSDT": 0.1145,
  "AXLUSDT": 0.05236,
  "YBUSDT": 0.1761,
  "STXUSDT": 0.2527,
  "LPTUSDT": 2.278,
  "KAITOUSDT": 0.3302,
  "MAGMAUSDT": 0.11116,
  "KASUSDT": 0.02939,
  "FFUSDT": 0.07859,
  "AAVE/USDUSDT": 112.73,
  "BTCDOMUSDT": 5076.5,
  "C98USDT": 0.0259,
  "MOVEUSDT": 0.02131,
  "NEOUSDT": 2.593,
  "WUSDT": 0.01824,
  "MERLUSDT": 0.03867,
  "QUSDT": 0.026202,
  "RAREUSDT": 0.01581,
  "1000SATSUSDT": 1.09e-05,
  "MEMEUSDT": 0.0005765,
  "HOTUSDT": 0.00038,
  "BUSDT": 0.1903,
  "YGGUSDT": 0.03772,
  "CRV/USDCUSDT": 0.2409,
  "SKYUSDT": 0.06672,
  "PARTIUSDT": 0.08851,
  "CGPTUSDT": 0.0206,
  "REDUSDT": 0.1471,
  "WIF/USDCUSDT": 0.1893,
  "TRUTHUSDT": 0.009955,
  "BREVUSDT": 0.1289,
  "COINUSDT": 175.45,
  "IMXUSDT": 0.1585,
  "PLUMEUSDT": 0.00896,
  "RAYSOLUSDT": 0.5853,
  "BATUSDT": 0.102,
  "AWEUSDT": 0.05132,
  "UNI/USDUSDT": 3.735,
  "CFXUSDT": 0.04687,
  "INXUSDT": 0.011278,
  "RUNEUSDT": 0.3937,
  "MASKUSDT": 0.4172,
  "TNSRUSDT": 0.04445,
  "INUSDT": 0.0696,
  "NIGHTUSDT": 0.05699,
  "PEOPLEUSDT": 0.00619,
  "DEXEUSDT": 3.333,
  "FIGHTUSDT": 0.006127,
  "ZBTUSDT": 0.07477,
  "WCTUSDT": 0.05735,
  "XPTUSDT": 2386.4,
  "PLTRUSDT": 138.13,
  "QNTUSDT": 61.97,
  "TRUMP/USDCUSDT": 3.399,
  "MUSDT": 1.4848,
  "OGUSDT": 2.758,
  "UNI/USDCUSDT": 3.733,
  "ACEUSDT": 0.1481,
  "USDCUSDT": 0.9995,
  "KERNELUSDT": 0.0775,
  "EGLDUSDT": 4.337,
  "METUSDT": 0.1785,
  "NOTUSDT": 0.0003469,
  "BTRUSDT": 0.1762,
  "2ZUSDT": 0.07263,
  "IOTXUSDT": 0.00438,
  "ANIMEUSDT": 0.004774,
  "AVAX/USDUSDT": 8.95,
  "ZORAUSDT": 0.01775,
  "XPDUSDT": 1798.81,
  "XANUSDT": 0.006823,
  "HOODUSDT": 75.04,
  "4USDT": 0.0082,
  "NOMUSDT": 0.00344,
  "ACHUSDT": 0.006563,
  "KAVAUSDT": 0.0487,
  "XLM/USDUSDT": 0.15433,
  "SYSUSDT": 0.01074,
  "GUNUSDT": 0.02525,
  "ZKCUSDT": 0.0831,
  "PENGU/USDCUSDT": 0.006662,
  "PROVEUSDT": 0.2869,
  "HBAR/USDCUSDT": 0.09726,
  "MUBARAKUSDT": 0.01326,
  "WLFI/USDCUSDT": 0.1073,
  "JSTUSDT": 0.047325,
  "RSRUSDT": 0.001456,
  "1MBABYDOGEUSDT": 0.0003785,
  "FLOWUSDT": 0.03641,
  "NAORISUSDT": 0.03068,
  "TLMUSDT": 0.001625,
  "COAIUSDT": 0.3181,
  "USTCUSDT": 0.004919,
  "TIA/USDCUSDT": 0.3131,
  "SUPERUSDT": 0.112,
  "1000SHIB/USDCUSDT": 0.00551,
  "YFIUSDT": 2588.0,
  "OP/USDUSDT": 0.121,
  "FRAXUSDT": 0.5731,
  "XNYUSDT": 0.005504,
  "ZRXUSDT": 0.1027,
  "AUCTIONUSDT": 4.706,
  "PORTALUSDT": 0.01169,
  "POPCATUSDT": 0.04602,
  "KAIAUSDT": 0.05411,
  "FHEUSDT": 0.02801,
  "ACTUSDT": 0.01302,
  "GUAUSDT": 0.21759,
  "WOOUSDT": 0.01585,
  "WIF/USDUSDT": 0.1891,
  "HFTUSDT": 0.01382,
  "SANTOSUSDT": 1.248,