{
  "USELESSUSDT": 0.04243,
  "SPACEUSDT": 0.012415,
  "POPCATUSDT": 0.0625,
  "TURBOUSDT": 0.0012453,
  "ONUSDT": 0.11132,
  "PENGU/USDCUSDT": 0.008024,
  "BTRUSDT": 0.19893,
  "VETUSDT": 0.008838,
  "BOMEUSDT": 0.0004615,
  "1000SHIBUSDT": 0.007096,
  "BRETTUSDT": 0.00875,
  "1000BONK/USDCUSDT": 0.007266,
  "BEATUSDT": 0.3398,
  "PENGUUSDT": 0.008029,
  "ESPORTSUSDT": 0.36376,
  "NEIROUSDT": 8.41e-05,
  "CLANKERUSDT": 33.54,
  "1000BONKUSDT": 0.007274,
  "AEROUSDT": 0.333,
  "RIVERUSDT": 14.707
}