{
  "BTCUSDT": 69182.2,
  "ETHUSDT": 1998.74,
  "SOLUSDT": 85.64,
  "BTC/USDCUSDT": 68271.6,
  "ETH/USDCUSDT": 1978.43,
  "BTC/USDUSDT": 69145.5,
  "AZTECUSDT": 0.03261,
  "XRPUSDT": 1.4391,
  "DOGEUSDT": 0.09919,
  "ETH/USDUSDT": 1998.2,
  "ENSOUSDT": 1.9302,
  "1000PEPEUSDT": 0.004173,
  "BNBUSDT": 626.52,
  "OPNUSDT": 0.6773,
  "ESPUSDT": 0.08174,
  "XAUUSDT": 5118.02,
  "YGGUSDT": 0.04806,
  "INJUSDT": 3.855,
  "SOL/USDCUSDT": 85.63,
  "ZECUSDT": 262.3,
  "WLFIUSDT": 0.1214,
  "BIOUSDT": 0.02845,
  "MYXUSDT": 1.012,
  "HYPEUSDT": 29.698,
  "ETCUSDT": 9.104,
  "SIRENUSDT": 0.26124,
  "XAGUSDT": 84.64,
  "RIVERUSDT": 7.994,
  "POWERUSDT": 0.43078,
  "KITEUSDT": 0.21266,
  "ALLOUSDT": 0.12181,
  "ADAUSDT": 0.2807,
  "PIPPINUSDT": 0.48201,
  "BCHUSDT": 565.0,
  "RAVEUSDT": 0.67958,
  "SUIUSDT": 0.953,
  "AVAXUSDT": 9.182,
  "LINKUSDT": 8.893,
  "OPUSDT": 0.1287,
  "AAVEUSDT": 122.07,
  "SNXUSDT": 0.431,
  "FILUSDT": 0.971,
  "AXSUSDT": 1.352,
  "ASTERUSDT": 0.721,
  "VANAUSDT": 1.6,
  "ZAMAUSDT": 0.02564,
  "NEARUSDT": 1.057,
  "AGLDUSDT": 0.2694,
  "VVVUSDT": 4.501,
  "ZROUSDT": 1.738,
  "ARBUSDT": 0.099,
  "DOTUSDT": 1.358,
  "PAXGUSDT": 5146.25,
  "UNIUSDT": 3.628,
  "LTCUSDT": 55.03,
  "TAOUSDT": 182.83,
  "XRP/USDCUSDT": 1.4386,
  "SPACEUSDT": 0.010006,
  "0GUSDT": 0.6836,
  "ENAUSDT": 0.1087,
  "TRUTHUSDT": 0.010342,
  "EULUSDT": 1.04,
  "BNB/USDCUSDT": 626.48,
  "ORCAUSDT": 1.066,
  "SOL/USDUSDT": 85.02,
  "SENTUSDT": 0.02222,
  "TRUMPUSDT": 3.473,
  "WLDUSDT": 0.3897,
  "ICPUSDT": 2.206,
  "TRXUSDT": 0.28941,
  "DASHUSDT": 34.14,
  "PUMPUSDT": 0.002104,
  "1000SHIBUSDT": 0.006418,
  "HBARUSDT": 0.09986,
  "ZILUSDT": 0.00424,
  "XPLUSDT": 0.0969,
  "WIFUSDT": 0.2225,
  "PENGUUSDT": 0.006884,
  "APTUSDT": 0.8902,
  "DOGE/USDUSDT": 0.09917,
  "AWEUSDT": 0.05657,
  "FARTCOINUSDT": 0.1849,
  "BNB/USDUSDT": 626.61,
  "POLUSDT": 0.11109,
  "1000BONKUSDT": 0.006318,
  "MORPHOUSDT": 1.624,
  "XRP/USDUSDT": 1.4456,
  "XMRUSDT": 327.39,
  "DOGE/USDCUSDT": 0.09916,
  "STGUSDT": 0.1502,
  "BTRUSDT": 0.20422,
  "XLMUSDT": 0.16214,
  "BERAUSDT": 0.5779,
  "ETH/BTCUSDT": 1979.0119408,
  "TONUSDT": 1.3427,
  "\u5e01\u5b89\u4eba\u751fUSDT": 0.08413,
  "VIRTUALUSDT": 0.6474,
  "IOUSDT": 0.1217,
  "LYNUSDT": 0.29931,
  "CTSIUSDT": 0.0263,
  "CRVUSDT": 0.241,
  "ATOMUSDT": 2.324,
  "DUSKUSDT": 0.08371,
  "LITUSDT": 1.547,
  "INITUSDT": 0.0982,
  "GALAUSDT": 0.00392,
  "TIAUSDT": 0.334,
  "JTOUSDT": 0.305,
  "ARCUSDT": 0.07357,
  "OMUSDT": 0.0646,
  "RENDERUSDT": 1.467,
  "ACUUSDT": 0.11641,
  "CYBERUSDT": 0.5828,
  "CHZUSDT": 0.03587,
  "1000PEPE/USDCUSDT": 0.0041701,
  "RPLUSDT": 2.38,
  "BREVUSDT": 0.1345,
  "\u6211\u8e0f\u9a6c\u6765\u4e86USDT": 0.015156,
  "ROSEUSDT": 0.01343,
  "ONDOUSDT": 0.2678,
  "NOMUSDT": 0.005334,
  "JUPUSDT": 0.1578,
  "ENSUSDT": 6.794,
  "GRTUSDT": 0.02823,
  "FOGOUSDT": 0.02559,
  "NAORISUSDT": 0.04402,
  "SEIUSDT": 0.0709,
  "STABLEUSDT": 0.028679,
  "COLLECTUSDT": 0.0497,
  "BEATUSDT": 0.247,
  "MOODENGUSDT": 0.05666,
  "KSMUSDT": 4.958,
  "CLOUSDT": 0.08876,
  "IOTXUSDT": 0.00493,
  "HUSDT": 0.16169,
  "FETUSDT": 0.1664,
  "IPUSDT": 1.093,
  "BIO/USDCUSDT": 0.02845,
  "CYSUSDT": 0.3749,
  "TRIAUSDT": 0.01609,
  "MONUSDT": 0.021,
  "WOOUSDT": 0.01843,
  "CAKEUSDT": 1.327,
  "USELESSUSDT": 0.04131,
  "SANDUSDT": 0.08515,
  "ORDIUSDT": 2.659,
  "BCH/USDCUSDT": 564.74,
  "ADA/USDUSDT": 0.2806,
  "SAPIENUSDT": 0.09311,
  "AEROUSDT": 0.3296,
  "LDOUSDT": 0.3302,
  "RECALLUSDT": 0.05518,
  "ZEC/USDCUSDT": 262.15,
  "HMSTRUSDT": 0.0001787,
  "HUMAUSDT": 0.012793,
  "CARVUSDT": 0.06714,
  "SIGNUSDT": 0.02688,
  "BULLAUSDT": 0.02857,
  "ALGOUSDT": 0.0902,
  "FIGHTUSDT": 0.007048,
  "PTBUSDT": 0.001382,
  "WLFI/USDCUSDT": 0.1213,
  "BIGTIMEUSDT": 0.01572,
  "NEIROUSDT": 7.37e-05,
  "GWEIUSDT": 0.029348,
  "SUI/USDCUSDT": 0.9525,
  "ARB/USDCUSDT": 0.0989,
  "FIDAUSDT": 0.01794,
  "DYDXUSDT": 0.099,
  "ZENUSDT": 5.85,
  "SOMIUSDT": 0.206,
  "ETHFIUSDT": 0.4601,
  "PENDLEUSDT": 1.2279,
  "APEUSDT": 0.1098,
  "BANANAS31USDT": 0.004518,
  "MEUSDT": 0.1282,
  "SPXUSDT": 0.3239,
  "FIL/USDCUSDT": 0.97,
  "ADA/USDCUSDT": 0.2806,
  "GPSUSDT": 0.013568,
  "LAUSDT": 0.2104,
  "RONINUSDT": 0.1094,
  "BANUSDT": 0.13219,
  "MERLUSDT": 0.05218,
  "GIGGLEUSDT": 29.01,
  "EIGENUSDT": 0.1924,
  "SKRUSDT": 0.019375,
  "LIGHTUSDT": 0.24,
  "STRKUSDT": 0.04528,
  "LINEAUSDT": 0.003412,
  "THETAUSDT": 0.2021,
  "BASUSDT": 0.005059,
  "1000FLOKIUSDT": 0.0302,
  "ZKPUSDT": 0.09095,
  "ZKUSDT": 0.01999,
  "VETUSDT": 0.007696,
  "BIRBUSDT": 0.17062,
  "ARUSDT": 2.013,
  "AVNTUSDT": 0.1883,
  "TAKEUSDT": 0.02434,
  "1000LUNCUSDT": 0.03662,
  "FLOWUSDT": 0.03873,
  "LINK/USDCUSDT": 8.89,
  "KGENUSDT": 0.18077,
  "SUSDT": 0.04328,
  "RESOLVUSDT": 0.06542,
  "SUI/USDUSDT": 0.9526,
  "AGTUSDT": 0.005329,
  "GUNUSDT": 0.0287,
  "AVAX/USDCUSDT": 9.177,
  "SYRUPUSDT": 0.23244,
  "XNYUSDT": 0.004376,
  "TRBUSDT": 15.259,
  "MUBARAKUSDT": 0.01546,
  "C98USDT": 0.0266,
  "PNUTUSDT": 0.04836,
  "COMPUSDT": 18.1,
  "PYTHUSDT": 0.05378,
  "AAVE/USDCUSDT": 121.95,
  "ESPORTSUSDT": 0.34449,
  "PLAYUSDT": 0.02207,
  "IRUSDT": 0.09078,
  "ENA/USDCUSDT": 0.1087,
  "LINK/USDUSDT": 8.89,
  "CCUSDT": 0.15994,
  "KASUSDT": 0.03114,
  "DOLOUSDT": 0.04006,
  "LAYERUSDT": 0.0885,
  "FHEUSDT": 0.03858,
  "JELLYJELLYUSDT": 0.06527,
  "MANAUSDT": 0.0986,
  "IMXUSDT": 0.1676,
  "TURBOUSDT": 0.0010607,
  "CFXUSDT": 0.05302,
  "BCH/USDUSDT": 564.75,
  "NIGHTUSDT": 0.0593,
  "XTZUSDT": 0.39,
  "FFUSDT": 0.07946,
  "MOVEUSDT": 0.02369,
  "QUSDT": 0.022546,
  "SUSHIUSDT": 0.2099,
  "INXUSDT": 0.013273,
  "HOMEUSDT": 0.029565,
  "ALICEUSDT": 0.109,
  "NEAR/USDCUSDT": 1.055,
  "QNTUSDT": 66.19,
  "OP/USDUSDT": 0.1286,
  "WUSDT": 0.01981,
  "PARTIUSDT": 0.10356,
  "RUNEUSDT": 0.4111,
  "MAGMAUSDT": 0.11297,
  "LPTUSDT": 2.345,
  "SPORTFUNUSDT": 0.0379,
  "ARKMUSDT": 0.1133,
  "ETHWUSDT": 0.3336,
  "SKLUSDT": 0.00694,
  "GMTUSDT": 0.01194,
  "LTC/USDCUSDT": 54.99,
  "BARDUSDT": 0.7557,
  "EDENUSDT": 0.03463,
  "GLMUSDT": 0.16756,
  "COAIUSDT": 0.3143,
  "STXUSDT": 0.2546,
  "JASMYUSDT": 0.005834,
  "MEMEUSDT": 0.0006874,
  "ACHUSDT": 0.007482,
  "WETUSDT": 0.08295,
  "BOMEUSDT": 0.000412,
  "FIL/USDUSDT": 0.97,
  "TNSRUSDT": 0.04889,
  "MUSDT": 1.3498,
  "COWUSDT": 0.2086,
  "DEXEUSDT": 2.408,
  "UNI/USDUSDT": 3.624,
  "IRYSUSDT": 0.02288,
  "UAIUSDT": 0.2414,
  "ZBTUSDT": 0.07291,
  "TAGUSDT": 0.0003707,
  "MAGICUSDT": 0.06901,
  "AUCTIONUSDT": 5.047,
  "ETC/USDUSDT": 9.104,
  "AAVE/USDUSDT": 122.01,
  "BLURUSDT": 0.02102,
  "1000CHEEMSUSDT": 0.000505,
  "KAITOUSDT": 0.3023,
  "XPINUSDT": 0.001686,
  "ZRXUSDT": 0.1113,
  "TSLAUSDT": 411.7,
  "CETUSUSDT": 0.01779,
  "PROMUSDT": 1.26,
  "ACEUSDT": 0.1589,
  "NILUSDT": 0.05039,
  "TRADOORUSDT": 1.419,
  "LUNA2USDT": 0.06396,
  "BRETTUSDT": 0.00758,
  "AVAX/USDUSDT": 9.18,
  "UNI/USDCUSDT": 3.623,
  "PLUMEUSDT": 0.01002,
  "BBUSDT": 0.02973,
  "METUSDT": 0.2106,
  "OGUSDT": 3.336,
  "ZKCUSDT": 0.0902,
  "AIXBTUSDT": 0.02004,
  "1INCHUSDT": 0.0936,
  "AKTUSDT": 0.3195,
  "ELSAUSDT": 0.07703,
  "FRAXUSDT": 0.6748,
  "MMTUSDT": 0.1299,
  "IOTAUSDT": 0.0691,
  "LTC/USDUSDT": 55.01,
  "SKYUSDT": 0.06438,
  "JOEUSDT": 0.0375,
  "2ZUSDT": 0.0729,
  "LRCUSDT": 0.03326,
  "RAYSOLUSDT": 0.6499,
  "DUSDT": 0.00771,
  "ONUSDT": 0.09415,
  "POPCATUSDT": 0.05169,
  "DOT/USDUSDT": 1.356,
  "FOLKSUSDT": 1.356,
  "OPENUSDT": 0.1525,
  "AXLUSDT": 0.05592,
  "USDCUSDT": 0.999721,
  "MINAUSDT": 0.06255,
  "XPDUSDT": 1748.8,
  "EGLDUSDT": 4.591,
  "CRV/USDCUSDT": 0.2419,
  "4USDT": 0.00882,
  "UBUSDT": 0.03555,
  "SUPERUSDT": 0.1187,
  "SONICUSDT": 0.04941,
  "NXPCUSDT": 0.2708,
  "1000SHIB/USDCUSDT": 0.006416,
  "PEOPLEUSDT": 0.00679,
  "UMAUSDT": 0.4679,
  "NEOUSDT": 2.766,
  "BANANAUSDT": 4.5,
  "ZORAUSDT": 0.02061,
  "DRIFTUSDT": 0.0898,
  "MANTAUSDT": 0.07125,
  "TIA/USDCUSDT": 0.3336,
  "KAVAUSDT": 0.0523,
  "MASKUSDT": 0.4484,
  "WCTUSDT": 0.0612,
  "KERNELUSDT": 0.06833,
  "ANIMEUSDT": 0.005025,
  "PIEVERSEUSDT": 0.4209,
  "HANAUSDT": 0.03634,
  "BTCDOMUSDT": 5097.8,