{
  "BTCUSDT": 70585.0,
  "ETHUSDT": 2108.03,
  "SOLUSDT": 88.29,
  "BTC/USDCUSDT": 69756.0,
  "ETH/USDCUSDT": 2086.73,
  "XRPUSDT": 1.5061,
  "ZECUSDT": 323.69,
  "1000PEPEUSDT": 0.0047793,
  "DOGEUSDT": 0.11084,
  "SPACEUSDT": 0.01294,
  "PIPPINUSDT": 0.69956,
  "BTC/USDUSDT": 70525.8,
  "RIVERUSDT": 14.509,
  "BNBUSDT": 633.03,
  "TAOUSDT": 189.73,
  "HYPEUSDT": 31.62,
  "ETH/USDUSDT": 2093.72,
  "SOL/USDCUSDT": 88.25,
  "TAKEUSDT": 0.04417,
  "VVVUSDT": 3.027,
  "SUIUSDT": 1.0266,
  "ADAUSDT": 0.2951,
  "XAUUSDT": 5036.15,
  "BCHUSDT": 562.98,
  "BERAUSDT": 0.7147,
  "NAORISUSDT": 0.03217,
  "BTRUSDT": 0.20128,
  "OMUSDT": 0.06041,
  "XRP/USDCUSDT": 1.5057,
  "ASTERUSDT": 0.7375,
  "SIRENUSDT": 0.14379,
  "AXSUSDT": 1.492,
  "LINKUSDT": 9.093,
  "AVAXUSDT": 9.59,
  "HUSDT": 0.20269,
  "UNIUSDT": 3.621,
  "CLOUSDT": 0.08682,
  "DASHUSDT": 40.39,
  "PENGUUSDT": 0.007856,
  "VIRTUALUSDT": 0.6813,
  "KITEUSDT": 0.19721,
  "ZROUSDT": 1.8734,
  "COMPUSDT": 20.42,
  "FILUSDT": 1.017,
  "PUMPUSDT": 0.002321,
  "COWUSDT": 0.2183,
  "XAGUSDT": 77.45,
  "LTCUSDT": 56.04,
  "MOODENGUSDT": 0.06112,
  "HBARUSDT": 0.10362,
  "AAVEUSDT": 128.48,
  "WIFUSDT": 0.2549,
  "POWERUSDT": 0.25146,
  "1000BONKUSDT": 0.007162,
  "AZTECUSDT": 0.02336,
  "PYTHUSDT": 0.05821,
  "ENAUSDT": 0.1284,
  "NEARUSDT": 1.082,
  "WLFIUSDT": 0.1068,
  "WLDUSDT": 0.4267,
  "1000SHIBUSDT": 0.007024,
  "FARTCOINUSDT": 0.2179,
  "ZAMAUSDT": 0.02122,
  "DOGE/USDCUSDT": 0.1108,
  "SOL/USDUSDT": 87.93,
  "DOTUSDT": 1.421,
  "1000PEPE/USDCUSDT": 0.004774,
  "COAIUSDT": 0.4241,
  "XPLUSDT": 0.1019,
  "ARCUSDT": 0.08043,
  "PAXGUSDT": 5020.76,
  "XRP/USDUSDT": 1.4987,
  "MUBARAKUSDT": 0.01852,
  "ZEC/USDCUSDT": 323.28,
  "BEATUSDT": 0.347,
  "DOGE/USDUSDT": 0.11081,
  "TIAUSDT": 0.3597,
  "XLMUSDT": 0.17446,
  "EULUSDT": 1.046,
  "ESPUSDT": 0.0606,
  "POLUSDT": 0.109,
  "CRVUSDT": 0.266,
  "XMRUSDT": 360.19,
  "\u6211\u8e0f\u9a6c\u6765\u4e86USDT": 0.025886,
  "APTUSDT": 0.9855,
  "TRUMPUSDT": 3.582,
  "MONUSDT": 0.02307,
  "BNB/USDCUSDT": 633.15,
  "PENDLEUSDT": 1.2935,
  "TRXUSDT": 0.28253,
  "ENSUSDT": 6.87,
  "MORPHOUSDT": 1.3957,
  "\u5e01\u5b89\u4eba\u751fUSDT": 0.11198,
  "AIAUSDT": 0.12887,
  "ARBUSDT": 0.1204,
  "ONDOUSDT": 0.2942,
  "LITUSDT": 1.65,
  "MYXUSDT": 2.338,
  "ZENUSDT": 6.699,
  "ETCUSDT": 8.999,
  "RENDERUSDT": 1.508,
  "ICPUSDT": 2.559,
  "TRIAUSDT": 0.02091,
  "MEUSDT": 0.1544,
  "IPUSDT": 1.201,
  "ETH/BTCUSDT": 2087.1068434,
  "OPUSDT": 0.1975,
  "FETUSDT": 0.1809,
  "SUSDT": 0.05026,
  "DUSKUSDT": 0.10783,
  "TRBUSDT": 16.482,
  "SPXUSDT": 0.3505,
  "TOSHIUSDT": 0.0002502,
  "0GUSDT": 0.6316,
  "1000FLOKIUSDT": 0.03491,
  "SUI/USDCUSDT": 1.0262,
  "TONUSDT": 1.5004,
  "SENTUSDT": 0.02336,
  "LINEAUSDT": 0.003929,
  "BNB/USDUSDT": 633.66,
  "DEEPUSDT": 0.02896,
  "ATHUSDT": 0.006525,
  "GALAUSDT": 0.00434,
  "RECALLUSDT": 0.05823,
  "FHEUSDT": 0.04092,
  "ROSEUSDT": 0.01329,
  "ENSOUSDT": 1.1757,
  "ATOMUSDT": 2.185,
  "SANDUSDT": 0.09182,
  "GPSUSDT": 0.01164,
  "JUPUSDT": 0.1664,
  "SEIUSDT": 0.0781,
  "CHZUSDT": 0.04294,
  "USELESSUSDT": 0.04165,
  "INJUSDT": 3.272,
  "BANKUSDT": 0.04043,
  "NEIROUSDT": 8.29e-05,
  "STGUSDT": 0.1626,
  "ZKCUSDT": 0.1013,
  "ADA/USDUSDT": 0.295,
  "BROCCOLI714USDT": 0.01524,
  "ALGOUSDT": 0.0996,
  "STABLEUSDT": 0.023187,
  "ADA/USDCUSDT": 0.295,
  "TNSRUSDT": 0.05596,
  "GIGGLEUSDT": 34.04,
  "ONUSDT": 0.11031,
  "BANANAS31USDT": 0.004919,
  "COLLECTUSDT": 0.07386,
  "PNUTUSDT": 0.05476,
  "LDOUSDT": 0.3608,
  "APRUSDT": 0.10079,
  "SKLUSDT": 0.00722,
  "LPTUSDT": 2.503,
  "AUCTIONUSDT": 5.419,
  "POPCATUSDT": 0.06061,
  "FOGOUSDT": 0.02297,
  "CFXUSDT": 0.05727,
  "ETHFIUSDT": 0.502,
  "GUNUSDT": 0.02458,
  "VETUSDT": 0.008816,
  "MERLUSDT": 0.05922,
  "BSVUSDT": 17.44,
  "BCH/USDCUSDT": 562.81,
  "C98USDT": 0.0323,
  "TURBOUSDT": 0.0012196,
  "AVNTUSDT": 0.2103,
  "AWEUSDT": 0.09037,
  "MEMEUSDT": 0.0007744,
  "BIRBUSDT": 0.20617,
  "ZKPUSDT": 0.09416,
  "ZILUSDT": 0.0046,
  "DYDXUSDT": 0.113,
  "MOVEUSDT": 0.02423,
  "EGLDUSDT": 5.249,
  "ZKUSDT": 0.02308,
  "LYNUSDT": 0.21789,
  "CCUSDT": 0.16706,
  "CAKEUSDT": 1.3457,
  "PENGU/USDCUSDT": 0.00785,
  "SOMIUSDT": 0.1998,
  "STRKUSDT": 0.05143,
  "EIGENUSDT": 0.219,
  "ENA/USDCUSDT": 0.1284,
  "FIGHTUSDT": 0.006869,
  "PLAYUSDT": 0.03831,
  "LRCUSDT": 0.03421,
  "ARKMUSDT": 0.1262,
  "SUI/USDUSDT": 1.0263,
  "AEROUSDT": 0.3489,
  "ORDIUSDT": 2.956,
  "LINK/USDCUSDT": 9.088,
  "STXUSDT": 0.2763,
  "WIF/USDCUSDT": 0.2547,
  "AIXBTUSDT": 0.02287,
  "ACTUSDT": 0.01605,
  "BOMEUSDT": 0.0004555,
  "SKRUSDT": 0.023676,
  "ARUSDT": 2.11,
  "JTOUSDT": 0.286,
  "YFIUSDT": 2864.0,
  "CYSUSDT": 0.4965,
  "FIL/USDCUSDT": 1.016,
  "LAUSDT": 0.2229,
  "NIGHTUSDT": 0.05963,
  "NOMUSDT": 0.005667,
  "XPINUSDT": 0.001588,
  "BASUSDT": 0.006556,
  "FLOWUSDT": 0.04444,
  "AVAX/USDCUSDT": 9.583,
  "SNXUSDT": 0.311,
  "MUSDT": 1.3553,
  "ACUUSDT": 0.11254,
  "QNTUSDT": 74.73,
  "FUNUSDT": 0.001286,
  "VANAUSDT": 1.639,
  "SLPUSDT": 0.0006921,
  "LIGHTUSDT": 0.2512,
  "XVGUSDT": 0.006541,
  "LINK/USDUSDT": 9.088,
  "TSTUSDT": 0.0118,
  "ALLOUSDT": 0.08315,
  "VINEUSDT": 0.02114,
  "BULLAUSDT": 0.02403,
  "MANAUSDT": 0.1077,
  "PEOPLEUSDT": 0.00742,
  "RESOLVUSDT": 0.0625,
  "APEUSDT": 0.1347,
  "KSMUSDT": 4.874,
  "AKEUSDT": 0.000297,
  "OPENUSDT": 0.176,
  "OGUSDT": 5.07,
  "FIL/USDUSDT": 1.015,
  "1000LUNCUSDT": 0.03482,
  "PARTIUSDT": 0.10896,
  "TRADOORUSDT": 1.379,
  "CLANKERUSDT": 33.38,
  "LTC/USDCUSDT": 56.01,
  "SAFEUSDT": 0.12,
  "ZBTUSDT": 0.07509,
  "BIOUSDT": 0.02623,
  "FUSDT": 0.006531,
  "IOTAUSDT": 0.0722,
  "JASMYUSDT": 0.006216,
  "1000BONK/USDCUSDT": 0.007151,
  "HEMIUSDT": 0.01057,
  "XPDUSDT": 1688.09,
  "MANTAUSDT": 0.07901,
  "UNI/USDUSDT": 3.618,
  "AEVOUSDT": 0.02813,
  "MEWUSDT": 0.0007042,
  "NEAR/USDCUSDT": 1.082,
  "WUSDT": 0.02153,
  "ALCHUSDT": 0.0865,
  "FFUSDT": 0.08185,
  "HBAR/USDCUSDT": 0.10356,
  "ACHUSDT": 0.008031,
  "SYRUPUSDT": 0.28364,
  "CRV/USDCUSDT": 0.2651,
  "KAITOUSDT": 0.3327,
  "WLFI/USDCUSDT": 0.1066,
  "GWEIUSDT": 0.027274,
  "BREVUSDT": 0.1504,
  "TIA/USDCUSDT": 0.3594,
  "PIEVERSEUSDT": 0.4301,
  "BCH/USDUSDT": 562.64,
  "LAYERUSDT": 0.0954,
  "FRAXUSDT": 0.6476,
  "BANUSDT": 0.09187,
  "PTBUSDT": 0.001381,
  "BTCDOMUSDT": 5002.1,
  "FOLKSUSDT": 1.463,
  "TSLAUSDT": 417.7,
  "GRTUSDT": 0.02897,
  "RUNEUSDT": 0.4212,
  "1MBABYDOGEUSDT": 0.0004327,
  "METUSDT": 0.229,
  "NILUSDT": 0.05587,
  "INXUSDT": 0.014916,
  "XTZUSDT": 0.422,
  "1000SHIB/USDCUSDT": 0.007019,
  "AAVE/USDCUSDT": 128.32,
  "THETAUSDT": 0.2208,
  "MINAUSDT": 0.06903,
  "KAIAUSDT": 0.06052,
  "XNYUSDT": 0.006224,
  "BRETTUSDT": 0.00851,
  "4USDT": 0.01099,
  "WIF/USDUSDT": 0.2547,
  "SUPERUSDT": 0.1339,
  "MSTRUSDT": 135.14,
  "SOONUSDT": 0.1931,
  "WLD/USDCUSDT": 0.4265,
  "ARB/USDCUSDT": 0.1204,
  "IOUSDT": 0.1131,
  "HANAUSDT": 0.03772,
  "UNI/USDCUSDT": 3.617,
  "AXLUSDT": 0.06346,
  "MMTUSDT": 0.1396,
  "SYNUSDT": 0.04923,
  "API3USDT": 0.3262,
  "SPORTFUNUSDT": 0.03746,
  "BARDUSDT": 0.8136,
  "GOATUSDT": 0.02542,
  "TWTUSDT": 0.5269,
  "SKYUSDT": 0.07038,
  "LUNA2USDT": 0.06466,
  "AIOUSDT": 0.08167,
  "DOLOUSDT": 0.03526,
  "KASUSDT": 0.03345,
  "ATUSDT": 0.16096,
  "FORMUSDT": 0.2276,
  "NMRUSDT": 8.816,
  "2ZUSDT": 0.08101,
  "ZORAUSDT": 0.0221,
  "RSRUSDT": 0.001686,
  "TUTUSDT": 0.01198,
  "GUSDT": 0.004152,
  "GMTUSDT": 0.01319,
  "SAPIENUSDT": 0.09125,
  "NXPCUSDT": 0.2876,
  "TREEUSDT": 0.07678,
  "RVNUSDT": 0.00635,
  "BATUSDT": 0.1362,
  "CHILLGUYUSDT": 0.01236,
  "SUSHIUSDT": 0.2193,
  "GRASSUSDT": 0.2174,
  "SSVUSDT": 3.473,
  "1INCHUSDT": 0.0996,
  "IMXUSDT": 0.175,
  "NEWTUSDT": 0.07536,
  "SONICUSDT": 0.05048,
  "PLUMEUSDT": 0.01176,
  "NOTUSDT": 0.000431,
  "DOODUSDT": 0.00399,
  "AAVE/USDUSDT": 128.43,
  "GASUSDT": 1.725,
  "LTC/USDUSDT": 56.03,
  "IP/USDCUSDT": 1.2,
  "WCTUSDT": 0.0671,
  "PROMUSDT": 1.26,
  "MAGICUSDT": 0.07169,
  "YBUSDT": 0.186,
  "EDUUSDT": 0.1314,
  "SOLVUSDT": 0.00512,
  "1000000MOGUSDT": 0.1888,
  "EPICUSDT": 0.308,