{
  "BTCUSDT": 68459.4,
  "ETHUSDT": 1985.62,
  "SOLUSDT": 85.23,
  "XRPUSDT": 1.3601,
  "BNBUSDT": 632.96,
  "XAUUSDT": 5116.9,
  "DOGEUSDT": 0.08924,
  "PAXGUSDT": 5130.06,
  "BCHUSDT": 440.84,
  "HYPEUSDT": 31.561,
  "XAGUSDT": 82.77,
  "WLFIUSDT": 0.1041,
  "TRXUSDT": 0.28058,
  "ZECUSDT": 220.27,
  "UNIUSDT": 3.888,
  "SUIUSDT": 0.909,
  "ASTERUSDT": 0.6947,
  "ADAUSDT": 0.2629,
  "1000PEPEUSDT": 0.0034389,
  "AVAXUSDT": 9.167,
  "LINKUSDT": 8.801,
  "LTCUSDT": 54.91,
  "NEARUSDT": 1.371,
  "PUMPUSDT": 0.001916,
  "ENAUSDT": 0.1108,
  "DOTUSDT": 1.532,
  "AAVEUSDT": 109.39,
  "XPLUSDT": 0.115,
  "WLDUSDT": 0.3933,
  "FILUSDT": 1.0,
  "PIPPINUSDT": 0.40231,
  "1000SHIBUSDT": 0.005477,
  "LITUSDT": 1.314,
  "RIVERUSDT": 19.202,
  "TRUMPUSDT": 3.409,
  "TAOUSDT": 182.74,
  "ZROUSDT": 1.8535,
  "APTUSDT": 1.001,
  "TONUSDT": 1.2417,
  "KITEUSDT": 0.23045,
  "HBARUSDT": 0.097,
  "ATOMUSDT": 1.814,
  "HUSDT": 0.12564,
  "XMRUSDT": 344.26,
  "ARBUSDT": 0.1031,
  "XLMUSDT": 0.15139,
  "BERAUSDT": 0.5702,
  "CRVUSDT": 0.253,
  "ICPUSDT": 2.439,
  "WIFUSDT": 0.2027,
  "MONUSDT": 0.02054,
  "FETUSDT": 0.1479,
  "AXSUSDT": 1.224,
  "VIRTUALUSDT": 0.7363,
  "SAHARAUSDT": 0.03136,
  "OPUSDT": 0.1267,
  "ARCUSDT": 0.03808,
  "FFUSDT": 0.07402,
  "CCUSDT": 0.15741,
  "PENGUUSDT": 0.006981,
  "ETCUSDT": 8.508,
  "VVVUSDT": 6.109,
  "BARDUSDT": 1.079,
  "POLUSDT": 0.10075,
  "BTCDOMUSDT": 5211.1,
  "FARTCOINUSDT": 0.1621,
  "SIRENUSDT": 0.40385,
  "ETHFIUSDT": 0.514,
  "PARTIUSDT": 0.08562,
  "CHZUSDT": 0.03674,
  "DASHUSDT": 33.74,
  "1000BONKUSDT": 0.00595,
  "ONDOUSDT": 0.2546,
  "IPUSDT": 0.841,
  "BANUSDT": 0.11168,
  "TIAUSDT": 0.3303,
  "SEIUSDT": 0.06746,
  "\u5e01\u5b89\u4eba\u751fUSDT": 0.06121,
  "ENSOUSDT": 1.3392,
  "SENTUSDT": 0.02094,
  "ESPUSDT": 0.11871,
  "INJUSDT": 3.033,
  "JUPUSDT": 0.1778,
  "0GUSDT": 0.6161,
  "POWERUSDT": 0.29479,
  "BANANAS31USDT": 0.005757,
  "SKYAIUSDT": 0.04944,
  "STABLEUSDT": 0.029787,
  "KAITOUSDT": 0.3474,
  "LDOUSDT": 0.3043,
  "FORMUSDT": 0.3139,
  "ZAMAUSDT": 0.02004,
  "RENDERUSDT": 1.339,
  "BUSDT": 0.1963,
  "ALCHUSDT": 0.07814,
  "PENDLEUSDT": 1.2747,
  "GUAUSDT": 0.23945,
  "PHAUSDT": 0.04261,
  "ZKUSDT": 0.01858,
  "JELLYJELLYUSDT": 0.08486,
  "MORPHOUSDT": 1.9441,
  "QUSDT": 0.025094,
  "ROBOUSDT": 0.04964,
  "PIEVERSEUSDT": 0.5577,
  "GWEIUSDT": 0.044101,
  "ATUSDT": 0.15859,
  "BIOUSDT": 0.02115,
  "1000RATSUSDT": 0.04314,
  "SIGNUSDT": 0.02776,
  "HOMEUSDT": 0.028272,
  "BULLAUSDT": 0.02573,
  "LYNUSDT": 0.30971,
  "ZENUSDT": 5.518,
  "CRCLUSDT": 101.83,
  "NIGHTUSDT": 0.06013,
  "CAKEUSDT": 1.3446,
  "SANDUSDT": 0.08475,
  "GALAUSDT": 0.00353,
  "ALGOUSDT": 0.0862,
  "STRKUSDT": 0.03991,
  "MYXUSDT": 0.316,
  "GIGGLEUSDT": 27.12,
  "BTRUSDT": 0.18692,
  "SKYUSDT": 0.07087,
  "TSLAUSDT": 393.35,
  "MUSDT": 1.3576,
  "STGUSDT": 0.1647,
  "HANAUSDT": 0.03405,
  "USDCUSDT": 0.999456,
  "ALLOUSDT": 0.10466,
  "APEUSDT": 0.1005,
  "MSTRUSDT": 135.01,
  "TRADOORUSDT": 1.551,
  "EIGENUSDT": 0.1895,
  "GPSUSDT": 0.008493,
  "DUSKUSDT": 0.08415,
  "SYRUPUSDT": 0.23078,
  "OPNUSDT": 0.4821,
  "AEROUSDT": 0.344,
  "HUMAUSDT": 0.012961,
  "JTOUSDT": 0.2746,
  "ATHUSDT": 0.006225,
  "B2USDT": 0.7127,
  "XPINUSDT": 0.001399,
  "AZTECUSDT": 0.02073,
  "BEAMXUSDT": 0.001917,
  "1000LUNCUSDT": 0.04353,
  "PYTHUSDT": 0.0484,
  "ZILUSDT": 0.00409,
  "GUNUSDT": 0.02047,
  "NEOUSDT": 2.559,
  "XTZUSDT": 0.379,
  "ORDIUSDT": 2.484,
  "VETUSDT": 0.007119,
  "UBUSDT": 0.03172,
  "ROSEUSDT": 0.01197,
  "METUSDT": 0.1715,
  "AVNTUSDT": 0.1698,
  "FOGOUSDT": 0.02353,
  "MOVEUSDT": 0.02215,
  "LAUSDT": 0.2105,
  "DYDXUSDT": 0.095,
  "LINEAUSDT": 0.003207,
  "GRASSUSDT": 0.3041,
  "COMPUSDT": 17.1,
  "NXPCUSDT": 0.2728,
  "\u6211\u8e0f\u9a6c\u6765\u4e86USDT": 0.0108,
  "BEATUSDT": 0.2594,
  "TAUSDT": 0.04703,
  "ESPORTSUSDT": 0.30663,
  "SUSDT": 0.04123,
  "COLLECTUSDT": 0.03988,
  "PNUTUSDT": 0.04548,
  "ZKPUSDT": 0.08869,
  "ENSUSDT": 5.987,
  "ARUSDT": 1.67,
  "AIXBTUSDT": 0.02747,
  "SKRUSDT": 0.022443,
  "RAVEUSDT": 0.32711,
  "1000FLOKIUSDT": 0.02801,
  "DENTUSDT": 0.000265,
  "TRBUSDT": 14.416,
  "AUCTIONUSDT": 4.708,
  "4USDT": 0.00965,
  "SNXUSDT": 0.307,
  "ORCAUSDT": 0.864,
  "SPXUSDT": 0.3248,
  "AGLDUSDT": 0.2143,
  "JASMYUSDT": 0.005577,
  "EULUSDT": 1.147,
  "LPTUSDT": 2.299,
  "STXUSDT": 0.257,
  "MANAUSDT": 0.0969,
  "PLUMEUSDT": 0.00938,
  "WUSDT": 0.01861,
  "MEUSDT": 0.1139,
  "TRIAUSDT": 0.01835,
  "RESOLVUSDT": 0.06051,
  "KAVAUSDT": 0.0534,
  "SOMIUSDT": 0.1894,
  "BANKUSDT": 0.03662,
  "WETUSDT": 0.10782,
  "DEXEUSDT": 3.501,
  "CYBERUSDT": 0.5397,
  "JSTUSDT": 0.048322,
  "GRTUSDT": 0.02604,
  "AGTUSDT": 0.005548,
  "COAIUSDT": 0.3212,
  "IMXUSDT": 0.16,
  "IOTAUSDT": 0.0656,
  "USELESSUSDT": 0.04147,
  "CFXUSDT": 0.04829,
  "YGGUSDT": 0.03886,
  "USUALUSDT": 0.01603,
  "API3USDT": 0.2821,
  "INITUSDT": 0.08373,
  "EDUUSDT": 0.1025,
  "WCTUSDT": 0.05905,
  "AWEUSDT": 0.05036,
  "SFPUSDT": 0.2762,
  "CYSUSDT": 0.3189,
  "TAGUSDT": 0.0003648,
  "MERLUSDT": 0.04136,
  "2ZUSDT": 0.07324,
  "FLOWUSDT": 0.03531,
  "LAYERUSDT": 0.086,
  "NMRUSDT": 7.583,
  "QNTUSDT": 62.81,
  "PTBUSDT": 0.00117,
  "MOODENGUSDT": 0.04853,
  "RUNEUSDT": 0.4093,
  "CLOUSDT": 0.07103,
  "AXLUSDT": 0.05266,
  "NEIROUSDT": 6.78e-05,
  "LIGHTUSDT": 0.1859,
  "MMTUSDT": 0.117,
  "NAORISUSDT": 0.03125,
  "AIOUSDT": 0.08598,
  "THETAUSDT": 0.1928,
  "SPKUSDT": 0.01907,
  "EGLDUSDT": 4.21,
  "1INCHUSDT": 0.0939,
  "BIRBUSDT": 0.14526,
  "KASUSDT": 0.03029,
  "ARKMUSDT": 0.1083,
  "KGENUSDT": 0.20227,
  "VANAUSDT": 1.43,
  "BREVUSDT": 0.1444,
  "ZRXUSDT": 0.1043,
  "KNCUSDT": 0.1386,
  "FOLKSUSDT": 1.209,
  "IOUSDT": 0.1136,
  "SUNUSDT": 0.015791,
  "MEGAUSDT": 0.138,
  "MUBARAKUSDT": 0.01535,
  "AIAUSDT": 0.08801,
  "SPACEUSDT": 0.007243,
  "ZORAUSDT": 0.01711,
  "PEOPLEUSDT": 0.00647,
  "GMTUSDT": 0.01125,
  "KAIAUSDT": 0.05402,
  "AKEUSDT": 0.0002407,
  "LRCUSDT": 0.03107,
  "TSTUSDT": 0.00972,
  "YFIUSDT": 2646.0,
  "COWUSDT": 0.2215,
  "POPCATUSDT": 0.04786,
  "SOPHUSDT": 0.008596,
  "MIRAUSDT": 0.0873,
  "ANIMEUSDT": 0.004751,
  "SWARMSUSDT": 0.007196,
  "PROVEUSDT": 0.2925,
  "AVAAIUSDT": 0.007591,
  "TWTUSDT": 0.4874,
  "NILUSDT": 0.04997,
  "SUSHIUSDT": 0.2045,
  "AUSDT": 0.0772,
  "BATUSDT": 0.1044,
  "VELVETUSDT": 0.08169,
  "OPENUSDT": 0.1462,
  "TURBOUSDT": 0.0009619,
  "BOMEUSDT": 0.0003931,
  "TUTUSDT": 0.01088,
  "STEEMUSDT": 0.05771,
  "STOUSDT": 0.06033,
  "ACTUSDT": 0.01369,
  "OGUSDT": 2.801,
  "ALICEUSDT": 0.136,
  "LUNA2USDT": 0.06362,
  "FIOUSDT": 0.0102,
  "CATIUSDT": 0.03986,
  "GASUSDT": 1.592,
  "VELODROMEUSDT": 0.01566,
  "BLUAIUSDT": 0.00436,
  "BSVUSDT": 14.97,
  "SUPERUSDT": 0.1177,
  "MEMEUSDT": 0.000634,
  "HIPPOUSDT": 0.0007406,
  "MANTAUSDT": 0.06394,
  "KSMUSDT": 4.622,
  "SOONUSDT": 0.1622,
  "BABYUSDT": 0.01147,
  "TNSRUSDT": 0.04476,
  "DAMUSDT": 0.02746,
  "FHEUSDT": 0.02721,
  "AKTUSDT": 0.3329,
  "ZBTUSDT": 0.075,
  "XPTUSDT": 2110.68,
  "MAGICUSDT": 0.06066,
  "MINAUSDT": 0.05642,
  "UAIUSDT": 0.2089,
  "UMAUSDT": 0.4367,
  "ALTUSDT": 0.007399,
  "XNYUSDT": 0.005805,
  "IOTXUSDT": 0.00525,
  "KERNELUSDT": 0.07451,
  "FIGHTUSDT": 0.006175,
  "KMNOUSDT": 0.02465,
  "MASKUSDT": 0.4333,
  "FUSDT": 0.005524,
  "XVGUSDT": 0.005525,
  "YBUSDT": 0.1693,
  "RPLUSDT": 1.9,
  "KATUSDT": 0.02059,
  "NOMUSDT": 0.003492,
  "ASRUSDT": 1.312,
  "BLURUSDT": 0.01959,
  "NEWTUSDT": 0.06901,
  "CELOUSDT": 0.077,
  "ZEREBROUSDT": 0.007322,
  "INUSDT": 0.06657,
  "ENJUSDT": 0.01912,
  "WALUSDT": 0.07852,
  "SAPIENUSDT": 0.08205,
  "AINUSDT": 0.03848,
  "ONTUSDT": 0.0425,
  "STBLUSDT": 0.04005,
  "ANKRUSDT": 0.004128,
  "KOMAUSDT": 0.007899,
  "TRUTHUSDT": 0.00948,
  "1000SATSUSDT": 1.14e-05,
  "1000CHEEMSUSDT": 0.0005332,
  "ERAUSDT": 0.1417,
  "SANTOSUSDT": 1.292,
  "HOLOUSDT": 0.0605,
  "SKLUSDT": 0.0067,
  "SONICUSDT": 0.04591,
  "GLMUSDT": 0.12969,
  "ACHUSDT": 0.006707,
  "GMXUSDT": 7.161,
  "QTUMUSDT": 0.914,
  "REDUSDT": 0.1422,
  "EDENUSDT": 0.0326,
  "ZKCUSDT": 0.0826,
  "POLYXUSDT": 0.04159,