{
  "BTCUSDT": 66160.4,
  "ETHUSDT": 1900.44,
  "SOLUSDT": 79.77,
  "XRPUSDT": 1.392,
  "BNBUSDT": 607.84,
  "BCHUSDT": 543.85,
  "DOGEUSDT": 0.09607,
  "XAGUSDT": 86.7,
  "XAUUSDT": 5149.36,
  "HYPEUSDT": 27.979,
  "PAXGUSDT": 5160.1,
  "WLFIUSDT": 0.117,
  "ZECUSDT": 246.84,
  "TRXUSDT": 0.28819,
  "SUIUSDT": 0.904,
  "ASTERUSDT": 0.7077,
  "ADAUSDT": 0.2705,
  "LINKUSDT": 8.451,
  "AVAXUSDT": 8.678,
  "UNIUSDT": 3.462,
  "LTCUSDT": 52.81,
  "PIPPINUSDT": 0.70315,
  "1000PEPEUSDT": 0.0040727,
  "PUMPUSDT": 0.001921,
  "ENAUSDT": 0.1012,
  "KITEUSDT": 0.26446,
  "NEARUSDT": 1.013,
  "ARCUSDT": 0.09306,
  "AAVEUSDT": 116.88,
  "WLDUSDT": 0.3811,
  "LITUSDT": 1.425,
  "TRUMPUSDT": 3.32,
  "FILUSDT": 0.914,
  "DOTUSDT": 1.295,
  "TAOUSDT": 172.01,
  "XPLUSDT": 0.0864,
  "ATOMUSDT": 2.231,
  "TONUSDT": 1.3491,
  "ZROUSDT": 1.596,
  "APTUSDT": 0.8559,
  "ENSOUSDT": 1.9631,
  "1000SHIBUSDT": 0.006132,
  "BERAUSDT": 0.5685,
  "HBARUSDT": 0.09614,
  "XLMUSDT": 0.15464,
  "AXSUSDT": 1.251,
  "ARBUSDT": 0.0947,
  "ICPUSDT": 2.093,
  "RIVERUSDT": 8.229,
  "OPUSDT": 0.1257,
  "HUSDT": 0.16301,
  "XMRUSDT": 325.02,
  "WIFUSDT": 0.2081,
  "CRVUSDT": 0.229,
  "MONUSDT": 0.01948,
  "POWERUSDT": 0.44065,
  "PENGUUSDT": 0.006527,
  "ETCUSDT": 8.404,
  "FFUSDT": 0.07853,
  "FETUSDT": 0.1582,
  "BARDUSDT": 0.7678,
  "BANUSDT": 0.13233,
  "1000BONKUSDT": 0.006015,
  "PARTIUSDT": 0.10842,
  "FARTCOINUSDT": 0.1588,
  "IPUSDT": 1.045,
  "POLUSDT": 0.10722,
  "INJUSDT": 3.415,
  "AGLDUSDT": 0.3573,
  "BTCDOMUSDT": 5136.0,
  "CHZUSDT": 0.03467,
  "SENTUSDT": 0.02265,
  "DASHUSDT": 33.1,
  "\u5e01\u5b89\u4eba\u751fUSDT": 0.06164,
  "TIAUSDT": 0.306,
  "ETHFIUSDT": 0.4507,
  "0GUSDT": 0.6608,
  "SIRENUSDT": 0.28809,
  "ONDOUSDT": 0.2551,
  "VIRTUALUSDT": 0.6109,
  "SEIUSDT": 0.0679,
  "LYNUSDT": 0.3152,
  "ZKUSDT": 0.01928,
  "JUPUSDT": 0.1479,
  "STABLEUSDT": 0.029394,
  "ZAMAUSDT": 0.02143,
  "CCUSDT": 0.1619,
  "AZTECUSDT": 0.02772,
  "ALCHUSDT": 0.07857,
  "1000RATSUSDT": 0.0496,
  "RENDERUSDT": 1.41,
  "ESPUSDT": 0.08964,
  "LDOUSDT": 0.3067,
  "MYXUSDT": 0.691,
  "OPNUSDT": 0.6401,
  "KAITOUSDT": 0.2901,
  "HOMEUSDT": 0.030343,
  "BANANAS31USDT": 0.004802,
  "QUSDT": 0.021725,
  "PENDLEUSDT": 1.1696,
  "DUSKUSDT": 0.08149,
  "BULLAUSDT": 0.03222,
  "RAVEUSDT": 0.29099,
  "NIGHTUSDT": 0.05835,
  "BIOUSDT": 0.02597,
  "VVVUSDT": 3.713,
  "BTRUSDT": 0.18982,
  "SKYAIUSDT": 0.0397,
  "ATUSDT": 0.1614,
  "ALGOUSDT": 0.0861,
  "ZENUSDT": 5.556,
  "SANDUSDT": 0.08097,
  "STRKUSDT": 0.04225,
  "JTOUSDT": 0.2932,
  "UBUSDT": 0.03723,
  "ZILUSDT": 0.00419,
  "LAUSDT": 0.2488,
  "CAKEUSDT": 1.2693,
  "HANAUSDT": 0.03226,
  "MUSDT": 1.3952,
  "GUNUSDT": 0.02849,
  "PIEVERSEUSDT": 0.416,
  "TRADOORUSDT": 1.511,
  "GPSUSDT": 0.012981,
  "MORPHOUSDT": 1.579,
  "SNXUSDT": 0.42,
  "USDCUSDT": 0.999683,
  "B2USDT": 0.7521,
  "GALAUSDT": 0.00361,
  "AWEUSDT": 0.05706,
  "ALLOUSDT": 0.10892,
  "APEUSDT": 0.1057,
  "ORCAUSDT": 0.987,
  "SKYUSDT": 0.06265,
  "ROSEUSDT": 0.0123,
  "PYTHUSDT": 0.05131,
  "GIGGLEUSDT": 26.23,
  "METUSDT": 0.1991,
  "XPINUSDT": 0.001662,
  "GUAUSDT": 0.16276,
  "BEAMXUSDT": 0.002091,
  "\u6211\u8e0f\u9a6c\u6765\u4e86USDT": 0.01238,
  "BUSDT": 0.1323,
  "HUMAUSDT": 0.011931,
  "COLLECTUSDT": 0.05036,
  "MSTRUSDT": 128.65,
  "JELLYJELLYUSDT": 0.06225,
  "EIGENUSDT": 0.1811,
  "TSLAUSDT": 409.35,
  "YGGUSDT": 0.04836,
  "AVNTUSDT": 0.1773,
  "DYDXUSDT": 0.093,
  "ZKPUSDT": 0.08651,
  "VETUSDT": 0.007416,
  "CYSUSDT": 0.3715,
  "ESPORTSUSDT": 0.34453,
  "SYRUPUSDT": 0.21186,
  "AEROUSDT": 0.3074,
  "NEOUSDT": 2.654,
  "XTZUSDT": 0.371,
  "COMPUSDT": 17.48,
  "ORDIUSDT": 2.466,
  "CYBERUSDT": 0.5597,
  "MOVEUSDT": 0.02248,
  "FORMUSDT": 0.2015,
  "NXPCUSDT": 0.2636,
  "MEUSDT": 0.1206,
  "PNUTUSDT": 0.04501,
  "SUSDT": 0.04061,
  "AUCTIONUSDT": 4.919,
  "NAORISUSDT": 0.04163,
  "GWEIUSDT": 0.031353,
  "ENSUSDT": 6.217,
  "1000FLOKIUSDT": 0.02878,
  "STGUSDT": 0.1391,
  "SOMIUSDT": 0.2007,
  "FOGOUSDT": 0.02467,
  "INITUSDT": 0.08729,
  "RESOLVUSDT": 0.06528,
  "1000LUNCUSDT": 0.03507,
  "STXUSDT": 0.24,
  "LINEAUSDT": 0.003301,
  "PLUMEUSDT": 0.00957,
  "SPACEUSDT": 0.009057,
  "LPTUSDT": 2.243,
  "MERLUSDT": 0.04876,
  "BEATUSDT": 0.2134,
  "VANAUSDT": 1.453,
  "AGTUSDT": 0.005608,
  "BANKUSDT": 0.03885,
  "TRBUSDT": 14.508,
  "EDUUSDT": 0.1214,
  "WUSDT": 0.01877,
  "USELESSUSDT": 0.03694,
  "OGUSDT": 3.055,
  "ARUSDT": 1.936,
  "ATHUSDT": 0.00519,
  "CLOUSDT": 0.08484,
  "TRIAUSDT": 0.01552,
  "BIRBUSDT": 0.15726,
  "2ZUSDT": 0.06855,
  "TAGUSDT": 0.0003968,
  "JASMYUSDT": 0.005751,
  "GRTUSDT": 0.02675,
  "UAIUSDT": 0.2326,
  "WCTUSDT": 0.05899,
  "SPXUSDT": 0.2956,
  "LIGHTUSDT": 0.2398,
  "MANAUSDT": 0.0937,
  "API3USDT": 0.2911,
  "EULUSDT": 0.891,
  "CFXUSDT": 0.05017,
  "NMRUSDT": 7.821,
  "TAUSDT": 0.03805,
  "MOODENGUSDT": 0.05274,
  "LRCUSDT": 0.03277,
  "MMTUSDT": 0.1216,
  "QNTUSDT": 64.59,
  "IMXUSDT": 0.1592,
  "ZORAUSDT": 0.01975,
  "1INCHUSDT": 0.0899,
  "IOTAUSDT": 0.0669,
  "COWUSDT": 0.2176,
  "JSTUSDT": 0.044673,
  "SPKUSDT": 0.02057,
  "LUNA2USDT": 0.06061,
  "COAIUSDT": 0.3055,
  "FHEUSDT": 0.03014,
  "AXLUSDT": 0.05288,
  "SFPUSDT": 0.2565,
  "IDOLUSDT": 0.02398,
  "THETAUSDT": 0.1912,
  "KAIAUSDT": 0.05439,
  "ZRXUSDT": 0.1037,
  "4USDT": 0.00792,
  "FLOWUSDT": 0.03511,
  "ARKMUSDT": 0.1068,
  "IOUSDT": 0.1124,
  "PTBUSDT": 0.001284,
  "NEIROUSDT": 6.88e-05,
  "RPLUSDT": 2.132,
  "BELUSDT": 0.1096,
  "BREVUSDT": 0.1271,
  "RUNEUSDT": 0.3935,
  "YFIUSDT": 2766.0,
  "PROMPTUSDT": 0.04876,
  "KGENUSDT": 0.18228,
  "AIAUSDT": 0.08781,
  "SIGNUSDT": 0.02357,
  "EGLDUSDT": 4.381,
  "SAPIENUSDT": 0.09845,
  "DEXEUSDT": 2.723,
  "BOMEUSDT": 0.0003861,
  "SKRUSDT": 0.018068,
  "ARPAUSDT": 0.01042,
  "KASUSDT": 0.03056,
  "ANIMEUSDT": 0.00479,
  "AIOUSDT": 0.0823,
  "SAHARAUSDT": 0.01482,
  "MAGICUSDT": 0.0668,
  "TWTUSDT": 0.5044,
  "BLUAIUSDT": 0.005102,
  "PROVEUSDT": 0.2809,
  "PEOPLEUSDT": 0.0064,
  "MEGAUSDT": 0.12931,
  "MINAUSDT": 0.05916,
  "XNYUSDT": 0.004873,
  "GMTUSDT": 0.01114,
  "NOMUSDT": 0.004775,
  "TSTUSDT": 0.00992,
  "AKEUSDT": 0.0002847,
  "OPENUSDT": 0.1459,
  "VELVETUSDT": 0.08045,
  "ACTUSDT": 0.01399,
  "AUSDT": 0.0795,
  "AVAAIUSDT": 0.00723,
  "GASUSDT": 1.527,
  "FOLKSUSDT": 1.176,
  "ZKCUSDT": 0.086,
  "XPTUSDT": 2174.16,
  "MANTAUSDT": 0.06535,
  "BATUSDT": 0.1171,
  "SUSHIUSDT": 0.1982,
  "FIGHTUSDT": 0.006756,
  "GRASSUSDT": 0.1731,
  "TUTUSDT": 0.01034,
  "STOUSDT": 0.06039,
  "SOPHUSDT": 0.008823,
  "TNSRUSDT": 0.04737,
  "TURBOUSDT": 0.0010094,
  "CATIUSDT": 0.03873,
  "ZBTUSDT": 0.07155,
  "YBUSDT": 0.1518,
  "ACHUSDT": 0.007342,
  "BSVUSDT": 15.39,
  "TAKEUSDT": 0.02511,
  "SUPERUSDT": 0.1112,
  "SWARMSUSDT": 0.00667,
  "POPCATUSDT": 0.04776,
  "FUSDT": 0.00561,
  "ICNTUSDT": 0.4061,
  "BABYUSDT": 0.01238,
  "LAYERUSDT": 0.0828,
  "VELODROMEUSDT": 0.01425,
  "SANTOSUSDT": 1.719,
  "XVGUSDT": 0.00589,
  "CVXUSDT": 1.803,
  "BLURUSDT": 0.01971,
  "C98USDT": 0.0265,
  "NILUSDT": 0.0479,
  "MUBARAKUSDT": 0.0142,
  "GLMUSDT": 0.15943,
  "MASKUSDT": 0.4224,
  "SOONUSDT": 0.1639,
  "ASRUSDT": 1.372,
  "RAREUSDT": 0.01829,
  "MEMEUSDT": 0.0006554,
  "KERNELUSDT": 0.07216,
  "KSMUSDT": 4.745,
  "SOLVUSDT": 0.00428,
  "CTSIUSDT": 0.0243,
  "TRUTHUSDT": 0.009027,
  "ONTUSDT": 0.0411,
  "DRIFTUSDT": 0.0838,
  "RAYSOLUSDT": 0.6067,
  "ALTUSDT": 0.00745,
  "FLOCKUSDT": 0.07307,
  "AIXBTUSDT": 0.01896,
  "FRAXUSDT": 0.6323,
  "ANKRUSDT": 0.004284,
  "EDENUSDT": 0.03212,
  "SPORTFUNUSDT": 0.04474,
  "WETUSDT": 0.08959,
  "CELOUSDT": 0.074,
  "INUSDT": 0.06494,
  "IRUSDT": 0.09066,
  "UMAUSDT": 0.4448,
  "VTHOUSDT": 0.000605,
  "SONICUSDT": 0.04369,
  "ERAUSDT": 0.1496,
  "THEUSDT": 0.2427,
  "BASUSDT": 0.005648,
  "SUNUSDT": 0.016811,
  "DEGOUSDT": 0.3259,
  "MELANIAUSDT": 0.1103,
  "DAMUSDT": 0.01935,
  "PROMUSDT": 1.241,
  "STORJUSDT": 0.0902,
  "AKTUSDT": 0.3059,
  "KOMAUSDT": 0.00708,
  "IDUSDT": 0.04414,
  "CRCLUSDT": 62.36,
  "AINUSDT": 0.03364,
  "DOLOUSDT": 0.03901,
  "ZEREBROUSDT": 0.00701,
  "WALUSDT": 0.0743,