{
  "BTCUSDT": 73550.0,
  "ETHUSDT": 2163.18,
  "BTC/USDCUSDT": 73389.9,
  "ETH/USDCUSDT": 2145.63,
  "SOLUSDT": 91.7,
  "XAGUSDT": 83.93,
  "XAUUSDT": 5151.48,
  "BTC/USDUSDT": 73578.8,
  "XRPUSDT": 1.4506,
  "ETH/USDUSDT": 2164.12,
  "DOGEUSDT": 0.10032,
  "POWERUSDT": 0.17366,
  "BNBUSDT": 659.6,
  "SOL/USDCUSDT": 91.72,
  "PHAUSDT": 0.04705,
  "RIVERUSDT": 16.939,
  "MANTRAUSDT": 0.02174,
  "1000PEPEUSDT": 0.0037006,
  "HYPEUSDT": 32.686,
  "ZECUSDT": 239.19,
  "PIPPINUSDT": 0.32131,
  "PAXGUSDT": 5160.99,
  "ADAUSDT": 0.2802,
  "SUIUSDT": 0.9679,
  "SIRENUSDT": 0.38251,
  "NEARUSDT": 1.342,
  "XRP/USDCUSDT": 1.4508,
  "SAHARAUSDT": 0.02799,
  "ROBOUSDT": 0.04388,
  "BCHUSDT": 468.96,
  "AVAXUSDT": 9.568,
  "FORMUSDT": 0.3405,
  "SOL/USDUSDT": 90.86,
  "LINKUSDT": 9.473,
  "VVVUSDT": 6.138,
  "FILUSDT": 1.019,
  "TAOUSDT": 192.06,
  "AAVEUSDT": 117.49,
  "DOTUSDT": 1.549,
  "XPLUSDT": 0.1192,
  "TSLAUSDT": 406.81,
  "ENAUSDT": 0.1185,
  "LTCUSDT": 56.82,
  "KITEUSDT": 0.22916,
  "PUMPUSDT": 0.002078,
  "CRCLUSDT": 102.73,
  "ETH/BTCUSDT": 2145.1862124,
  "WLDUSDT": 0.4284,
  "ASTERUSDT": 0.732,
  "BNB/USDUSDT": 661.39,
  "UNIUSDT": 4.005,
  "BARDUSDT": 1.0596,
  "AIXBTUSDT": 0.02952,
  "WLFIUSDT": 0.1081,
  "1000RATSUSDT": 0.05391,
  "DOGE/USDUSDT": 0.10034,
  "FARTCOINUSDT": 0.1766,
  "APTUSDT": 1.0023,
  "WIFUSDT": 0.2187,
  "1000SHIBUSDT": 0.005776,
  "DOGE/USDCUSDT": 0.10032,
  "BNB/USDCUSDT": 659.92,
  "PENGUUSDT": 0.007361,
  "XRP/USDUSDT": 1.4491,
  "CRVUSDT": 0.263,
  "VIRTUALUSDT": 0.7608,
  "BANANAS31USDT": 0.005076,
  "ARBUSDT": 0.1043,
  "GIGGLEUSDT": 30.96,
  "TRXUSDT": 0.2861,
  "HBARUSDT": 0.1026,
  "ARCUSDT": 0.04219,
  "JELLYJELLYUSDT": 0.08697,
  "KAVAUSDT": 0.0592,
  "ENSOUSDT": 1.3141,
  "OPUSDT": 0.1294,
  "XLMUSDT": 0.15985,
  "TRUMPUSDT": 3.433,
  "AXSUSDT": 1.238,
  "ICPUSDT": 2.537,
  "GALAUSDT": 0.00363,
  "1000BONKUSDT": 0.006345,
  "MEMEUSDT": 0.0006422,
  "ESPUSDT": 0.11902,
  "DASHUSDT": 35.56,
  "ETCUSDT": 8.792,
  "ZROUSDT": 1.9149,
  "MSTRUSDT": 149.09,
  "XMRUSDT": 358.62,
  "IPUSDT": 0.878,
  "MYXUSDT": 0.308,
  "ADA/USDUSDT": 0.2803,
  "COOKIEUSDT": 0.02229,
  "ONDOUSDT": 0.2749,
  "TIAUSDT": 0.34,
  "LITUSDT": 1.297,
  "TONUSDT": 1.2957,
  "FETUSDT": 0.1558,
  "RENDERUSDT": 1.436,
  "SEIUSDT": 0.07042,
  "\u5e01\u5b89\u4eba\u751fUSDT": 0.06277,
  "GUNUSDT": 0.02089,
  "HOODUSDT": 82.41,
  "SPXUSDT": 0.3735,
  "COINUSDT": 210.98,
  "ZEC/USDCUSDT": 239.19,
  "DENTUSDT": 0.000262,
  "CHZUSDT": 0.03778,
  "AZTECUSDT": 0.02423,
  "ATOMUSDT": 1.883,
  "WETUSDT": 0.11794,
  "LYNUSDT": 0.3071,
  "INJUSDT": 3.121,
  "OPNUSDT": 0.5041,
  "XPTUSDT": 2159.23,
  "MAGMAUSDT": 0.12376,
  "KAITOUSDT": 0.3677,
  "BERAUSDT": 0.5532,
  "JUPUSDT": 0.1918,
  "ZAMAUSDT": 0.01945,
  "GPSUSDT": 0.008975,
  "PEOPLEUSDT": 0.00724,
  "SNXUSDT": 0.343,
  "SUI/USDCUSDT": 0.9679,
  "USUALUSDT": 0.01656,
  "ALGOUSDT": 0.0898,
  "BIOUSDT": 0.02161,
  "STABLEUSDT": 0.029649,
  "EIGENUSDT": 0.1977,
  "LDOUSDT": 0.3221,
  "POLUSDT": 0.10433,
  "SANDUSDT": 0.0875,
  "MONUSDT": 0.02299,
  "BCH/USDCUSDT": 469.07,
  "1000PEPE/USDCUSDT": 0.0037011,
  "ADA/USDCUSDT": 0.2802,
  "ETHFIUSDT": 0.5473,
  "PLTRUSDT": 153.46,
  "MORPHOUSDT": 1.9259,
  "SKRUSDT": 0.022595,
  "SUI/USDUSDT": 0.9679,
  "USELESSUSDT": 0.04763,
  "ZENUSDT": 5.824,
  "DUSKUSDT": 0.08805,
  "TAUSDT": 0.05072,
  "AKTUSDT": 0.3397,
  "RAVEUSDT": 0.35622,
  "KATUSDT": 0.01733,
  "GWEIUSDT": 0.041865,
  "MOODENGUSDT": 0.0528,
  "GRASSUSDT": 0.2944,
  "ORDIUSDT": 2.564,
  "TAGUSDT": 0.0004183,
  "BEATUSDT": 0.2778,
  "BULLAUSDT": 0.0259,
  "LINK/USDCUSDT": 9.473,
  "SIGNUSDT": 0.02627,
  "LINK/USDUSDT": 9.471,
  "PENDLEUSDT": 1.3066,
  "HUMAUSDT": 0.013492,
  "EGLDUSDT": 4.323,
  "1000FLOKIUSDT": 0.02981,
  "INTCUSDT": 45.75,
  "ROSEUSDT": 0.0122,
  "CAKEUSDT": 1.4169,
  "NEAR/USDCUSDT": 1.343,
  "AVAX/USDCUSDT": 9.568,
  "NEIROUSDT": 7.189e-05,
  "MUBARAKUSDT": 0.01506,
  "KNCUSDT": 0.1405,
  "HUSDT": 0.12522,
  "TRBUSDT": 15.0,
  "ALICEUSDT": 0.132,
  "ZILUSDT": 0.00437,
  "0GUSDT": 0.6274,
  "FIL/USDCUSDT": 1.02,
  "SPACEUSDT": 0.007449,
  "APEUSDT": 0.1046,
  "FFUSDT": 0.07331,
  "LTC/USDCUSDT": 56.84,
  "STRKUSDT": 0.0409,
  "1INCHUSDT": 0.0993,
  "EULUSDT": 1.196,
  "CYSUSDT": 0.3866,
  "DYDXUSDT": 0.099,
  "VETUSDT": 0.007524,
  "XPDUSDT": 1685.5,
  "MIRAUSDT": 0.0898,
  "AEROUSDT": 0.3772,
  "AAVE/USDCUSDT": 117.38,
  "CCUSDT": 0.15567,
  "JASMYUSDT": 0.00583,
  "ENSUSDT": 6.361,
  "ARUSDT": 1.695,
  "JTOUSDT": 0.2794,
  "ENA/USDCUSDT": 0.1185,
  "TURBOUSDT": 0.0010199,
  "LINEAUSDT": 0.003273,
  "1000LUNCUSDT": 0.04466,
  "PNUTUSDT": 0.04931,
  "BASUSDT": 0.00629,
  "TRIAUSDT": 0.0176,
  "XTZUSDT": 0.388,
  "BCH/USDUSDT": 469.13,
  "AGLDUSDT": 0.2278,
  "SENTUSDT": 0.02095,
  "PYTHUSDT": 0.05151,
  "AMZNUSDT": 215.74,
  "LAUSDT": 0.2134,
  "ALLOUSDT": 0.11738,
  "KASUSDT": 0.03222,
  "ZKUSDT": 0.01909,
  "BOMEUSDT": 0.0004291,
  "AIOUSDT": 0.08047,
  "LTC/USDUSDT": 56.85,
  "SKYAIUSDT": 0.04509,
  "STXUSDT": 0.2739,
  "COMPUSDT": 18.39,
  "GMTUSDT": 0.01187,
  "COWUSDT": 0.2429,
  "KMNOUSDT": 0.02432,
  "\u6211\u8e0f\u9a6c\u6765\u4e86USDT": 0.01106,
  "MANAUSDT": 0.0994,
  "LAYERUSDT": 0.0866,
  "SOMIUSDT": 0.196,
  "BTCDOMUSDT": 5222.4,
  "ARKMUSDT": 0.1123,
  "AVNTUSDT": 0.176,
  "HIPPOUSDT": 0.0007892,
  "AAVE/USDUSDT": 117.49,
  "BREVUSDT": 0.1476,
  "SYRUPUSDT": 0.24625,
  "FOGOUSDT": 0.02289,
  "SKYUSDT": 0.07678,
  "ATHUSDT": 0.00648,
  "COLLECTUSDT": 0.03854,
  "DODOXUSDT": 0.015172,
  "INUSDT": 0.07136,
  "GRTUSDT": 0.0269,
  "IMXUSDT": 0.1614,
  "RUNEUSDT": 0.4448,
  "IP/USDCUSDT": 0.878,
  "GUAUSDT": 0.26248,
  "SUSHIUSDT": 0.2108,
  "STEEMUSDT": 0.0578,
  "ARB/USDCUSDT": 0.1042,
  "ORCAUSDT": 0.909,
  "INITUSDT": 0.08056,
  "PARTIUSDT": 0.08495,
  "RIFUSDT": 0.03638,
  "PIEVERSEUSDT": 0.5197,
  "UNI/USDUSDT": 4.004,
  "SUSDT": 0.04287,
  "STGUSDT": 0.1688,
  "PLUMEUSDT": 0.00976,
  "FIOUSDT": 0.01,
  "PHBUSDT": 0.1526,
  "SAGAUSDT": 0.03278,
  "BTRUSDT": 0.18811,
  "MEUSDT": 0.1158,
  "USDCUSDT": 0.999314,
  "CFXUSDT": 0.05132,
  "LPTUSDT": 2.379,
  "CYBERUSDT": 0.5604,
  "CGPTUSDT": 0.02353,
  "1000SATSUSDT": 1.18e-05,
  "MASKUSDT": 0.462,
  "FIL/USDUSDT": 1.02,
  "BELUSDT": 0.0979,
  "MERLUSDT": 0.04176,
  "RAYSOLUSDT": 0.6298,
  "WUSDT": 0.01925,
  "QUSDT": 0.025123,
  "CLOUSDT": 0.07062,
  "DOT/USDUSDT": 1.55,
  "BUSDT": 0.2124,
  "ZKPUSDT": 0.0889,
  "AXLUSDT": 0.05497,
  "IOTAUSDT": 0.0685,
  "MUSDT": 1.3665,
  "NEOUSDT": 2.703,
  "KSMUSDT": 4.894,
  "POPCATUSDT": 0.05251,
  "AVAX/USDUSDT": 9.56,
  "PENGU/USDCUSDT": 0.007361,
  "THETAUSDT": 0.1994,
  "YGGUSDT": 0.03997,
  "GMXUSDT": 7.541,
  "SAPIENUSDT": 0.08676,
  "NIGHTUSDT": 0.06268,
  "IOUSDT": 0.1153,
  "4USDT": 0.00988,
  "METUSDT": 0.1798,
  "QNTUSDT": 65.8,
  "MOVEUSDT": 0.02277,
  "RPLUSDT": 2.026,
  "NOTUSDT": 0.0003824,
  "TRADOORUSDT": 1.457,
  "BRETTUSDT": 0.007922,
  "AIUSDT": 0.02148,
  "AUCTIONUSDT": 4.849,
  "METISUSDT": 3.432,
  "NEWTUSDT": 0.06866,
  "TAKEUSDT": 0.01881,
  "WLD/USDCUSDT": 0.4283,
  "AIOTUSDT": 0.02506,
  "SKLUSDT": 0.00697,
  "ZORAUSDT": 0.01772,
  "KGENUSDT": 0.21173,
  "C98USDT": 0.0266,
  "ATUSDT": 0.15668,
  "CRV/USDCUSDT": 0.2624,
  "1000CHEEMSUSDT": 0.0005483,
  "INXUSDT": 0.012323,
  "LIGHTUSDT": 0.1889,
  "BROCCOLI714USDT": 0.0132,
  "SUPERUSDT": 0.1196,
  "BANUSDT": 0.1077,
  "KAITO/USDCUSDT": 0.3677,
  "DEXEUSDT": 3.599,
  "ACUUSDT": 0.10014,
  "RESOLVUSDT": 0.05991,
  "XNYUSDT": 0.006392,
  "IOTXUSDT": 0.00516,
  "HOLOUSDT": 0.06098,
  "BATUSDT": 0.1052,
  "UNI/USDCUSDT": 4.003,
  "BIRBUSDT": 0.14601,
  "RSRUSDT": 0.001623,
  "WOOUSDT": 0.01875,
  "TRUUSDT": 0.005242,
  "RLCUSDT": 0.3894,
  "FOLKSUSDT": 1.196,
  "HBAR/USDCUSDT": 0.1026,
  "LUNA2USDT": 0.06568,
  "TIA/USDCUSDT": 0.34,
  "APT/USDUSDT": 1.003,
  "WIF/USDCUSDT": 0.2188,
  "YFIUSDT": 2768.0,
  "IRYSUSDT": 0.01987,
  "SWARMSUSDT": 0.007493,
  "WCTUSDT": 0.06071,
  "REDUSDT": 0.1423,
  "ZBTUSDT": 0.07463,
  "PROVEUSDT": 0.2821,
  "CVXUSDT": 1.964,
  "JSTUSDT": 0.04766,
  "NEAR/USDUSDT": 1.344,