{
  "BTCUSDT": 72598.3,
  "ETHUSDT": 2127.16,
  "SOLUSDT": 90.82,
  "XRPUSDT": 1.4279,
  "BNBUSDT": 658.75,
  "DOGEUSDT": 0.09958,
  "XAUUSDT": 5155.15,
  "BCHUSDT": 466.07,
  "PAXGUSDT": 5169.37,
  "HYPEUSDT": 32.058,
  "ZECUSDT": 242.62,
  "XAGUSDT": 83.61,
  "WLFIUSDT": 0.1069,
  "TRXUSDT": 0.28675,
  "UNIUSDT": 3.955,
  "SUIUSDT": 0.9575,
  "ADAUSDT": 0.275,
  "AVAXUSDT": 9.458,
  "1000PEPEUSDT": 0.0036511,
  "LINKUSDT": 9.336,
  "ASTERUSDT": 0.7178,
  "LTCUSDT": 56.61,
  "PUMPUSDT": 0.002045,
  "NEARUSDT": 1.308,
  "ENAUSDT": 0.1164,
  "AAVEUSDT": 115.45,
  "WLDUSDT": 0.4187,
  "DOTUSDT": 1.525,
  "XPLUSDT": 0.1133,
  "FILUSDT": 1.014,
  "LITUSDT": 1.367,
  "1000SHIBUSDT": 0.005679,
  "TAOUSDT": 185.82,
  "TRUMPUSDT": 3.417,
  "ZROUSDT": 1.9466,
  "KITEUSDT": 0.22519,
  "RIVERUSDT": 18.706,
  "PIPPINUSDT": 0.34169,
  "APTUSDT": 0.998,
  "TONUSDT": 1.3019,
  "HUSDT": 0.12523,
  "HBARUSDT": 0.10093,
  "ATOMUSDT": 1.869,
  "XMRUSDT": 356.64,
  "XLMUSDT": 0.15992,
  "ARBUSDT": 0.104,
  "MONUSDT": 0.02278,
  "WIFUSDT": 0.2134,
  "BERAUSDT": 0.5427,
  "ICPUSDT": 2.51,
  "CRVUSDT": 0.254,
  "VIRTUALUSDT": 0.7468,
  "FETUSDT": 0.1545,
  "FFUSDT": 0.07352,
  "PENGUUSDT": 0.0072,
  "AXSUSDT": 1.215,
  "ARCUSDT": 0.04031,
  "OPUSDT": 0.1277,
  "CCUSDT": 0.15481,
  "ETCUSDT": 8.795,
  "POLUSDT": 0.10333,
  "VVVUSDT": 6.468,
  "1000BONKUSDT": 0.006237,
  "ONDOUSDT": 0.268,
  "BTCDOMUSDT": 5213.8,
  "ETHFIUSDT": 0.5391,
  "SAHARAUSDT": 0.02859,
  "BARDUSDT": 1.0388,
  "FARTCOINUSDT": 0.1739,
  "IPUSDT": 0.857,
  "POWERUSDT": 0.16598,
  "PARTIUSDT": 0.08519,
  "TIAUSDT": 0.3372,
  "CHZUSDT": 0.03708,
  "BANUSDT": 0.11057,
  "SEIUSDT": 0.06964,
  "\u5e01\u5b89\u4eba\u751fUSDT": 0.06069,
  "DASHUSDT": 35.01,
  "SIRENUSDT": 0.37128,
  "SENTUSDT": 0.02115,
  "ENSOUSDT": 1.3029,
  "JUPUSDT": 0.1894,
  "INJUSDT": 3.1,
  "BUSDT": 0.2275,
  "0GUSDT": 0.6131,
  "KAITOUSDT": 0.3571,
  "PHAUSDT": 0.04775,
  "ESPUSDT": 0.11932,
  "GUAUSDT": 0.26772,
  "RENDERUSDT": 1.406,
  "1000RATSUSDT": 0.04963,
  "STABLEUSDT": 0.028298,
  "FORMUSDT": 0.3085,
  "BANANAS31USDT": 0.005127,
  "LDOUSDT": 0.3164,
  "SIGNUSDT": 0.0305,
  "PENDLEUSDT": 1.2951,
  "ALCHUSDT": 0.07878,
  "ZKUSDT": 0.01889,
  "ZAMAUSDT": 0.01911,
  "GIGGLEUSDT": 32.26,
  "ROBOUSDT": 0.0415,
  "MORPHOUSDT": 1.8715,
  "MANTRAUSDT": 0.02261,
  "JELLYJELLYUSDT": 0.08377,
  "SKYAIUSDT": 0.03822,
  "ATUSDT": 0.15635,
  "GWEIUSDT": 0.04144,
  "PIEVERSEUSDT": 0.529,
  "CAKEUSDT": 1.4061,
  "BIOUSDT": 0.02124,
  "SANDUSDT": 0.08656,
  "ZENUSDT": 5.785,
  "HOMEUSDT": 0.028489,
  "ALLOUSDT": 0.12109,
  "SKYUSDT": 0.07636,
  "BULLAUSDT": 0.026,
  "NIGHTUSDT": 0.06241,
  "CRCLUSDT": 104.56,
  "GALAUSDT": 0.0036,
  "STRKUSDT": 0.04072,
  "LYNUSDT": 0.30263,
  "ALGOUSDT": 0.0885,
  "MSTRUSDT": 145.39,
  "MUSDT": 1.3649,
  "STGUSDT": 0.1721,
  "HANAUSDT": 0.03455,
  "MYXUSDT": 0.318,
  "EIGENUSDT": 0.1958,
  "BTRUSDT": 0.17926,
  "AEROUSDT": 0.364,
  "TSLAUSDT": 405.32,
  "OPNUSDT": 0.5076,
  "APEUSDT": 0.1035,
  "HUMAUSDT": 0.013837,
  "TRADOORUSDT": 1.571,
  "AZTECUSDT": 0.02314,
  "USDCUSDT": 0.999328,
  "GPSUSDT": 0.008654,
  "SYRUPUSDT": 0.24581,
  "GUNUSDT": 0.02023,
  "ATHUSDT": 0.006469,
  "ZILUSDT": 0.00432,
  "BEAMXUSDT": 0.001944,
  "XPINUSDT": 0.001384,
  "JTOUSDT": 0.2747,
  "DUSKUSDT": 0.08685,
  "NEOUSDT": 2.664,
  "B2USDT": 0.7002,
  "ORDIUSDT": 2.538,
  "1000LUNCUSDT": 0.04451,
  "PYTHUSDT": 0.05042,
  "XTZUSDT": 0.386,
  "VETUSDT": 0.007418,
  "DYDXUSDT": 0.098,
  "METUSDT": 0.1761,
  "UBUSDT": 0.03361,
  "QUSDT": 0.013015,
  "TAUSDT": 0.04946,
  "BEATUSDT": 0.2779,
  "NXPCUSDT": 0.2758,
  "MOVEUSDT": 0.02259,
  "AVNTUSDT": 0.1731,
  "LAUSDT": 0.214,
  "CYSUSDT": 0.3817,
  "COMPUSDT": 18.06,
  "FOGOUSDT": 0.02256,
  "ROSEUSDT": 0.0121,
  "1000FLOKIUSDT": 0.02934,
  "PNUTUSDT": 0.04788,
  "\u6211\u8e0f\u9a6c\u6765\u4e86USDT": 0.010847,
  "ENSUSDT": 6.269,
  "SUSDT": 0.0422,
  "ESPORTSUSDT": 0.30957,
  "LINEAUSDT": 0.003208,
  "AIXBTUSDT": 0.02941,
  "SPXUSDT": 0.3547,
  "COLLECTUSDT": 0.03917,
  "TRBUSDT": 14.912,
  "RESOLVUSDT": 0.06429,
  "ZKPUSDT": 0.08801,
  "SNXUSDT": 0.329,
  "TAGUSDT": 0.0004228,
  "KAVAUSDT": 0.059,
  "RAVEUSDT": 0.36635,
  "LPTUSDT": 2.358,
  "USELESSUSDT": 0.04721,
  "BANKUSDT": 0.04149,
  "ARUSDT": 1.684,
  "WETUSDT": 0.11906,
  "GRASSUSDT": 0.2882,
  "AGLDUSDT": 0.2306,
  "AUCTIONUSDT": 4.777,
  "STXUSDT": 0.2695,
  "ORCAUSDT": 0.889,
  "SKRUSDT": 0.02229,
  "4USDT": 0.00938,
  "JASMYUSDT": 0.00577,
  "TRIAUSDT": 0.01798,
  "EULUSDT": 1.136,
  "PLUMEUSDT": 0.00963,
  "MANAUSDT": 0.0993,
  "AGTUSDT": 0.006004,
  "WUSDT": 0.01891,
  "CFXUSDT": 0.05043,
  "IOTAUSDT": 0.068,
  "DENTUSDT": 0.000254,
  "IMXUSDT": 0.1582,
  "MOODENGUSDT": 0.05168,
  "DEXEUSDT": 3.569,
  "JSTUSDT": 0.046339,
  "MEUSDT": 0.1153,
  "COAIUSDT": 0.3228,
  "FLOWUSDT": 0.03456,
  "SOMIUSDT": 0.1947,
  "CYBERUSDT": 0.5555,
  "PEOPLEUSDT": 0.00709,
  "RUNEUSDT": 0.4357,
  "EDUUSDT": 0.104,
  "YGGUSDT": 0.03925,
  "GRTUSDT": 0.02659,
  "WCTUSDT": 0.06001,
  "NMRUSDT": 7.712,
  "SFPUSDT": 0.277,
  "KGENUSDT": 0.22147,
  "AWEUSDT": 0.05153,
  "PTBUSDT": 0.001164,
  "THETAUSDT": 0.1982,
  "SPKUSDT": 0.01994,
  "API3USDT": 0.2869,
  "QNTUSDT": 65.0,
  "MMTUSDT": 0.1174,
  "NEIROUSDT": 7.047e-05,
  "MERLUSDT": 0.04093,
  "2ZUSDT": 0.07333,
  "1INCHUSDT": 0.0989,
  "INITUSDT": 0.07822,
  "LIGHTUSDT": 0.1836,
  "MEMEUSDT": 0.0006316,
  "LAYERUSDT": 0.0878,
  "AXLUSDT": 0.0547,
  "ZRXUSDT": 0.1072,
  "CLOUSDT": 0.07182,
  "COWUSDT": 0.24,
  "NAORISUSDT": 0.03026,
  "ARKMUSDT": 0.1102,
  "FOLKSUSDT": 1.198,
  "EGLDUSDT": 4.259,
  "USUALUSDT": 0.01616,
  "BIRBUSDT": 0.14634,
  "KAIAUSDT": 0.05486,
  "VANAUSDT": 1.447,
  "BREVUSDT": 0.145,
  "KASUSDT": 0.03055,
  "SPACEUSDT": 0.007266,
  "ZORAUSDT": 0.01721,
  "IOUSDT": 0.1125,
  "AKEUSDT": 0.0002502,
  "POPCATUSDT": 0.05123,
  "STEEMUSDT": 0.05884,
  "SWARMSUSDT": 0.007367,
  "PROVEUSDT": 0.2819,
  "YFIUSDT": 2708.0,
  "TSTUSDT": 0.00992,
  "BOMEUSDT": 0.0004185,
  "SUNUSDT": 0.016018,
  "SOPHUSDT": 0.008654,
  "AVAAIUSDT": 0.007938,
  "TWTUSDT": 0.5005,
  "LRCUSDT": 0.03158,
  "SUSHIUSDT": 0.2076,
  "GMTUSDT": 0.01178,
  "AUSDT": 0.0791,
  "HIPPOUSDT": 0.0008264,
  "TURBOUSDT": 0.0010059,
  "AIAUSDT": 0.08443,
  "LUNA2USDT": 0.0653,
  "COOKIEUSDT": 0.02259,
  "ACTUSDT": 0.01377,
  "VELVETUSDT": 0.08601,
  "MEGAUSDT": 0.13563,
  "OPENUSDT": 0.1456,
  "ANIMEUSDT": 0.004757,
  "MIRAUSDT": 0.0896,
  "OGUSDT": 2.823,
  "VELODROMEUSDT": 0.01663,
  "NILUSDT": 0.05162,
  "CATIUSDT": 0.03954,
  "BATUSDT": 0.1037,
  "KNCUSDT": 0.1394,
  "MUBARAKUSDT": 0.01449,
  "STOUSDT": 0.05946,
  "TUTUSDT": 0.01059,
  "DAMUSDT": 0.03015,
  "GASUSDT": 1.641,
  "BLUAIUSDT": 0.00441,
  "FHEUSDT": 0.0283,
  "MANTAUSDT": 0.06589,
  "BABYUSDT": 0.01144,
  "AIOUSDT": 0.08066,
  "BSVUSDT": 15.37,
  "SUPERUSDT": 0.1188,
  "TNSRUSDT": 0.04534,
  "ZBTUSDT": 0.07482,
  "SOONUSDT": 0.1625,
  "AKTUSDT": 0.3343,
  "MASKUSDT": 0.4619,
  "ALICEUSDT": 0.129,
  "MAGICUSDT": 0.06142,
  "MINAUSDT": 0.05765,
  "UMAUSDT": 0.4359,
  "RPLUSDT": 1.96,
  "KERNELUSDT": 0.0756,
  "FIOUSDT": 0.00966,
  "KSMUSDT": 4.777,
  "FUSDT": 0.005601,
  "ALTUSDT": 0.007371,
  "FIGHTUSDT": 0.006037,
  "ASRUSDT": 1.322,
  "SAPIENUSDT": 0.08308,
  "BLURUSDT": 0.01987,
  "INUSDT": 0.07222,
  "NOMUSDT": 0.003585,
  "KMNOUSDT": 0.0234,
  "XVGUSDT": 0.005618,
  "GMXUSDT": 7.474,
  "ONTUSDT": 0.0439,
  "IOTXUSDT": 0.00535,
  "CELOUSDT": 0.079,
  "ZEREBROUSDT": 0.00734,
  "ANKRUSDT": 0.004234,
  "1000SATSUSDT": 1.16e-05,
  "ENJUSDT": 0.01922,
  "YBUSDT": 0.1719,
  "STBLUSDT": 0.04075,
  "EDENUSDT": 0.03448,
  "XNYUSDT": 0.005951,
  "REDUSDT": 0.1412,
  "TRUTHUSDT": 0.009531,
  "TAKEUSDT": 0.01936,
  "XPTUSDT": 2167.35,
  "SKLUSDT": 0.00675,
  "KOMAUSDT": 0.008084,
  "POLYXUSDT": 0.04218,
  "RAYSOLUSDT": 0.6203,
  "GLMUSDT": 0.13201,
  "AINUSDT": 0.03692,
  "WALUSDT": 0.07961,
  "UAIUSDT": 0.201,
  "NEWTUSDT": 0.06856,
  "KATUSDT": 0.01535,
  "RSRUSDT": 0.001609,
  "DRIFTUSDT": 0.0881,
  "QTUMUSDT": 0.938,
  "ERAUSDT": 0.143,
  "ZKCUSDT": 0.0836,