{
  "BTCUSDT": 67726.0,
  "ETHUSDT": 2030.97,
  "SOLUSDT": 87.39,
  "XRPUSDT": 1.415,
  "BNBUSDT": 627.22,
  "DOGEUSDT": 0.09845,
  "BCHUSDT": 481.81,
  "XAGUSDT": 90.11,
  "HYPEUSDT": 29.309,
  "XAUUSDT": 5182.8,
  "PAXGUSDT": 5192.48,
  "WLFIUSDT": 0.1153,
  "ADAUSDT": 0.2906,
  "ZECUSDT": 238.75,
  "TRXUSDT": 0.28447,
  "UNIUSDT": 3.891,
  "SUIUSDT": 0.9507,
  "AVAXUSDT": 9.389,
  "LINKUSDT": 9.174,
  "ASTERUSDT": 0.7031,
  "LTCUSDT": 55.96,
  "1000PEPEUSDT": 0.0038889,
  "PIPPINUSDT": 0.73465,
  "PUMPUSDT": 0.001925,
  "ENAUSDT": 0.107,
  "NEARUSDT": 1.142,
  "DOTUSDT": 1.606,
  "AAVEUSDT": 119.24,
  "WLDUSDT": 0.4078,
  "FILUSDT": 1.034,
  "KITEUSDT": 0.23929,
  "TRUMPUSDT": 3.422,
  "TAOUSDT": 186.97,
  "XPLUSDT": 0.0991,
  "LITUSDT": 1.396,
  "POWERUSDT": 1.83521,
  "1000SHIBUSDT": 0.006056,
  "HBARUSDT": 0.10449,
  "ZROUSDT": 1.715,
  "APTUSDT": 1.0142,
  "TONUSDT": 1.3165,
  "ARBUSDT": 0.1074,
  "ATOMUSDT": 1.907,
  "BERAUSDT": 0.6265,
  "XLMUSDT": 0.16613,
  "ICPUSDT": 2.597,
  "RIVERUSDT": 10.709,
  "XMRUSDT": 351.75,
  "AXSUSDT": 1.382,
  "WIFUSDT": 0.2142,
  "MONUSDT": 0.02131,
  "OPUSDT": 0.1248,
  "CRVUSDT": 0.253,
  "FETUSDT": 0.1658,
  "PENGUUSDT": 0.007193,
  "ETCUSDT": 9.026,
  "FFUSDT": 0.081,
  "VIRTUALUSDT": 0.7184,
  "FARTCOINUSDT": 0.1799,
  "HUSDT": 0.11993,
  "\u5e01\u5b89\u4eba\u751fUSDT": 0.07535,
  "POLUSDT": 0.11558,
  "ARCUSDT": 0.0306,
  "1000BONKUSDT": 0.006298,
  "ESPUSDT": 0.13873,
  "CCUSDT": 0.17416,
  "IPUSDT": 1.012,
  "PARTIUSDT": 0.09587,
  "ENSOUSDT": 1.5236,
  "STABLEUSDT": 0.0367,
  "ETHFIUSDT": 0.5178,
  "ONDOUSDT": 0.2708,
  "INJUSDT": 3.266,
  "TIAUSDT": 0.3405,
  "BTCDOMUSDT": 5017.5,
  "BANUSDT": 0.11252,
  "SENTUSDT": 0.02376,
  "CHZUSDT": 0.0334,
  "BARDUSDT": 0.8573,
  "DASHUSDT": 35.0,
  "0GUSDT": 0.6644,
  "VVVUSDT": 5.076,
  "SEIUSDT": 0.07159,
  "JUPUSDT": 0.1597,
  "ZKUSDT": 0.01994,
  "KAITOUSDT": 0.3352,
  "ZAMAUSDT": 0.02363,
  "PENDLEUSDT": 1.3273,
  "GUAUSDT": 0.23901,
  "LDOUSDT": 0.3162,
  "SIRENUSDT": 0.35054,
  "DENTUSDT": 0.000357,
  "ALCHUSDT": 0.07839,
  "MORPHOUSDT": 1.8625,
  "SKYAIUSDT": 0.04474,
  "QUSDT": 0.023248,
  "LYNUSDT": 0.32758,
  "MYXUSDT": 0.46,
  "RENDERUSDT": 1.483,
  "BANANAS31USDT": 0.004656,
  "HOMEUSDT": 0.028947,
  "NIGHTUSDT": 0.06019,
  "ATUSDT": 0.15995,
  "CAKEUSDT": 1.3207,
  "BIOUSDT": 0.02288,
  "PIEVERSEUSDT": 0.5133,
  "1000RATSUSDT": 0.04181,
  "SANDUSDT": 0.08754,
  "ZENUSDT": 5.707,
  "ALGOUSDT": 0.09,
  "GALAUSDT": 0.00384,
  "ALLOUSDT": 0.11426,
  "GUNUSDT": 0.03083,
  "GIGGLEUSDT": 27.72,
  "GPSUSDT": 0.009507,
  "JTOUSDT": 0.2885,
  "AZTECUSDT": 0.02374,
  "1000LUNCUSDT": 0.04195,
  "MUSDT": 1.4361,
  "HANAUSDT": 0.03609,
  "BUSDT": 0.1546,
  "DUSKUSDT": 0.09236,
  "USDCUSDT": 0.999424,
  "STRKUSDT": 0.04279,
  "APEUSDT": 0.1095,
  "BTRUSDT": 0.1864,
  "UBUSDT": 0.03772,
  "SKYUSDT": 0.06834,
  "AEROUSDT": 0.364,
  "CRCLUSDT": 87.79,
  "OPNUSDT": 0.5468,
  "BULLAUSDT": 0.01556,
  "MSTRUSDT": 134.97,
  "SYRUPUSDT": 0.23851,
  "TRADOORUSDT": 1.405,
  "LAUSDT": 0.2362,
  "METUSDT": 0.1865,
  "GWEIUSDT": 0.035004,
  "FOGOUSDT": 0.02954,
  "XPINUSDT": 0.001545,
  "ZILUSDT": 0.00429,
  "TSLAUSDT": 408.51,
  "\u6211\u8e0f\u9a6c\u6765\u4e86USDT": 0.013163,
  "B2USDT": 0.7278,
  "RAVEUSDT": 0.34952,
  "HUMAUSDT": 0.011912,
  "PYTHUSDT": 0.05322,
  "EIGENUSDT": 0.199,
  "BEAMXUSDT": 0.001969,
  "ROSEUSDT": 0.01328,
  "VETUSDT": 0.007703,
  "AVNTUSDT": 0.1851,
  "ORDIUSDT": 2.567,
  "NEOUSDT": 2.839,
  "JELLYJELLYUSDT": 0.06333,
  "DYDXUSDT": 0.101,
  "SAHARAUSDT": 0.01917,
  "MOVEUSDT": 0.02222,
  "LINEAUSDT": 0.003236,
  "COMPUSDT": 19.21,
  "COLLECTUSDT": 0.03985,
  "NXPCUSDT": 0.2786,
  "ORCAUSDT": 0.905,
  "SKRUSDT": 0.021222,
  "XTZUSDT": 0.4,
  "FORMUSDT": 0.197,
  "ZKPUSDT": 0.08483,
  "CYBERUSDT": 0.548,
  "LPTUSDT": 2.406,
  "SUSDT": 0.04225,
  "STGUSDT": 0.1495,
  "ESPORTSUSDT": 0.30929,
  "SNXUSDT": 0.35,
  "WETUSDT": 0.11677,
  "PNUTUSDT": 0.04747,
  "AUCTIONUSDT": 4.901,
  "STXUSDT": 0.2704,
  "SOMIUSDT": 0.2134,
  "AWEUSDT": 0.05397,
  "FOLKSUSDT": 1.57,
  "MEUSDT": 0.1224,
  "TRIAUSDT": 0.02094,
  "ARUSDT": 1.714,
  "1000FLOKIUSDT": 0.03009,
  "BEATUSDT": 0.2081,
  "ENSUSDT": 6.437,
  "YGGUSDT": 0.04011,
  "WUSDT": 0.01957,
  "JASMYUSDT": 0.005858,
  "TRBUSDT": 14.986,
  "AGLDUSDT": 0.2674,
  "MIRAUSDT": 0.1033,
  "AXLUSDT": 0.05607,
  "API3USDT": 0.2978,
  "RESOLVUSDT": 0.06226,
  "PLUMEUSDT": 0.00964,
  "SPXUSDT": 0.3235,
  "FLOWUSDT": 0.03981,
  "DEXEUSDT": 3.668,
  "BANKUSDT": 0.0388,
  "IMXUSDT": 0.1744,
  "MERLUSDT": 0.04538,
  "USELESSUSDT": 0.04223,
  "2ZUSDT": 0.07959,
  "CLOUSDT": 0.08121,
  "EULUSDT": 1.002,
  "CYSUSDT": 0.3495,
  "INITUSDT": 0.08172,
  "VANAUSDT": 1.479,
  "EDUUSDT": 0.1134,
  "CFXUSDT": 0.05077,
  "UAIUSDT": 0.2488,
  "ATHUSDT": 0.005164,
  "GRASSUSDT": 0.2324,
  "TAUSDT": 0.03876,
  "MANAUSDT": 0.1004,
  "STEEMUSDT": 0.06492,
  "IOTAUSDT": 0.0696,
  "HOTUSDT": 0.000436,
  "MMTUSDT": 0.124,
  "JSTUSDT": 0.046009,
  "NMRUSDT": 7.894,
  "OGUSDT": 3.032,
  "COAIUSDT": 0.3168,
  "SPACEUSDT": 0.009182,
  "WCTUSDT": 0.06082,
  "QNTUSDT": 64.89,
  "GRTUSDT": 0.02726,
  "MOODENGUSDT": 0.05349,
  "4USDT": 0.00852,
  "XPTUSDT": 2406.64,
  "BIRBUSDT": 0.16641,
  "LIGHTUSDT": 0.2073,
  "SPKUSDT": 0.02069,
  "AGTUSDT": 0.005057,
  "AKEUSDT": 0.0002918,
  "KASUSDT": 0.03155,
  "LUNA2USDT": 0.06779,
  "SFPUSDT": 0.2692,
  "RUNEUSDT": 0.4088,
  "ZRXUSDT": 0.1096,
  "NAORISUSDT": 0.03106,
  "KERNELUSDT": 0.08681,
  "TAGUSDT": 0.0003403,
  "YBUSDT": 0.1776,
  "LRCUSDT": 0.03372,
  "1INCHUSDT": 0.0964,
  "BATUSDT": 0.1091,
  "THETAUSDT": 0.1965,
  "NEIROUSDT": 7.266e-05,
  "ZORAUSDT": 0.01915,
  "BREVUSDT": 0.1432,
  "IOUSDT": 0.1161,
  "KAIAUSDT": 0.05614,
  "SIGNUSDT": 0.02396,
  "EGLDUSDT": 4.677,
  "ARKMUSDT": 0.1114,
  "ZBTUSDT": 0.08091,
  "PTBUSDT": 0.001128,
  "FHEUSDT": 0.0295,
  "RPLUSDT": 1.981,
  "YFIUSDT": 2814.0,
  "COWUSDT": 0.2143,
  "ANIMEUSDT": 0.005003,
  "KGENUSDT": 0.18584,
  "OPENUSDT": 0.1559,
  "GMTUSDT": 0.01219,
  "AUSDT": 0.0816,
  "BLUAIUSDT": 0.005181,
  "PEOPLEUSDT": 0.00678,
  "NOMUSDT": 0.003831,
  "POPCATUSDT": 0.05022,
  "AIAUSDT": 0.08747,
  "PROVEUSDT": 0.2959,
  "REDUSDT": 0.1742,
  "BSVUSDT": 16.08,
  "MEGAUSDT": 0.13202,
  "SUSHIUSDT": 0.2127,
  "BOMEUSDT": 0.0003995,
  "FIGHTUSDT": 0.006773,
  "VELVETUSDT": 0.08612,
  "KSMUSDT": 5.167,
  "TWTUSDT": 0.5036,
  "SWARMSUSDT": 0.007415,
  "MAGICUSDT": 0.06505,
  "ACTUSDT": 0.01435,
  "GASUSDT": 1.606,
  "STOUSDT": 0.06207,
  "AVAAIUSDT": 0.007649,
  "MINAUSDT": 0.06006,
  "TSTUSDT": 0.00978,
  "NILUSDT": 0.05066,
  "AIXBTUSDT": 0.02086,
  "VELODROMEUSDT": 0.01659,
  "MEMEUSDT": 0.0006407,
  "TURBOUSDT": 0.0010302,
  "MANTAUSDT": 0.06508,
  "BABYUSDT": 0.01264,
  "TNSRUSDT": 0.04862,
  "STBLUSDT": 0.04458,
  "CATIUSDT": 0.03874,
  "TUTUSDT": 0.01038,
  "SUPERUSDT": 0.1182,
  "LAYERUSDT": 0.0879,
  "SOPHUSDT": 0.009212,
  "SOONUSDT": 0.1708,
  "AIOUSDT": 0.07596,
  "BLURUSDT": 0.02052,
  "AINUSDT": 0.04196,
  "EDENUSDT": 0.03508,
  "ACHUSDT": 0.007073,
  "FUSDT": 0.00586,
  "XVGUSDT": 0.005948,
  "UMAUSDT": 0.4538,
  "MASKUSDT": 0.4438,
  "SUNUSDT": 0.016169,
  "MUBARAKUSDT": 0.01367,
  "HOLOUSDT": 0.05934,
  "CELOUSDT": 0.08,
  "ASRUSDT": 1.37,
  "XNYUSDT": 0.004656,
  "IDUSDT": 0.04566,
  "TAKEUSDT": 0.01997,
  "TRUTHUSDT": 0.009593,
  "ALTUSDT": 0.007564,
  "SAPIENUSDT": 0.0893,
  "IDOLUSDT": 0.01965,
  "WALUSDT": 0.07879,
  "ARPAUSDT": 0.00999,
  "SOLVUSDT": 0.004269,
  "C98USDT": 0.0249,
  "SONICUSDT": 0.04903,
  "RAREUSDT": 0.0187,
  "ZKCUSDT": 0.0897,
  "KMNOUSDT": 0.02233,
  "INUSDT": 0.06912,
  "CTSIUSDT": 0.0252,
  "BELUSDT": 0.1001,
  "ICNTUSDT": 0.3935,
  "ANKRUSDT": 0.004357,
  "MELANIAUSDT": 0.1111,
  "RAYSOLUSDT": 0.6227,
  "ERAUSDT": 0.1477,
  "ONTUSDT": 0.0443,
  "NEWTUSDT": 0.07542,
  "GLMUSDT": 0.13792,
  "DAMUSDT": 0.02411,
  "DRIFTUSDT": 0.085,
  "DEGOUSDT": 0.3214,
  "KOMAUSDT": 0.007715,
  "STORJUSDT": 0.0968,
  "SANTOSUSDT": 1.385,
  "CVXUSDT": 1.717,
  "SKLUSDT": 0.00675,
  "POLYXUSDT": 0.04388,
  "GMXUSDT": 6.875,