{
  "BTCUSDT": 72737.6,
  "ETHUSDT": 2134.85,
  "SOLUSDT": 90.44,
  "XRPUSDT": 1.4276,
  "BNBUSDT": 655.65,
  "DOGEUSDT": 0.09689,
  "XAUUSDT": 5172.34,
  "BCHUSDT": 463.15,
  "PAXGUSDT": 5179.98,
  "HYPEUSDT": 31.749,
  "XAGUSDT": 84.55,
  "ZECUSDT": 237.79,
  "WLFIUSDT": 0.1045,
  "TRXUSDT": 0.28492,
  "UNIUSDT": 4.003,
  "SUIUSDT": 0.9552,
  "ADAUSDT": 0.2758,
  "AVAXUSDT": 9.479,
  "LINKUSDT": 9.338,
  "ASTERUSDT": 0.7199,
  "1000PEPEUSDT": 0.0036162,
  "LTCUSDT": 56.72,
  "PUMPUSDT": 0.002039,
  "ENAUSDT": 0.1173,
  "NEARUSDT": 1.289,
  "AAVEUSDT": 116.19,
  "WLDUSDT": 0.4171,
  "DOTUSDT": 1.552,
  "XPLUSDT": 0.1102,
  "FILUSDT": 1.027,
  "TRUMPUSDT": 3.44,
  "TAOUSDT": 186.59,
  "KITEUSDT": 0.2424,
  "1000SHIBUSDT": 0.005633,
  "LITUSDT": 1.308,
  "ZROUSDT": 1.8565,
  "APTUSDT": 1.0033,
  "RIVERUSDT": 17.836,
  "HUSDT": 0.13027,
  "TONUSDT": 1.3195,
  "PIPPINUSDT": 0.32363,
  "ATOMUSDT": 1.873,
  "HBARUSDT": 0.10127,
  "XMRUSDT": 364.37,
  "ARBUSDT": 0.1038,
  "XLMUSDT": 0.15957,
  "ICPUSDT": 2.537,
  "BERAUSDT": 0.5397,
  "MONUSDT": 0.02262,
  "WIFUSDT": 0.2133,
  "CRVUSDT": 0.255,
  "PENGUUSDT": 0.007187,
  "FFUSDT": 0.07293,
  "VIRTUALUSDT": 0.7424,
  "FETUSDT": 0.1546,
  "BARDUSDT": 1.3706,
  "AXSUSDT": 1.204,
  "OPUSDT": 0.1289,
  "ARCUSDT": 0.04004,
  "VVVUSDT": 6.827,
  "CCUSDT": 0.15492,
  "ETCUSDT": 8.803,
  "POLUSDT": 0.10391,
  "IPUSDT": 0.876,
  "BTCDOMUSDT": 5225.9,
  "1000BONKUSDT": 0.006203,
  "ONDOUSDT": 0.2682,
  "ETHFIUSDT": 0.5436,
  "PARTIUSDT": 0.08759,
  "FARTCOINUSDT": 0.1702,
  "TIAUSDT": 0.3388,
  "CHZUSDT": 0.03838,
  "SEIUSDT": 0.06878,
  "POWERUSDT": 0.14766,
  "SAHARAUSDT": 0.02731,
  "\u5e01\u5b89\u4eba\u751fUSDT": 0.06195,
  "BANUSDT": 0.10771,
  "SIRENUSDT": 0.38732,
  "DASHUSDT": 34.86,
  "ENSOUSDT": 1.2847,
  "SENTUSDT": 0.02105,
  "JUPUSDT": 0.1942,
  "BUSDT": 0.2292,
  "INJUSDT": 3.095,
  "SIGNUSDT": 0.03305,
  "0GUSDT": 0.6094,
  "PHAUSDT": 0.04766,
  "ESPUSDT": 0.11921,
  "KAITOUSDT": 0.3524,
  "RENDERUSDT": 1.402,
  "ROBOUSDT": 0.04432,
  "GUAUSDT": 0.26635,
  "STABLEUSDT": 0.028127,
  "LDOUSDT": 0.3163,
  "MANTRAUSDT": 0.02355,
  "FORMUSDT": 0.3097,
  "BANANAS31USDT": 0.005066,
  "ZAMAUSDT": 0.01964,
  "1000RATSUSDT": 0.04784,
  "PENDLEUSDT": 1.3148,
  "ALCHUSDT": 0.07953,
  "ZKUSDT": 0.01905,
  "SKYAIUSDT": 0.04158,
  "MORPHOUSDT": 1.9129,
  "GWEIUSDT": 0.044671,
  "GIGGLEUSDT": 30.26,
  "JELLYJELLYUSDT": 0.08242,
  "ATUSDT": 0.15621,
  "BIOUSDT": 0.0212,
  "PIEVERSEUSDT": 0.53,
  "CAKEUSDT": 1.4098,
  "SKYUSDT": 0.07756,
  "SANDUSDT": 0.08679,
  "ZENUSDT": 5.795,
  "HOMEUSDT": 0.0283,
  "BULLAUSDT": 0.02652,
  "CRCLUSDT": 104.76,
  "ALLOUSDT": 0.11969,
  "GALAUSDT": 0.00359,
  "NIGHTUSDT": 0.06158,
  "ALGOUSDT": 0.0885,
  "STRKUSDT": 0.04089,
  "LYNUSDT": 0.30338,
  "MUSDT": 1.3997,
  "MSTRUSDT": 146.24,
  "HUMAUSDT": 0.014898,
  "HANAUSDT": 0.03482,
  "EIGENUSDT": 0.2005,
  "STGUSDT": 0.1652,
  "AEROUSDT": 0.3665,
  "BTRUSDT": 0.17938,
  "TSLAUSDT": 405.15,
  "APEUSDT": 0.1035,
  "TRADOORUSDT": 1.599,
  "MYXUSDT": 0.29,
  "OPNUSDT": 0.4944,
  "GPSUSDT": 0.008503,
  "USDCUSDT": 0.999289,
  "SYRUPUSDT": 0.24212,
  "GUNUSDT": 0.01974,
  "ATHUSDT": 0.00669,
  "JTOUSDT": 0.2757,
  "AZTECUSDT": 0.02269,
  "ZILUSDT": 0.00435,
  "BEAMXUSDT": 0.001959,
  "XPINUSDT": 0.001404,
  "B2USDT": 0.7052,
  "UBUSDT": 0.03602,
  "QUSDT": 0.013717,
  "DUSKUSDT": 0.08677,
  "NEOUSDT": 2.64,
  "ORDIUSDT": 2.543,
  "1000LUNCUSDT": 0.04397,
  "METUSDT": 0.179,
  "PYTHUSDT": 0.05062,
  "DYDXUSDT": 0.097,
  "VETUSDT": 0.007456,
  "NXPCUSDT": 0.2835,
  "TAUSDT": 0.05001,
  "BEATUSDT": 0.2767,
  "XTZUSDT": 0.384,
  "AVNTUSDT": 0.1752,
  "MOVEUSDT": 0.02257,
  "CYSUSDT": 0.3844,
  "AIXBTUSDT": 0.03252,
  "1000FLOKIUSDT": 0.02919,
  "PNUTUSDT": 0.04807,
  "ROSEUSDT": 0.01227,
  "LAUSDT": 0.2119,
  "TAGUSDT": 0.0004626,
  "FOGOUSDT": 0.02254,
  "COMPUSDT": 18.09,
  "\u6211\u8e0f\u9a6c\u6765\u4e86USDT": 0.010671,
  "ESPORTSUSDT": 0.30962,
  "ENSUSDT": 6.269,
  "SUSDT": 0.04206,
  "SPXUSDT": 0.358,
  "COLLECTUSDT": 0.03861,
  "KAVAUSDT": 0.0584,
  "LINEAUSDT": 0.003251,
  "ZKPUSDT": 0.08984,
  "RESOLVUSDT": 0.06476,
  "SNXUSDT": 0.332,
  "TRBUSDT": 14.963,
  "RAVEUSDT": 0.36492,
  "LPTUSDT": 2.376,
  "USELESSUSDT": 0.04701,
  "ARUSDT": 1.695,
  "STXUSDT": 0.2707,
  "GRASSUSDT": 0.2891,
  "SKRUSDT": 0.022798,
  "AGLDUSDT": 0.231,
  "AUCTIONUSDT": 4.794,
  "ORCAUSDT": 0.906,
  "WETUSDT": 0.11301,
  "TRIAUSDT": 0.01911,
  "4USDT": 0.00941,
  "PLUMEUSDT": 0.00981,
  "JASMYUSDT": 0.005726,
  "EULUSDT": 1.125,
  "WUSDT": 0.019,
  "AGTUSDT": 0.005919,
  "CFXUSDT": 0.05029,
  "JSTUSDT": 0.048132,
  "BANKUSDT": 0.03911,
  "DEXEUSDT": 3.528,
  "IMXUSDT": 0.1584,
  "IOTAUSDT": 0.0679,
  "MANAUSDT": 0.099,
  "MOODENGUSDT": 0.05119,
  "MEUSDT": 0.1163,
  "COAIUSDT": 0.3265,
  "PEOPLEUSDT": 0.00715,
  "FLOWUSDT": 0.03443,
  "SOMIUSDT": 0.1967,
  "KGENUSDT": 0.23064,
  "CYBERUSDT": 0.553,
  "DENTUSDT": 0.00024,
  "RUNEUSDT": 0.4382,
  "YGGUSDT": 0.0399,
  "EDUUSDT": 0.1038,
  "WCTUSDT": 0.06058,
  "GRTUSDT": 0.02672,
  "THETAUSDT": 0.1978,
  "NMRUSDT": 7.764,
  "AWEUSDT": 0.05092,
  "BREVUSDT": 0.1564,
  "SFPUSDT": 0.2742,
  "SPKUSDT": 0.01976,
  "PTBUSDT": 0.001161,
  "API3USDT": 0.2884,
  "LIGHTUSDT": 0.1842,
  "INITUSDT": 0.07824,
  "QNTUSDT": 65.14,
  "2ZUSDT": 0.07349,
  "MMTUSDT": 0.1176,
  "NEIROUSDT": 7.091e-05,
  "1INCHUSDT": 0.0991,
  "EGLDUSDT": 4.219,
  "MERLUSDT": 0.04073,
  "AIOTUSDT": 0.02879,
  "COWUSDT": 0.2434,
  "LAYERUSDT": 0.0869,
  "NAORISUSDT": 0.03109,
  "ZRXUSDT": 0.1075,
  "AXLUSDT": 0.0547,
  "FOLKSUSDT": 1.245,
  "ARKMUSDT": 0.1096,
  "CLOUSDT": 0.06969,
  "BIRBUSDT": 0.15093,
  "SPACEUSDT": 0.007355,
  "MEMEUSDT": 0.0006269,
  "KASUSDT": 0.03109,
  "VANAUSDT": 1.453,
  "USUALUSDT": 0.0162,
  "IOUSDT": 0.1131,
  "ZORAUSDT": 0.01747,
  "KAIAUSDT": 0.0551,
  "VELVETUSDT": 0.09158,
  "AVAAIUSDT": 0.008167,
  "AKEUSDT": 0.0002467,
  "POPCATUSDT": 0.05078,
  "SWARMSUSDT": 0.007409,
  "PROVEUSDT": 0.2779,
  "YFIUSDT": 2705.0,
  "SOPHUSDT": 0.008718,
  "TSTUSDT": 0.00994,
  "LRCUSDT": 0.03129,
  "BOMEUSDT": 0.0004178,
  "TWTUSDT": 0.5024,
  "GMTUSDT": 0.01197,
  "AUSDT": 0.0787,
  "SUNUSDT": 0.015963,
  "TURBOUSDT": 0.0010063,
  "AIAUSDT": 0.08466,
  "SUSHIUSDT": 0.2087,
  "STEEMUSDT": 0.05714,
  "ACTUSDT": 0.01384,
  "OPENUSDT": 0.1482,
  "MIRAUSDT": 0.0916,
  "LUNA2USDT": 0.06559,
  "HIPPOUSDT": 0.0008152,
  "ANIMEUSDT": 0.00475,
  "NILUSDT": 0.05199,
  "VELODROMEUSDT": 0.01654,
  "BLUAIUSDT": 0.004566,
  "MEGAUSDT": 0.13295,
  "CATIUSDT": 0.03952,
  "BATUSDT": 0.1053,
  "DAMUSDT": 0.03037,
  "SUPERUSDT": 0.1232,
  "MUBARAKUSDT": 0.01482,
  "STOUSDT": 0.05984,
  "AIOUSDT": 0.08218,
  "FHEUSDT": 0.02836,
  "GASUSDT": 1.625,
  "TUTUSDT": 0.01059,
  "BABYUSDT": 0.01136,
  "OGUSDT": 2.795,
  "MANTAUSDT": 0.0655,
  "TNSRUSDT": 0.04517,
  "SOONUSDT": 0.1659,
  "BSVUSDT": 15.12,
  "COOKIEUSDT": 0.02209,
  "AKTUSDT": 0.3363,
  "RPLUSDT": 2.046,
  "ZBTUSDT": 0.07413,
  "MASKUSDT": 0.4541,
  "MAGICUSDT": 0.06219,
  "KNCUSDT": 0.1338,
  "ALICEUSDT": 0.129,
  "UMAUSDT": 0.4336,
  "IOTXUSDT": 0.00558,
  "SAPIENUSDT": 0.08405,
  "KERNELUSDT": 0.07557,
  "HOLOUSDT": 0.06255,
  "MINAUSDT": 0.05721,
  "KSMUSDT": 4.824,
  "AINUSDT": 0.04083,
  "ALTUSDT": 0.007392,
  "XVGUSDT": 0.005529,
  "FUSDT": 0.00561,
  "ASRUSDT": 1.328,
  "BLURUSDT": 0.01994,
  "FIGHTUSDT": 0.005934,
  "XNYUSDT": 0.006421,
  "INUSDT": 0.07048,
  "1000SATSUSDT": 1.18e-05,
  "ONTUSDT": 0.0439,
  "NOMUSDT": 0.003601,
  "FIOUSDT": 0.00937,
  "EDENUSDT": 0.03472,
  "CELOUSDT": 0.079,
  "XPTUSDT": 2186.04,
  "ANKRUSDT": 0.00425,
  "KMNOUSDT": 0.02336,
  "ZEREBROUSDT": 0.007211,
  "ENJUSDT": 0.01926,
  "TRUTHUSDT": 0.009587,
  "SKLUSDT": 0.00671,
  "GMXUSDT": 7.337,
  "KOMAUSDT": 0.008156,
  "KATUSDT": 0.01599,
  "REDUSDT": 0.1402,
  "STBLUSDT": 0.04045,
  "RAYSOLUSDT": 0.619,
  "DRIFTUSDT": 0.0887,
  "YBUSDT": 0.1663,
  "POLYXUSDT": 0.04202,
  "ERAUSDT": 0.1441,
  "ACHUSDT": 0.007304,
  "UAIUSDT": 0.2027,
  "GLMUSDT": 0.13264,
  "SOLVUSDT": 0.00392,
  "TAKEUSDT": 0.01888,