{
  "BTCUSDT": 65700.2,
  "ETHUSDT": 1916.55,
  "SOLUSDT": 80.06,
  "XRPUSDT": 1.3923,
  "BNBUSDT": 598.09,
  "BCHUSDT": 540.69,
  "DOGEUSDT": 0.09684,
  "HYPEUSDT": 28.151,
  "XAGUSDT": 77.37,
  "WLFIUSDT": 0.1162,
  "PAXGUSDT": 4981.93,
  "ZECUSDT": 255.58,
  "XAUUSDT": 4978.3,
  "TRXUSDT": 0.27901,
  "SUIUSDT": 0.9031,
  "ASTERUSDT": 0.6839,
  "LINKUSDT": 8.415,
  "1000PEPEUSDT": 0.0041923,
  "AVAXUSDT": 8.708,
  "ADAUSDT": 0.27,
  "LTCUSDT": 51.74,
  "UNIUSDT": 3.319,
  "PUMPUSDT": 0.002018,
  "ENAUSDT": 0.1097,
  "KITEUSDT": 0.22966,
  "PIPPINUSDT": 0.50144,
  "NEARUSDT": 0.992,
  "AAVEUSDT": 120.93,
  "LITUSDT": 1.47,
  "WLDUSDT": 0.3691,
  "TRUMPUSDT": 3.394,
  "ARCUSDT": 0.07742,
  "FILUSDT": 0.905,
  "TAOUSDT": 177.72,
  "XPLUSDT": 0.0893,
  "DOTUSDT": 1.272,
  "ATOMUSDT": 2.284,
  "TONUSDT": 1.3696,
  "APTUSDT": 0.8515,
  "ZROUSDT": 1.3969,
  "1000SHIBUSDT": 0.006174,
  "HBARUSDT": 0.0966,
  "XLMUSDT": 0.15791,
  "BERAUSDT": 0.5696,
  "ARBUSDT": 0.1,
  "AXSUSDT": 1.208,
  "RIVERUSDT": 8.138,
  "HUSDT": 0.16074,
  "ICPUSDT": 2.169,
  "XMRUSDT": 330.57,
  "OPUSDT": 0.139,
  "MONUSDT": 0.01981,
  "WIFUSDT": 0.2164,
  "FFUSDT": 0.07835,
  "FETUSDT": 0.1597,
  "CRVUSDT": 0.233,
  "PENGUUSDT": 0.006577,
  "BARDUSDT": 0.7632,
  "FARTCOINUSDT": 0.18,
  "ETCUSDT": 8.216,
  "IPUSDT": 1.068,
  "POWERUSDT": 0.37856,
  "1000BONKUSDT": 0.006098,
  "PARTIUSDT": 0.10291,
  "BANUSDT": 0.12191,
  "CHZUSDT": 0.03803,
  "DASHUSDT": 34.27,
  "INJUSDT": 3.18,
  "POLUSDT": 0.1031,
  "BTCDOMUSDT": 5095.8,
  "\u5e01\u5b89\u4eba\u751fUSDT": 0.08598,
  "SENTUSDT": 0.02063,
  "TIAUSDT": 0.3157,
  "ONDOUSDT": 0.2566,
  "ORCAUSDT": 1.239,
  "SEIUSDT": 0.0705,
  "VIRTUALUSDT": 0.6007,
  "ETHFIUSDT": 0.4525,
  "ZAMAUSDT": 0.02078,
  "ZKUSDT": 0.01972,
  "ENSOUSDT": 1.3585,
  "STABLEUSDT": 0.029932,
  "JUPUSDT": 0.1504,
  "0GUSDT": 0.5927,
  "ESPUSDT": 0.07641,
  "LYNUSDT": 0.2772,
  "ALCHUSDT": 0.08233,
  "SIRENUSDT": 0.21834,
  "VVVUSDT": 3.678,
  "OMUSDT": 0.06424,
  "CCUSDT": 0.15993,
  "1000RATSUSDT": 0.04766,
  "KAITOUSDT": 0.293,
  "BTRUSDT": 0.18236,
  "PENDLEUSDT": 1.1502,
  "RENDERUSDT": 1.366,
  "LDOUSDT": 0.3175,
  "NIGHTUSDT": 0.06016,
  "JTOUSDT": 0.2825,
  "UBUSDT": 0.0406,
  "ATUSDT": 0.15959,
  "QUSDT": 0.020215,
  "DUSKUSDT": 0.08495,
  "HOMEUSDT": 0.026877,
  "HANAUSDT": 0.03655,
  "CYSUSDT": 0.4628,
  "RAVEUSDT": 0.4548,
  "ZENUSDT": 5.659,
  "SANDUSDT": 0.08005,
  "GUNUSDT": 0.02843,
  "GPSUSDT": 0.013503,
  "TRADOORUSDT": 1.434,
  "BANANAS31USDT": 0.004312,
  "STRKUSDT": 0.04448,
  "MYXUSDT": 0.839,
  "SKYAIUSDT": 0.03624,
  "\u6211\u8e0f\u9a6c\u6765\u4e86USDT": 0.016783,
  "CAKEUSDT": 1.2464,
  "SKYUSDT": 0.06325,
  "MUSDT": 1.3496,
  "ALGOUSDT": 0.0888,
  "PIEVERSEUSDT": 0.3969,
  "GIGGLEUSDT": 28.87,
  "USDCUSDT": 0.99982,
  "SPACEUSDT": 0.011021,
  "APEUSDT": 0.1084,
  "GALAUSDT": 0.00376,
  "AWEUSDT": 0.06808,
  "JELLYJELLYUSDT": 0.07146,
  "XPINUSDT": 0.001897,
  "ZILUSDT": 0.00393,
  "ROSEUSDT": 0.01245,
  "PYTHUSDT": 0.05168,
  "INITUSDT": 0.09902,
  "B2USDT": 0.6998,
  "MSTRUSDT": 122.38,
  "METUSDT": 0.2082,
  "HUMAUSDT": 0.013089,
  "MORPHOUSDT": 1.3625,
  "NAORISUSDT": 0.04517,
  "ALLOUSDT": 0.10437,
  "AVNTUSDT": 0.1783,
  "CYBERUSDT": 0.5702,
  "COMPUSDT": 17.82,
  "BEAMXUSDT": 0.002214,
  "BUSDT": 0.1333,
  "MOVEUSDT": 0.02265,
  "TSLAUSDT": 405.67,
  "EIGENUSDT": 0.1912,
  "SYRUPUSDT": 0.22454,
  "ZKPUSDT": 0.09092,
  "XTZUSDT": 0.375,
  "MEUSDT": 0.123,
  "1000LUNCUSDT": 0.03437,
  "AEROUSDT": 0.31,
  "COLLECTUSDT": 0.06176,
  "GUAUSDT": 0.14834,
  "BULLAUSDT": 0.02597,
  "LAUSDT": 0.195,
  "AUCTIONUSDT": 4.831,
  "VETUSDT": 0.007638,
  "FORMUSDT": 0.2099,
  "BIOUSDT": 0.02242,
  "ENSUSDT": 6.339,
  "ESPORTSUSDT": 0.35127,
  "NEOUSDT": 2.654,
  "DYDXUSDT": 0.096,
  "BEATUSDT": 0.2553,
  "ORDIUSDT": 2.588,
  "NXPCUSDT": 0.2546,
  "LINEAUSDT": 0.003281,
  "FOGOUSDT": 0.02401,
  "PNUTUSDT": 0.04685,
  "SUSDT": 0.04247,
  "OGUSDT": 3.328,
  "1000FLOKIUSDT": 0.02975,
  "PLUMEUSDT": 0.0099,
  "STXUSDT": 0.2456,
  "FHEUSDT": 0.03977,
  "SOMIUSDT": 0.1943,
  "LRCUSDT": 0.03161,
  "RESOLVUSDT": 0.05752,
  "TRIAUSDT": 0.01562,
  "LPTUSDT": 2.279,
  "BANKUSDT": 0.04198,
  "EDUUSDT": 0.1251,
  "RPLUSDT": 2.289,
  "MERLUSDT": 0.05255,
  "LIGHTUSDT": 0.2554,
  "SNXUSDT": 0.311,
  "STGUSDT": 0.1211,
  "VANAUSDT": 1.369,
  "BIRBUSDT": 0.1656,
  "SPXUSDT": 0.3214,
  "AZTECUSDT": 0.01904,
  "CLOUSDT": 0.08317,
  "TRBUSDT": 14.715,
  "WUSDT": 0.01915,
  "ATHUSDT": 0.005442,
  "MANAUSDT": 0.0947,
  "NMRUSDT": 8.104,
  "GWEIUSDT": 0.026354,
  "2ZUSDT": 0.06966,
  "MOODENGUSDT": 0.05512,
  "WCTUSDT": 0.05784,
  "ZORAUSDT": 0.02072,
  "EULUSDT": 0.889,
  "TAGUSDT": 0.0003937,
  "LUNA2USDT": 0.06293,
  "JASMYUSDT": 0.005573,
  "UAIUSDT": 0.2334,
  "AIAUSDT": 0.10441,
  "ARUSDT": 1.882,
  "CFXUSDT": 0.05023,
  "IRUSDT": 0.09444,
  "API3USDT": 0.2911,
  "MMTUSDT": 0.1249,
  "COAIUSDT": 0.3216,
  "FLOWUSDT": 0.03491,
  "TAUSDT": 0.03563,
  "XNYUSDT": 0.005324,
  "4USDT": 0.00888,
  "SPKUSDT": 0.02027,
  "GRTUSDT": 0.02615,
  "1INCHUSDT": 0.0906,
  "IMXUSDT": 0.1558,
  "SFPUSDT": 0.2616,
  "USELESSUSDT": 0.03779,
  "QNTUSDT": 64.67,
  "IOTAUSDT": 0.0672,
  "JSTUSDT": 0.041319,
  "YFIUSDT": 2773.0,
  "ZRXUSDT": 0.1025,
  "PTBUSDT": 0.001352,
  "ARKMUSDT": 0.1077,
  "THETAUSDT": 0.19,
  "KAIAUSDT": 0.05432,
  "KGENUSDT": 0.18324,
  "NEIROUSDT": 7.16e-05,
  "MEGAUSDT": 0.13066,
  "EGLDUSDT": 4.379,
  "AXLUSDT": 0.05468,
  "SKRUSDT": 0.018306,
  "FOLKSUSDT": 1.355,
  "AGTUSDT": 0.004296,
  "ANIMEUSDT": 0.004958,
  "RUNEUSDT": 0.3922,
  "BREVUSDT": 0.1231,
  "BOMEUSDT": 0.0004076,
  "BLUAIUSDT": 0.005199,
  "COWUSDT": 0.1842,
  "MUBARAKUSDT": 0.01644,
  "GASUSDT": 1.557,
  "NILUSDT": 0.05273,
  "TWTUSDT": 0.5177,
  "MAGICUSDT": 0.0674,
  "NOMUSDT": 0.005052,
  "MANTAUSDT": 0.07056,
  "SAHARAUSDT": 0.01482,
  "KASUSDT": 0.02975,
  "TSTUSDT": 0.01027,
  "ZKCUSDT": 0.0879,
  "PEOPLEUSDT": 0.00666,
  "TUTUSDT": 0.01102,
  "AVAAIUSDT": 0.00757,
  "FUSDT": 0.005814,
  "PROVEUSDT": 0.3021,
  "SANTOSUSDT": 1.932,
  "ACTUSDT": 0.01461,
  "TAKEUSDT": 0.02409,
  "BSVUSDT": 15.99,
  "IOUSDT": 0.1072,
  "FIGHTUSDT": 0.006268,
  "MINAUSDT": 0.0615,
  "XPTUSDT": 2066.16,
  "TNSRUSDT": 0.04826,
  "AUSDT": 0.0791,
  "TURBOUSDT": 0.0010176,
  "BATUSDT": 0.1185,
  "GRASSUSDT": 0.1822,
  "SWARMSUSDT": 0.00702,
  "SOPHUSDT": 0.009039,
  "SIGNUSDT": 0.02475,
  "VELVETUSDT": 0.07799,
  "GMTUSDT": 0.01167,
  "OPENUSDT": 0.1502,
  "IDOLUSDT": 0.02135,
  "YBUSDT": 0.1586,
  "BABYUSDT": 0.01336,
  "SUPERUSDT": 0.1214,
  "AIOUSDT": 0.07395,
  "CVXUSDT": 1.93,
  "SONICUSDT": 0.05052,
  "CATIUSDT": 0.03903,
  "RAYSOLUSDT": 0.6108,
  "POPCATUSDT": 0.04912,
  "C98USDT": 0.0271,
  "BASUSDT": 0.006483,
  "XVGUSDT": 0.005903,
  "ZBTUSDT": 0.06834,
  "ONTUSDT": 0.0436,
  "SUSHIUSDT": 0.1972,
  "PROMUSDT": 1.345,
  "RECALLUSDT": 0.05556,
  "SUNUSDT": 0.017086,
  "ACHUSDT": 0.007205,
  "ICNTUSDT": 0.3729,
  "AKEUSDT": 0.0002525,
  "LAYERUSDT": 0.0817,
  "BLURUSDT": 0.0197,
  "MASKUSDT": 0.4372,
  "IRYSUSDT": 0.02423,
  "VELODROMEUSDT": 0.01378,
  "YGGUSDT": 0.03817,
  "SOLVUSDT": 0.00443,
  "ALTUSDT": 0.00785,
  "MEMEUSDT": 0.0006604,
  "CELOUSDT": 0.074,
  "FRAXUSDT": 0.6498,
  "TRUTHUSDT": 0.010044,
  "GLMUSDT": 0.17054,
  "ASRUSDT": 1.396,
  "RAREUSDT": 0.01888,
  "SOONUSDT": 0.1602,
  "CTSIUSDT": 0.0247,
  "UMAUSDT": 0.4677,
  "STOUSDT": 0.05252,
  "LSKUSDT": 0.1491,
  "ZEREBROUSDT": 0.00773,
  "THEUSDT": 0.2608,
  "DEXEUSDT": 2.203,
  "ERAUSDT": 0.1526,
  "MELANIAUSDT": 0.113,
  "EDENUSDT": 0.03214,
  "KMNOUSDT": 0.02657,
  "AIXBTUSDT": 0.01956,
  "ARIAUSDT": 0.07482,
  "ANKRUSDT": 0.004317,
  "STORJUSDT": 0.0942,
  "STBLUSDT": 0.03833,
  "IDUSDT": 0.04763,
  "DRIFTUSDT": 0.0822,
  "QTUMUSDT": 0.915,
  "RSRUSDT": 0.001442,
  "DEGOUSDT": 0.3337,
  "KSMUSDT": 4.486,
  "WALUSDT": 0.0774,
  "ONUSDT": 0.09427,
  "APRUSDT": 0.10252,
  "GMXUSDT": 6.193,
  "POLYXUSDT": 0.04266,
  "AINUSDT": 0.03349,
  "KERNELUSDT": 0.06207,
  "KOMAUSDT": 0.0072,
  "HYPERUSDT": 0.0951,
  "LABUSDT": 0.1585,