{
  "BTCUSDT": 68872.9,
  "ETHUSDT": 1997.85,
  "SOLUSDT": 86.43,
  "XRPUSDT": 1.487,
  "BNBUSDT": 627.38,
  "BCHUSDT": 568.86,
  "DOGEUSDT": 0.10099,
  "HYPEUSDT": 31.24,
  "PAXGUSDT": 4995.5,
  "XAGUSDT": 76.45,
  "ZECUSDT": 294.35,
  "XAUUSDT": 4991.3,
  "TRXUSDT": 0.28447,
  "SUIUSDT": 0.9921,
  "ASTERUSDT": 0.7288,
  "1000PEPEUSDT": 0.0044781,
  "ADAUSDT": 0.2856,
  "LINKUSDT": 8.932,
  "LTCUSDT": 55.11,
  "UNIUSDT": 3.6,
  "AVAXUSDT": 9.257,
  "PIPPINUSDT": 0.66539,
  "ENAUSDT": 0.1231,
  "PUMPUSDT": 0.002217,
  "WLFIUSDT": 0.1006,
  "AAVEUSDT": 126.98,
  "LITUSDT": 1.691,
  "NEARUSDT": 1.056,
  "KITEUSDT": 0.20716,
  "TAOUSDT": 198.89,
  "TRUMPUSDT": 3.379,
  "XPLUSDT": 0.1022,
  "WLDUSDT": 0.4037,
  "FILUSDT": 0.977,
  "ARCUSDT": 0.07939,
  "DOTUSDT": 1.375,
  "ZROUSDT": 1.7184,
  "RIVERUSDT": 12.771,
  "TONUSDT": 1.4487,
  "ATOMUSDT": 2.291,
  "APTUSDT": 0.9289,
  "1000SHIBUSDT": 0.006569,
  "HUSDT": 0.19133,
  "HBARUSDT": 0.10163,
  "BERAUSDT": 0.6494,
  "XLMUSDT": 0.16964,
  "MONUSDT": 0.02351,
  "AXSUSDT": 1.363,
  "ARBUSDT": 0.1151,
  "XMRUSDT": 327.13,
  "ICPUSDT": 2.416,
  "WIFUSDT": 0.2362,
  "FFUSDT": 0.08205,
  "CRVUSDT": 0.254,
  "PENGUUSDT": 0.007291,
  "FETUSDT": 0.1729,
  "FARTCOINUSDT": 0.2018,
  "IPUSDT": 1.175,
  "ETCUSDT": 8.832,
  "BARDUSDT": 0.8027,
  "CHZUSDT": 0.04172,
  "DASHUSDT": 38.13,
  "PARTIUSDT": 0.10798,
  "1000BONKUSDT": 0.006578,
  "OPUSDT": 0.1902,
  "\u5e01\u5b89\u4eba\u751fUSDT": 0.09915,
  "POLUSDT": 0.10832,
  "ONDOUSDT": 0.2783,
  "BTCDOMUSDT": 5074.5,
  "INITUSDT": 0.12722,
  "TIAUSDT": 0.3456,
  "SENTUSDT": 0.02209,
  "VIRTUALUSDT": 0.6548,
  "0GUSDT": 0.6502,
  "ZKUSDT": 0.02202,
  "SEIUSDT": 0.0763,
  "ZAMAUSDT": 0.0228,
  "STABLEUSDT": 0.029594,
  "ETHFIUSDT": 0.4812,
  "BANUSDT": 0.10001,
  "JUPUSDT": 0.1631,
  "SIRENUSDT": 0.2171,
  "VVVUSDT": 4.121,
  "POWERUSDT": 0.29296,
  "PENDLEUSDT": 1.2487,
  "ALCHUSDT": 0.0836,
  "LDOUSDT": 0.3462,
  "CCUSDT": 0.15985,
  "UBUSDT": 0.04593,
  "KAITOUSDT": 0.3204,
  "BTRUSDT": 0.18238,
  "CYSUSDT": 0.528,
  "INJUSDT": 3.164,
  "SKYUSDT": 0.06683,
  "1000RATSUSDT": 0.04987,
  "ZENUSDT": 6.274,
  "RENDERUSDT": 1.451,
  "OMUSDT": 0.06228,
  "ATUSDT": 0.16023,
  "ENSOUSDT": 1.0972,
  "AWEUSDT": 0.09673,
  "BANANAS31USDT": 0.004806,
  "SANDUSDT": 0.08798,
  "HANAUSDT": 0.03844,
  "MSTRUSDT": 134.92,
  "QUSDT": 0.020198,
  "NIGHTUSDT": 0.05664,
  "MYXUSDT": 1.882,
  "HOMEUSDT": 0.027899,
  "GIGGLEUSDT": 31.98,
  "\u6211\u8e0f\u9a6c\u6765\u4e86USDT": 0.0208,
  "DUSKUSDT": 0.10776,
  "SKYAIUSDT": 0.0387,
  "STRKUSDT": 0.0493,
  "ROSEUSDT": 0.01245,
  "PYTHUSDT": 0.05694,
  "LYNUSDT": 0.23854,
  "CAKEUSDT": 1.3292,
  "COMPUSDT": 19.75,
  "ALGOUSDT": 0.0945,
  "MUSDT": 1.4152,
  "PIEVERSEUSDT": 0.414,
  "USDCUSDT": 1.0,
  "TRADOORUSDT": 1.35,
  "MOVEUSDT": 0.02681,
  "SPACEUSDT": 0.010921,
  "ESPUSDT": 0.06067,
  "METUSDT": 0.2219,
  "GALAUSDT": 0.00414,
  "RPLUSDT": 2.663,
  "GPSUSDT": 0.01108,
  "ZILUSDT": 0.00436,
  "XPINUSDT": 0.001873,
  "AVNTUSDT": 0.2039,
  "BULLAUSDT": 0.02887,
  "HUMAUSDT": 0.01447,
  "B2USDT": 0.7104,
  "MORPHOUSDT": 1.37,
  "1000LUNCUSDT": 0.03506,
  "BUSDT": 0.1454,
  "ZKPUSDT": 0.094,
  "MEUSDT": 0.1375,
  "BEAMXUSDT": 0.002463,
  "COLLECTUSDT": 0.07299,
  "EIGENUSDT": 0.2133,
  "ENSUSDT": 6.827,
  "AUCTIONUSDT": 5.298,
  "SYRUPUSDT": 0.25159,
  "GUNUSDT": 0.02269,
  "SUSDT": 0.04903,
  "LINEAUSDT": 0.003676,
  "VETUSDT": 0.008308,
  "AEROUSDT": 0.323,
  "XTZUSDT": 0.399,
  "BIOUSDT": 0.02467,
  "NEOUSDT": 2.848,
  "ESPORTSUSDT": 0.37319,
  "PNUTUSDT": 0.05143,
  "TSLAUSDT": 418.04,
  "MOODENGUSDT": 0.0636,
  "JELLYJELLYUSDT": 0.06137,
  "FORMUSDT": 0.2218,
  "LAUSDT": 0.2042,
  "DYDXUSDT": 0.109,
  "RAVEUSDT": 0.39101,
  "ORDIUSDT": 2.816,
  "FHEUSDT": 0.04166,
  "BIRBUSDT": 0.19595,
  "GUAUSDT": 0.14609,
  "ALLOUSDT": 0.08744,
  "NXPCUSDT": 0.2766,
  "RESOLVUSDT": 0.06175,
  "FOGOUSDT": 0.02397,
  "OGUSDT": 3.366,
  "LPTUSDT": 2.47,
  "LRCUSDT": 0.03422,
  "MERLUSDT": 0.06257,
  "SOMIUSDT": 0.196,
  "PLUMEUSDT": 0.01093,
  "STGUSDT": 0.1487,
  "1000FLOKIUSDT": 0.03219,
  "BEATUSDT": 0.2502,
  "STXUSDT": 0.2672,
  "EDUUSDT": 0.1306,
  "VANAUSDT": 1.563,
  "ATHUSDT": 0.006065,
  "GWEIUSDT": 0.028168,
  "JTOUSDT": 0.2712,
  "TRBUSDT": 15.825,
  "2ZUSDT": 0.07785,
  "TRIAUSDT": 0.01695,
  "BANKUSDT": 0.04104,
  "COAIUSDT": 0.3589,
  "ARUSDT": 2.034,
  "AIAUSDT": 0.10881,
  "API3USDT": 0.3157,
  "XNYUSDT": 0.005771,
  "LUNA2USDT": 0.0669,
  "EULUSDT": 1.023,
  "WCTUSDT": 0.06287,
  "CFXUSDT": 0.05521,
  "USELESSUSDT": 0.05221,
  "NMRUSDT": 8.581,
  "JASMYUSDT": 0.006,
  "MUBARAKUSDT": 0.02025,
  "PTBUSDT": 0.001572,
  "WUSDT": 0.02061,
  "MANAUSDT": 0.1027,
  "CLOUSDT": 0.07244,
  "SPXUSDT": 0.3241,
  "FLOWUSDT": 0.04032,
  "4USDT": 0.01014,
  "APEUSDT": 0.1301,
  "NILUSDT": 0.05985,
  "QNTUSDT": 69.63,
  "AZTECUSDT": 0.02283,
  "IMXUSDT": 0.1706,
  "TAGUSDT": 0.0003853,
  "UAIUSDT": 0.2435,
  "JSTUSDT": 0.043084,
  "TAUSDT": 0.0372,
  "LIGHTUSDT": 0.2392,
  "GRTUSDT": 0.02815,
  "XVGUSDT": 0.006109,
  "KAIAUSDT": 0.05809,
  "COWUSDT": 0.2091,
  "MAGICUSDT": 0.07432,
  "UMAUSDT": 0.5458,
  "ZKCUSDT": 0.0978,
  "1INCHUSDT": 0.0954,
  "FRAXUSDT": 0.6772,
  "FIGHTUSDT": 0.00747,
  "ZRXUSDT": 0.1096,
  "BREVUSDT": 0.1362,
  "AGTUSDT": 0.00478,
  "SPKUSDT": 0.0213,
  "TAKEUSDT": 0.02935,
  "SFPUSDT": 0.2719,
  "BOMEUSDT": 0.0004424,
  "THETAUSDT": 0.209,
  "MMTUSDT": 0.132,
  "NEIROUSDT": 7.8e-05,
  "EGLDUSDT": 4.833,
  "TNSRUSDT": 0.05523,
  "ZORAUSDT": 0.02135,
  "YFIUSDT": 2881.0,
  "IOTAUSDT": 0.0706,
  "ACTUSDT": 0.01564,
  "MANTAUSDT": 0.08025,
  "SUPERUSDT": 0.1328,
  "NOMUSDT": 0.005519,
  "RUNEUSDT": 0.4068,
  "SNXUSDT": 0.296,
  "GRASSUSDT": 0.2062,
  "AXLUSDT": 0.06119,
  "BSVUSDT": 17.31,
  "MEGAUSDT": 0.13105,
  "TWTUSDT": 0.5401,
  "SKRUSDT": 0.020392,
  "MINAUSDT": 0.06645,
  "TSTUSDT": 0.01148,
  "SAHARAUSDT": 0.01607,
  "PEOPLEUSDT": 0.00715,
  "PROVEUSDT": 0.3281,
  "ARKMUSDT": 0.1184,
  "ANIMEUSDT": 0.005724,
  "C98USDT": 0.0307,
  "AUSDT": 0.0859,
  "BLUAIUSDT": 0.005844,
  "SIGNUSDT": 0.02713,
  "IRYSUSDT": 0.03716,
  "FOLKSUSDT": 1.333,
  "TUTUSDT": 0.01221,
  "KASUSDT": 0.03222,
  "FUSDT": 0.006325,
  "YBUSDT": 0.1769,
  "KGENUSDT": 0.17158,
  "SOPHUSDT": 0.00986,
  "ICNTUSDT": 0.471,
  "STORJUSDT": 0.1093,
  "POPCATUSDT": 0.05466,
  "TURBOUSDT": 0.0011291,
  "AVAAIUSDT": 0.00779,
  "BATUSDT": 0.1288,
  "SWARMSUSDT": 0.0076,
  "CYBERUSDT": 0.5678,
  "ACHUSDT": 0.007702,
  "GASUSDT": 1.675,
  "GMTUSDT": 0.01248,
  "CATIUSDT": 0.04166,
  "SANTOSUSDT": 1.912,
  "OPENUSDT": 0.1595,
  "SUSHIUSDT": 0.2128,
  "BABYUSDT": 0.014,
  "AIOUSDT": 0.07561,
  "LAYERUSDT": 0.0896,
  "AKEUSDT": 0.0002872,
  "IDOLUSDT": 0.02111,
  "ZBTUSDT": 0.07172,
  "MASKUSDT": 0.4726,
  "TRUTHUSDT": 0.015745,
  "MEMEUSDT": 0.0007285,
  "ONTUSDT": 0.0475,
  "SOONUSDT": 0.1832,
  "BLURUSDT": 0.0216,
  "PLAYUSDT": 0.02344,
  "CELOUSDT": 0.085,
  "YGGUSDT": 0.0416,
  "XPTUSDT": 2046.04,
  "ARPAUSDT": 0.01073,
  "IOUSDT": 0.1081,
  "SUNUSDT": 0.017392,
  "VELODROMEUSDT": 0.01479,
  "AIXBTUSDT": 0.0218,
  "KMNOUSDT": 0.03279,
  "VELVETUSDT": 0.08823,
  "STOUSDT": 0.05563,
  "ZEREBROUSDT": 0.00876,
  "ALTUSDT": 0.00862,
  "GLMUSDT": 0.18426,
  "CTSIUSDT": 0.0276,
  "SOLVUSDT": 0.00482,
  "DEEPUSDT": 0.02968,
  "ASRUSDT": 1.443,
  "SKLUSDT": 0.00713,
  "THEUSDT": 0.2716,
  "CVXUSDT": 1.965,
  "BROCCOLI714USDT": 0.01504,
  "SONICUSDT": 0.04733,
  "ONUSDT": 0.09649,
  "RAREUSDT": 0.02035,
  "WALUSDT": 0.0836,
  "INUSDT": 0.06444,
  "IDUSDT": 0.05262,
  "KOMAUSDT": 0.00842,
  "PROMUSDT": 1.47,
  "ARIAUSDT": 0.09081,
  "SYNUSDT": 0.05114,
  "STBLUSDT": 0.04086,
  "QTUMUSDT": 0.985,
  "DYMUSDT": 0.04782,
  "SAGAUSDT": 0.03459,
  "OGNUSDT": 0.0276,
  "MELANIAUSDT": 0.1202,
  "ANKRUSDT": 0.004699,
  "LISTAUSDT": 0.0964,
  "DEXEUSDT": 2.348,
  "RSRUSDT": 0.001586,
  "ERAUSDT": 0.1591,
  "KAVAUSDT": 0.0548,
  "KERNELUSDT": 0.0681,
  "BANANAUSDT": 4.721,
  "HYPERUSDT": 0.1037,
  "DRIFTUSDT": 0.092,
  "DEGOUSDT": 0.3416,
  "ORCAUSDT": 0.798,
  "KSMUSDT": 4.832,