{
  "BTCUSDT": 69057.5,
  "ETHUSDT": 2009.77,
  "SOLUSDT": 87.3,
  "XRPUSDT": 1.5199,
  "BNBUSDT": 621.44,
  "DOGEUSDT": 0.1076,
  "BCHUSDT": 557.46,
  "HYPEUSDT": 30.941,
  "PAXGUSDT": 5036.48,
  "XAGUSDT": 77.49,
  "ZECUSDT": 296.38,
  "XAUUSDT": 5038.2,
  "1000PEPEUSDT": 0.0046457,
  "SUIUSDT": 0.9868,
  "TRXUSDT": 0.28055,
  "ASTERUSDT": 0.7182,
  "LINKUSDT": 8.856,
  "ADAUSDT": 0.284,
  "PIPPINUSDT": 0.71743,
  "LTCUSDT": 55.01,
  "AVAXUSDT": 9.37,
  "UNIUSDT": 3.504,
  "ENAUSDT": 0.1231,
  "PUMPUSDT": 0.002235,
  "AAVEUSDT": 126.41,
  "WLFIUSDT": 0.1022,
  "KITEUSDT": 0.21969,
  "NEARUSDT": 1.057,
  "LITUSDT": 1.603,
  "HUSDT": 0.24021,
  "WLDUSDT": 0.4099,
  "XPLUSDT": 0.0982,
  "TRUMPUSDT": 3.432,
  "ARCUSDT": 0.07848,
  "FILUSDT": 0.968,
  "TAOUSDT": 185.13,
  "DOTUSDT": 1.366,
  "ZROUSDT": 1.8044,
  "RIVERUSDT": 13.042,
  "TONUSDT": 1.4665,
  "1000SHIBUSDT": 0.006592,
  "APTUSDT": 0.9259,
  "HBARUSDT": 0.10017,
  "BERAUSDT": 0.6508,
  "AXSUSDT": 1.393,
  "XLMUSDT": 0.17255,
  "ATOMUSDT": 2.123,
  "ARBUSDT": 0.1148,
  "XMRUSDT": 337.36,
  "MONUSDT": 0.02283,
  "ICPUSDT": 2.425,
  "WIFUSDT": 0.2338,
  "FARTCOINUSDT": 0.2025,
  "PENGUUSDT": 0.007203,
  "FFUSDT": 0.07919,
  "CRVUSDT": 0.252,
  "FETUSDT": 0.1709,
  "DASHUSDT": 37.77,
  "ETCUSDT": 8.779,
  "IPUSDT": 1.126,
  "\u5e01\u5b89\u4eba\u751fUSDT": 0.10632,
  "1000BONKUSDT": 0.006616,
  "BARDUSDT": 0.7892,
  "BTRUSDT": 0.20425,
  "OPUSDT": 0.189,
  "CHZUSDT": 0.04116,
  "PARTIUSDT": 0.10597,
  "POLUSDT": 0.10573,
  "VIRTUALUSDT": 0.6464,
  "SENTUSDT": 0.02232,
  "ONDOUSDT": 0.2801,
  "BTCDOMUSDT": 5062.4,
  "TIAUSDT": 0.3415,
  "0GUSDT": 0.6576,
  "ZKUSDT": 0.02205,
  "ZAMAUSDT": 0.02128,
  "JUPUSDT": 0.1618,
  "SEIUSDT": 0.0755,
  "ETHFIUSDT": 0.4798,
  "VVVUSDT": 3.822,
  "BANUSDT": 0.09703,
  "PENDLEUSDT": 1.2544,
  "UBUSDT": 0.04849,
  "ALCHUSDT": 0.08491,
  "CCUSDT": 0.16103,
  "LDOUSDT": 0.3434,
  "KAITOUSDT": 0.3167,
  "BANANAS31USDT": 0.005005,
  "ZENUSDT": 6.252,
  "SKYUSDT": 0.06648,
  "RENDERUSDT": 1.426,
  "INJUSDT": 3.13,
  "CYSUSDT": 0.5137,
  "\u6211\u8e0f\u9a6c\u6765\u4e86USDT": 0.027392,
  "ENSOUSDT": 1.0961,
  "ATUSDT": 0.1598,
  "OMUSDT": 0.05894,
  "STABLEUSDT": 0.023289,
  "1000RATSUSDT": 0.04755,
  "MYXUSDT": 1.992,
  "HANAUSDT": 0.03903,
  "COMPUSDT": 21.45,
  "SANDUSDT": 0.08791,
  "QUSDT": 0.021074,
  "NIGHTUSDT": 0.05689,
  "AWEUSDT": 0.09247,
  "HOMEUSDT": 0.028133,
  "MSTRUSDT": 134.83,
  "DUSKUSDT": 0.10126,
  "PYTHUSDT": 0.0553,
  "GIGGLEUSDT": 31.96,
  "STRKUSDT": 0.04906,
  "SPACEUSDT": 0.008758,
  "SKYAIUSDT": 0.03786,
  "ROSEUSDT": 0.01259,
  "GPSUSDT": 0.012341,
  "PIEVERSEUSDT": 0.4204,
  "ALGOUSDT": 0.0962,
  "ESPUSDT": 0.05733,
  "CAKEUSDT": 1.3073,
  "METUSDT": 0.2235,
  "USDCUSDT": 1.000003,
  "POWERUSDT": 0.19077,
  "LYNUSDT": 0.22491,
  "TRADOORUSDT": 1.33,
  "ZKPUSDT": 0.10134,
  "MUSDT": 1.322,
  "GALAUSDT": 0.00411,
  "MORPHOUSDT": 1.3582,
  "ZILUSDT": 0.00433,
  "COLLECTUSDT": 0.07881,
  "AVNTUSDT": 0.2006,
  "ENSUSDT": 6.71,
  "LINEAUSDT": 0.003724,
  "B2USDT": 0.6966,
  "1000LUNCUSDT": 0.03514,
  "BUSDT": 0.144,
  "GUNUSDT": 0.02306,
  "XPINUSDT": 0.001697,
  "AUCTIONUSDT": 5.168,
  "MERLUSDT": 0.06692,
  "HUMAUSDT": 0.013626,
  "EIGENUSDT": 0.2092,
  "MEUSDT": 0.1422,
  "VETUSDT": 0.008362,
  "SUSDT": 0.04859,
  "MOVEUSDT": 0.02426,
  "AEROUSDT": 0.3164,
  "BEAMXUSDT": 0.002376,
  "XNYUSDT": 0.007624,
  "XTZUSDT": 0.4,
  "EULUSDT": 1.178,
  "TSLAUSDT": 417.67,
  "SYRUPUSDT": 0.26781,
  "PNUTUSDT": 0.05069,
  "ALLOUSDT": 0.09531,
  "BIOUSDT": 0.02437,
  "FORMUSDT": 0.2194,
  "NEOUSDT": 2.829,
  "BIRBUSDT": 0.20629,
  "DYDXUSDT": 0.108,
  "RESOLVUSDT": 0.06142,
  "SIRENUSDT": 0.1402,
  "ORDIUSDT": 2.797,
  "LAUSDT": 0.2095,
  "BULLAUSDT": 0.02438,
  "JELLYJELLYUSDT": 0.0566,
  "GUAUSDT": 0.14436,
  "FHEUSDT": 0.04384,
  "OGUSDT": 3.571,
  "ESPORTSUSDT": 0.35905,
  "BEATUSDT": 0.2501,
  "LRCUSDT": 0.03332,
  "RAVEUSDT": 0.36939,
  "SOMIUSDT": 0.1985,
  "1000FLOKIUSDT": 0.03244,
  "LPTUSDT": 2.411,
  "NXPCUSDT": 0.2682,
  "FOGOUSDT": 0.02274,
  "MOODENGUSDT": 0.05659,
  "STXUSDT": 0.2652,
  "JTOUSDT": 0.27,
  "ATHUSDT": 0.006133,
  "AIAUSDT": 0.11801,
  "TAKEUSDT": 0.03608,
  "PLUMEUSDT": 0.01112,
  "VANAUSDT": 1.556,
  "STGUSDT": 0.1571,
  "COWUSDT": 0.2059,
  "EDUUSDT": 0.1289,
  "CLOUSDT": 0.0819,
  "TRBUSDT": 15.756,
  "2ZUSDT": 0.07771,
  "BANKUSDT": 0.04027,
  "NMRUSDT": 8.442,
  "WCTUSDT": 0.06221,
  "API3USDT": 0.3138,
  "ARUSDT": 2.002,
  "COAIUSDT": 0.387,
  "CFXUSDT": 0.05431,
  "JASMYUSDT": 0.005929,
  "MANAUSDT": 0.1032,
  "USELESSUSDT": 0.04097,
  "FLOWUSDT": 0.04284,
  "SPXUSDT": 0.3164,
  "TRIAUSDT": 0.01624,
  "FIGHTUSDT": 0.007577,
  "XVGUSDT": 0.006094,
  "WUSDT": 0.02028,
  "QNTUSDT": 71.17,
  "GWEIUSDT": 0.026017,
  "4USDT": 0.0102,
  "LIGHTUSDT": 0.2471,
  "TAGUSDT": 0.0003905,
  "UAIUSDT": 0.2423,
  "GRTUSDT": 0.02775,
  "KAIAUSDT": 0.05798,
  "AZTECUSDT": 0.02285,
  "TAUSDT": 0.03669,
  "APEUSDT": 0.1313,
  "ZKCUSDT": 0.098,
  "IRYSUSDT": 0.04165,
  "1INCHUSDT": 0.095,
  "JSTUSDT": 0.040418,
  "IMXUSDT": 0.1668,
  "THETAUSDT": 0.2091,
  "BREVUSDT": 0.1422,
  "MMTUSDT": 0.1316,
  "YFIUSDT": 2871.0,
  "SFPUSDT": 0.2676,
  "ZRXUSDT": 0.1096,
  "AXLUSDT": 0.06103,
  "C98USDT": 0.032,
  "FRAXUSDT": 0.6248,
  "EGLDUSDT": 5.001,
  "SPKUSDT": 0.02176,
  "IOTAUSDT": 0.0694,
  "BOMEUSDT": 0.0004312,
  "ACTUSDT": 0.01511,
  "GRASSUSDT": 0.2117,
  "SKRUSDT": 0.022195,
  "NEIROUSDT": 7.7e-05,
  "RUNEUSDT": 0.4084,
  "ZORAUSDT": 0.0211,
  "ONUSDT": 0.10963,
  "PTBUSDT": 0.001371,
  "MEGAUSDT": 0.12926,
  "NOMUSDT": 0.005439,
  "TNSRUSDT": 0.05263,
  "MUBARAKUSDT": 0.01732,
  "BSVUSDT": 16.97,
  "FOLKSUSDT": 1.369,
  "TSTUSDT": 0.01114,
  "PEOPLEUSDT": 0.00706,
  "KASUSDT": 0.03211,
  "ARKMUSDT": 0.1184,
  "NILUSDT": 0.05477,
  "SNXUSDT": 0.294,
  "TWTUSDT": 0.5075,
  "MINAUSDT": 0.0667,
  "ANIMEUSDT": 0.005588,
  "MANTAUSDT": 0.07599,
  "FUSDT": 0.006287,
  "AUSDT": 0.0859,
  "PROVEUSDT": 0.3236,
  "KGENUSDT": 0.173,
  "TURBOUSDT": 0.0011188,
  "AGTUSDT": 0.004065,
  "ICNTUSDT": 0.4643,
  "INITUSDT": 0.07327,
  "YBUSDT": 0.1775,
  "TUTUSDT": 0.01154,
  "ACHUSDT": 0.007703,
  "SOPHUSDT": 0.009636,
  "SAHARAUSDT": 0.01606,
  "SIGNUSDT": 0.02746,
  "GASUSDT": 1.656,
  "POPCATUSDT": 0.05357,
  "MASKUSDT": 0.4726,
  "MAGICUSDT": 0.06857,
  "SANTOSUSDT": 1.902,
  "AVAAIUSDT": 0.00764,
  "GMTUSDT": 0.01252,
  "BATUSDT": 0.13,
  "SWARMSUSDT": 0.00752,
  "CYBERUSDT": 0.566,
  "TRUTHUSDT": 0.014978,
  "LUNA2USDT": 0.06379,
  "BLUAIUSDT": 0.005397,
  "BABYUSDT": 0.01359,
  "LAYERUSDT": 0.0895,
  "CATIUSDT": 0.04055,
  "DEEPUSDT": 0.02948,
  "OPENUSDT": 0.1659,
  "SUNUSDT": 0.017646,
  "IDOLUSDT": 0.02089,
  "AIOUSDT": 0.0796,
  "ZBTUSDT": 0.07167,
  "BLURUSDT": 0.02141,
  "SUSHIUSDT": 0.2088,
  "MEMEUSDT": 0.0007157,
  "YGGUSDT": 0.04095,
  "SOONUSDT": 0.1836,
  "PLAYUSDT": 0.0265,
  "IOUSDT": 0.1062,
  "CELOUSDT": 0.086,
  "ONTUSDT": 0.0458,
  "SONICUSDT": 0.04787,
  "AKEUSDT": 0.0002713,
  "SUPERUSDT": 0.1259,
  "THEUSDT": 0.2719,
  "GLMUSDT": 0.19004,
  "INUSDT": 0.0653,
  "ASRUSDT": 1.493,
  "XPTUSDT": 2070.63,
  "ALTUSDT": 0.00855,
  "VELODROMEUSDT": 0.01442,
  "STOUSDT": 0.055,
  "AIXBTUSDT": 0.021,
  "CTSIUSDT": 0.0269,
  "SOLVUSDT": 0.00484,
  "ZEREBROUSDT": 0.00861,
  "VELVETUSDT": 0.08391,
  "QTUMUSDT": 0.985,
  "SYNUSDT": 0.04674,
  "BROCCOLI714USDT": 0.01446,
  "WALUSDT": 0.0833,
  "IDUSDT": 0.05226,
  "DEXEUSDT": 2.38,
  "RAREUSDT": 0.01977,
  "ANKRUSDT": 0.00459,
  "HYPERUSDT": 0.1025,
  "KMNOUSDT": 0.03036,
  "KERNELUSDT": 0.06572,
  "JCTUSDT": 0.001771,
  "DYMUSDT": 0.04593,
  "CVXUSDT": 1.924,
  "MELANIAUSDT": 0.1195,
  "AINUSDT": 0.03416,
  "EDENUSDT": 0.03352,
  "KAVAUSDT": 0.0545,
  "ORCAUSDT": 0.789,
  "BANANAUSDT": 4.668,
  "ERAUSDT": 0.1562,
  "BASUSDT": 0.005344,
  "DRIFTUSDT": 0.0913,
  "POLYXUSDT": 0.04459,
  "RSRUSDT": 0.001573,
  "KOMAUSDT": 0.00784,
  "GUSDT": 0.004046,
  "NOTUSDT": 0.0004048,
  "DEGOUSDT": 0.3315,
  "HEMIUSDT": 0.01009,
  "STBLUSDT": 0.0387,
  "SKLUSDT": 0.00675,
  "GMXUSDT": 6.412,