{
  "BTCUSDT": 67620.1,
  "ETHUSDT": 1966.78,
  "BTC/USDCUSDT": 66941.0,
  "SOLUSDT": 84.01,
  "XAGUSDT": 85.57,
  "ETH/USDCUSDT": 1950.15,
  "XAUUSDT": 5294.31,
  "BTC/USDUSDT": 67564.3,
  "XRPUSDT": 1.3474,
  "ETH/USDUSDT": 1965.93,
  "DOGEUSDT": 0.08983,
  "POWERUSDT": 1.84705,
  "BNBUSDT": 622.8,
  "HYPEUSDT": 31.895,
  "SIRENUSDT": 0.39157,
  "1000PEPEUSDT": 0.0034098,
  "PAXGUSDT": 5308.0,
  "NEARUSDT": 1.349,
  "SOL/USDCUSDT": 84.0,
  "VVVUSDT": 6.684,
  "ROBOUSDT": 0.04812,
  "ZECUSDT": 214.37,
  "ARCUSDT": 0.04541,
  "SAHARAUSDT": 0.02863,
  "SUIUSDT": 0.9003,
  "ADAUSDT": 0.266,
  "RIVERUSDT": 14.692,
  "XRP/USDCUSDT": 1.3476,
  "AVAXUSDT": 8.995,
  "BCHUSDT": 435.56,
  "DOTUSDT": 1.493,
  "FILUSDT": 0.976,
  "LINKUSDT": 8.636,
  "OPNUSDT": 0.5147,
  "PIPPINUSDT": 0.52387,
  "ASTERUSDT": 0.6907,
  "SOL/USDUSDT": 83.42,
  "PHAUSDT": 0.0359,
  "ENAUSDT": 0.1113,
  "TAOUSDT": 179.07,
  "ENSOUSDT": 1.3417,
  "PUMPUSDT": 0.001912,
  "AAVEUSDT": 117.56,
  "ETH/BTCUSDT": 1951.182136,
  "LTCUSDT": 53.46,
  "FORMUSDT": 0.2791,
  "KITEUSDT": 0.19708,
  "VIRTUALUSDT": 0.7424,
  "TSLAUSDT": 393.45,
  "UNIUSDT": 3.821,
  "1000SHIBUSDT": 0.005329,
  "WIFUSDT": 0.1971,
  "BNB/USDCUSDT": 622.98,
  "WLDUSDT": 0.3937,
  "BNB/USDUSDT": 625.0,
  "XPLUSDT": 0.1098,
  "GRASSUSDT": 0.296,
  "XRP/USDUSDT": 1.3529,
  "PENGUUSDT": 0.006871,
  "CRVUSDT": 0.245,
  "APTUSDT": 0.9702,
  "KAVAUSDT": 0.0527,
  "LYNUSDT": 0.32618,
  "CRCLUSDT": 91.4,
  "DOGE/USDUSDT": 0.08981,
  "WLFIUSDT": 0.1042,
  "ARBUSDT": 0.1002,
  "ESPUSDT": 0.11801,
  "ZROUSDT": 1.8583,
  "HBARUSDT": 0.09493,
  "OPUSDT": 0.1236,
  "FARTCOINUSDT": 0.1593,
  "GALAUSDT": 0.00342,
  "DENTUSDT": 0.000284,
  "IPUSDT": 0.835,
  "DOGE/USDCUSDT": 0.0898,
  "XLMUSDT": 0.15033,
  "ETCUSDT": 8.399,
  "TRUMPUSDT": 3.418,
  "XMRUSDT": 337.82,
  "1000BONKUSDT": 0.005855,
  "HIPPOUSDT": 0.0007223,
  "BULLAUSDT": 0.02488,
  "BARDUSDT": 1.0827,
  "DASHUSDT": 33.34,
  "POLUSDT": 0.09902,
  "KNCUSDT": 0.1395,
  "TONUSDT": 1.2281,
  "TRXUSDT": 0.28128,
  "SEIUSDT": 0.06743,
  "AXSUSDT": 1.212,
  "ICPUSDT": 2.379,
  "AIXBTUSDT": 0.02493,
  "FETUSDT": 0.1454,
  "\u5e01\u5b89\u4eba\u751fUSDT": 0.06068,
  "TIAUSDT": 0.3189,
  "ONDOUSDT": 0.2508,
  "NEAR/USDCUSDT": 1.349,
  "SUI/USDCUSDT": 0.9003,
  "XPTUSDT": 2181.96,
  "BEATUSDT": 0.2644,
  "ZETAUSDT": 0.05367,
  "ATOMUSDT": 1.8,
  "INJUSDT": 3.022,
  "BIOUSDT": 0.02015,
  "MYXUSDT": 0.377,
  "JUPUSDT": 0.1732,
  "MSTRUSDT": 132.82,
  "1000RATSUSDT": 0.04005,
  "CHZUSDT": 0.03603,
  "RENDERUSDT": 1.318,
  "MORPHOUSDT": 1.9119,
  "LITUSDT": 1.308,
  "USUALUSDT": 0.01428,
  "HOODUSDT": 75.09,
  "ZAMAUSDT": 0.01891,
  "RAVEUSDT": 0.35009,
  "ZEC/USDCUSDT": 214.23,
  "BERAUSDT": 0.5683,
  "KATUSDT": 0.02371,
  "4USDT": 0.00952,
  "LDOUSDT": 0.299,
  "TRUUSDT": 0.005233,
  "SKYAIUSDT": 0.04563,
  "SANDUSDT": 0.0829,
  "ADA/USDUSDT": 0.266,
  "GWEIUSDT": 0.040423,
  "EULUSDT": 1.145,
  "1000PEPE/USDCUSDT": 0.0034086,
  "ALGOUSDT": 0.0857,
  "SPXUSDT": 0.3169,
  "MONUSDT": 0.02077,
  "ALICEUSDT": 0.136,
  "FIL/USDCUSDT": 0.974,
  "BCH/USDCUSDT": 435.43,
  "FIOUSDT": 0.01074,
  "EIGENUSDT": 0.1816,
  "HUSDT": 0.12615,
  "LAUSDT": 0.2157,
  "AIOUSDT": 0.09166,
  "YGGUSDT": 0.03834,
  "SNXUSDT": 0.303,
  "WETUSDT": 0.10482,
  "ADA/USDCUSDT": 0.2659,
  "ORDIUSDT": 2.414,
  "PIEVERSEUSDT": 0.4994,
  "APEUSDT": 0.0999,
  "SUI/USDUSDT": 0.9001,
  "ATHUSDT": 0.006091,
  "STABLEUSDT": 0.030573,
  "SIGNUSDT": 0.02793,
  "SENTUSDT": 0.0208,
  "SPACEUSDT": 0.006867,
  "PLTRUSDT": 141.35,
  "MIRAUSDT": 0.088,
  "PENDLEUSDT": 1.2602,
  "0GUSDT": 0.6164,
  "LINK/USDUSDT": 8.638,
  "ETHFIUSDT": 0.497,
  "DYDXUSDT": 0.093,
  "LINK/USDCUSDT": 8.635,
  "ZENUSDT": 5.4,
  "LINEAUSDT": 0.003179,
  "ARUSDT": 1.613,
  "NEIROUSDT": 6.69e-05,
  "1000FLOKIUSDT": 0.0274,
  "LAYERUSDT": 0.0861,
  "JELLYJELLYUSDT": 0.07774,
  "STEEMUSDT": 0.05803,
  "1000LUNCUSDT": 0.04337,
  "TRBUSDT": 14.079,
  "NILUSDT": 0.05296,
  "DUSKUSDT": 0.08211,
  "JASMYUSDT": 0.005514,
  "AZTECUSDT": 0.02059,
  "TRIAUSDT": 0.01933,
  "XPDUSDT": 1719.48,
  "CCUSDT": 0.15713,
  "STRKUSDT": 0.03976,
  "CAKEUSDT": 1.3223,
  "VETUSDT": 0.00704,
  "GIGGLEUSDT": 26.26,
  "AVAX/USDCUSDT": 8.994,
  "INITUSDT": 0.08223,
  "\u6211\u8e0f\u9a6c\u6765\u4e86USDT": 0.010384,
  "XTZUSDT": 0.366,
  "COINUSDT": 176.16,
  "SKRUSDT": 0.020957,
  "ZKUSDT": 0.01841,
  "AGLDUSDT": 0.2127,
  "BREVUSDT": 0.1423,
  "UAIUSDT": 0.2002,
  "ROSEUSDT": 0.01157,
  "JTOUSDT": 0.2721,
  "ZILUSDT": 0.00418,
  "ENA/USDCUSDT": 0.1113,
  "USELESSUSDT": 0.04065,
  "MOODENGUSDT": 0.04756,
  "ORCAUSDT": 0.843,
  "AMZNUSDT": 203.63,
  "FFUSDT": 0.07425,
  "INTCUSDT": 43.92,
  "STGUSDT": 0.1655,
  "ENSUSDT": 5.881,
  "KAITOUSDT": 0.3473,
  "SUNUSDT": 0.01595,
  "SOMIUSDT": 0.1906,
  "AEROUSDT": 0.3318,
  "BASUSDT": 0.007163,
  "NEWTUSDT": 0.0701,
  "GPSUSDT": 0.008493,
  "PNUTUSDT": 0.04448,
  "FOGOUSDT": 0.02299,
  "HOLOUSDT": 0.05956,
  "GRTUSDT": 0.02537,
  "IMXUSDT": 0.1566,
  "BIRBUSDT": 0.14381,
  "1000CHEEMSUSDT": 0.000533,
  "RPLUSDT": 1.875,
  "UMAUSDT": 0.4245,
  "EGLDUSDT": 4.168,
  "LTC/USDCUSDT": 53.42,
  "AVNTUSDT": 0.1683,
  "PYTHUSDT": 0.04711,
  "NEAR/USDUSDT": 1.349,
  "MANAUSDT": 0.0948,
  "TLMUSDT": 0.001707,
  "ARKMUSDT": 0.1055,
  "TAKEUSDT": 0.02024,
  "AAVE/USDCUSDT": 117.5,
  "TURBOUSDT": 0.0009508,
  "KASUSDT": 0.02953,
  "ZKPUSDT": 0.08657,
  "THETAUSDT": 0.1882,
  "KSMUSDT": 4.507,
  "CRV/USDCUSDT": 0.2447,
  "COMPUSDT": 17.06,
  "STXUSDT": 0.2535,
  "IP/USDCUSDT": 0.834,
  "SYRUPUSDT": 0.23064,
  "SUSDT": 0.03987,
  "ALLOUSDT": 0.10211,
  "IRYSUSDT": 0.02156,
  "CYBERUSDT": 0.5391,
  "LTC/USDUSDT": 53.43,
  "DEXEUSDT": 3.474,
  "BANANAS31USDT": 0.005011,
  "BTCDOMUSDT": 5165.1,
  "NOMUSDT": 0.003484,
  "MUBARAKUSDT": 0.01379,
  "GMTUSDT": 0.01126,
  "BOMEUSDT": 0.0003838,
  "FOLKSUSDT": 1.207,
  "ARB/USDCUSDT": 0.1003,
  "WUSDT": 0.01842,
  "COLLECTUSDT": 0.03895,
  "RUNEUSDT": 0.4004,
  "CLOUSDT": 0.06892,
  "NIGHTUSDT": 0.05912,
  "AXLUSDT": 0.0528,
  "1INCHUSDT": 0.0933,
  "ATUSDT": 0.15853,
  "FIL/USDUSDT": 0.974,
  "USDCUSDT": 0.999639,
  "WOOUSDT": 0.01702,
  "SKYUSDT": 0.06916,
  "1000SATSUSDT": 1.11e-05,
  "MERLUSDT": 0.04057,
  "PLUMEUSDT": 0.00918,
  "NAORISUSDT": 0.02981,
  "PTBUSDT": 0.001189,
  "LIGHTUSDT": 0.1841,
  "MASKUSDT": 0.4246,
  "NEOUSDT": 2.559,
  "LSKUSDT": 0.1318,
  "BCH/USDUSDT": 435.61,
  "POWRUSDT": 0.06248,
  "YBUSDT": 0.1769,
  "LPTUSDT": 2.288,
  "DOT/USDUSDT": 1.493,
  "GUNUSDT": 0.02771,
  "PENGU/USDCUSDT": 0.006867,
  "EPICUSDT": 0.2998,
  "C98USDT": 0.0252,
  "MOVEUSDT": 0.02152,
  "SUSHIUSDT": 0.2003,
  "IOTAUSDT": 0.065,
  "CELOUSDT": 0.075,
  "HUMAUSDT": 0.01259,
  "MEUSDT": 0.1124,
  "BUSDT": 0.1961,
  "AAVE/USDUSDT": 117.53,
  "ZBTUSDT": 0.07504,
  "CFXUSDT": 0.04745,
  "PEOPLEUSDT": 0.00627,
  "AVAX/USDUSDT": 8.99,
  "EDUUSDT": 0.1048,
  "WCTUSDT": 0.05794,
  "RLSUSDT": 0.004417,
  "YFIUSDT": 2606.0,
  "MEMEUSDT": 0.0005738,
  "WIF/USDCUSDT": 0.1971,
  "STBLUSDT": 0.03999,
  "LUNA2USDT": 0.06361,
  "METUSDT": 0.172,
  "QNTUSDT": 62.0,
  "NOTUSDT": 0.0003586,
  "PROVEUSDT": 0.2898,
  "SPORTFUNUSDT": 0.04394,
  "ACEUSDT": 0.1492,
  "ZORAUSDT": 0.01717,
  "SONICUSDT": 0.04481,
  "ACHUSDT": 0.00676,
  "AIAUSDT": 0.08383,
  "GUAUSDT": 0.24179,
  "RAYSOLUSDT": 0.5846,
  "FLOWUSDT": 0.03566,
  "PROMPTUSDT": 0.04368,
  "KMNOUSDT": 0.02147,
  "PARTIUSDT": 0.08742,
  "KERNELUSDT": 0.07435,
  "VICUSDT": 0.04691,
  "UNI/USDUSDT": 3.82,
  "SOPHUSDT": 0.008585,
  "ONTUSDT": 0.0422,
  "FRAXUSDT": 0.6095,
  "GASUSDT": 1.584,
  "COSUSDT": 0.001015,
  "WLD/USDCUSDT": 0.3935,
  "UNI/USDCUSDT": 3.817,
  "ICXUSDT": 0.0352,
  "BTRUSDT": 0.17284,
  "SSVUSDT": 2.621,
  "RSRUSDT": 0.001478,
  "FHEUSDT": 0.02771,
  "1000SHIB/USDCUSDT": 0.005327,
  "IOUSDT": 0.1085,
  "AWEUSDT": 0.05055,
  "AGTUSDT": 0.006212,
  "ACTUSDT": 0.01381,
  "QUSDT": 0.025144,
  "ZKCUSDT": 0.0816,
  "ANIMEUSDT": 0.004697,
  "ARKUSDT": 0.1735,
  "POPCATUSDT": 0.04671,
  "UBUSDT": 0.03259,
  "2ZUSDT": 0.07193,
  "SAPIENUSDT": 0.08165,