{
  "BTCUSDT": 66862.0,
  "ETHUSDT": 1961.92,
  "SOLUSDT": 84.62,
  "XRPUSDT": 1.3795,
  "BNBUSDT": 617.7,
  "DOGEUSDT": 0.09407,
  "XAUUSDT": 5295.16,
  "XAGUSDT": 94.0,
  "BCHUSDT": 456.29,
  "PAXGUSDT": 5391.21,
  "HYPEUSDT": 30.503,
  "WLFIUSDT": 0.1116,
  "TRXUSDT": 0.28195,
  "ZECUSDT": 218.73,
  "UNIUSDT": 3.815,
  "ADAUSDT": 0.279,
  "ASTERUSDT": 0.7126,
  "SUIUSDT": 0.901,
  "LINKUSDT": 8.821,
  "AVAXUSDT": 9.136,
  "LTCUSDT": 54.34,
  "1000PEPEUSDT": 0.0036421,
  "PUMPUSDT": 0.001887,
  "ENAUSDT": 0.1036,
  "NEARUSDT": 1.158,
  "DOTUSDT": 1.621,
  "PIPPINUSDT": 0.59301,
  "AAVEUSDT": 111.54,
  "WLDUSDT": 0.3953,
  "KITEUSDT": 0.2582,
  "FILUSDT": 0.992,
  "XPLUSDT": 0.1009,
  "LITUSDT": 1.38,
  "TRUMPUSDT": 3.406,
  "POWERUSDT": 1.89411,
  "TAOUSDT": 182.35,
  "1000SHIBUSDT": 0.005761,
  "ZROUSDT": 1.7915,
  "APTUSDT": 0.9561,
  "TONUSDT": 1.2768,
  "ATOMUSDT": 1.837,
  "HBARUSDT": 0.09983,
  "BERAUSDT": 0.6162,
  "RIVERUSDT": 12.904,
  "XLMUSDT": 0.1572,
  "ARBUSDT": 0.0984,
  "WIFUSDT": 0.1924,
  "XMRUSDT": 342.36,
  "ICPUSDT": 2.443,
  "HUSDT": 0.12505,
  "CRVUSDT": 0.247,
  "AXSUSDT": 1.31,
  "MONUSDT": 0.02087,
  "FETUSDT": 0.1554,
  "FFUSDT": 0.08094,
  "VIRTUALUSDT": 0.7034,
  "OPUSDT": 0.1203,
  "ETCUSDT": 8.613,
  "PENGUUSDT": 0.006962,
  "CCUSDT": 0.16786,
  "PARTIUSDT": 0.09562,
  "BARDUSDT": 1.0283,
  "POLUSDT": 0.10755,
  "\u5e01\u5b89\u4eba\u751fUSDT": 0.07223,
  "SKYAIUSDT": 0.0615,
  "1000BONKUSDT": 0.005922,
  "FARTCOINUSDT": 0.1634,
  "BTCDOMUSDT": 5101.2,
  "CHZUSDT": 0.03408,
  "IPUSDT": 0.926,
  "DASHUSDT": 32.62,
  "ETHFIUSDT": 0.4988,
  "ARCUSDT": 0.02729,
  "BANUSDT": 0.10956,
  "ONDOUSDT": 0.2603,
  "VVVUSDT": 5.595,
  "INJUSDT": 3.078,
  "TIAUSDT": 0.3216,
  "ENSOUSDT": 1.4049,
  "0GUSDT": 0.6386,
  "SEIUSDT": 0.0677,
  "ESPUSDT": 0.12361,
  "SENTUSDT": 0.02167,
  "GWEIUSDT": 0.047952,
  "STABLEUSDT": 0.031163,
  "JUPUSDT": 0.1606,
  "KAITOUSDT": 0.3419,
  "SAHARAUSDT": 0.02023,
  "BULLAUSDT": 0.02362,
  "ZKUSDT": 0.01895,
  "ALCHUSDT": 0.08062,
  "ZAMAUSDT": 0.02258,
  "PENDLEUSDT": 1.2697,
  "QUSDT": 0.024349,
  "LDOUSDT": 0.3029,
  "RENDERUSDT": 1.404,
  "SIRENUSDT": 0.2912,
  "BUSDT": 0.1769,
  "MORPHOUSDT": 1.7763,
  "GUAUSDT": 0.22206,
  "BANANAS31USDT": 0.004712,
  "ATUSDT": 0.16034,
  "HOMEUSDT": 0.029367,
  "SIGNUSDT": 0.02697,
  "PIEVERSEUSDT": 0.5312,
  "NIGHTUSDT": 0.05767,
  "MYXUSDT": 0.408,
  "ZENUSDT": 5.306,
  "CAKEUSDT": 1.3103,
  "BIOUSDT": 0.02139,
  "MUSDT": 1.4676,
  "ALLOUSDT": 0.11325,
  "1000LUNCUSDT": 0.0461,
  "ALGOUSDT": 0.0871,
  "STRKUSDT": 0.04134,
  "SANDUSDT": 0.08353,
  "1000RATSUSDT": 0.03691,
  "BTRUSDT": 0.17988,
  "GPSUSDT": 0.009427,
  "HANAUSDT": 0.03474,
  "USDCUSDT": 0.999449,
  "GALAUSDT": 0.00356,
  "GIGGLEUSDT": 25.71,
  "MSTRUSDT": 130.8,
  "SKYUSDT": 0.06753,
  "DUSKUSDT": 0.08629,
  "APEUSDT": 0.1018,
  "LYNUSDT": 0.24993,
  "JTOUSDT": 0.2679,
  "ATHUSDT": 0.005984,
  "CRCLUSDT": 83.9,
  "GUNUSDT": 0.0265,
  "UBUSDT": 0.03603,
  "AZTECUSDT": 0.02103,
  "JELLYJELLYUSDT": 0.06713,
  "TSLAUSDT": 402.65,
  "AEROUSDT": 0.3464,
  "HUMAUSDT": 0.012446,
  "OPNUSDT": 0.4779,
  "B2USDT": 0.731,
  "STGUSDT": 0.1566,
  "ZILUSDT": 0.00416,
  "TRADOORUSDT": 1.332,
  "SYRUPUSDT": 0.22703,
  "XPINUSDT": 0.001423,
  "METUSDT": 0.1826,
  "PYTHUSDT": 0.04855,
  "ROSEUSDT": 0.0118,
  "EIGENUSDT": 0.1812,
  "BEAMXUSDT": 0.001892,
  "VETUSDT": 0.007232,
  "DYDXUSDT": 0.093,
  "FOGOUSDT": 0.02667,
  "AVNTUSDT": 0.1775,
  "NEOUSDT": 2.672,
  "LAUSDT": 0.2236,
  "\u6211\u8e0f\u9a6c\u6765\u4e86USDT": 0.011803,
  "ORDIUSDT": 2.43,
  "MOVEUSDT": 0.02179,
  "NXPCUSDT": 0.2761,
  "DENTUSDT": 0.00026,
  "ZKPUSDT": 0.08599,
  "COLLECTUSDT": 0.04328,
  "XTZUSDT": 0.379,
  "BEATUSDT": 0.2366,
  "LINEAUSDT": 0.00314,
  "RAVEUSDT": 0.34922,
  "SUSDT": 0.03964,
  "FORMUSDT": 0.1891,
  "ESPORTSUSDT": 0.30093,
  "AUCTIONUSDT": 4.845,
  "ORCAUSDT": 0.903,
  "COMPUSDT": 18.01,
  "PNUTUSDT": 0.0439,
  "LAYERUSDT": 0.0984,
  "CYBERUSDT": 0.5379,
  "1000FLOKIUSDT": 0.02772,
  "EULUSDT": 1.083,
  "ROBOUSDT": 0.03845,
  "SKRUSDT": 0.021203,
  "LPTUSDT": 2.317,
  "STXUSDT": 0.2589,
  "WUSDT": 0.01881,
  "ENSUSDT": 6.113,
  "SNXUSDT": 0.319,
  "MEUSDT": 0.1179,
  "TRBUSDT": 14.097,
  "BIRBUSDT": 0.16606,
  "ARUSDT": 1.587,
  "SOMIUSDT": 0.2085,
  "JASMYUSDT": 0.005597,
  "GRASSUSDT": 0.2657,
  "WETUSDT": 0.1017,
  "USELESSUSDT": 0.04395,
  "PLUMEUSDT": 0.00935,
  "AWEUSDT": 0.05254,
  "AGLDUSDT": 0.233,
  "RESOLVUSDT": 0.0597,
  "TRIAUSDT": 0.0187,
  "JSTUSDT": 0.047621,
  "SPXUSDT": 0.3063,
  "AXLUSDT": 0.05447,
  "TAUSDT": 0.03954,
  "BANKUSDT": 0.03645,
  "DEXEUSDT": 3.453,
  "MANAUSDT": 0.0958,
  "FLOWUSDT": 0.03857,
  "AGTUSDT": 0.005546,
  "IMXUSDT": 0.1628,
  "COAIUSDT": 0.3286,
  "IOTAUSDT": 0.0671,
  "2ZUSDT": 0.07618,
  "CFXUSDT": 0.0488,
  "YGGUSDT": 0.03777,
  "CYSUSDT": 0.3235,
  "MERLUSDT": 0.04144,
  "API3USDT": 0.2839,
  "EDUUSDT": 0.107,
  "OGUSDT": 3.041,
  "WCTUSDT": 0.0599,
  "GRTUSDT": 0.02617,
  "CLOUSDT": 0.07215,
  "INITUSDT": 0.08016,
  "QNTUSDT": 63.66,
  "NMRUSDT": 7.621,
  "MMTUSDT": 0.1188,
  "TAGUSDT": 0.0003557,
  "MOODENGUSDT": 0.05031,
  "FOLKSUSDT": 1.385,
  "SFPUSDT": 0.2599,
  "VANAUSDT": 1.449,
  "ZRXUSDT": 0.1068,
  "SPKUSDT": 0.0192,
  "NAORISUSDT": 0.03229,
  "PTBUSDT": 0.001173,
  "ALICEUSDT": 0.124,
  "SOPHUSDT": 0.009354,
  "LIGHTUSDT": 0.1886,
  "4USDT": 0.00768,
  "ZORAUSDT": 0.01852,
  "NEIROUSDT": 6.47e-05,
  "ARKMUSDT": 0.1078,
  "RUNEUSDT": 0.3986,
  "1INCHUSDT": 0.0929,
  "THETAUSDT": 0.1875,
  "AIXBTUSDT": 0.02136,
  "ANIMEUSDT": 0.004957,
  "TAKEUSDT": 0.02231,
  "IOUSDT": 0.1075,
  "XPTUSDT": 2378.83,
  "KAIAUSDT": 0.05502,
  "EGLDUSDT": 4.453,
  "SPACEUSDT": 0.008138,
  "YFIUSDT": 2621.0,
  "PEOPLEUSDT": 0.00639,
  "LRCUSDT": 0.03146,
  "BLUAIUSDT": 0.005108,
  "FHEUSDT": 0.0299,
  "LUNA2USDT": 0.06654,
  "BREVUSDT": 0.1332,
  "BATUSDT": 0.1065,
  "STEEMUSDT": 0.05666,
  "KGENUSDT": 0.18254,
  "VELVETUSDT": 0.08505,
  "KASUSDT": 0.02998,
  "MIRAUSDT": 0.0874,
  "AKEUSDT": 0.0002405,
  "COWUSDT": 0.2126,
  "OPENUSDT": 0.1469,
  "TWTUSDT": 0.4941,
  "AUSDT": 0.0802,
  "AIAUSDT": 0.08429,
  "PROVEUSDT": 0.2876,
  "BOMEUSDT": 0.000376,
  "BSVUSDT": 15.78,
  "AVAAIUSDT": 0.007524,
  "MEGAUSDT": 0.13118,
  "KERNELUSDT": 0.07773,
  "POPCATUSDT": 0.04714,
  "ACTUSDT": 0.01382,
  "UAIUSDT": 0.1702,
  "NOMUSDT": 0.003639,
  "SUSHIUSDT": 0.2073,
  "TURBOUSDT": 0.0009688,
  "SWARMSUSDT": 0.007278,
  "TSTUSDT": 0.00923,
  "STOUSDT": 0.06181,
  "TRUTHUSDT": 0.010638,
  "RPLUSDT": 1.874,
  "GMTUSDT": 0.0116,
  "VELODROMEUSDT": 0.01558,
  "SOONUSDT": 0.1669,
  "MANTAUSDT": 0.06167,
  "KSMUSDT": 4.798,
  "TUTUSDT": 0.00993,
  "CATIUSDT": 0.03792,
  "SUNUSDT": 0.015597,
  "SUPERUSDT": 0.1151,
  "BABYUSDT": 0.01167,
  "MINAUSDT": 0.05723,
  "GASUSDT": 1.602,
  "XVGUSDT": 0.00562,
  "YBUSDT": 0.1672,
  "MAGICUSDT": 0.06232,
  "FUSDT": 0.005751,
  "MEMEUSDT": 0.0005926,
  "FIGHTUSDT": 0.006347,
  "STBLUSDT": 0.04304,
  "TNSRUSDT": 0.04539,
  "ZBTUSDT": 0.07563,
  "BLURUSDT": 0.02001,
  "XNYUSDT": 0.005506,
  "ALTUSDT": 0.007367,
  "NILUSDT": 0.04816,
  "AINUSDT": 0.04134,
  "IOTXUSDT": 0.00485,
  "AIOUSDT": 0.0704,
  "IDOLUSDT": 0.02044,
  "ACHUSDT": 0.006867,
  "MUBARAKUSDT": 0.0135,
  "MASKUSDT": 0.4251,
  "REDUSDT": 0.1504,
  "C98USDT": 0.0268,
  "RAYSOLUSDT": 0.6087,
  "NEWTUSDT": 0.0701,
  "UMAUSDT": 0.4307,
  "HOLOUSDT": 0.05974,
  "ASRUSDT": 1.313,
  "ONTUSDT": 0.0429,
  "SAPIENUSDT": 0.08692,
  "GLMUSDT": 0.13551,
  "ERAUSDT": 0.147,
  "WALUSDT": 0.07845,
  "CELOUSDT": 0.077,
  "CTSIUSDT": 0.0248,
  "INUSDT": 0.06776,
  "DRIFTUSDT": 0.0886,
  "KOMAUSDT": 0.007737,
  "ZKCUSDT": 0.085,
  "HOTUSDT": 0.000393,
  "EDENUSDT": 0.03265,
  "KMNOUSDT": 0.02117,
  "MELANIAUSDT": 0.1104,
  "ANKRUSDT": 0.004253,
  "SKLUSDT": 0.00657,
  "SONICUSDT": 0.04537,
  "ICNTUSDT": 0.3837,
  "SOLVUSDT": 0.003981,
  "RSRUSDT": 0.001471,
  "DAMUSDT": 0.02237,
  "POLYXUSDT": 0.04264,
  "SANTOSUSDT": 1.335,
  "ENJUSDT": 0.01943,
  "QTUMUSDT": 0.907,
  "KAVAUSDT": 0.0487,
  "NOTUSDT": 0.0003531,