{
  "BTCUSDT": 68164.8,
  "ETHUSDT": 1972.83,
  "SOLUSDT": 85.08,
  "XRPUSDT": 1.4389,
  "BNBUSDT": 629.98,
  "BCHUSDT": 569.16,
  "DOGEUSDT": 0.10006,
  "HYPEUSDT": 30.329,
  "XAGUSDT": 84.54,
  "WLFIUSDT": 0.1199,
  "PAXGUSDT": 5121.53,
  "XAUUSDT": 5112.44,
  "ZECUSDT": 261.65,
  "TRXUSDT": 0.28655,
  "SUIUSDT": 0.9567,
  "ASTERUSDT": 0.7297,
  "LINKUSDT": 8.911,
  "UNIUSDT": 3.644,
  "ADAUSDT": 0.2836,
  "AVAXUSDT": 9.258,
  "LTCUSDT": 55.0,
  "1000PEPEUSDT": 0.0042939,
  "PUMPUSDT": 0.002125,
  "ENAUSDT": 0.1114,
  "AAVEUSDT": 120.54,
  "KITEUSDT": 0.23668,
  "NEARUSDT": 1.098,
  "PIPPINUSDT": 0.49662,
  "WLDUSDT": 0.3948,
  "TRUMPUSDT": 3.516,
  "LITUSDT": 1.498,
  "FILUSDT": 1.006,
  "XPLUSDT": 0.0997,
  "TAOUSDT": 181.22,
  "DOTUSDT": 1.387,
  "ARCUSDT": 0.07325,
  "ZROUSDT": 1.6939,
  "ATOMUSDT": 2.376,
  "APTUSDT": 0.9028,
  "ARBUSDT": 0.1035,
  "ENSOUSDT": 1.9894,
  "TONUSDT": 1.328,
  "1000SHIBUSDT": 0.006514,
  "HBARUSDT": 0.09993,
  "XLMUSDT": 0.16286,
  "AXSUSDT": 1.33,
  "ICPUSDT": 2.239,
  "BERAUSDT": 0.5839,
  "OPUSDT": 0.133,
  "RIVERUSDT": 8.277,
  "HUSDT": 0.1654,
  "ETCUSDT": 9.603,
  "MONUSDT": 0.02121,
  "XMRUSDT": 329.2,
  "AZTECUSDT": 0.03633,
  "POWERUSDT": 0.4602,
  "FETUSDT": 0.1686,
  "WIFUSDT": 0.2265,
  "FFUSDT": 0.08088,
  "PENGUUSDT": 0.00702,
  "CRVUSDT": 0.245,
  "BARDUSDT": 0.7567,
  "FARTCOINUSDT": 0.1874,
  "1000BONKUSDT": 0.00646,
  "INJUSDT": 3.791,
  "BANUSDT": 0.12993,
  "IPUSDT": 1.108,
  "PARTIUSDT": 0.10521,
  "\u5e01\u5b89\u4eba\u751fUSDT": 0.08806,
  "POLUSDT": 0.11066,
  "DASHUSDT": 34.81,
  "CHZUSDT": 0.0361,
  "BTCDOMUSDT": 5088.9,
  "ZAMAUSDT": 0.02518,
  "SENTUSDT": 0.02322,
  "TIAUSDT": 0.3455,
  "RAVEUSDT": 0.56736,
  "VIRTUALUSDT": 0.6486,
  "ONDOUSDT": 0.271,
  "0GUSDT": 0.6814,
  "ETHFIUSDT": 0.4768,
  "SEIUSDT": 0.0713,
  "ZKUSDT": 0.02025,
  "VVVUSDT": 4.261,
  "JUPUSDT": 0.1594,
  "LYNUSDT": 0.30776,
  "BIOUSDT": 0.02984,
  "MYXUSDT": 1.127,
  "STABLEUSDT": 0.030016,
  "RENDERUSDT": 1.489,
  "ALCHUSDT": 0.08035,
  "CCUSDT": 0.15924,
  "ALLOUSDT": 0.14163,
  "LDOUSDT": 0.3355,
  "PENDLEUSDT": 1.2363,
  "KAITOUSDT": 0.3083,
  "ESPUSDT": 0.08163,
  "QUSDT": 0.021704,
  "BTRUSDT": 0.19538,
  "1000RATSUSDT": 0.04679,
  "HOMEUSDT": 0.029174,
  "NIGHTUSDT": 0.05992,
  "ZENUSDT": 5.912,
  "SIRENUSDT": 0.22026,
  "BANANAS31USDT": 0.004615,
  "SANDUSDT": 0.08607,
  "DUSKUSDT": 0.08573,
  "ATUSDT": 0.16067,
  "SKYAIUSDT": 0.03889,
  "HANAUSDT": 0.03587,
  "ORCAUSDT": 1.093,
  "STRKUSDT": 0.04604,
  "ALGOUSDT": 0.0903,
  "CAKEUSDT": 1.3086,
  "JTOUSDT": 0.3062,
  "UBUSDT": 0.03769,
  "TRADOORUSDT": 1.41,
  "GUNUSDT": 0.02823,
  "GPSUSDT": 0.013104,
  "OMUSDT": 0.06489,
  "ZILUSDT": 0.00424,
  "MORPHOUSDT": 1.5855,
  "PIEVERSEUSDT": 0.4159,
  "MUSDT": 1.344,
  "SKYUSDT": 0.06418,
  "\u6211\u8e0f\u9a6c\u6765\u4e86USDT": 0.016434,
  "GALAUSDT": 0.00401,
  "USDCUSDT": 0.999847,
  "ROSEUSDT": 0.01371,
  "YGGUSDT": 0.04796,
  "APEUSDT": 0.1127,
  "GIGGLEUSDT": 29.55,
  "PYTHUSDT": 0.05493,
  "B2USDT": 0.7221,
  "METUSDT": 0.2142,
  "XPINUSDT": 0.001744,
  "HUMAUSDT": 0.012912,
  "CYSUSDT": 0.3831,
  "AWEUSDT": 0.05727,
  "BEAMXUSDT": 0.002316,
  "SNXUSDT": 0.383,
  "AVNTUSDT": 0.1919,
  "JELLYJELLYUSDT": 0.06681,
  "EIGENUSDT": 0.1977,
  "NAORISUSDT": 0.04688,
  "BUSDT": 0.1323,
  "MSTRUSDT": 131.57,
  "SYRUPUSDT": 0.22611,
  "COMPUSDT": 18.27,
  "DYDXUSDT": 0.103,
  "ORDIUSDT": 2.744,
  "AEROUSDT": 0.3255,
  "FOGOUSDT": 0.02711,
  "BULLAUSDT": 0.02624,
  "GUAUSDT": 0.15483,
  "XTZUSDT": 0.396,
  "INITUSDT": 0.09776,
  "MEUSDT": 0.1301,
  "SUSDT": 0.04568,
  "ZKPUSDT": 0.09289,
  "TSLAUSDT": 411.46,
  "ENSUSDT": 6.931,
  "MOVEUSDT": 0.02392,
  "SPACEUSDT": 0.009881,
  "VETUSDT": 0.007859,
  "NXPCUSDT": 0.2753,
  "NEOUSDT": 2.772,
  "FORMUSDT": 0.2122,
  "PNUTUSDT": 0.04932,
  "EULUSDT": 1.062,
  "AUCTIONUSDT": 5.116,
  "ESPORTSUSDT": 0.32812,
  "COLLECTUSDT": 0.04984,
  "CYBERUSDT": 0.574,
  "LAUSDT": 0.2102,
  "1000LUNCUSDT": 0.0371,
  "VANAUSDT": 1.621,
  "LINEAUSDT": 0.003489,
  "SOMIUSDT": 0.2104,
  "STGUSDT": 0.1467,
  "RESOLVUSDT": 0.06523,
  "BEATUSDT": 0.2457,
  "1000FLOKIUSDT": 0.03086,
  "OGUSDT": 3.335,
  "LPTUSDT": 2.369,
  "PLUMEUSDT": 0.01019,
  "STXUSDT": 0.2578,
  "CLOUSDT": 0.08766,
  "TRBUSDT": 15.537,
  "MERLUSDT": 0.05223,
  "GWEIUSDT": 0.02946,
  "BIRBUSDT": 0.1756,
  "FHEUSDT": 0.03996,
  "EDUUSDT": 0.1262,
  "GRTUSDT": 0.02871,
  "ATHUSDT": 0.005642,
  "LRCUSDT": 0.03415,
  "MOODENGUSDT": 0.05822,
  "BANKUSDT": 0.04045,
  "UAIUSDT": 0.2473,
  "WUSDT": 0.02007,
  "2ZUSDT": 0.07366,
  "MANAUSDT": 0.0997,
  "CFXUSDT": 0.0539,
  "JASMYUSDT": 0.005871,
  "NMRUSDT": 8.211,
  "ARUSDT": 2.086,
  "MMTUSDT": 0.1314,
  "WCTUSDT": 0.0617,
  "RPLUSDT": 2.436,
  "SPXUSDT": 0.3256,
  "COAIUSDT": 0.3322,
  "USELESSUSDT": 0.04238,
  "API3USDT": 0.3047,
  "TAUSDT": 0.03856,
  "AGTUSDT": 0.005215,
  "LIGHTUSDT": 0.2422,
  "IMXUSDT": 0.1711,
  "TRIAUSDT": 0.01649,
  "ZORAUSDT": 0.02077,
  "LUNA2USDT": 0.0651,
  "AIAUSDT": 0.10442,
  "4USDT": 0.00928,
  "THETAUSDT": 0.2085,
  "ZRXUSDT": 0.1139,
  "FLOWUSDT": 0.03823,
  "IOTAUSDT": 0.0704,
  "SFPUSDT": 0.277,
  "PTBUSDT": 0.001428,
  "SPKUSDT": 0.02127,
  "IOUSDT": 0.1201,
  "QNTUSDT": 65.91,
  "1INCHUSDT": 0.0942,
  "JSTUSDT": 0.042865,
  "AXLUSDT": 0.05585,
  "BREVUSDT": 0.1404,
  "FOLKSUSDT": 1.405,
  "TAGUSDT": 0.0003373,
  "NEIROUSDT": 7.56e-05,
  "RUNEUSDT": 0.4148,
  "KAIAUSDT": 0.05634,
  "ARKMUSDT": 0.1159,
  "SKRUSDT": 0.019958,
  "NOMUSDT": 0.005502,
  "YFIUSDT": 2845.0,
  "ANIMEUSDT": 0.005076,
  "EGLDUSDT": 4.671,
  "BOMEUSDT": 0.0004235,
  "FIGHTUSDT": 0.007203,
  "SAHARAUSDT": 0.01589,
  "KGENUSDT": 0.17721,
  "MEGAUSDT": 0.13023,
  "MAGICUSDT": 0.07066,
  "TWTUSDT": 0.5291,
  "AUSDT": 0.0835,
  "ZKCUSDT": 0.0911,
  "BLUAIUSDT": 0.005163,
  "PROVEUSDT": 0.3091,
  "PEOPLEUSDT": 0.00692,
  "GASUSDT": 1.615,
  "ACTUSDT": 0.01489,
  "KASUSDT": 0.03151,
  "MANTAUSDT": 0.07243,
  "COWUSDT": 0.2071,
  "TAKEUSDT": 0.02445,
  "XNYUSDT": 0.004511,
  "SIGNUSDT": 0.02602,
  "TSTUSDT": 0.01072,
  "AVAAIUSDT": 0.00778,
  "TURBOUSDT": 0.0010924,
  "MINAUSDT": 0.06342,
  "CTSIUSDT": 0.0281,
  "NILUSDT": 0.05268,
  "TUTUSDT": 0.0113,
  "GMTUSDT": 0.01233,
  "SUPERUSDT": 0.1214,
  "OPENUSDT": 0.1542,
  "GRASSUSDT": 0.1914,
  "SWARMSUSDT": 0.00721,
  "BATUSDT": 0.123,
  "AIOUSDT": 0.07802,
  "SANTOSUSDT": 1.895,
  "BSVUSDT": 16.4,
  "ZBTUSDT": 0.07417,
  "TNSRUSDT": 0.04981,
  "VELVETUSDT": 0.07975,
  "FUSDT": 0.005951,
  "YBUSDT": 0.1643,
  "SOPHUSDT": 0.009367,
  "MUBARAKUSDT": 0.01607,
  "POPCATUSDT": 0.05215,
  "CATIUSDT": 0.04046,
  "KSMUSDT": 5.007,
  "IDOLUSDT": 0.02164,
  "AKEUSDT": 0.000278,
  "XPTUSDT": 2161.35,
  "SUSHIUSDT": 0.213,
  "XVGUSDT": 0.006194,
  "BABYUSDT": 0.01338,
  "LAYERUSDT": 0.0896,
  "EDENUSDT": 0.03691,
  "ICNTUSDT": 0.4039,
  "CVXUSDT": 1.974,
  "BLURUSDT": 0.02119,
  "VELODROMEUSDT": 0.01494,
  "C98USDT": 0.0271,
  "ACHUSDT": 0.007634,
  "RAYSOLUSDT": 0.6562,
  "DOLOUSDT": 0.04093,
  "SOLVUSDT": 0.00461,
  "MASKUSDT": 0.4576,
  "DEXEUSDT": 2.494,
  "ALTUSDT": 0.0082,
  "GLMUSDT": 0.16916,
  "AIXBTUSDT": 0.02047,
  "TRUTHUSDT": 0.010472,
  "IRUSDT": 0.09328,
  "ONTUSDT": 0.0446,
  "SOONUSDT": 0.1714,
  "ASRUSDT": 1.42,
  "CELOUSDT": 0.079,
  "ANKRUSDT": 0.004617,
  "STOUSDT": 0.05652,
  "SONICUSDT": 0.05025,
  "DRIFTUSDT": 0.0918,
  "MEMEUSDT": 0.000697,
  "UMAUSDT": 0.4764,
  "RAREUSDT": 0.01929,
  "FRAXUSDT": 0.6744,
  "THEUSDT": 0.2656,
  "SUNUSDT": 0.016932,
  "DEGOUSDT": 0.3577,
  "KERNELUSDT": 0.07012,
  "MELANIAUSDT": 0.117,
  "ZEREBROUSDT": 0.00799,
  "SAPIENUSDT": 0.08696,
  "PROMUSDT": 1.32,
  "ERAUSDT": 0.1582,
  "GMXUSDT": 6.85,
  "IDUSDT": 0.04904,
  "ONUSDT": 0.09941,
  "KAVAUSDT": 0.0533,
  "WALUSDT": 0.0815,
  "WOOUSDT": 0.0187,
  "HYPERUSDT": 0.0985,
  "BANANAUSDT": 4.59,
  "RSRUSDT": 0.001515,
  "POLYXUSDT": 0.04445,
  "KMNOUSDT": 0.02805,
  "LSKUSDT": 0.1432,
  "SKLUSDT": 0.0069,
  "BIGTIMEUSDT": 0.01562,
  "STBLUSDT": 0.03779,
  "STORJUSDT": 0.0984,
  "AKTUSDT": 0.3221,
  "FIDAUSDT": 0.01795,