{
  "BTCUSDT": 67929.5,
  "ETHUSDT": 1971.81,
  "SOLUSDT": 84.97,
  "XRPUSDT": 1.4187,
  "BNBUSDT": 621.77,
  "BCHUSDT": 573.48,
  "DOGEUSDT": 0.09715,
  "HYPEUSDT": 29.418,
  "XAGUSDT": 84.73,
  "PAXGUSDT": 5130.54,
  "XAUUSDT": 5114.97,
  "WLFIUSDT": 0.1176,
  "ZECUSDT": 250.15,
  "TRXUSDT": 0.28732,
  "SUIUSDT": 0.9307,
  "ASTERUSDT": 0.7094,
  "LINKUSDT": 8.807,
  "UNIUSDT": 3.56,
  "ADAUSDT": 0.2755,
  "LTCUSDT": 54.56,
  "AVAXUSDT": 8.989,
  "PUMPUSDT": 0.002076,
  "1000PEPEUSDT": 0.0040855,
  "ENAUSDT": 0.1035,
  "PIPPINUSDT": 0.57245,
  "AAVEUSDT": 118.5,
  "NEARUSDT": 1.026,
  "KITEUSDT": 0.24092,
  "LITUSDT": 1.495,
  "WLDUSDT": 0.381,
  "TRUMPUSDT": 3.418,
  "ARCUSDT": 0.07979,
  "FILUSDT": 0.943,
  "TAOUSDT": 177.78,
  "XPLUSDT": 0.0937,
  "ENSOUSDT": 2.1138,
  "DOTUSDT": 1.326,
  "ZROUSDT": 1.7086,
  "ATOMUSDT": 2.284,
  "APTUSDT": 0.8491,
  "TONUSDT": 1.3217,
  "BERAUSDT": 0.6094,
  "XLMUSDT": 0.15612,
  "HBARUSDT": 0.09813,
  "1000SHIBUSDT": 0.006197,
  "ARBUSDT": 0.0958,
  "AXSUSDT": 1.296,
  "ICPUSDT": 2.18,
  "RIVERUSDT": 8.04,
  "OPUSDT": 0.125,
  "HUSDT": 0.16381,
  "XMRUSDT": 322.25,
  "ETCUSDT": 8.786,
  "POWERUSDT": 0.43482,
  "MONUSDT": 0.02008,
  "WIFUSDT": 0.2155,
  "FETUSDT": 0.1618,
  "FFUSDT": 0.07906,
  "BARDUSDT": 0.7764,
  "CRVUSDT": 0.233,
  "PENGUUSDT": 0.006679,
  "FARTCOINUSDT": 0.1802,
  "BANUSDT": 0.1369,
  "RAVEUSDT": 0.64565,
  "INJUSDT": 3.596,
  "\u5e01\u5b89\u4eba\u751fUSDT": 0.08437,
  "1000BONKUSDT": 0.006135,
  "PARTIUSDT": 0.10625,
  "IPUSDT": 1.079,
  "POLUSDT": 0.10707,
  "DASHUSDT": 34.12,
  "AZTECUSDT": 0.03126,
  "BTCDOMUSDT": 5107.8,
  "CHZUSDT": 0.03398,
  "SIRENUSDT": 0.27635,
  "SENTUSDT": 0.02157,
  "TIAUSDT": 0.3218,
  "ONDOUSDT": 0.2616,
  "0GUSDT": 0.6423,
  "VIRTUALUSDT": 0.6302,
  "ETHFIUSDT": 0.4507,
  "SEIUSDT": 0.0697,
  "ZKUSDT": 0.01948,
  "ZAMAUSDT": 0.02305,
  "LYNUSDT": 0.30525,
  "JUPUSDT": 0.1548,
  "VVVUSDT": 4.269,
  "OPNUSDT": 0.573,
  "STABLEUSDT": 0.028974,
  "MYXUSDT": 0.939,
  "ALCHUSDT": 0.07976,
  "CCUSDT": 0.15903,
  "QUSDT": 0.023235,
  "BIOUSDT": 0.02681,
  "PENDLEUSDT": 1.1955,
  "KAITOUSDT": 0.2976,
  "LDOUSDT": 0.3193,
  "1000RATSUSDT": 0.04631,
  "HOMEUSDT": 0.029707,
  "DUSKUSDT": 0.08041,
  "RENDERUSDT": 1.431,
  "BTRUSDT": 0.19388,
  "NIGHTUSDT": 0.05826,
  "BANANAS31USDT": 0.004582,
  "ALGOUSDT": 0.0878,
  "TRADOORUSDT": 1.47,
  "ZENUSDT": 5.746,
  "ATUSDT": 0.16062,
  "JTOUSDT": 0.3131,
  "HANAUSDT": 0.03576,
  "ESPUSDT": 0.07362,
  "SANDUSDT": 0.08233,
  "SKYAIUSDT": 0.03841,
  "STRKUSDT": 0.04396,
  "OMUSDT": 0.06788,
  "CAKEUSDT": 1.3071,
  "MORPHOUSDT": 1.6207,
  "SNXUSDT": 0.431,
  "ALLOUSDT": 0.11823,
  "ORCAUSDT": 1.023,
  "GUNUSDT": 0.02837,
  "MUSDT": 1.3604,
  "GPSUSDT": 0.01321,
  "ZILUSDT": 0.00405,
  "UBUSDT": 0.03481,
  "PIEVERSEUSDT": 0.4064,
  "SKYUSDT": 0.0648,
  "USDCUSDT": 0.999827,
  "GALAUSDT": 0.00378,
  "GIGGLEUSDT": 28.42,
  "APEUSDT": 0.1063,
  "\u6211\u8e0f\u9a6c\u6765\u4e86USDT": 0.015136,
  "B2USDT": 0.7201,
  "AWEUSDT": 0.05379,
  "ROSEUSDT": 0.01336,
  "CYBERUSDT": 0.6082,
  "PYTHUSDT": 0.05281,
  "HUMAUSDT": 0.012971,
  "XPINUSDT": 0.001677,
  "METUSDT": 0.2054,
  "BULLAUSDT": 0.02748,
  "BEAMXUSDT": 0.002233,
  "AVNTUSDT": 0.1822,
  "JELLYJELLYUSDT": 0.06475,
  "BUSDT": 0.1327,
  "CYSUSDT": 0.3804,
  "YGGUSDT": 0.04337,
  "AEROUSDT": 0.3254,
  "MSTRUSDT": 131.4,
  "NAORISUSDT": 0.04596,
  "SYRUPUSDT": 0.22527,
  "GUAUSDT": 0.15658,
  "EIGENUSDT": 0.1844,
  "INITUSDT": 0.09273,
  "NXPCUSDT": 0.2725,
  "XTZUSDT": 0.382,
  "ESPORTSUSDT": 0.34229,
  "TSLAUSDT": 411.4,
  "COLLECTUSDT": 0.05046,
  "ORDIUSDT": 2.563,
  "DYDXUSDT": 0.097,
  "ZKPUSDT": 0.08869,
  "VETUSDT": 0.007543,
  "MOVEUSDT": 0.02294,
  "FORMUSDT": 0.2075,
  "MEUSDT": 0.1236,
  "COMPUSDT": 17.52,
  "NEOUSDT": 2.699,
  "FOGOUSDT": 0.02606,
  "SPACEUSDT": 0.010254,
  "AUCTIONUSDT": 4.968,
  "LAUSDT": 0.2103,
  "ENSUSDT": 6.52,
  "SUSDT": 0.04246,
  "PNUTUSDT": 0.04695,
  "LINEAUSDT": 0.003417,
  "SOMIUSDT": 0.2118,
  "RESOLVUSDT": 0.06512,
  "1000LUNCUSDT": 0.03589,
  "VANAUSDT": 1.532,
  "1000FLOKIUSDT": 0.02951,
  "BEATUSDT": 0.2387,
  "STGUSDT": 0.1481,
  "OGUSDT": 3.311,
  "AGTUSDT": 0.005622,
  "STXUSDT": 0.2484,
  "GWEIUSDT": 0.030167,
  "PLUMEUSDT": 0.0097,
  "MERLUSDT": 0.05058,
  "CLOUSDT": 0.08844,
  "LPTUSDT": 2.311,
  "FHEUSDT": 0.03939,
  "EDUUSDT": 0.1255,
  "BIRBUSDT": 0.16599,
  "EULUSDT": 0.952,
  "TRBUSDT": 14.883,
  "UAIUSDT": 0.2484,
  "TRIAUSDT": 0.01529,
  "ARUSDT": 1.983,
  "ATHUSDT": 0.005385,
  "SAPIENUSDT": 0.10392,
  "BANKUSDT": 0.0388,
  "WUSDT": 0.01913,
  "NMRUSDT": 8.055,
  "LRCUSDT": 0.03239,
  "MANAUSDT": 0.0948,
  "CFXUSDT": 0.05176,
  "JASMYUSDT": 0.005669,
  "2ZUSDT": 0.07116,
  "WCTUSDT": 0.05956,
  "TAUSDT": 0.03889,
  "ZORAUSDT": 0.02052,
  "USELESSUSDT": 0.03868,
  "API3USDT": 0.2961,
  "GRTUSDT": 0.02712,
  "SPXUSDT": 0.3126,
  "LIGHTUSDT": 0.2358,
  "MMTUSDT": 0.1263,
  "MOODENGUSDT": 0.05476,
  "PTBUSDT": 0.001413,
  "FLOWUSDT": 0.03872,
  "TAGUSDT": 0.0003712,
  "COAIUSDT": 0.314,
  "AIAUSDT": 0.10203,
  "IMXUSDT": 0.1622,
  "IOTAUSDT": 0.0679,
  "LUNA2USDT": 0.06288,
  "RPLUSDT": 2.282,
  "IOUSDT": 0.1195,
  "AXLUSDT": 0.05501,
  "QNTUSDT": 65.27,
  "ZRXUSDT": 0.108,
  "THETAUSDT": 0.1958,
  "1INCHUSDT": 0.092,
  "SFPUSDT": 0.2634,
  "4USDT": 0.00853,
  "SPKUSDT": 0.02032,
  "JSTUSDT": 0.042645,
  "AGLDUSDT": 0.2465,
  "BREVUSDT": 0.1299,
  "KAIAUSDT": 0.05613,
  "NEIROUSDT": 7.08e-05,
  "SKRUSDT": 0.019227,
  "ARKMUSDT": 0.1093,
  "FOLKSUSDT": 1.319,
  "YFIUSDT": 2799.0,
  "MEGAUSDT": 0.13201,
  "BLUAIUSDT": 0.005368,
  "KGENUSDT": 0.18093,
  "RUNEUSDT": 0.4038,
  "EGLDUSDT": 4.463,
  "ANIMEUSDT": 0.004953,
  "BOMEUSDT": 0.0003981,
  "VTHOUSDT": 0.0006527,
  "COWUSDT": 0.2101,
  "MAGICUSDT": 0.06755,
  "FIGHTUSDT": 0.007081,
  "TWTUSDT": 0.5135,
  "PROVEUSDT": 0.2948,
  "NOMUSDT": 0.005104,
  "AIOUSDT": 0.08227,
  "PEOPLEUSDT": 0.00656,
  "KASUSDT": 0.0308,
  "TAKEUSDT": 0.0252,
  "SIGNUSDT": 0.02565,
  "SAHARAUSDT": 0.01525,
  "MANTAUSDT": 0.07014,
  "OPENUSDT": 0.1504,
  "ZKCUSDT": 0.0882,
  "XNYUSDT": 0.004499,
  "MINAUSDT": 0.06094,
  "AUSDT": 0.0809,
  "TSTUSDT": 0.01026,
  "GASUSDT": 1.565,
  "AVAAIUSDT": 0.00748,
  "ACTUSDT": 0.01404,
  "TNSRUSDT": 0.04799,
  "VELVETUSDT": 0.08073,
  "TUTUSDT": 0.01078,
  "BATUSDT": 0.1195,
  "SUPERUSDT": 0.117,
  "GMTUSDT": 0.01164,
  "TURBOUSDT": 0.0010277,
  "SANTOSUSDT": 1.889,
  "GRASSUSDT": 0.1822,
  "IDOLUSDT": 0.02176,
  "XPTUSDT": 2163.43,
  "SOPHUSDT": 0.009064,
  "TRUTHUSDT": 0.010239,
  "BSVUSDT": 15.74,
  "SWARMSUSDT": 0.00694,
  "CATIUSDT": 0.03928,
  "SUSHIUSDT": 0.2029,
  "ZBTUSDT": 0.07125,
  "YBUSDT": 0.1551,
  "AKEUSDT": 0.0002695,
  "FUSDT": 0.005741,
  "POPCATUSDT": 0.05006,
  "C98USDT": 0.0268,
  "NILUSDT": 0.04892,
  "MUBARAKUSDT": 0.01474,
  "ACHUSDT": 0.007351,
  "VELODROMEUSDT": 0.01484,
  "BABYUSDT": 0.01277,
  "CTSIUSDT": 0.0254,
  "ICNTUSDT": 0.404,
  "LAYERUSDT": 0.0857,
  "CVXUSDT": 1.869,
  "PLAYUSDT": 0.02119,
  "XVGUSDT": 0.006034,
  "SOONUSDT": 0.1717,
  "DEXEUSDT": 2.465,
  "ASRUSDT": 1.434,
  "KSMUSDT": 4.806,
  "STOUSDT": 0.05645,
  "DOLOUSDT": 0.0409,
  "BLURUSDT": 0.02024,
  "RAYSOLUSDT": 0.6328,
  "ALTUSDT": 0.00769,
  "MASKUSDT": 0.4398,
  "GLMUSDT": 0.16386,
  "SOLVUSDT": 0.00431,
  "EDENUSDT": 0.03441,
  "AIXBTUSDT": 0.0194,
  "RAREUSDT": 0.01882,
  "ONTUSDT": 0.0431,
  "CELOUSDT": 0.077,
  "IRUSDT": 0.09384,
  "FRAXUSDT": 0.6638,
  "UMAUSDT": 0.4609,
  "ANKRUSDT": 0.004382,
  "MEMEUSDT": 0.0006657,
  "DRIFTUSDT": 0.0873,
  "THEUSDT": 0.2529,
  "SONICUSDT": 0.04665,
  "ZEREBROUSDT": 0.00761,
  "DEGOUSDT": 0.3398,
  "SUNUSDT": 0.016923,
  "MELANIAUSDT": 0.1147,
  "ERAUSDT": 0.1507,
  "WOOUSDT": 0.01784,
  "IDUSDT": 0.04698,
  "APRUSDT": 0.10226,
  "KERNELUSDT": 0.06605,
  "IOTXUSDT": 0.00459,
  "ONUSDT": 0.09399,
  "KAVAUSDT": 0.0509,
  "RSRUSDT": 0.001445,
  "GMXUSDT": 6.436,
  "HYPERUSDT": 0.0954,
  "STORJUSDT": 0.0944,
  "SKLUSDT": 0.00666,
  "KMNOUSDT": 0.0275,
  "BASUSDT": 0.005101,
  "TUSDT": 0.006923,
  "WALUSDT": 0.0771,