{
  "BTCUSDT": 67999.2,
  "ETHUSDT": 1975.48,
  "SOLUSDT": 85.22,
  "XRPUSDT": 1.4201,
  "BNBUSDT": 622.1,
  "BCHUSDT": 579.41,
  "DOGEUSDT": 0.09721,
  "HYPEUSDT": 29.537,
  "XAGUSDT": 84.74,
  "PAXGUSDT": 5133.15,
  "XAUUSDT": 5114.37,
  "WLFIUSDT": 0.1191,
  "ZECUSDT": 254.28,
  "TRXUSDT": 0.28823,
  "SUIUSDT": 0.934,
  "ASTERUSDT": 0.7052,
  "LINKUSDT": 8.85,
  "UNIUSDT": 3.563,
  "ADAUSDT": 0.2763,
  "LTCUSDT": 54.44,
  "AVAXUSDT": 8.996,
  "PUMPUSDT": 0.002092,
  "1000PEPEUSDT": 0.0040864,
  "ENAUSDT": 0.1041,
  "PIPPINUSDT": 0.51214,
  "AAVEUSDT": 118.82,
  "NEARUSDT": 1.032,
  "KITEUSDT": 0.22457,
  "LITUSDT": 1.502,
  "WLDUSDT": 0.3819,
  "TRUMPUSDT": 3.396,
  "FILUSDT": 0.948,
  "ARCUSDT": 0.07991,
  "TAOUSDT": 178.38,
  "XPLUSDT": 0.0937,
  "DOTUSDT": 1.34,
  "ENSOUSDT": 2.1532,
  "ZROUSDT": 1.7192,
  "ATOMUSDT": 2.292,
  "APTUSDT": 0.8567,
  "TONUSDT": 1.3171,
  "XLMUSDT": 0.15541,
  "HBARUSDT": 0.09819,
  "1000SHIBUSDT": 0.006219,
  "AXSUSDT": 1.307,
  "ARBUSDT": 0.0955,
  "BERAUSDT": 0.5721,
  "ICPUSDT": 2.172,
  "RIVERUSDT": 7.952,
  "OPUSDT": 0.1251,
  "HUSDT": 0.16307,
  "XMRUSDT": 320.81,
  "ETCUSDT": 8.795,
  "POWERUSDT": 0.43324,
  "MONUSDT": 0.02022,
  "WIFUSDT": 0.2164,
  "FETUSDT": 0.1618,
  "FFUSDT": 0.07897,
  "CRVUSDT": 0.232,
  "PENGUUSDT": 0.006676,
  "BARDUSDT": 0.7555,
  "FARTCOINUSDT": 0.18,
  "RAVEUSDT": 0.63918,
  "BANUSDT": 0.13527,
  "INJUSDT": 3.599,
  "\u5e01\u5b89\u4eba\u751fUSDT": 0.08385,
  "PARTIUSDT": 0.10693,
  "IPUSDT": 1.083,
  "1000BONKUSDT": 0.00613,
  "POLUSDT": 0.10719,
  "AZTECUSDT": 0.03218,
  "DASHUSDT": 33.86,
  "BTCDOMUSDT": 5107.1,
  "SIRENUSDT": 0.27821,
  "CHZUSDT": 0.03368,
  "TIAUSDT": 0.3239,
  "0GUSDT": 0.6519,
  "ONDOUSDT": 0.2645,
  "SENTUSDT": 0.02121,
  "VIRTUALUSDT": 0.6283,
  "ETHFIUSDT": 0.4518,
  "SEIUSDT": 0.0697,
  "ZKUSDT": 0.0195,
  "LYNUSDT": 0.30613,
  "JUPUSDT": 0.1547,
  "VVVUSDT": 4.323,
  "ZAMAUSDT": 0.02242,
  "OPNUSDT": 0.6001,
  "STABLEUSDT": 0.028494,
  "MYXUSDT": 0.942,
  "ALCHUSDT": 0.08028,
  "CCUSDT": 0.16055,
  "QUSDT": 0.022841,
  "BIOUSDT": 0.02689,
  "PENDLEUSDT": 1.2003,
  "KAITOUSDT": 0.2979,
  "LDOUSDT": 0.3214,
  "HOMEUSDT": 0.029847,
  "1000RATSUSDT": 0.04579,
  "RENDERUSDT": 1.439,
  "BTRUSDT": 0.19391,
  "DUSKUSDT": 0.07904,
  "BANANAS31USDT": 0.004599,
  "JTOUSDT": 0.3169,
  "NIGHTUSDT": 0.05796,
  "ALGOUSDT": 0.088,
  "ATUSDT": 0.16084,
  "ZENUSDT": 5.768,
  "HANAUSDT": 0.03596,
  "SKYAIUSDT": 0.03841,
  "SANDUSDT": 0.08251,
  "TRADOORUSDT": 1.434,
  "STRKUSDT": 0.04418,
  "ESPUSDT": 0.07333,
  "OMUSDT": 0.0673,
  "CAKEUSDT": 1.3096,
  "MORPHOUSDT": 1.6202,
  "SNXUSDT": 0.427,
  "ALLOUSDT": 0.1188,
  "ORCAUSDT": 1.017,
  "GUNUSDT": 0.02815,
  "MUSDT": 1.3584,
  "UBUSDT": 0.03497,
  "ZILUSDT": 0.00404,
  "GPSUSDT": 0.013101,
  "PIEVERSEUSDT": 0.4064,
  "SKYUSDT": 0.0646,
  "USDCUSDT": 0.999826,
  "GALAUSDT": 0.00378,
  "GIGGLEUSDT": 28.39,
  "APEUSDT": 0.107,
  "CYBERUSDT": 0.6172,
  "\u6211\u8e0f\u9a6c\u6765\u4e86USDT": 0.015183,
  "B2USDT": 0.7205,
  "AWEUSDT": 0.05374,
  "HUMAUSDT": 0.013227,
  "ROSEUSDT": 0.01318,
  "PYTHUSDT": 0.05277,
  "XPINUSDT": 0.001678,
  "BULLAUSDT": 0.02782,
  "BEAMXUSDT": 0.002241,
  "METUSDT": 0.2068,
  "AVNTUSDT": 0.1826,
  "JELLYJELLYUSDT": 0.06489,
  "YGGUSDT": 0.04359,
  "CYSUSDT": 0.383,
  "SYRUPUSDT": 0.22696,
  "BUSDT": 0.1321,
  "MSTRUSDT": 131.47,
  "AEROUSDT": 0.3228,
  "NXPCUSDT": 0.2778,
  "EIGENUSDT": 0.1853,
  "GUAUSDT": 0.15294,
  "NAORISUSDT": 0.04419,
  "XTZUSDT": 0.384,
  "TSLAUSDT": 411.46,
  "ORDIUSDT": 2.562,
  "DYDXUSDT": 0.097,
  "ESPORTSUSDT": 0.33587,
  "FORMUSDT": 0.2097,
  "SPACEUSDT": 0.010118,
  "VETUSDT": 0.007564,
  "MOVEUSDT": 0.02304,
  "MEUSDT": 0.1246,
  "COMPUSDT": 17.59,
  "NEOUSDT": 2.698,
  "ZKPUSDT": 0.088,
  "INITUSDT": 0.08991,
  "LAUSDT": 0.2129,
  "COLLECTUSDT": 0.04758,
  "AUCTIONUSDT": 4.962,
  "FOGOUSDT": 0.02549,
  "SUSDT": 0.04254,
  "ENSUSDT": 6.534,
  "PNUTUSDT": 0.04699,
  "LINEAUSDT": 0.003419,
  "SOMIUSDT": 0.2112,
  "1000LUNCUSDT": 0.03616,
  "RESOLVUSDT": 0.06527,
  "VANAUSDT": 1.531,
  "BEATUSDT": 0.2398,
  "STGUSDT": 0.149,
  "1000FLOKIUSDT": 0.02956,
  "OGUSDT": 3.306,
  "STXUSDT": 0.2491,
  "PLUMEUSDT": 0.00975,
  "LPTUSDT": 2.308,
  "AGTUSDT": 0.005486,
  "MERLUSDT": 0.05034,
  "CLOUSDT": 0.08739,
  "FHEUSDT": 0.0392,
  "EDUUSDT": 0.1265,
  "GWEIUSDT": 0.029426,
  "BIRBUSDT": 0.16682,
  "EULUSDT": 0.956,
  "TRBUSDT": 14.921,
  "ATHUSDT": 0.005427,
  "UAIUSDT": 0.2446,
  "TRIAUSDT": 0.01538,
  "ARUSDT": 1.983,
  "BANKUSDT": 0.03864,
  "WUSDT": 0.01922,
  "LRCUSDT": 0.0325,
  "NMRUSDT": 8.056,
  "MANAUSDT": 0.095,
  "JASMYUSDT": 0.005669,
  "CFXUSDT": 0.05172,
  "2ZUSDT": 0.07132,
  "ZORAUSDT": 0.02053,
  "WCTUSDT": 0.05982,
  "USELESSUSDT": 0.0387,
  "API3USDT": 0.2959,
  "TAUSDT": 0.0382,
  "GRTUSDT": 0.02703,
  "SPXUSDT": 0.3124,
  "MMTUSDT": 0.1267,
  "LIGHTUSDT": 0.2361,
  "MOODENGUSDT": 0.05497,
  "PTBUSDT": 0.00142,
  "TAGUSDT": 0.0003758,
  "FLOWUSDT": 0.03872,
  "COAIUSDT": 0.3156,
  "IMXUSDT": 0.1628,
  "RPLUSDT": 2.286,
  "IOTAUSDT": 0.0681,
  "LUNA2USDT": 0.06304,
  "AIAUSDT": 0.10149,
  "IOUSDT": 0.1185,
  "ZRXUSDT": 0.1088,
  "AXLUSDT": 0.05504,
  "THETAUSDT": 0.1962,
  "QNTUSDT": 65.45,
  "1INCHUSDT": 0.0924,
  "SFPUSDT": 0.2644,
  "AGLDUSDT": 0.2488,
  "JSTUSDT": 0.042724,
  "4USDT": 0.00851,
  "SPKUSDT": 0.02017,
  "KAIAUSDT": 0.05658,
  "BREVUSDT": 0.1299,
  "VTHOUSDT": 0.0006774,
  "SKRUSDT": 0.018815,
  "FOLKSUSDT": 1.301,
  "ARKMUSDT": 0.1096,
  "NEIROUSDT": 7.08e-05,
  "YFIUSDT": 2797.0,
  "KGENUSDT": 0.18088,
  "RUNEUSDT": 0.4056,
  "MEGAUSDT": 0.13116,
  "BLUAIUSDT": 0.00535,
  "FIGHTUSDT": 0.007121,
  "ANIMEUSDT": 0.004949,
  "EGLDUSDT": 4.479,
  "COWUSDT": 0.2101,
  "KASUSDT": 0.03103,
  "TWTUSDT": 0.5176,
  "ZKCUSDT": 0.0889,
  "PEOPLEUSDT": 0.00658,
  "NOMUSDT": 0.005099,
  "BOMEUSDT": 0.000398,
  "AIOUSDT": 0.08141,
  "MAGICUSDT": 0.06751,
  "PROVEUSDT": 0.2924,
  "OPENUSDT": 0.1516,
  "SAHARAUSDT": 0.01524,
  "SIGNUSDT": 0.0256,
  "MANTAUSDT": 0.06984,
  "XNYUSDT": 0.00448,
  "TAKEUSDT": 0.02476,
  "MINAUSDT": 0.06108,
  "AUSDT": 0.0809,
  "TSTUSDT": 0.01033,
  "AVAAIUSDT": 0.00752,
  "GASUSDT": 1.569,
  "ACTUSDT": 0.01415,
  "TUTUSDT": 0.01084,
  "GMTUSDT": 0.01169,
  "BATUSDT": 0.1198,
  "SUPERUSDT": 0.1168,
  "SANTOSUSDT": 1.896,
  "SAPIENUSDT": 0.09421,
  "VELVETUSDT": 0.07995,
  "TNSRUSDT": 0.04754,
  "GRASSUSDT": 0.1833,
  "XPTUSDT": 2163.61,
  "TURBOUSDT": 0.0010268,
  "IDOLUSDT": 0.02197,
  "PLAYUSDT": 0.0221,
  "SOPHUSDT": 0.009025,
  "SUSHIUSDT": 0.2036,
  "BSVUSDT": 15.78,
  "SWARMSUSDT": 0.00694,
  "CATIUSDT": 0.03949,
  "TRUTHUSDT": 0.010236,
  "FUSDT": 0.005738,
  "YBUSDT": 0.1551,
  "ZBTUSDT": 0.07094,
  "POPCATUSDT": 0.05011,
  "AKEUSDT": 0.0002682,
  "VELODROMEUSDT": 0.01494,
  "MUBARAKUSDT": 0.01485,
  "NILUSDT": 0.04861,
  "LAYERUSDT": 0.0861,
  "ACHUSDT": 0.00738,
  "BABYUSDT": 0.01279,
  "ICNTUSDT": 0.4021,
  "C98USDT": 0.0259,
  "XVGUSDT": 0.006072,
  "CVXUSDT": 1.879,
  "CTSIUSDT": 0.0251,
  "KSMUSDT": 4.808,
  "DEXEUSDT": 2.446,
  "STOUSDT": 0.0564,
  "ASRUSDT": 1.424,
  "BLURUSDT": 0.02026,
  "MASKUSDT": 0.4406,
  "ALTUSDT": 0.00769,
  "RAYSOLUSDT": 0.6349,
  "GLMUSDT": 0.16439,
  "EDENUSDT": 0.03441,
  "SOLVUSDT": 0.00431,
  "SOONUSDT": 0.1679,
  "RAREUSDT": 0.0188,
  "ONTUSDT": 0.0433,
  "AIXBTUSDT": 0.01942,
  "CELOUSDT": 0.076,
  "FRAXUSDT": 0.6634,
  "UMAUSDT": 0.4607,
  "MEMEUSDT": 0.0006659,
  "ANKRUSDT": 0.004377,
  "DOLOUSDT": 0.03954,
  "THEUSDT": 0.256,
  "DRIFTUSDT": 0.0871,
  "IRUSDT": 0.09046,
  "SONICUSDT": 0.04645,
  "ZEREBROUSDT": 0.00761,
  "WOOUSDT": 0.01805,
  "DEGOUSDT": 0.3394,
  "SUNUSDT": 0.016942,
  "ERAUSDT": 0.1521,
  "IOTXUSDT": 0.0047,
  "MELANIAUSDT": 0.1143,
  "IDUSDT": 0.0471,
  "KERNELUSDT": 0.06671,
  "APRUSDT": 0.10038,
  "ONUSDT": 0.09434,
  "KAVAUSDT": 0.0508,
  "RSRUSDT": 0.001448,
  "GMXUSDT": 6.452,
  "POLYXUSDT": 0.04298,
  "HYPERUSDT": 0.0946,
  "KMNOUSDT": 0.02747,
  "TUSDT": 0.006947,
  "STORJUSDT": 0.0943,
  "WALUSDT": 0.0773,
  "QTUMUSDT": 0.925,