{
  "BTCUSDT": 64810.4,
  "ETHUSDT": 1860.44,
  "SOLUSDT": 78.11,
  "XRPUSDT": 1.357,
  "BNBUSDT": 597.71,
  "DOGEUSDT": 0.09298,
  "XAGUSDT": 88.73,
  "BCHUSDT": 500.02,
  "PAXGUSDT": 5262.75,
  "XAUUSDT": 5248.06,
  "HYPEUSDT": 26.372,
  "WLFIUSDT": 0.11,
  "ZECUSDT": 238.82,
  "TRXUSDT": 0.28114,
  "PIPPINUSDT": 0.73959,
  "ASTERUSDT": 0.7059,
  "SUIUSDT": 0.8817,
  "ADAUSDT": 0.2633,
  "AVAXUSDT": 8.388,
  "LINKUSDT": 8.303,
  "UNIUSDT": 3.35,
  "LTCUSDT": 51.41,
  "1000PEPEUSDT": 0.0039659,
  "PUMPUSDT": 0.001809,
  "ENAUSDT": 0.0984,
  "KITEUSDT": 0.24142,
  "NEARUSDT": 0.98,
  "ARCUSDT": 0.0906,
  "AAVEUSDT": 114.93,
  "WLDUSDT": 0.3734,
  "LITUSDT": 1.388,
  "TRUMPUSDT": 3.326,
  "FILUSDT": 0.89,
  "DOTUSDT": 1.268,
  "TAOUSDT": 171.13,
  "XPLUSDT": 0.0879,
  "ATOMUSDT": 2.121,
  "TONUSDT": 1.3446,
  "ZROUSDT": 1.4979,
  "APTUSDT": 0.8114,
  "HBARUSDT": 0.09516,
  "XLMUSDT": 0.15165,
  "1000SHIBUSDT": 0.006023,
  "BERAUSDT": 0.5498,
  "ENSOUSDT": 1.962,
  "ARBUSDT": 0.0937,
  "RIVERUSDT": 8.649,
  "ICPUSDT": 2.09,
  "AXSUSDT": 1.239,
  "OPUSDT": 0.1216,
  "MONUSDT": 0.02062,
  "XMRUSDT": 306.62,
  "CRVUSDT": 0.223,
  "WIFUSDT": 0.2003,
  "FFUSDT": 0.07712,
  "PENGUUSDT": 0.006341,
  "FETUSDT": 0.1542,
  "BARDUSDT": 0.7602,
  "ETCUSDT": 8.367,
  "BANUSDT": 0.12859,
  "1000BONKUSDT": 0.005881,
  "POLUSDT": 0.10669,
  "PARTIUSDT": 0.10645,
  "SENTUSDT": 0.02453,
  "ESPUSDT": 0.10073,
  "IPUSDT": 1.02,
  "BULLAUSDT": 0.04957,
  "HUSDT": 0.13592,
  "FARTCOINUSDT": 0.1467,
  "INJUSDT": 3.333,
  "BTCDOMUSDT": 5148.1,
  "CHZUSDT": 0.034,
  "ETHFIUSDT": 0.4564,
  "POWERUSDT": 0.48966,
  "DASHUSDT": 32.09,
  "ONDOUSDT": 0.2491,
  "\u5e01\u5b89\u4eba\u751fUSDT": 0.0587,
  "TIAUSDT": 0.3002,
  "VIRTUALUSDT": 0.5927,
  "ZKUSDT": 0.01994,
  "SIRENUSDT": 0.28917,
  "0GUSDT": 0.6256,
  "SEIUSDT": 0.0666,
  "JUPUSDT": 0.1462,
  "LYNUSDT": 0.30994,
  "ZAMAUSDT": 0.02146,
  "STABLEUSDT": 0.028579,
  "CCUSDT": 0.16182,
  "1000RATSUSDT": 0.05004,
  "ALCHUSDT": 0.07686,
  "KAITOUSDT": 0.2909,
  "RENDERUSDT": 1.387,
  "LDOUSDT": 0.2999,
  "PENDLEUSDT": 1.192,
  "BANANAS31USDT": 0.004807,
  "HOMEUSDT": 0.03014,
  "AZTECUSDT": 0.02704,
  "QUSDT": 0.020735,
  "BIOUSDT": 0.02548,
  "NIGHTUSDT": 0.05802,
  "ATUSDT": 0.16136,
  "SKYAIUSDT": 0.03906,
  "MYXUSDT": 0.595,
  "DUSKUSDT": 0.07838,
  "VVVUSDT": 3.792,
  "BTRUSDT": 0.18351,
  "STRKUSDT": 0.04049,
  "ZENUSDT": 5.412,
  "OPNUSDT": 0.622,
  "AGLDUSDT": 0.3127,
  "SANDUSDT": 0.07884,
  "CAKEUSDT": 1.2181,
  "ALGOUSDT": 0.0841,
  "HANAUSDT": 0.03392,
  "LAUSDT": 0.2266,
  "UBUSDT": 0.03584,
  "MUSDT": 1.4095,
  "TRADOORUSDT": 1.51,
  "PIEVERSEUSDT": 0.4178,
  "MORPHOUSDT": 1.5826,
  "RAVEUSDT": 0.29694,
  "GPSUSDT": 0.013333,
  "GALAUSDT": 0.00351,
  "JTOUSDT": 0.2774,
  "USDCUSDT": 0.999648,
  "ZILUSDT": 0.00407,
  "GUNUSDT": 0.02772,
  "APEUSDT": 0.1034,
  "SKYUSDT": 0.06296,
  "ROSEUSDT": 0.01232,
  "ALLOUSDT": 0.10056,
  "B2USDT": 0.757,
  "TSLAUSDT": 400.02,
  "ORCAUSDT": 0.962,
  "XPINUSDT": 0.001678,
  "SNXUSDT": 0.377,
  "\u6211\u8e0f\u9a6c\u6765\u4e86USDT": 0.012054,
  "EIGENUSDT": 0.1856,
  "BUSDT": 0.1362,
  "GUAUSDT": 0.16315,
  "GIGGLEUSDT": 25.07,
  "PYTHUSDT": 0.05072,
  "BEAMXUSDT": 0.00195,
  "HUMAUSDT": 0.012061,
  "AWEUSDT": 0.05398,
  "SYRUPUSDT": 0.20755,
  "MSTRUSDT": 124.43,
  "METUSDT": 0.1839,
  "JELLYJELLYUSDT": 0.06164,
  "VETUSDT": 0.007331,
  "AVNTUSDT": 0.1746,
  "ZKPUSDT": 0.0872,
  "ESPORTSUSDT": 0.34014,
  "FOGOUSDT": 0.02779,
  "DYDXUSDT": 0.088,
  "ORDIUSDT": 2.337,
  "CYSUSDT": 0.385,
  "XTZUSDT": 0.37,
  "AEROUSDT": 0.298,
  "NXPCUSDT": 0.2648,
  "COLLECTUSDT": 0.04228,
  "NEOUSDT": 2.66,
  "MOVEUSDT": 0.02175,
  "FORMUSDT": 0.1932,
  "CYBERUSDT": 0.5501,
  "SUSDT": 0.03974,
  "MEUSDT": 0.1175,
  "COMPUSDT": 17.28,
  "AUCTIONUSDT": 4.803,
  "PNUTUSDT": 0.04412,
  "ENSUSDT": 6.085,
  "YGGUSDT": 0.04433,
  "GWEIUSDT": 0.03086,
  "STGUSDT": 0.1311,
  "TRIAUSDT": 0.01773,
  "SOMIUSDT": 0.1941,
  "1000FLOKIUSDT": 0.02818,
  "RESOLVUSDT": 0.06546,
  "STXUSDT": 0.2366,
  "1000LUNCUSDT": 0.03475,
  "SPACEUSDT": 0.009061,
  "INITUSDT": 0.0855,
  "LINEAUSDT": 0.003181,
  "BEATUSDT": 0.2124,
  "NAORISUSDT": 0.03827,
  "PLUMEUSDT": 0.00927,
  "AGTUSDT": 0.005675,
  "CLOUSDT": 0.0915,
  "VANAUSDT": 1.427,
  "LPTUSDT": 2.202,
  "WUSDT": 0.01842,
  "TRBUSDT": 14.153,
  "JASMYUSDT": 0.005697,
  "EDUUSDT": 0.1206,
  "USELESSUSDT": 0.03835,
  "MERLUSDT": 0.04648,
  "SPXUSDT": 0.2727,
  "EULUSDT": 0.94,
  "BANKUSDT": 0.03701,
  "MANAUSDT": 0.0915,
  "TAUSDT": 0.03948,
  "OGUSDT": 3.078,
  "NMRUSDT": 7.726,
  "GRTUSDT": 0.02612,
  "2ZUSDT": 0.06802,
  "UAIUSDT": 0.2297,
  "JSTUSDT": 0.045622,
  "ARUSDT": 1.865,
  "ATHUSDT": 0.005013,
  "TAGUSDT": 0.0003882,
  "BIRBUSDT": 0.15511,
  "UMAUSDT": 0.4909,
  "API3USDT": 0.2868,
  "WCTUSDT": 0.05818,
  "COWUSDT": 0.2207,
  "DEXEUSDT": 2.872,
  "MMTUSDT": 0.1201,
  "CFXUSDT": 0.04833,
  "IMXUSDT": 0.1564,
  "MOODENGUSDT": 0.05132,
  "ZORAUSDT": 0.01951,
  "1INCHUSDT": 0.0884,
  "IOTAUSDT": 0.0664,
  "IDOLUSDT": 0.02528,
  "QNTUSDT": 62.73,
  "FLOWUSDT": 0.03522,
  "LRCUSDT": 0.03352,
  "SPKUSDT": 0.01999,
  "COAIUSDT": 0.2989,
  "ZRXUSDT": 0.1017,
  "FHEUSDT": 0.03028,
  "SFPUSDT": 0.2596,
  "LUNA2USDT": 0.05929,
  "LIGHTUSDT": 0.232,
  "KAIAUSDT": 0.05337,
  "ARKMUSDT": 0.1066,
  "PTBUSDT": 0.001251,
  "THETAUSDT": 0.1871,
  "4USDT": 0.00767,
  "IOUSDT": 0.1102,
  "RPLUSDT": 2.032,
  "AXLUSDT": 0.05159,
  "AKEUSDT": 0.0003079,
  "BREVUSDT": 0.1267,
  "RUNEUSDT": 0.3859,
  "AIAUSDT": 0.08819,
  "NEIROUSDT": 6.75e-05,
  "SIGNUSDT": 0.02351,
  "SAHARAUSDT": 0.01454,
  "SKRUSDT": 0.018617,
  "YFIUSDT": 2704.0,
  "GMTUSDT": 0.01095,
  "EGLDUSDT": 4.331,
  "ANIMEUSDT": 0.004721,
  "VELVETUSDT": 0.08389,
  "BLUAIUSDT": 0.005172,
  "KGENUSDT": 0.17303,
  "PROVEUSDT": 0.2786,
  "XPTUSDT": 2171.26,
  "BOMEUSDT": 0.0003772,
  "PROMPTUSDT": 0.05168,
  "TWTUSDT": 0.4978,
  "MAGICUSDT": 0.0641,
  "MINAUSDT": 0.05738,
  "TNSRUSDT": 0.04736,
  "FIGHTUSDT": 0.006805,
  "KASUSDT": 0.02973,
  "TSTUSDT": 0.00961,
  "AUSDT": 0.0784,
  "AIOUSDT": 0.07553,
  "NOMUSDT": 0.004709,
  "PEOPLEUSDT": 0.00623,
  "ACTUSDT": 0.01352,
  "OPENUSDT": 0.1442,
  "XNYUSDT": 0.004771,
  "AVAAIUSDT": 0.00711,
  "SAPIENUSDT": 0.0945,
  "GASUSDT": 1.495,
  "GRASSUSDT": 0.1722,
  "FOLKSUSDT": 1.14,
  "BATUSDT": 0.1168,
  "TURBOUSDT": 0.0009739,
  "SUSHIUSDT": 0.1939,
  "SOPHUSDT": 0.008769,
  "BSVUSDT": 15.23,
  "POPCATUSDT": 0.04665,
  "MANTAUSDT": 0.06363,
  "MEGAUSDT": 0.12216,
  "ZBTUSDT": 0.06978,
  "YBUSDT": 0.1534,
  "SUPERUSDT": 0.1085,
  "FLOCKUSDT": 0.06685,
  "KERNELUSDT": 0.07298,
  "CATIUSDT": 0.03676,
  "BELUSDT": 0.1009,
  "TUTUSDT": 0.00969,
  "ZKCUSDT": 0.0845,
  "FUSDT": 0.005607,
  "ACHUSDT": 0.007238,
  "SXTUSDT": 0.02287,
  "SWARMSUSDT": 0.00649,
  "STOUSDT": 0.05606,
  "ICNTUSDT": 0.4009,
  "ARPAUSDT": 0.00961,
  "BABYUSDT": 0.01191,
  "GLMUSDT": 0.1532,
  "LAYERUSDT": 0.0812,
  "VELODROMEUSDT": 0.01389,
  "XVGUSDT": 0.005866,
  "MASKUSDT": 0.4132,
  "KSMUSDT": 4.619,
  "BLURUSDT": 0.0194,
  "NILUSDT": 0.04725,
  "CTSIUSDT": 0.0251,
  "ASRUSDT": 1.364,
  "TRUTHUSDT": 0.009826,
  "CVXUSDT": 1.774,
  "C98USDT": 0.0254,
  "TAKEUSDT": 0.02196,
  "AIXBTUSDT": 0.01846,
  "SOLVUSDT": 0.00424,
  "SOONUSDT": 0.1597,
  "ALTUSDT": 0.00741,
  "DRIFTUSDT": 0.0812,
  "ONTUSDT": 0.0401,
  "MUBARAKUSDT": 0.01399,
  "AINUSDT": 0.03651,
  "INUSDT": 0.06693,
  "ANKRUSDT": 0.00421,
  "RAYSOLUSDT": 0.5745,
  "MEMEUSDT": 0.0006435,
  "EDENUSDT": 0.03138,
  "RAREUSDT": 0.01787,
  "SANTOSUSDT": 1.608,
  "DAMUSDT": 0.02067,
  "CELOUSDT": 0.074,
  "WETUSDT": 0.0847,
  "SUNUSDT": 0.016509,
  "ERAUSDT": 0.1451,
  "SONICUSDT": 0.04276,
  "THEUSDT": 0.2404,
  "FRAXUSDT": 0.6127,
  "COTIUSDT": 0.01184,
  "CRCLUSDT": 61.32,
  "STORJUSDT": 0.0881,
  "MELANIAUSDT": 0.1086,
  "AKTUSDT": 0.3019,
  "DEGOUSDT": 0.3194,
  "PROMUSDT": 1.271,
  "IDUSDT": 0.04356,
  "ARIAUSDT": 0.07199,
  "WALUSDT": 0.0741,
  "ZEREBROUSDT": 0.00697,
  "POLYXUSDT": 0.04125,
  "HYPERUSDT": 0.0905,
  "KOMAUSDT": 0.00708,