{
  "BTCUSDT": 68626.6,
  "ETHUSDT": 1986.7,
  "SOLUSDT": 84.99,
  "BTC/USDCUSDT": 67750.9,
  "ETH/USDCUSDT": 1965.78,
  "XAGUSDT": 74.39,
  "XRPUSDT": 1.4517,
  "BTC/USDUSDT": 68557.0,
  "XAUUSDT": 4928.43,
  "INITUSDT": 0.11619,
  "DOGEUSDT": 0.09884,
  "SPACEUSDT": 0.010493,
  "ZECUSDT": 291.78,
  "ETH/USDUSDT": 1972.42,
  "BNBUSDT": 617.91,
  "PIPPINUSDT": 0.58815,
  "1000PEPEUSDT": 0.004382,
  "RPLUSDT": 2.443,
  "SOL/USDCUSDT": 84.96,
  "SIRENUSDT": 0.21594,
  "HYPEUSDT": 29.327,
  "ORCAUSDT": 1.243,
  "SUIUSDT": 0.9688,
  "VVVUSDT": 4.094,
  "ASTERUSDT": 0.7044,
  "TAOUSDT": 191.08,
  "XRP/USDCUSDT": 1.4508,
  "ADAUSDT": 0.2804,
  "BCHUSDT": 557.31,
  "PAXGUSDT": 4931.74,
  "RIVERUSDT": 12.058,
  "POWERUSDT": 0.30738,
  "AVAXUSDT": 9.109,
  "STABLEUSDT": 0.030374,
  "LINKUSDT": 8.761,
  "BERAUSDT": 0.6742,
  "LTCUSDT": 54.91,
  "\u6211\u8e0f\u9a6c\u6765\u4e86USDT": 0.019596,
  "BNB/USDCUSDT": 617.94,
  "WLFIUSDT": 0.0996,
  "SOL/USDUSDT": 84.18,
  "FILUSDT": 0.967,
  "PUMPUSDT": 0.002157,
  "UNIUSDT": 3.517,
  "ZAMAUSDT": 0.02008,
  "ENAUSDT": 0.1204,
  "ZROUSDT": 1.632,
  "DOTUSDT": 1.362,
  "TRXUSDT": 0.28107,
  "AAVEUSDT": 124.45,
  "XRP/USDUSDT": 1.4446,
  "IPUSDT": 1.154,
  "NEARUSDT": 1.055,
  "AXSUSDT": 1.366,
  "UMAUSDT": 0.5323,
  "DOGE/USDCUSDT": 0.0988,
  "FARTCOINUSDT": 0.1922,
  "PENGUUSDT": 0.007079,
  "BTRUSDT": 0.19604,
  "TRUMPUSDT": 3.391,
  "XPLUSDT": 0.0981,
  "WIFUSDT": 0.2328,
  "USELESSUSDT": 0.05051,
  "ESPUSDT": 0.06047,
  "WLDUSDT": 0.3954,
  "BULLAUSDT": 0.03024,
  "ARIAUSDT": 0.08322,
  "VIRTUALUSDT": 0.6372,
  "JELLYJELLYUSDT": 0.07345,
  "MOODENGUSDT": 0.05982,
  "HUSDT": 0.19775,
  "JTOUSDT": 0.3197,
  "APTUSDT": 0.9327,
  "OGNUSDT": 0.0251,
  "DASHUSDT": 37.7,
  "ATOMUSDT": 2.233,
  "XMRUSDT": 331.51,
  "ARBUSDT": 0.1132,
  "PTBUSDT": 0.00155,
  "1000SHIBUSDT": 0.006495,
  "RAYSOLUSDT": 0.6851,
  "\u5e01\u5b89\u4eba\u751fUSDT": 0.09842,
  "LITUSDT": 1.585,
  "MERLUSDT": 0.07011,
  "XLMUSDT": 0.1656,
  "DOGE/USDUSDT": 0.09879,
  "KITEUSDT": 0.20512,
  "GPSUSDT": 0.012742,
  "OMUSDT": 0.05983,
  "TRUTHUSDT": 0.011999,
  "BNB/USDUSDT": 619.17,
  "PROMUSDT": 1.404,
  "FHEUSDT": 0.04207,
  "ZEC/USDCUSDT": 291.51,
  "CLOUSDT": 0.08016,
  "1000BONKUSDT": 0.006491,
  "HBARUSDT": 0.09981,
  "MYXUSDT": 1.486,
  "0GUSDT": 0.6763,
  "CRVUSDT": 0.252,
  "DUSKUSDT": 0.10331,
  "OPUSDT": 0.1872,
  "1000PEPE/USDCUSDT": 0.0043779,
  "MUBARAKUSDT": 0.01909,
  "MAGICUSDT": 0.07633,
  "ICPUSDT": 2.388,
  "MUSDT": 1.4804,
  "ENSOUSDT": 1.1244,
  "MOVEUSDT": 0.02744,
  "ETCUSDT": 8.674,
  "ETH/BTCUSDT": 1966.4243803,
  "TONUSDT": 1.4271,
  "MONUSDT": 0.02215,
  "SENTUSDT": 0.02188,
  "BEATUSDT": 0.2529,
  "EULUSDT": 0.977,
  "JUPUSDT": 0.1667,
  "TAKEUSDT": 0.02942,
  "INJUSDT": 3.106,
  "ONDOUSDT": 0.2739,
  "TIAUSDT": 0.3402,
  "RENDERUSDT": 1.444,
  "AZTECUSDT": 0.02146,
  "POLUSDT": 0.1075,
  "OGUSDT": 3.352,
  "FIGHTUSDT": 0.006376,
  "LUNA2USDT": 0.06515,
  "SUI/USDCUSDT": 0.9682,
  "ADA/USDUSDT": 0.2802,
  "TNSRUSDT": 0.05601,
  "ZKPUSDT": 0.09763,
  "FETUSDT": 0.1706,
  "GALAUSDT": 0.00406,
  "SEIUSDT": 0.0744,
  "FOGOUSDT": 0.02403,
  "GWEIUSDT": 0.028575,
  "ARCUSDT": 0.07219,
  "BCH/USDCUSDT": 557.0,
  "BLUAIUSDT": 0.005386,
  "ROSEUSDT": 0.01273,
  "COMPUSDT": 19.32,
  "ALGOUSDT": 0.0936,
  "PLAYUSDT": 0.02337,
  "CHZUSDT": 0.04038,
  "ARPAUSDT": 0.0104,
  "ZENUSDT": 6.203,
  "TRIAUSDT": 0.01654,
  "MEUSDT": 0.1348,
  "HUMAUSDT": 0.015665,
  "LDOUSDT": 0.338,
  "PENDLEUSDT": 1.2069,
  "STGUSDT": 0.1412,
  "SUI/USDUSDT": 0.9682,
  "SUPERUSDT": 0.1306,
  "NEIROUSDT": 7.6e-05,
  "SPXUSDT": 0.3251,
  "ADA/USDCUSDT": 0.2802,
  "LRCUSDT": 0.03419,
  "DYDXUSDT": 0.105,
  "NOMUSDT": 0.005363,
  "XPDUSDT": 1674.35,
  "ZKUSDT": 0.02181,
  "DEEPUSDT": 0.03162,
  "SNXUSDT": 0.293,
  "SANDUSDT": 0.08598,
  "MORPHOUSDT": 1.3868,
  "1000FLOKIUSDT": 0.03168,
  "NILUSDT": 0.05521,
  "LINEAUSDT": 0.003744,
  "FRAXUSDT": 0.6775,
  "MSTRUSDT": 130.17,
  "ZORAUSDT": 0.02225,
  "EIGENUSDT": 0.2116,
  "PYTHUSDT": 0.05614,
  "LPTUSDT": 2.449,
  "ETHFIUSDT": 0.4775,
  "GIGGLEUSDT": 31.16,
  "KSMUSDT": 4.847,
  "VETUSDT": 0.008102,
  "LINK/USDCUSDT": 8.758,
  "C98USDT": 0.0325,
  "CAKEUSDT": 1.3037,
  "ZILUSDT": 0.00428,
  "METUSDT": 0.2264,
  "LINK/USDUSDT": 8.756,
  "BIRBUSDT": 0.19165,
  "IRYSUSDT": 0.03167,
  "LAUSDT": 0.2027,
  "SKRUSDT": 0.021344,
  "ENSUSDT": 6.679,
  "GUNUSDT": 0.02298,
  "SYRUPUSDT": 0.24457,
  "RESOLVUSDT": 0.06272,
  "STRKUSDT": 0.04838,
  "COWUSDT": 0.2112,
  "AWEUSDT": 0.09323,
  "CCUSDT": 0.16722,
  "TRBUSDT": 15.839,
  "TSLAUSDT": 412.73,
  "STORJUSDT": 0.1058,
  "ALLOUSDT": 0.0866,
  "SUSDT": 0.048,
  "FIL/USDCUSDT": 0.966,
  "FFUSDT": 0.0804,
  "BASUSDT": 0.005894,
  "XANUSDT": 0.00894,
  "XPTUSDT": 2006.28,
  "EGLDUSDT": 4.712,
  "BREVUSDT": 0.143,
  "NAORISUSDT": 0.03238,
  "POPCATUSDT": 0.05257,
  "SOMIUSDT": 0.1913,
  "AIXBTUSDT": 0.02128,
  "COAIUSDT": 0.3474,
  "LYNUSDT": 0.23714,
  "ENA/USDCUSDT": 0.1203,
  "HAEDALUSDT": 0.03076,
  "1000LUNCUSDT": 0.03406,
  "PNUTUSDT": 0.05025,
  "TURBOUSDT": 0.0010939,
  "WUSDT": 0.02079,
  "ORDIUSDT": 2.784,
  "RUNEUSDT": 0.4033,
  "LTC/USDCUSDT": 54.89,
  "CYSUSDT": 0.5495,
  "LISTAUSDT": 0.0938,
  "SAGAUSDT": 0.03354,
  "ARUSDT": 2.02,
  "AVAX/USDCUSDT": 9.103,
  "ACUUSDT": 0.1131,
  "COLLECTUSDT": 0.07352,
  "TWTUSDT": 0.5576,
  "STXUSDT": 0.2602,
  "APEUSDT": 0.1277,
  "SKLUSDT": 0.00698,
  "MEMEUSDT": 0.0007174,
  "MANTAUSDT": 0.07923,
  "BCH/USDUSDT": 556.99,
  "SHELLUSDT": 0.03319,
  "KMNOUSDT": 0.03193,
  "STOUSDT": 0.0556,
  "IP/USDCUSDT": 1.152,
  "BOMEUSDT": 0.000431,
  "IOUSDT": 0.1112,
  "SYNUSDT": 0.05164,
  "AVNTUSDT": 0.2018,
  "FIL/USDUSDT": 0.966,
  "XPINUSDT": 0.001863,
  "LIGHTUSDT": 0.2378,
  "HOODUSDT": 74.75,
  "CFXUSDT": 0.05419,
  "BIOUSDT": 0.02416,
  "BROCCOLI714USDT": 0.01451,
  "JASMYUSDT": 0.006038,
  "IMXUSDT": 0.168,
  "XTZUSDT": 0.394,
  "HOTUSDT": 0.00039,
  "KASUSDT": 0.03175,
  "APRUSDT": 0.08988,
  "SPORTFUNUSDT": 0.03448,
  "WLFI/USDCUSDT": 0.0994,
  "AIOUSDT": 0.07719,
  "HEMIUSDT": 0.01044,
  "REZUSDT": 0.003324,
  "DYMUSDT": 0.04639,
  "1000SATSUSDT": 1.17e-05,
  "AEROUSDT": 0.3147,
  "FLOWUSDT": 0.03925,
  "ARB/USDCUSDT": 0.1132,
  "XNYUSDT": 0.005186,
  "AIAUSDT": 0.10789,
  "SAPIENUSDT": 0.08667,
  "GRTUSDT": 0.02777,
  "LTC/USDUSDT": 54.89,
  "PARTIUSDT": 0.10221,
  "ARKMUSDT": 0.1167,
  "TOSHIUSDT": 0.0002176,
  "DOLOUSDT": 0.0353,
  "ONUSDT": 0.09707,
  "ALICEUSDT": 0.111,
  "BATUSDT": 0.1274,
  "MANAUSDT": 0.1005,
  "RAREUSDT": 0.02006,
  "AXLUSDT": 0.06038,
  "KAITOUSDT": 0.3173,
  "BANUSDT": 0.09895,
  "RAVEUSDT": 0.39853,
  "ZKCUSDT": 0.0949,
  "VANAUSDT": 1.579,
  "NIGHTUSDT": 0.0555,
  "COINUSDT": 161.46,
  "XVGUSDT": 0.006014,
  "NEAR/USDCUSDT": 1.054,
  "OPENUSDT": 0.1635,
  "MMTUSDT": 0.1377,
  "PEOPLEUSDT": 0.00699,
  "KAIAUSDT": 0.05736,
  "CHRUSDT": 0.0252,
  "AUCTIONUSDT": 5.23,
  "PENGU/USDCUSDT": 0.007076,
  "ACHUSDT": 0.007756,
  "COTIUSDT": 0.01285,
  "UNI/USDUSDT": 3.514,
  "JCTUSDT": 0.001726,
  "THETAUSDT": 0.2064,
  "NEOUSDT": 2.795,
  "QNTUSDT": 69.13,
  "CRV/USDCUSDT": 0.2513,
  "UAIUSDT": 0.2413,
  "GMTUSDT": 0.01234,
  "BARDUSDT": 0.7981,
  "NMRUSDT": 8.363,
  "MASKUSDT": 0.4661,
  "ANIMEUSDT": 0.005732,
  "SQDUSDT": 0.03986,
  "PLUMEUSDT": 0.01093,
  "KGENUSDT": 0.16775,
  "CYBERUSDT": 0.5611,
  "VICUSDT": 0.05022,
  "IOTAUSDT": 0.0696,
  "HANAUSDT": 0.03575,
  "BANANAS31USDT": 0.004656,
  "AIUSDT": 0.02398,
  "2ZUSDT": 0.07811,
  "RLSUSDT": 0.005776,
  "YFIUSDT": 2857.0,
  "SSVUSDT": 3.358,
  "CUSDT": 0.05697,
  "ACEUSDT": 0.17,
  "API3USDT": 0.3145,
  "ATUSDT": 0.15886,
  "IRUSDT": 0.08084,
  "WCTUSDT": 0.06194,
  "SUSHIUSDT": 0.2091,
  "ACTUSDT": 0.01516,
  "TOWNSUSDT": 0.004086,
  "4USDT": 0.00976,
  "SKYUSDT": 0.06814,
  "AGTUSDT": 0.004727,
  "1INCHUSDT": 0.0951,
  "LABUSDT": 0.14509,
  "LAYERUSDT": 0.0909,
  "LUMIAUSDT": 0.06957,
  "INXUSDT": 0.01288,
  "MINAUSDT": 0.06526,
  "TRADOORUSDT": 1.373,
  "JSTUSDT": 0.042319,
  "ANKRUSDT": 0.004639,
  "FOLKSUSDT": 1.338,
  "BELUSDT": 0.0999,