{
  "BTCUSDT": 63367.7,
  "ETHUSDT": 1847.89,
  "SOLUSDT": 77.86,
  "XRPUSDT": 1.2996,
  "BNBUSDT": 593.26,
  "DOGEUSDT": 0.0889,
  "XAGUSDT": 94.64,
  "BCHUSDT": 442.04,
  "XAUUSDT": 5292.99,
  "PAXGUSDT": 5338.88,
  "HYPEUSDT": 26.412,
  "WLFIUSDT": 0.1076,
  "TRXUSDT": 0.28062,
  "ZECUSDT": 206.03,
  "ADAUSDT": 0.2636,
  "UNIUSDT": 3.61,
  "SUIUSDT": 0.843,
  "ASTERUSDT": 0.6786,
  "LINKUSDT": 8.307,
  "LTCUSDT": 52.17,
  "AVAXUSDT": 8.566,
  "1000PEPEUSDT": 0.0034741,
  "PUMPUSDT": 0.001727,
  "PIPPINUSDT": 0.62465,
  "ENAUSDT": 0.0964,
  "NEARUSDT": 1.037,
  "DOTUSDT": 1.496,
  "AAVEUSDT": 106.19,
  "WLDUSDT": 0.3665,
  "KITEUSDT": 0.24964,
  "FILUSDT": 0.933,
  "TRUMPUSDT": 3.264,
  "LITUSDT": 1.312,
  "TAOUSDT": 169.74,
  "XPLUSDT": 0.0865,
  "1000SHIBUSDT": 0.005521,
  "ZROUSDT": 1.5345,
  "POWERUSDT": 1.46157,
  "TONUSDT": 1.2394,
  "HBARUSDT": 0.09605,
  "APTUSDT": 0.8835,
  "ATOMUSDT": 1.807,
  "RIVERUSDT": 11.578,
  "BERAUSDT": 0.5835,
  "ICPUSDT": 2.326,
  "ARBUSDT": 0.0934,
  "XMRUSDT": 336.96,
  "XLMUSDT": 0.15122,
  "HUSDT": 0.11821,
  "WIFUSDT": 0.1877,
  "AXSUSDT": 1.232,
  "MONUSDT": 0.01957,
  "CRVUSDT": 0.23,
  "FFUSDT": 0.07745,
  "FETUSDT": 0.1471,
  "OPUSDT": 0.1109,
  "ETCUSDT": 8.216,
  "CCUSDT": 0.16291,
  "VIRTUALUSDT": 0.6345,
  "BARDUSDT": 0.9995,
  "PARTIUSDT": 0.09422,
  "PENGUUSDT": 0.006336,
  "ARCUSDT": 0.0297,
  "POLUSDT": 0.10248,
  "BTCDOMUSDT": 5113.4,
  "FARTCOINUSDT": 0.1474,
  "\u5e01\u5b89\u4eba\u751fUSDT": 0.06192,
  "BANUSDT": 0.11165,
  "1000BONKUSDT": 0.005619,
  "IPUSDT": 0.878,
  "CHZUSDT": 0.03197,
  "ETHFIUSDT": 0.469,
  "ONDOUSDT": 0.2434,
  "TIAUSDT": 0.3019,
  "ESPUSDT": 0.12267,
  "INJUSDT": 2.911,
  "SAHARAUSDT": 0.0206,
  "ENSOUSDT": 1.3535,
  "SENTUSDT": 0.02145,
  "SKYAIUSDT": 0.05346,
  "0GUSDT": 0.6045,
  "VVVUSDT": 4.771,
  "DASHUSDT": 30.77,
  "STABLEUSDT": 0.030522,
  "SEIUSDT": 0.06559,
  "JUPUSDT": 0.1457,
  "KAITOUSDT": 0.3159,
  "ALCHUSDT": 0.07765,
  "GWEIUSDT": 0.042718,
  "ZKUSDT": 0.01807,
  "ZAMAUSDT": 0.02192,
  "SIRENUSDT": 0.32555,
  "PENDLEUSDT": 1.1994,
  "QUSDT": 0.02315,
  "SIGNUSDT": 0.02831,
  "MORPHOUSDT": 1.7453,
  "BUSDT": 0.1705,
  "LDOUSDT": 0.2839,
  "ATUSDT": 0.15764,
  "LYNUSDT": 0.3085,
  "RENDERUSDT": 1.32,
  "BANANAS31USDT": 0.00457,
  "HOMEUSDT": 0.028552,
  "GUAUSDT": 0.21154,
  "NIGHTUSDT": 0.05789,
  "CAKEUSDT": 1.237,
  "MUSDT": 1.4555,
  "MYXUSDT": 0.39,
  "PIEVERSEUSDT": 0.4655,
  "BULLAUSDT": 0.01614,
  "BIOUSDT": 0.02087,
  "ZENUSDT": 5.004,
  "ALGOUSDT": 0.0828,
  "1000RATSUSDT": 0.0363,
  "BTRUSDT": 0.18043,
  "USDCUSDT": 0.999473,
  "GPSUSDT": 0.009052,
  "1000LUNCUSDT": 0.04016,
  "ATHUSDT": 0.005912,
  "STRKUSDT": 0.03924,
  "HANAUSDT": 0.03425,
  "MSTRUSDT": 125.33,
  "ALLOUSDT": 0.10525,
  "SANDUSDT": 0.07845,
  "UBUSDT": 0.03945,
  "GALAUSDT": 0.00344,
  "JTOUSDT": 0.257,
  "SKYUSDT": 0.06493,
  "APEUSDT": 0.0949,
  "DUSKUSDT": 0.07797,
  "GIGGLEUSDT": 24.32,
  "GUNUSDT": 0.02594,
  "AZTECUSDT": 0.02025,
  "TSLAUSDT": 400.73,
  "TRADOORUSDT": 1.347,
  "CRCLUSDT": 81.36,
  "B2USDT": 0.7179,
  "SYRUPUSDT": 0.21923,
  "AEROUSDT": 0.3238,
  "XPINUSDT": 0.001407,
  "JELLYJELLYUSDT": 0.06557,
  "OPNUSDT": 0.4655,
  "METUSDT": 0.1731,
  "PYTHUSDT": 0.04641,
  "EIGENUSDT": 0.1775,
  "HUMAUSDT": 0.011261,
  "ZILUSDT": 0.00393,
  "DENTUSDT": 0.000264,
  "LAUSDT": 0.2189,
  "FOGOUSDT": 0.0263,
  "BEAMXUSDT": 0.0018,
  "VETUSDT": 0.006944,
  "AVNTUSDT": 0.1652,
  "NEOUSDT": 2.561,
  "STGUSDT": 0.1351,
  "ROSEUSDT": 0.01135,
  "MOVEUSDT": 0.02061,
  "\u6211\u8e0f\u9a6c\u6765\u4e86USDT": 0.010872,
  "NXPCUSDT": 0.2682,
  "ORCAUSDT": 0.859,
  "ESPORTSUSDT": 0.3029,
  "DYDXUSDT": 0.089,
  "ORDIUSDT": 2.263,
  "XTZUSDT": 0.36,
  "ZKPUSDT": 0.07832,
  "FORMUSDT": 0.1813,
  "RAVEUSDT": 0.32388,
  "COLLECTUSDT": 0.03749,
  "AUCTIONUSDT": 4.613,
  "COMPUSDT": 17.5,
  "PNUTUSDT": 0.04176,
  "ROBOUSDT": 0.03905,
  "SUSDT": 0.03697,
  "CYBERUSDT": 0.5273,
  "LINEAUSDT": 0.002897,
  "STXUSDT": 0.2442,
  "LPTUSDT": 2.198,
  "SKRUSDT": 0.019062,
  "SNXUSDT": 0.317,
  "WUSDT": 0.01784,
  "BEATUSDT": 0.213,
  "WETUSDT": 0.10309,
  "ARUSDT": 1.515,
  "ENSUSDT": 5.722,
  "TRIAUSDT": 0.01944,
  "SOMIUSDT": 0.1994,
  "AWEUSDT": 0.0507,
  "MEUSDT": 0.1133,
  "1000FLOKIUSDT": 0.02695,
  "EULUSDT": 0.997,
  "RESOLVUSDT": 0.06034,
  "TRBUSDT": 13.439,
  "JASMYUSDT": 0.005318,
  "JSTUSDT": 0.04627,
  "AXLUSDT": 0.05183,
  "BANKUSDT": 0.03563,
  "PLUMEUSDT": 0.00866,
  "FLOWUSDT": 0.03705,
  "WCTUSDT": 0.05767,
  "BIRBUSDT": 0.15269,
  "TAUSDT": 0.03812,
  "AGLDUSDT": 0.2303,
  "CYSUSDT": 0.3314,
  "YGGUSDT": 0.03678,
  "AGTUSDT": 0.00525,
  "LAYERUSDT": 0.0907,
  "2ZUSDT": 0.07113,
  "IMXUSDT": 0.1528,
  "DEXEUSDT": 3.266,
  "API3USDT": 0.2755,
  "MERLUSDT": 0.04022,
  "EDUUSDT": 0.1045,
  "CFXUSDT": 0.04539,
  "GRTUSDT": 0.0248,
  "MANAUSDT": 0.091,
  "SPXUSDT": 0.2756,
  "INITUSDT": 0.07818,
  "IOTAUSDT": 0.0638,
  "CLOUSDT": 0.06898,
  "OGUSDT": 2.848,
  "USELESSUSDT": 0.03649,
  "NMRUSDT": 7.426,
  "COAIUSDT": 0.2985,
  "ALICEUSDT": 0.126,
  "FOLKSUSDT": 1.315,
  "XPTUSDT": 2377.44,
  "NAORISUSDT": 0.03239,
  "QNTUSDT": 61.07,
  "VANAUSDT": 1.389,
  "TAGUSDT": 0.0003409,
  "MMTUSDT": 0.1129,
  "SFPUSDT": 0.2519,
  "SOPHUSDT": 0.008991,
  "PTBUSDT": 0.001123,
  "ANIMEUSDT": 0.004797,
  "SPKUSDT": 0.01898,
  "GRASSUSDT": 0.1991,
  "LIGHTUSDT": 0.1798,
  "SPACEUSDT": 0.008085,
  "MOODENGUSDT": 0.04639,
  "1INCHUSDT": 0.0865,
  "THETAUSDT": 0.1766,
  "ZRXUSDT": 0.097,
  "ZORAUSDT": 0.01785,
  "MIRAUSDT": 0.0904,
  "4USDT": 0.00726,
  "RUNEUSDT": 0.3816,
  "BATUSDT": 0.1024,
  "YFIUSDT": 2541.0,
  "STEEMUSDT": 0.05427,
  "AIXBTUSDT": 0.01988,
  "LRCUSDT": 0.03063,
  "LUNA2USDT": 0.06125,
  "NEIROUSDT": 6.286e-05,
  "EGLDUSDT": 4.169,
  "ZBTUSDT": 0.0766,
  "IOUSDT": 0.1037,
  "ARKMUSDT": 0.1011,
  "COWUSDT": 0.2058,
  "KERNELUSDT": 0.07758,
  "BLUAIUSDT": 0.004847,
  "VELVETUSDT": 0.08351,
  "KAIAUSDT": 0.05265,
  "KASUSDT": 0.02853,
  "TWTUSDT": 0.4784,
  "KGENUSDT": 0.17292,
  "FHEUSDT": 0.02801,
  "BREVUSDT": 0.1257,
  "FIGHTUSDT": 0.006563,
  "AKEUSDT": 0.0002277,
  "YBUSDT": 0.1763,
  "OPENUSDT": 0.1439,
  "PEOPLEUSDT": 0.00602,
  "UAIUSDT": 0.1665,
  "NOMUSDT": 0.003475,
  "MEGAUSDT": 0.12858,
  "PROVEUSDT": 0.2731,
  "STOUSDT": 0.06098,
  "BSVUSDT": 14.95,
  "AIAUSDT": 0.08018,
  "AUSDT": 0.0756,
  "POPCATUSDT": 0.04446,
  "HOLOUSDT": 0.05785,
  "SUSHIUSDT": 0.1899,
  "RPLUSDT": 1.744,
  "AVAAIUSDT": 0.006991,
  "CATIUSDT": 0.03787,
  "TSTUSDT": 0.00905,
  "SWARMSUSDT": 0.006872,
  "ACTUSDT": 0.01294,
  "TURBOUSDT": 0.0009027,
  "GMTUSDT": 0.0108,
  "BOMEUSDT": 0.0003544,
  "VELODROMEUSDT": 0.0149,
  "STBLUSDT": 0.04215,
  "KSMUSDT": 4.664,
  "AINUSDT": 0.04254,
  "HOTUSDT": 0.000397,
  "MAGICUSDT": 0.0597,
  "SOONUSDT": 0.1542,
  "NEWTUSDT": 0.06831,
  "MANTAUSDT": 0.05884,
  "GASUSDT": 1.511,
  "MINAUSDT": 0.05399,
  "REDUSDT": 0.1523,
  "TUTUSDT": 0.00942,
  "IOTXUSDT": 0.00491,
  "BABYUSDT": 0.01134,
  "TRUTHUSDT": 0.009683,
  "MEMEUSDT": 0.0005711,
  "FUSDT": 0.005452,
  "TNSRUSDT": 0.04372,
  "AIOUSDT": 0.07156,
  "SUPERUSDT": 0.1086,
  "SUNUSDT": 0.015719,
  "BLURUSDT": 0.01902,
  "NILUSDT": 0.04579,
  "XVGUSDT": 0.005341,
  "C98USDT": 0.0246,
  "ACHUSDT": 0.006491,
  "IDOLUSDT": 0.01921,
  "MUBARAKUSDT": 0.01302,
  "XNYUSDT": 0.00492,
  "ALTUSDT": 0.006922,
  "ASRUSDT": 1.273,
  "UMAUSDT": 0.415,
  "SAPIENUSDT": 0.08487,
  "MASKUSDT": 0.3987,
  "GLMUSDT": 0.12694,
  "SKLUSDT": 0.00646,
  "ZKCUSDT": 0.0818,
  "RAREUSDT": 0.01748,
  "DRIFTUSDT": 0.0813,
  "INUSDT": 0.065,
  "WALUSDT": 0.07161,
  "CELOUSDT": 0.073,
  "ICNTUSDT": 0.376,
  "TAKEUSDT": 0.01641,
  "CTSIUSDT": 0.023,
  "ANKRUSDT": 0.004011,
  "ERAUSDT": 0.1386,
  "KMNOUSDT": 0.01998,
  "SOLVUSDT": 0.0038,
  "SONICUSDT": 0.04298,
  "EDENUSDT": 0.0314,
  "RAYSOLUSDT": 0.5592,
  "KOMAUSDT": 0.007248,
  "MELANIAUSDT": 0.1042,
  "IDUSDT": 0.04164,
  "DAMUSDT": 0.02139,
  "ONTUSDT": 0.0409,
  "GMXUSDT": 6.458,
  "ARIAUSDT": 0.07037,
  "DEGOUSDT": 0.2869,
  "LABUSDT": 0.16561,
  "BELUSDT": 0.0906,