{
  "BTCUSDT": 65650.3,
  "ETHUSDT": 1881.48,
  "SOLUSDT": 78.75,
  "XRPUSDT": 1.3661,
  "BNBUSDT": 597.65,
  "BCHUSDT": 540.26,
  "DOGEUSDT": 0.09466,
  "XAGUSDT": 86.05,
  "XAUUSDT": 5131.83,
  "HYPEUSDT": 27.679,
  "PAXGUSDT": 5141.84,
  "WLFIUSDT": 0.115,
  "ZECUSDT": 244.41,
  "TRXUSDT": 0.28708,
  "SUIUSDT": 0.8867,
  "ASTERUSDT": 0.7,
  "LINKUSDT": 8.321,
  "ADAUSDT": 0.2651,
  "AVAXUSDT": 8.519,
  "LTCUSDT": 51.97,
  "PIPPINUSDT": 0.69604,
  "UNIUSDT": 3.368,
  "1000PEPEUSDT": 0.0040235,
  "PUMPUSDT": 0.001895,
  "KITEUSDT": 0.26762,
  "ENAUSDT": 0.0993,
  "NEARUSDT": 0.997,
  "ARCUSDT": 0.09118,
  "AAVEUSDT": 114.66,
  "WLDUSDT": 0.3751,
  "LITUSDT": 1.413,
  "TRUMPUSDT": 3.261,
  "FILUSDT": 0.9,
  "DOTUSDT": 1.271,
  "TAOUSDT": 168.15,
  "XPLUSDT": 0.0846,
  "ATOMUSDT": 2.204,
  "TONUSDT": 1.34,
  "ZROUSDT": 1.5749,
  "APTUSDT": 0.8396,
  "ENSOUSDT": 1.9867,
  "1000SHIBUSDT": 0.00606,
  "HBARUSDT": 0.09518,
  "BERAUSDT": 0.56,
  "XLMUSDT": 0.15257,
  "AXSUSDT": 1.238,
  "RIVERUSDT": 8.256,
  "ICPUSDT": 2.063,
  "ARBUSDT": 0.093,
  "OPUSDT": 0.123,
  "HUSDT": 0.16372,
  "XMRUSDT": 321.21,
  "WIFUSDT": 0.2047,
  "POWERUSDT": 0.44914,
  "MONUSDT": 0.01948,
  "CRVUSDT": 0.226,
  "FFUSDT": 0.07844,
  "ETCUSDT": 8.276,
  "FETUSDT": 0.1559,
  "PENGUUSDT": 0.006381,
  "BARDUSDT": 0.7631,
  "AGLDUSDT": 0.3985,
  "BANUSDT": 0.13297,
  "PARTIUSDT": 0.10872,
  "1000BONKUSDT": 0.00595,
  "FARTCOINUSDT": 0.1567,
  "IPUSDT": 1.045,
  "POLUSDT": 0.10558,
  "INJUSDT": 3.392,
  "BTCDOMUSDT": 5158.2,
  "CHZUSDT": 0.03381,
  "SENTUSDT": 0.02288,
  "DASHUSDT": 32.47,
  "\u5e01\u5b89\u4eba\u751fUSDT": 0.06102,
  "TIAUSDT": 0.3,
  "ETHFIUSDT": 0.4438,
  "ONDOUSDT": 0.2517,
  "RAVEUSDT": 0.46913,
  "0GUSDT": 0.6449,
  "SIRENUSDT": 0.2809,
  "VIRTUALUSDT": 0.5992,
  "SEIUSDT": 0.0674,
  "LYNUSDT": 0.31525,
  "ZKUSDT": 0.01889,
  "STABLEUSDT": 0.029527,
  "JUPUSDT": 0.1454,
  "ZAMAUSDT": 0.02128,
  "CCUSDT": 0.16097,
  "AZTECUSDT": 0.02758,
  "ALCHUSDT": 0.07828,
  "1000RATSUSDT": 0.04889,
  "MYXUSDT": 0.705,
  "RENDERUSDT": 1.381,
  "OPNUSDT": 0.641,
  "LDOUSDT": 0.3008,
  "HOMEUSDT": 0.030203,
  "KAITOUSDT": 0.2871,
  "BANANAS31USDT": 0.004765,
  "ESPUSDT": 0.08461,
  "QUSDT": 0.021582,
  "BULLAUSDT": 0.03269,
  "PENDLEUSDT": 1.1494,
  "DUSKUSDT": 0.08065,
  "VVVUSDT": 3.745,
  "NIGHTUSDT": 0.05833,
  "BIOUSDT": 0.0258,
  "ATUSDT": 0.16308,
  "BTRUSDT": 0.18813,
  "SKYAIUSDT": 0.03886,
  "UBUSDT": 0.03844,
  "ALGOUSDT": 0.0851,
  "ZENUSDT": 5.484,
  "SANDUSDT": 0.07988,
  "STRKUSDT": 0.04177,
  "JTOUSDT": 0.2844,
  "HANAUSDT": 0.03283,
  "LAUSDT": 0.2449,
  "ZILUSDT": 0.00409,
  "CAKEUSDT": 1.253,
  "GUNUSDT": 0.02864,
  "MUSDT": 1.3885,
  "PIEVERSEUSDT": 0.4121,
  "GPSUSDT": 0.012996,
  "TRADOORUSDT": 1.485,
  "USDCUSDT": 0.999699,
  "MORPHOUSDT": 1.5714,
  "SNXUSDT": 0.412,
  "B2USDT": 0.7389,
  "GALAUSDT": 0.00357,
  "ALLOUSDT": 0.11091,
  "AWEUSDT": 0.05631,
  "APEUSDT": 0.1054,
  "ORCAUSDT": 0.972,
  "SKYUSDT": 0.0616,
  "ROSEUSDT": 0.01228,
  "XPINUSDT": 0.001708,
  "COLLECTUSDT": 0.0547,
  "PYTHUSDT": 0.0507,
  "METUSDT": 0.1971,
  "GIGGLEUSDT": 25.79,
  "GUAUSDT": 0.16246,
  "BEAMXUSDT": 0.002081,
  "\u6211\u8e0f\u9a6c\u6765\u4e86USDT": 0.012187,
  "BUSDT": 0.132,
  "OMUSDT": 0.06545,
  "HUMAUSDT": 0.011964,
  "YGGUSDT": 0.04971,
  "JELLYJELLYUSDT": 0.06278,
  "CYSUSDT": 0.3804,
  "MSTRUSDT": 127.55,
  "TSLAUSDT": 407.24,
  "EIGENUSDT": 0.1784,
  "AVNTUSDT": 0.1757,
  "DYDXUSDT": 0.092,
  "ZKPUSDT": 0.08597,
  "VETUSDT": 0.007321,
  "ESPORTSUSDT": 0.34064,
  "SYRUPUSDT": 0.21015,
  "AEROUSDT": 0.3041,
  "NEOUSDT": 2.619,
  "XTZUSDT": 0.368,
  "COMPUSDT": 17.2,
  "ORDIUSDT": 2.427,
  "CYBERUSDT": 0.5579,
  "MOVEUSDT": 0.02237,
  "NXPCUSDT": 0.2621,
  "FORMUSDT": 0.198,
  "MEUSDT": 0.1201,
  "PNUTUSDT": 0.04439,
  "AUCTIONUSDT": 4.911,
  "SUSDT": 0.03999,
  "NAORISUSDT": 0.04096,
  "GWEIUSDT": 0.030943,
  "ENSUSDT": 6.121,
  "INITUSDT": 0.08757,
  "FOGOUSDT": 0.02452,
  "STGUSDT": 0.1376,
  "SOMIUSDT": 0.199,
  "1000FLOKIUSDT": 0.02838,
  "RESOLVUSDT": 0.06521,
  "1000LUNCUSDT": 0.03484,
  "STXUSDT": 0.2375,
  "LINEAUSDT": 0.003268,
  "SPACEUSDT": 0.00922,
  "PLUMEUSDT": 0.00946,
  "LPTUSDT": 2.218,
  "BEATUSDT": 0.2125,
  "VANAUSDT": 1.449,
  "MERLUSDT": 0.04832,
  "AGTUSDT": 0.005526,
  "BANKUSDT": 0.03848,
  "EDUUSDT": 0.1201,
  "TRBUSDT": 14.302,
  "WUSDT": 0.01856,
  "OGUSDT": 3.067,
  "CLOUSDT": 0.0856,
  "ATHUSDT": 0.005133,
  "ARUSDT": 1.905,
  "USELESSUSDT": 0.03569,
  "2ZUSDT": 0.06825,
  "UAIUSDT": 0.2346,
  "TRIAUSDT": 0.01531,
  "BIRBUSDT": 0.15528,
  "LIGHTUSDT": 0.2434,
  "JASMYUSDT": 0.005661,
  "TAGUSDT": 0.000388,
  "GRTUSDT": 0.0264,
  "WCTUSDT": 0.05848,
  "SPXUSDT": 0.2913,
  "EULUSDT": 0.899,
  "MANAUSDT": 0.0927,
  "LRCUSDT": 0.03325,
  "NMRUSDT": 7.791,
  "API3USDT": 0.2872,
  "CFXUSDT": 0.04958,
  "TAUSDT": 0.03728,
  "MOODENGUSDT": 0.05194,
  "MMTUSDT": 0.1196,
  "QNTUSDT": 63.87,
  "IMXUSDT": 0.158,
  "ZORAUSDT": 0.01956,
  "1INCHUSDT": 0.0892,
  "IOTAUSDT": 0.0661,
  "SPKUSDT": 0.02042,
  "JSTUSDT": 0.043934,
  "COWUSDT": 0.2129,
  "COAIUSDT": 0.3056,
  "LUNA2USDT": 0.06012,
  "FHEUSDT": 0.0299,
  "AXLUSDT": 0.05198,
  "SFPUSDT": 0.254,
  "IDOLUSDT": 0.02385,
  "THETAUSDT": 0.1892,
  "ZRXUSDT": 0.1029,
  "KAIAUSDT": 0.05378,
  "FLOWUSDT": 0.03502,
  "4USDT": 0.0078,
  "PTBUSDT": 0.001288,
  "ARKMUSDT": 0.1051,
  "IOUSDT": 0.1108,
  "RPLUSDT": 2.111,
  "NEIROUSDT": 6.78e-05,
  "PROMPTUSDT": 0.04857,
  "BELUSDT": 0.1083,
  "YFIUSDT": 2758.0,
  "BREVUSDT": 0.1255,
  "RUNEUSDT": 0.3874,
  "AIAUSDT": 0.08787,
  "KGENUSDT": 0.17897,
  "SIGNUSDT": 0.02332,
  "EGLDUSDT": 4.326,
  "SKRUSDT": 0.018068,
  "BOMEUSDT": 0.0003809,
  "DEXEUSDT": 2.66,
  "ARPAUSDT": 0.01024,
  "AIOUSDT": 0.08196,
  "ANIMEUSDT": 0.004753,
  "KASUSDT": 0.03002,
  "SAHARAUSDT": 0.01469,
  "MAGICUSDT": 0.06633,
  "SAPIENUSDT": 0.09388,
  "TWTUSDT": 0.5015,
  "BLUAIUSDT": 0.005028,
  "PROVEUSDT": 0.2775,
  "NOMUSDT": 0.004837,
  "PEOPLEUSDT": 0.00632,
  "MINAUSDT": 0.05888,
  "MEGAUSDT": 0.12822,
  "VELVETUSDT": 0.08066,
  "GMTUSDT": 0.01104,
  "OPENUSDT": 0.1448,
  "TSTUSDT": 0.00979,
  "XNYUSDT": 0.00478,
  "ACTUSDT": 0.01381,
  "AVAAIUSDT": 0.00718,
  "AUSDT": 0.0789,
  "FOLKSUSDT": 1.168,
  "GASUSDT": 1.51,
  "XPTUSDT": 2153.79,
  "ZKCUSDT": 0.0848,
  "FIGHTUSDT": 0.006699,
  "MANTAUSDT": 0.06443,
  "BATUSDT": 0.1157,
  "SUSHIUSDT": 0.1946,
  "TUTUSDT": 0.01024,
  "GRASSUSDT": 0.1713,
  "AKEUSDT": 0.0002671,
  "CATIUSDT": 0.03877,
  "TNSRUSDT": 0.04687,
  "STOUSDT": 0.05936,
  "TURBOUSDT": 0.0009941,
  "SOPHUSDT": 0.008653,
  "TAKEUSDT": 0.0251,
  "YBUSDT": 0.1501,
  "BSVUSDT": 15.27,
  "ZBTUSDT": 0.06997,
  "SUPERUSDT": 0.1101,
  "ACHUSDT": 0.007231,
  "ICNTUSDT": 0.4089,
  "POPCATUSDT": 0.04718,
  "SWARMSUSDT": 0.00656,
  "FUSDT": 0.00558,
  "BABYUSDT": 0.01225,
  "VELODROMEUSDT": 0.01409,
  "LAYERUSDT": 0.0815,
  "SANTOSUSDT": 1.7,
  "C98USDT": 0.0264,
  "XVGUSDT": 0.005808,
  "BLURUSDT": 0.01954,
  "MUBARAKUSDT": 0.01412,
  "NILUSDT": 0.04768,
  "CVXUSDT": 1.783,
  "GLMUSDT": 0.15819,
  "MASKUSDT": 0.4179,
  "SOONUSDT": 0.163,
  "ASRUSDT": 1.365,
  "MEMEUSDT": 0.000649,
  "RAREUSDT": 0.01805,
  "TRUTHUSDT": 0.00899,
  "SOLVUSDT": 0.00425,
  "CTSIUSDT": 0.0241,
  "DRIFTUSDT": 0.0832,
  "ONTUSDT": 0.0408,
  "KSMUSDT": 4.645,
  "SPORTFUNUSDT": 0.04588,
  "RAYSOLUSDT": 0.5985,
  "KERNELUSDT": 0.06964,
  "ALTUSDT": 0.00733,
  "AIXBTUSDT": 0.01864,
  "FRAXUSDT": 0.6225,
  "ANKRUSDT": 0.004231,
  "EDENUSDT": 0.0319,
  "CELOUSDT": 0.073,
  "DAMUSDT": 0.02029,
  "SONICUSDT": 0.04383,
  "UMAUSDT": 0.4413,
  "WETUSDT": 0.08673,
  "IRUSDT": 0.08908,
  "INUSDT": 0.06316,
  "THEUSDT": 0.2407,
  "FLOCKUSDT": 0.06765,
  "ERAUSDT": 0.1476,
  "SUNUSDT": 0.01677,
  "VTHOUSDT": 0.0005915,
  "DEGOUSDT": 0.3245,
  "PROMUSDT": 1.243,
  "MELANIAUSDT": 0.1093,
  "STORJUSDT": 0.0895,
  "KOMAUSDT": 0.00707,
  "BASUSDT": 0.00546,
  "AKTUSDT": 0.3007,
  "CRCLUSDT": 62.06,
  "IDUSDT": 0.04372,
  "AINUSDT": 0.0333,
  "ZEREBROUSDT": 0.00697,
  "DOLOUSDT": 0.03838,
  "WALUSDT": 0.0732,