{
  "ETHUSDT": 1996.8,
  "BTCUSDT": 69670.8,
  "SOLUSDT": 85.54,
  "ETH/USDCUSDT": 1975.14,
  "XRPUSDT": 1.4843,
  "BTC/USDCUSDT": 68801.0,
  "DOGEUSDT": 0.10176,
  "INITUSDT": 0.12117,
  "XAGUSDT": 77.14,
  "1000PEPEUSDT": 0.0045007,
  "ETH/USDUSDT": 1994.49,
  "BTC/USDUSDT": 69614.6,
  "ZECUSDT": 295.11,
  "VVVUSDT": 3.74,
  "PIPPINUSDT": 0.72563,
  "XAUUSDT": 5004.52,
  "BNBUSDT": 618.9,
  "TAOUSDT": 190.67,
  "SIRENUSDT": 0.22595,
  "SOL/USDCUSDT": 85.51,
  "SPACEUSDT": 0.008159,
  "XRP/USDCUSDT": 1.4838,
  "HYPEUSDT": 29.94,
  "RIVERUSDT": 13.278,
  "ADAUSDT": 0.2831,
  "SUIUSDT": 0.9628,
  "LINKUSDT": 8.798,
  "AVAXUSDT": 9.272,
  "ASTERUSDT": 0.714,
  "EULUSDT": 1.101,
  "BCHUSDT": 558.2,
  "TRUMPUSDT": 3.415,
  "XRP/USDUSDT": 1.4825,
  "HUSDT": 0.20299,
  "FILUSDT": 0.967,
  "LTCUSDT": 53.9,
  "PAXGUSDT": 5008.54,
  "KITEUSDT": 0.20505,
  "STABLEUSDT": 0.027127,
  "WLFIUSDT": 0.102,
  "BTRUSDT": 0.21477,
  "UNIUSDT": 3.498,
  "ENAUSDT": 0.121,
  "POWERUSDT": 0.20344,
  "FHEUSDT": 0.04046,
  "PUMPUSDT": 0.002212,
  "WIFUSDT": 0.2336,
  "SOL/USDUSDT": 84.48,
  "PENGUUSDT": 0.007267,
  "LUNA2USDT": 0.06848,
  "NEARUSDT": 1.047,
  "DOTUSDT": 1.356,
  "ZROUSDT": 1.6734,
  "DOGE/USDCUSDT": 0.10171,
  "MERLUSDT": 0.06104,
  "FARTCOINUSDT": 0.2006,
  "1000SHIBUSDT": 0.006572,
  "AAVEUSDT": 126.45,
  "BERAUSDT": 0.6325,
  "AXSUSDT": 1.348,
  "WLDUSDT": 0.3996,
  "OGUSDT": 3.346,
  "DOGE/USDUSDT": 0.1017,
  "USELESSUSDT": 0.04837,
  "MOVEUSDT": 0.02512,
  "DASHUSDT": 37.32,
  "LITUSDT": 1.601,
  "XPLUSDT": 0.1,
  "ZAMAUSDT": 0.02302,
  "HBARUSDT": 0.10056,
  "\u6211\u8e0f\u9a6c\u6765\u4e86USDT": 0.027665,
  "1000PEPE/USDCUSDT": 0.0044963,
  "0GUSDT": 0.6347,
  "XLMUSDT": 0.16923,
  "BNB/USDCUSDT": 619.19,
  "TAKEUSDT": 0.03105,
  "1000BONKUSDT": 0.006586,
  "VIRTUALUSDT": 0.6517,
  "OMUSDT": 0.05861,
  "APTUSDT": 0.9119,
  "MOODENGUSDT": 0.06277,
  "XMRUSDT": 329.39,
  "ALLOUSDT": 0.08728,
  "ZEC/USDCUSDT": 294.77,
  "\u5e01\u5b89\u4eba\u751fUSDT": 0.11,
  "CLOUSDT": 0.07127,
  "SAGAUSDT": 0.03491,
  "ARBUSDT": 0.1144,
  "TRXUSDT": 0.28057,
  "BEATUSDT": 0.2501,
  "MYXUSDT": 1.992,
  "NILUSDT": 0.05976,
  "AZTECUSDT": 0.02276,
  "COMPUSDT": 19.88,
  "IPUSDT": 1.141,
  "ETH/BTCUSDT": 1975.2173797,
  "ZKPUSDT": 0.09348,
  "CRVUSDT": 0.255,
  "MONUSDT": 0.02344,
  "BNB/USDUSDT": 620.16,
  "ETCUSDT": 8.708,
  "ESPUSDT": 0.05399,
  "MUBARAKUSDT": 0.02124,
  "FIGHTUSDT": 0.007528,
  "DUSKUSDT": 0.10886,
  "TONUSDT": 1.4496,
  "TRIAUSDT": 0.01705,
  "STORJUSDT": 0.1098,
  "ENSOUSDT": 1.0871,
  "ONDOUSDT": 0.2758,
  "OPUSDT": 0.1883,
  "ICPUSDT": 2.383,
  "PTBUSDT": 0.001766,
  "1000LUNCUSDT": 0.03473,
  "TIAUSDT": 0.3394,
  "HUMAUSDT": 0.01451,
  "ARCUSDT": 0.07809,
  "RENDERUSDT": 1.44,
  "SENTUSDT": 0.02163,
  "JCTUSDT": 0.001741,
  "SUPERUSDT": 0.1286,
  "TNSRUSDT": 0.05593,
  "POLUSDT": 0.10464,
  "PLAYUSDT": 0.02555,
  "FETUSDT": 0.1724,
  "SEIUSDT": 0.0744,
  "PYTHUSDT": 0.05571,
  "CHZUSDT": 0.04074,
  "GALAUSDT": 0.00409,
  "GPSUSDT": 0.011282,
  "ADA/USDUSDT": 0.2831,
  "LPTUSDT": 2.491,
  "ATOMUSDT": 2.183,
  "BULLAUSDT": 0.02687,
  "ZENUSDT": 6.166,
  "MEUSDT": 0.1356,
  "ONUSDT": 0.09526,
  "JUPUSDT": 0.1613,
  "VICUSDT": 0.04975,
  "INJUSDT": 3.142,
  "LAUSDT": 0.2034,
  "MORPHOUSDT": 1.376,
  "PENDLEUSDT": 1.2441,
  "SPORTFUNUSDT": 0.03593,
  "SUI/USDCUSDT": 0.9623,
  "SANDUSDT": 0.08675,
  "ROSEUSDT": 0.01213,
  "COWUSDT": 0.2093,
  "SOMIUSDT": 0.1979,
  "1000FLOKIUSDT": 0.03205,
  "NAORISUSDT": 0.03163,
  "ALGOUSDT": 0.0952,
  "LDOUSDT": 0.339,
  "STGUSDT": 0.145,
  "NEIROUSDT": 7.74e-05,
  "SPXUSDT": 0.3267,
  "DYDXUSDT": 0.108,
  "ZKUSDT": 0.02164,
  "XNYUSDT": 0.005966,
  "ADA/USDCUSDT": 0.2831,
  "SUI/USDUSDT": 0.9622,
  "ENSUSDT": 6.759,
  "BIRBUSDT": 0.19478,
  "GIGGLEUSDT": 32.09,
  "FIL/USDCUSDT": 0.967,
  "ENA/USDCUSDT": 0.1211,
  "BANANAS31USDT": 0.004699,
  "BCH/USDCUSDT": 557.86,
  "STRKUSDT": 0.04861,
  "FOGOUSDT": 0.02283,
  "COAIUSDT": 0.3584,
  "ETHFIUSDT": 0.4714,
  "USTCUSDT": 0.005114,
  "LYNUSDT": 0.23545,
  "COLLECTUSDT": 0.08122,
  "LINK/USDCUSDT": 8.792,
  "SHELLUSDT": 0.03342,
  "ACUUSDT": 0.11721,
  "LINEAUSDT": 0.003707,
  "EDENUSDT": 0.03358,
  "VETUSDT": 0.008292,
  "NOMUSDT": 0.005505,
  "EIGENUSDT": 0.2079,
  "ORDIUSDT": 2.807,
  "PROMUSDT": 1.402,
  "CYSUSDT": 0.5183,
  "CAKEUSDT": 1.3078,
  "MANTAUSDT": 0.08057,
  "SKLUSDT": 0.00724,
  "TRBUSDT": 15.58,
  "SNXUSDT": 0.296,
  "DYMUSDT": 0.0487,
  "ZILUSDT": 0.00431,
  "LIGHTUSDT": 0.2402,
  "PNUTUSDT": 0.05146,
  "PEOPLEUSDT": 0.00712,
  "TOWNSUSDT": 0.00422,
  "ACEUSDT": 0.1741,
  "SUSDT": 0.04806,
  "BTCDOMUSDT": 5121.9,
  "TURBOUSDT": 0.00112,
  "SKRUSDT": 0.020704,
  "APRUSDT": 0.10105,
  "GUNUSDT": 0.0221,
  "KASUSDT": 0.03179,
  "TOSHIUSDT": 0.0002339,
  "STXUSDT": 0.266,
  "FIL/USDUSDT": 0.967,
  "RESOLVUSDT": 0.06038,
  "LINK/USDUSDT": 8.791,
  "C98USDT": 0.0302,
  "AIAUSDT": 0.11286,
  "AVNTUSDT": 0.199,
  "POPCATUSDT": 0.05529,
  "TRUMP/USDCUSDT": 3.413,
  "FRAXUSDT": 0.66,
  "MASKUSDT": 0.4643,
  "IRUSDT": 0.07725,
  "DEEPUSDT": 0.02797,
  "XAIUSDT": 0.01068,
  "XPINUSDT": 0.00181,
  "AVAX/USDCUSDT": 9.267,
  "GRTUSDT": 0.02778,
  "ARUSDT": 2.014,
  "MEMEUSDT": 0.0007132,
  "APEUSDT": 0.1297,
  "LRCUSDT": 0.03351,
  "KSMUSDT": 4.698,
  "ALICEUSDT": 0.111,
  "MANAUSDT": 0.1013,
  "ACTUSDT": 0.01543,
  "BIOUSDT": 0.02426,
  "BASUSDT": 0.004798,
  "TLMUSDT": 0.001747,
  "BROCCOLI714USDT": 0.01561,
  "AUCTIONUSDT": 5.275,
  "QNTUSDT": 70.28,
  "LTC/USDCUSDT": 53.85,
  "OPENUSDT": 0.1587,
  "BOMEUSDT": 0.0004439,
  "MIRAUSDT": 0.0922,
  "CFXUSDT": 0.05476,
  "CCUSDT": 0.162,
  "EGLDUSDT": 4.772,
  "ARKMUSDT": 0.1165,
  "SYRUPUSDT": 0.25007,
  "KERNELUSDT": 0.06731,
  "CYBERUSDT": 0.5568,
  "JASMYUSDT": 0.005971,
  "BREVUSDT": 0.1343,
  "AWEUSDT": 0.08797,
  "KAITOUSDT": 0.316,
  "WLFI/USDCUSDT": 0.1019,
  "LSKUSDT": 0.1443,
  "ALPINEUSDT": 0.4725,
  "KGENUSDT": 0.17,
  "JTOUSDT": 0.2689,
  "MUSDT": 1.2903,
  "XTZUSDT": 0.4,
  "FFUSDT": 0.08099,
  "RECALLUSDT": 0.04876,
  "HAEDALUSDT": 0.02973,
  "CUSDT": 0.05826,
  "ZKCUSDT": 0.0976,
  "RAVEUSDT": 0.38956,
  "AEROUSDT": 0.3125,
  "MAGMAUSDT": 0.09696,
  "BCH/USDUSDT": 557.81,
  "AIXBTUSDT": 0.02124,
  "ARB/USDCUSDT": 0.1144,
  "SQDUSDT": 0.03942,
  "ESPORTSUSDT": 0.35053,
  "LTC/USDUSDT": 53.86,
  "B3USDT": 0.0004554,
  "MMTUSDT": 0.1306,
  "METUSDT": 0.2201,
  "BEAMXUSDT": 0.002448,
  "XVGUSDT": 0.005986,
  "YFIUSDT": 2875.0,
  "VANAUSDT": 1.552,
  "PENGU/USDCUSDT": 0.007261,
  "THETAUSDT": 0.2074,
  "WUSDT": 0.02019,
  "ZORAUSDT": 0.02087,
  "RUNEUSDT": 0.404,
  "UNI/USDUSDT": 3.495,
  "PARTIUSDT": 0.10689,
  "MSTRUSDT": 134.34,
  "BARDUSDT": 0.7924,
  "WIF/USDCUSDT": 0.2334,
  "AXLUSDT": 0.06052,
  "ACHUSDT": 0.007695,
  "DOLOUSDT": 0.03641,
  "HANAUSDT": 0.04015,
  "FLOWUSDT": 0.04088,
  "XPTUSDT": 2044.02,
  "XPDUSDT": 1699.98,
  "SYNUSDT": 0.04768,
  "NIGHTUSDT": 0.05574,
  "BATUSDT": 0.13,
  "GWEIUSDT": 0.025391,
  "NEAR/USDCUSDT": 1.046,
  "GMTUSDT": 0.01236,
  "BANUSDT": 0.10055,
  "MINAUSDT": 0.06609,
  "FOLKSUSDT": 1.36,
  "BANKUSDT": 0.04107,
  "ALCHUSDT": 0.08368,
  "IRYSUSDT": 0.03741,
  "KAIAUSDT": 0.05652,
  "SUNUSDT": 0.017257,
  "TREEUSDT": 0.07284,
  "HOMEUSDT": 0.027466,
  "TIA/USDCUSDT": 0.3391,
  "2ZUSDT": 0.07649,
  "YBUSDT": 0.1793,
  "EDUUSDT": 0.131,
  "INXUSDT": 0.013155,
  "BABYUSDT": 0.014,
  "4USDT": 0.0101,
  "WCTUSDT": 0.06258,
  "AIOUSDT": 0.07278,
  "PLUMEUSDT": 0.01082,
  "1INCHUSDT": 0.0943,
  "BSVUSDT": 16.83,
  "SUSHIUSDT": 0.2092,
  "WIF/USDUSDT": 0.2334,
  "SKYUSDT": 0.06765,
  "PIEVERSEUSDT": 0.408,
  "IP/USDCUSDT": 1.14,
  "IOTAUSDT": 0.069,
  "RVNUSDT": 0.00624,
  "AVAX/USDUSDT": 9.26,
  "ELSAUSDT": 0.07959,
  "TRADOORUSDT": 1.355,
  "XANUSDT": 0.00888,
  "FUSDT": 0.006273,
  "REZUSDT": 0.003148,
  "ICNTUSDT": 0.4818,
  "TSLAUSDT": 418.2,
  "LAYERUSDT": 0.0894,
  "ASRUSDT": 1.445,
  "1MBABYDOGEUSDT": 0.0004044,
  "NEOUSDT": 2.831,
  "ATHUSDT": 0.00597,
  "IMXUSDT": 0.166,
  "FUNUSDT": 0.001298,
  "GLMUSDT": 0.18488,
  "MAGICUSDT": 0.06995,
  "NXPCUSDT": 0.2697,