{
  "BTCUSDT": 69839.0,
  "ETHUSDT": 2088.39,
  "SOLUSDT": 88.21,
  "XRPUSDT": 1.4966,
  "BNBUSDT": 633.1,
  "BCHUSDT": 568.75,
  "DOGEUSDT": 0.10893,
  "HYPEUSDT": 31.348,
  "PAXGUSDT": 5030.62,
  "ZECUSDT": 314.29,
  "XAGUSDT": 77.45,
  "XAUUSDT": 5038.87,
  "SUIUSDT": 1.0369,
  "TRXUSDT": 0.28276,
  "1000PEPEUSDT": 0.0047367,
  "ASTERUSDT": 0.7358,
  "ADAUSDT": 0.2982,
  "LINKUSDT": 9.174,
  "LTCUSDT": 56.38,
  "AVAXUSDT": 9.59,
  "PIPPINUSDT": 0.71113,
  "UNIUSDT": 3.669,
  "ENAUSDT": 0.1295,
  "PUMPUSDT": 0.002321,
  "WLFIUSDT": 0.11,
  "AAVEUSDT": 129.75,
  "NEARUSDT": 1.092,
  "LITUSDT": 1.675,
  "WLDUSDT": 0.4349,
  "KITEUSDT": 0.19315,
  "TRUMPUSDT": 3.612,
  "FILUSDT": 1.027,
  "XPLUSDT": 0.1022,
  "TAOUSDT": 193.69,
  "ARCUSDT": 0.07775,
  "ZROUSDT": 1.911,
  "HUSDT": 0.20088,
  "DOTUSDT": 1.427,
  "1000SHIBUSDT": 0.006914,
  "TONUSDT": 1.5124,
  "APTUSDT": 1.0045,
  "HBARUSDT": 0.1052,
  "RIVERUSDT": 14.05,
  "BERAUSDT": 0.686,
  "ATOMUSDT": 2.213,
  "XLMUSDT": 0.17607,
  "MONUSDT": 0.02426,
  "AXSUSDT": 1.496,
  "ARBUSDT": 0.1217,
  "XMRUSDT": 352.85,
  "WIFUSDT": 0.2531,
  "ICPUSDT": 2.562,
  "FARTCOINUSDT": 0.2163,
  "DASHUSDT": 40.33,
  "PENGUUSDT": 0.007862,
  "CRVUSDT": 0.268,
  "1000BONKUSDT": 0.007182,
  "FETUSDT": 0.1818,
  "IPUSDT": 1.18,
  "FFUSDT": 0.08163,
  "ETCUSDT": 9.008,
  "\u5e01\u5b89\u4eba\u751fUSDT": 0.11045,
  "OPUSDT": 0.1994,
  "BARDUSDT": 0.8179,
  "CHZUSDT": 0.04389,
  "POLUSDT": 0.11114,
  "BTRUSDT": 0.20311,
  "VIRTUALUSDT": 0.6867,
  "PARTIUSDT": 0.10843,
  "TIAUSDT": 0.3632,
  "ONDOUSDT": 0.295,
  "SENTUSDT": 0.023,
  "BTCDOMUSDT": 5012.0,
  "SPACEUSDT": 0.013231,
  "JUPUSDT": 0.1657,
  "ETHFIUSDT": 0.504,
  "ZAMAUSDT": 0.02147,
  "SEIUSDT": 0.0786,
  "ZKUSDT": 0.02323,
  "0GUSDT": 0.6289,
  "PENDLEUSDT": 1.3129,
  "LDOUSDT": 0.3638,
  "BANUSDT": 0.09248,
  "CCUSDT": 0.16751,
  "ZENUSDT": 6.659,
  "INJUSDT": 3.317,
  "ALCHUSDT": 0.08562,
  "RENDERUSDT": 1.534,
  "UBUSDT": 0.0468,
  "KAITOUSDT": 0.3343,
  "SKYUSDT": 0.06897,
  "OMUSDT": 0.06092,
  "ATUSDT": 0.16093,
  "ENSOUSDT": 1.1624,
  "1000RATSUSDT": 0.04947,
  "BANANAS31USDT": 0.004927,
  "STABLEUSDT": 0.023576,
  "SANDUSDT": 0.09305,
  "OGUSDT": 5.035,
  "CYSUSDT": 0.4913,
  "GIGGLEUSDT": 34.26,
  "\u6211\u8e0f\u9a6c\u6765\u4e86USDT": 0.025868,
  "PYTHUSDT": 0.06044,
  "NIGHTUSDT": 0.05905,
  "HANAUSDT": 0.03836,
  "STRKUSDT": 0.05221,
  "POWERUSDT": 0.26694,
  "DUSKUSDT": 0.11204,
  "QUSDT": 0.020631,
  "ROSEUSDT": 0.01341,
  "AWEUSDT": 0.09119,
  "MSTRUSDT": 134.87,
  "COMPUSDT": 20.35,
  "HOMEUSDT": 0.027671,
  "SKYAIUSDT": 0.03939,
  "CAKEUSDT": 1.3557,
  "ALGOUSDT": 0.1007,
  "METUSDT": 0.2295,
  "TRADOORUSDT": 1.382,
  "USDCUSDT": 0.999848,
  "GPSUSDT": 0.011731,
  "MYXUSDT": 2.309,
  "PIEVERSEUSDT": 0.4194,
  "AVNTUSDT": 0.2145,
  "GALAUSDT": 0.00435,
  "ZILUSDT": 0.00457,
  "LYNUSDT": 0.21778,
  "LINEAUSDT": 0.003999,
  "ENSUSDT": 6.899,
  "MORPHOUSDT": 1.3842,
  "SUSDT": 0.05124,
  "MUSDT": 1.3633,
  "AUCTIONUSDT": 5.483,
  "BUSDT": 0.1537,
  "GUNUSDT": 0.02513,
  "SIRENUSDT": 0.1518,
  "EIGENUSDT": 0.2209,
  "ESPUSDT": 0.06045,
  "B2USDT": 0.7232,
  "VETUSDT": 0.008763,
  "VVVUSDT": 3.04,
  "BEATUSDT": 0.3015,
  "PNUTUSDT": 0.05508,
  "BEAMXUSDT": 0.002534,
  "MEUSDT": 0.1545,
  "AEROUSDT": 0.3318,
  "XPINUSDT": 0.001682,
  "XTZUSDT": 0.424,
  "BIRBUSDT": 0.2046,
  "MOODENGUSDT": 0.06189,
  "BIOUSDT": 0.02622,
  "LAUSDT": 0.2239,
  "DYDXUSDT": 0.112,
  "TAKEUSDT": 0.04532,
  "SYRUPUSDT": 0.28554,
  "ZKPUSDT": 0.09554,
  "FORMUSDT": 0.23,
  "HUMAUSDT": 0.013592,
  "MOVEUSDT": 0.0245,
  "COLLECTUSDT": 0.06914,
  "1000LUNCUSDT": 0.0349,
  "TSLAUSDT": 417.89,
  "NEOUSDT": 2.947,
  "RESOLVUSDT": 0.06286,
  "LPTUSDT": 2.527,
  "ORDIUSDT": 2.997,
  "BULLAUSDT": 0.02436,
  "JELLYJELLYUSDT": 0.05755,
  "AIAUSDT": 0.13,
  "RAVEUSDT": 0.37699,
  "COWUSDT": 0.2246,
  "LRCUSDT": 0.03443,
  "SOMIUSDT": 0.1996,
  "COAIUSDT": 0.4318,
  "1000FLOKIUSDT": 0.03477,
  "NXPCUSDT": 0.2902,
  "FOGOUSDT": 0.02335,
  "GUAUSDT": 0.14329,
  "STXUSDT": 0.2799,
  "ESPORTSUSDT": 0.35483,
  "ATHUSDT": 0.006574,
  "MERLUSDT": 0.06088,
  "STGUSDT": 0.1654,
  "CLOUSDT": 0.08545,
  "JTOUSDT": 0.2834,
  "FHEUSDT": 0.04118,
  "ALLOUSDT": 0.08418,
  "PLUMEUSDT": 0.01192,
  "TRBUSDT": 16.814,
  "VANAUSDT": 1.637,
  "XNYUSDT": 0.006436,
  "SPXUSDT": 0.3578,
  "TRIAUSDT": 0.02055,
  "WCTUSDT": 0.06723,
  "BANKUSDT": 0.04126,
  "ARUSDT": 2.158,
  "API3USDT": 0.3267,
  "EDUUSDT": 0.1317,
  "NMRUSDT": 8.863,
  "2ZUSDT": 0.08177,
  "CFXUSDT": 0.05751,
  "JASMYUSDT": 0.006296,
  "WUSDT": 0.02182,
  "QNTUSDT": 75.08,
  "FLOWUSDT": 0.04526,
  "XVGUSDT": 0.006571,
  "MANAUSDT": 0.1088,
  "4USDT": 0.01097,
  "GWEIUSDT": 0.027758,
  "EULUSDT": 1.029,
  "MUBARAKUSDT": 0.01938,
  "LIGHTUSDT": 0.2574,
  "ZKCUSDT": 0.1018,
  "AZTECUSDT": 0.02348,
  "UAIUSDT": 0.2475,
  "APEUSDT": 0.1356,
  "ACTUSDT": 0.01594,
  "BREVUSDT": 0.1517,
  "KAIAUSDT": 0.05935,
  "IRYSUSDT": 0.0435,
  "NEIROUSDT": 8.35e-05,
  "THETAUSDT": 0.224,
  "TAUSDT": 0.03685,
  "GRTUSDT": 0.0293,
  "TAGUSDT": 0.0003789,
  "SFPUSDT": 0.2832,
  "IOTAUSDT": 0.0733,
  "IMXUSDT": 0.1762,
  "MMTUSDT": 0.1416,
  "1INCHUSDT": 0.1005,
  "BOMEUSDT": 0.0004572,
  "TNSRUSDT": 0.05611,
  "ZORAUSDT": 0.02218,
  "C98USDT": 0.0331,
  "JSTUSDT": 0.041765,
  "ZRXUSDT": 0.116,
  "EGLDUSDT": 5.338,
  "SKRUSDT": 0.024595,
  "SPKUSDT": 0.02318,
  "AGTUSDT": 0.004947,
  "RUNEUSDT": 0.4256,
  "TSTUSDT": 0.01219,
  "AXLUSDT": 0.06385,
  "FRAXUSDT": 0.6488,
  "GRASSUSDT": 0.2165,
  "FOLKSUSDT": 1.46,
  "POPCATUSDT": 0.06046,
  "ANIMEUSDT": 0.0059,
  "BSVUSDT": 17.56,
  "SNXUSDT": 0.314,
  "YFIUSDT": 2882.0,
  "FUSDT": 0.00654,
  "PROVEUSDT": 0.3386,
  "NOMUSDT": 0.00567,
  "MEGAUSDT": 0.12881,
  "PEOPLEUSDT": 0.00746,
  "PTBUSDT": 0.001385,
  "MINAUSDT": 0.06977,
  "MANTAUSDT": 0.07997,
  "TWTUSDT": 0.533,
  "NILUSDT": 0.05639,
  "ARKMUSDT": 0.1279,
  "KASUSDT": 0.03354,
  "AUSDT": 0.0899,
  "TURBOUSDT": 0.0012124,
  "ACHUSDT": 0.00814,
  "FIGHTUSDT": 0.006671,
  "TUTUSDT": 0.01233,
  "GASUSDT": 1.731,
  "YBUSDT": 0.1849,
  "GMTUSDT": 0.01335,
  "KGENUSDT": 0.18002,
  "BLUAIUSDT": 0.006092,
  "NAORISUSDT": 0.0327,
  "SAHARAUSDT": 0.01698,
  "BATUSDT": 0.1374,
  "SIGNUSDT": 0.029,
  "ICNTUSDT": 0.4469,
  "MAGICUSDT": 0.07222,
  "SOPHUSDT": 0.010148,
  "ONUSDT": 0.10983,
  "CYBERUSDT": 0.6012,
  "AVAAIUSDT": 0.00816,
  "SWARMSUSDT": 0.00805,
  "BASUSDT": 0.006521,
  "MEMEUSDT": 0.0007763,
  "DEEPUSDT": 0.02952,
  "OPENUSDT": 0.1753,
  "LAYERUSDT": 0.0956,
  "SONICUSDT": 0.0513,
  "BROCCOLI714USDT": 0.01595,
  "BABYUSDT": 0.01423,
  "SOONUSDT": 0.1951,
  "ZBTUSDT": 0.07479,
  "CATIUSDT": 0.04294,
  "AKEUSDT": 0.0003046,
  "SANTOSUSDT": 1.93,
  "BLURUSDT": 0.02248,
  "TRUTHUSDT": 0.015187,
  "IOUSDT": 0.1143,
  "YGGUSDT": 0.04384,
  "SUPERUSDT": 0.134,
  "CELOUSDT": 0.09,
  "SUSHIUSDT": 0.2206,
  "AIXBTUSDT": 0.02334,
  "ONTUSDT": 0.0483,
  "LUNA2USDT": 0.06566,
  "THEUSDT": 0.2765,
  "TOSHIUSDT": 0.000253,
  "AIOUSDT": 0.07912,
  "SOLVUSDT": 0.00513,
  "ALTUSDT": 0.00915,
  "INUSDT": 0.06713,
  "CTSIUSDT": 0.0283,
  "SUNUSDT": 0.017587,
  "GLMUSDT": 0.19875,
  "STOUSDT": 0.05743,
  "IDOLUSDT": 0.0205,
  "SYNUSDT": 0.04953,
  "VELODROMEUSDT": 0.01525,
  "USELESSUSDT": 0.03967,
  "DYMUSDT": 0.04733,
  "XPTUSDT": 2069.28,
  "ZEREBROUSDT": 0.00884,
  "MASKUSDT": 0.4871,
  "WALUSDT": 0.0891,
  "IDUSDT": 0.056,
  "ASRUSDT": 1.454,
  "HYPERUSDT": 0.1084,
  "MELANIAUSDT": 0.1255,
  "CVXUSDT": 2.02,
  "RSRUSDT": 0.001696,
  "INITUSDT": 0.07111,
  "SKLUSDT": 0.00723,
  "QTUMUSDT": 1.031,
  "KERNELUSDT": 0.06878,
  "ANKRUSDT": 0.004837,
  "RAREUSDT": 0.02052,
  "STBLUSDT": 0.04153,
  "ERAUSDT": 0.1666,
  "BANANAUSDT": 4.926,
  "GUSDT": 0.004183,
  "KAVAUSDT": 0.0583,
  "AINUSDT": 0.03566,
  "VELVETUSDT": 0.07967,
  "EDENUSDT": 0.03474,
  "HEMIUSDT": 0.01044,
  "KMNOUSDT": 0.03081,
  "NOTUSDT": 0.0004294,
  "DEXEUSDT": 2.386,
  "ORCAUSDT": 0.824,
  "ARPAUSDT": 0.01056,
  "LISTAUSDT": 0.0968,
  "POLYXUSDT": 0.04769,
  "SAPIENUSDT": 0.0942,
  "RAYSOLUSDT": 0.6604,