{
  "BTCUSDT": 67004.7,
  "ETHUSDT": 1939.5,
  "SOLUSDT": 81.62,
  "XRPUSDT": 1.4104,
  "BNBUSDT": 604.16,
  "BCHUSDT": 558.49,
  "DOGEUSDT": 0.0976,
  "HYPEUSDT": 28.707,
  "XAGUSDT": 78.02,
  "WLFIUSDT": 0.1168,
  "PAXGUSDT": 4994.65,
  "ZECUSDT": 261.33,
  "XAUUSDT": 4991.74,
  "TRXUSDT": 0.28364,
  "SUIUSDT": 0.9123,
  "ASTERUSDT": 0.7016,
  "1000PEPEUSDT": 0.0041965,
  "LINKUSDT": 8.495,
  "AVAXUSDT": 8.873,
  "LTCUSDT": 52.58,
  "ADAUSDT": 0.2722,
  "UNIUSDT": 3.356,
  "PUMPUSDT": 0.002059,
  "ENAUSDT": 0.1101,
  "KITEUSDT": 0.24035,
  "NEARUSDT": 0.999,
  "AAVEUSDT": 123.16,
  "PIPPINUSDT": 0.49435,
  "LITUSDT": 1.492,
  "WLDUSDT": 0.3721,
  "TRUMPUSDT": 3.414,
  "FILUSDT": 0.91,
  "ARCUSDT": 0.07584,
  "XPLUSDT": 0.0916,
  "TAOUSDT": 176.78,
  "DOTUSDT": 1.279,
  "ATOMUSDT": 2.295,
  "APTUSDT": 0.858,
  "TONUSDT": 1.3564,
  "HBARUSDT": 0.09754,
  "ZROUSDT": 1.4418,
  "1000SHIBUSDT": 0.006205,
  "XLMUSDT": 0.15952,
  "BERAUSDT": 0.5696,
  "ARBUSDT": 0.0983,
  "AXSUSDT": 1.231,
  "RIVERUSDT": 8.364,
  "HUSDT": 0.16272,
  "ICPUSDT": 2.155,
  "XMRUSDT": 334.37,
  "OPUSDT": 0.1377,
  "MONUSDT": 0.02044,
  "WIFUSDT": 0.2154,
  "FETUSDT": 0.1609,
  "FFUSDT": 0.07926,
  "CRVUSDT": 0.239,
  "BARDUSDT": 0.7612,
  "PENGUUSDT": 0.006533,
  "FARTCOINUSDT": 0.1804,
  "IPUSDT": 1.087,
  "ETCUSDT": 8.247,
  "ENSOUSDT": 1.5835,
  "1000BONKUSDT": 0.006108,
  "INJUSDT": 3.257,
  "CHZUSDT": 0.03796,
  "POWERUSDT": 0.38013,
  "DASHUSDT": 34.74,
  "PARTIUSDT": 0.09984,
  "POLUSDT": 0.10601,
  "BANUSDT": 0.1188,
  "BTCDOMUSDT": 5127.4,
  "\u5e01\u5b89\u4eba\u751fUSDT": 0.08468,
  "SENTUSDT": 0.02071,
  "TIAUSDT": 0.3168,
  "ONDOUSDT": 0.2596,
  "VIRTUALUSDT": 0.6163,
  "SEIUSDT": 0.0701,
  "ETHFIUSDT": 0.4539,
  "ZKUSDT": 0.01988,
  "ZAMAUSDT": 0.02053,
  "RAVEUSDT": 0.49256,
  "JUPUSDT": 0.1506,
  "0GUSDT": 0.597,
  "STABLEUSDT": 0.029495,
  "LYNUSDT": 0.2821,
  "ORCAUSDT": 1.144,
  "ALCHUSDT": 0.08191,
  "SIRENUSDT": 0.21576,
  "VVVUSDT": 3.594,
  "CCUSDT": 0.15747,
  "KAITOUSDT": 0.2943,
  "ESPUSDT": 0.07341,
  "PENDLEUSDT": 1.1697,
  "1000RATSUSDT": 0.04647,
  "OMUSDT": 0.06312,
  "LDOUSDT": 0.3206,
  "NIGHTUSDT": 0.06105,
  "RENDERUSDT": 1.4,
  "DUSKUSDT": 0.08885,
  "BTRUSDT": 0.17719,
  "QUSDT": 0.020651,
  "ATUSDT": 0.16069,
  "HANAUSDT": 0.03708,
  "JTOUSDT": 0.283,
  "ZENUSDT": 5.74,
  "SANDUSDT": 0.08133,
  "HOMEUSDT": 0.025842,
  "STRKUSDT": 0.04435,
  "BANANAS31USDT": 0.004388,
  "GUNUSDT": 0.02876,
  "UBUSDT": 0.03802,
  "TRADOORUSDT": 1.434,
  "SKYAIUSDT": 0.03688,
  "GPSUSDT": 0.013115,
  "CYSUSDT": 0.4262,
  "CAKEUSDT": 1.2507,
  "MYXUSDT": 0.839,
  "ALGOUSDT": 0.0886,
  "MUSDT": 1.3493,
  "PIEVERSEUSDT": 0.4112,
  "SKYUSDT": 0.06373,
  "APEUSDT": 0.1091,
  "GALAUSDT": 0.00373,
  "\u6211\u8e0f\u9a6c\u6765\u4e86USDT": 0.015646,
  "USDCUSDT": 0.999751,
  "JELLYJELLYUSDT": 0.07241,
  "XPINUSDT": 0.001949,
  "GIGGLEUSDT": 28.84,
  "ALLOUSDT": 0.10912,
  "ZILUSDT": 0.00397,
  "ROSEUSDT": 0.01266,
  "PYTHUSDT": 0.05172,
  "B2USDT": 0.6995,
  "INITUSDT": 0.09811,
  "METUSDT": 0.2129,
  "AVNTUSDT": 0.1837,
  "MORPHOUSDT": 1.3793,
  "HUMAUSDT": 0.013011,
  "MSTRUSDT": 127.12,
  "BEAMXUSDT": 0.002234,
  "CYBERUSDT": 0.5694,
  "BUSDT": 0.1337,
  "SYRUPUSDT": 0.22754,
  "MOVEUSDT": 0.02309,
  "NAORISUSDT": 0.04258,
  "COMPUSDT": 17.85,
  "SNXUSDT": 0.329,
  "ZKPUSDT": 0.09192,
  "EIGENUSDT": 0.1923,
  "AEROUSDT": 0.3135,
  "GUAUSDT": 0.15311,
  "SPACEUSDT": 0.009457,
  "COLLECTUSDT": 0.06359,
  "XTZUSDT": 0.378,
  "MEUSDT": 0.1248,
  "TSLAUSDT": 410.62,
  "BULLAUSDT": 0.02615,
  "LAUSDT": 0.203,
  "1000LUNCUSDT": 0.03473,
  "AUCTIONUSDT": 4.882,
  "AWEUSDT": 0.06438,
  "VETUSDT": 0.007679,
  "ENSUSDT": 6.437,
  "FORMUSDT": 0.2104,
  "BIOUSDT": 0.02216,
  "ESPORTSUSDT": 0.35152,
  "DYDXUSDT": 0.097,
  "NEOUSDT": 2.666,
  "ORDIUSDT": 2.569,
  "NXPCUSDT": 0.255,
  "PNUTUSDT": 0.04698,
  "BEATUSDT": 0.2562,
  "FOGOUSDT": 0.02409,
  "SUSDT": 0.04267,
  "LINEAUSDT": 0.003256,
  "OGUSDT": 3.352,
  "1000FLOKIUSDT": 0.02982,
  "SOMIUSDT": 0.2009,
  "FHEUSDT": 0.04021,
  "PLUMEUSDT": 0.01003,
  "BIRBUSDT": 0.17248,
  "STXUSDT": 0.2466,
  "LRCUSDT": 0.03227,
  "LPTUSDT": 2.301,
  "SPXUSDT": 0.3224,
  "AZTECUSDT": 0.01955,
  "BANKUSDT": 0.04209,
  "EDUUSDT": 0.1263,
  "VANAUSDT": 1.396,
  "STGUSDT": 0.1248,
  "MERLUSDT": 0.05239,
  "RESOLVUSDT": 0.05684,
  "LIGHTUSDT": 0.2577,
  "TRBUSDT": 14.845,
  "ATHUSDT": 0.00546,
  "CLOUSDT": 0.08258,
  "WUSDT": 0.01915,
  "MANAUSDT": 0.0956,
  "GWEIUSDT": 0.027239,
  "NMRUSDT": 8.194,
  "TRIAUSDT": 0.01598,
  "RPLUSDT": 2.198,
  "2ZUSDT": 0.06923,
  "ZORAUSDT": 0.02058,
  "WCTUSDT": 0.05882,
  "UAIUSDT": 0.2374,
  "MOODENGUSDT": 0.05507,
  "JASMYUSDT": 0.005614,
  "LUNA2USDT": 0.0637,
  "TAGUSDT": 0.0003907,
  "CFXUSDT": 0.05077,
  "API3USDT": 0.2967,
  "ARUSDT": 1.92,
  "AIAUSDT": 0.10478,
  "EULUSDT": 0.882,
  "MMTUSDT": 0.1259,
  "COAIUSDT": 0.3229,
  "SFPUSDT": 0.273,
  "TAUSDT": 0.0359,
  "FLOWUSDT": 0.03514,
  "USELESSUSDT": 0.04067,
  "GRTUSDT": 0.02624,
  "SPKUSDT": 0.02068,
  "4USDT": 0.00894,
  "IMXUSDT": 0.1572,
  "1INCHUSDT": 0.0911,
  "XNYUSDT": 0.005148,
  "ZRXUSDT": 0.1056,
  "IOTAUSDT": 0.0674,
  "JSTUSDT": 0.041936,
  "QNTUSDT": 66.13,
  "PTBUSDT": 0.001357,
  "KAIAUSDT": 0.05531,
  "YFIUSDT": 2776.0,
  "ARKMUSDT": 0.1084,
  "THETAUSDT": 0.1909,
  "FOLKSUSDT": 1.392,
  "TAKEUSDT": 0.02688,
  "NEIROUSDT": 7.22e-05,
  "MEGAUSDT": 0.13002,
  "ANIMEUSDT": 0.004973,
  "AXLUSDT": 0.05444,
  "EGLDUSDT": 4.425,
  "SKRUSDT": 0.01879,
  "BREVUSDT": 0.1254,
  "COWUSDT": 0.1898,
  "KGENUSDT": 0.17839,
  "AGTUSDT": 0.004294,
  "RUNEUSDT": 0.3957,
  "BLUAIUSDT": 0.0052,
  "BOMEUSDT": 0.0004097,
  "MAGICUSDT": 0.06964,
  "ZKCUSDT": 0.0895,
  "GASUSDT": 1.579,
  "SAHARAUSDT": 0.01503,
  "PEOPLEUSDT": 0.00671,
  "NILUSDT": 0.05301,
  "TSTUSDT": 0.01034,
  "FUSDT": 0.005861,
  "MANTAUSDT": 0.07133,
  "NOMUSDT": 0.005219,
  "TWTUSDT": 0.5147,
  "MUBARAKUSDT": 0.01633,
  "AVAAIUSDT": 0.00757,
  "ACTUSDT": 0.01472,
  "VELVETUSDT": 0.07965,
  "KASUSDT": 0.03019,
  "TUTUSDT": 0.01099,
  "SANTOSUSDT": 1.957,
  "FIGHTUSDT": 0.006442,
  "PROVEUSDT": 0.2978,
  "IOUSDT": 0.1083,
  "BSVUSDT": 16.06,
  "TURBOUSDT": 0.0010201,
  "AUSDT": 0.0797,
  "BATUSDT": 0.1193,
  "MINAUSDT": 0.06216,
  "GMTUSDT": 0.01179,
  "XPTUSDT": 2066.9,
  "GRASSUSDT": 0.182,
  "TNSRUSDT": 0.04844,
  "OPENUSDT": 0.1525,
  "YBUSDT": 0.1631,
  "SIGNUSDT": 0.02506,
  "SOPHUSDT": 0.009038,
  "IDOLUSDT": 0.02129,
  "AIOUSDT": 0.07504,
  "SUPERUSDT": 0.1213,
  "ZBTUSDT": 0.07166,
  "SWARMSUSDT": 0.00696,
  "IRUSDT": 0.0854,
  "CVXUSDT": 1.98,
  "RAYSOLUSDT": 0.6273,
  "CATIUSDT": 0.03942,
  "BABYUSDT": 0.01332,
  "POPCATUSDT": 0.04921,
  "XVGUSDT": 0.006035,
  "SONICUSDT": 0.05139,
  "C98USDT": 0.0273,
  "SUSHIUSDT": 0.1986,
  "SUNUSDT": 0.017336,
  "AKEUSDT": 0.0002599,
  "ACHUSDT": 0.007377,
  "ONTUSDT": 0.0433,
  "PROMUSDT": 1.348,
  "LAYERUSDT": 0.0831,
  "RECALLUSDT": 0.05743,
  "VELODROMEUSDT": 0.01402,
  "MASKUSDT": 0.4395,
  "BLURUSDT": 0.02,
  "ICNTUSDT": 0.378,
  "MEMEUSDT": 0.0006682,
  "YGGUSDT": 0.03872,
  "FRAXUSDT": 0.6774,
  "CELOUSDT": 0.076,
  "SOLVUSDT": 0.00443,
  "ALTUSDT": 0.00788,
  "ASRUSDT": 1.41,
  "GLMUSDT": 0.17133,
  "RAREUSDT": 0.01915,
  "IRYSUSDT": 0.02474,
  "SOONUSDT": 0.1624,
  "STOUSDT": 0.0535,
  "TRUTHUSDT": 0.010206,
  "CTSIUSDT": 0.0248,
  "LSKUSDT": 0.1496,
  "ZEREBROUSDT": 0.00791,
  "UMAUSDT": 0.4628,
  "DEXEUSDT": 2.252,
  "THEUSDT": 0.2609,
  "AIXBTUSDT": 0.01974,
  "EDENUSDT": 0.03298,
  "ERAUSDT": 0.1533,
  "KMNOUSDT": 0.02747,
  "APRUSDT": 0.10572,
  "DEGOUSDT": 0.3507,
  "BASUSDT": 0.00576,
  "MELANIAUSDT": 0.1125,
  "ANKRUSDT": 0.004355,
  "STORJUSDT": 0.0944,
  "STBLUSDT": 0.03864,
  "GMXUSDT": 6.456,
  "DRIFTUSDT": 0.0834,
  "KERNELUSDT": 0.06456,
  "IDUSDT": 0.0481,
  "KSMUSDT": 4.549,
  "QTUMUSDT": 0.92,
  "POLYXUSDT": 0.0432,
  "RSRUSDT": 0.001447,
  "ARIAUSDT": 0.07332,
  "WALUSDT": 0.078,
  "HYPERUSDT": 0.0968,
  "ONUSDT": 0.09332,
  "KOMAUSDT": 0.00722,
  "AINUSDT": 0.033,
  "INUSDT": 0.05958,
  "KAVAUSDT": 0.0506,