{
  "BTCUSDT": 66043.4,
  "ETHUSDT": 1945.76,
  "SOLUSDT": 83.44,
  "XRPUSDT": 1.3603,
  "BNBUSDT": 617.92,
  "XAUUSDT": 5362.89,
  "XAGUSDT": 96.91,
  "DOGEUSDT": 0.09285,
  "PAXGUSDT": 5415.24,
  "HYPEUSDT": 31.771,
  "BCHUSDT": 442.03,
  "WLFIUSDT": 0.1087,
  "TRXUSDT": 0.28065,
  "ZECUSDT": 216.82,
  "ADAUSDT": 0.2747,
  "UNIUSDT": 3.762,
  "SUIUSDT": 0.89,
  "ASTERUSDT": 0.7066,
  "1000PEPEUSDT": 0.0034489,
  "LINKUSDT": 8.694,
  "AVAXUSDT": 9.027,
  "LTCUSDT": 53.48,
  "PUMPUSDT": 0.001901,
  "ENAUSDT": 0.1039,
  "NEARUSDT": 1.143,
  "DOTUSDT": 1.524,
  "PIPPINUSDT": 0.56995,
  "AAVEUSDT": 113.48,
  "WLDUSDT": 0.3858,
  "KITEUSDT": 0.25068,
  "FILUSDT": 0.964,
  "XPLUSDT": 0.0985,
  "LITUSDT": 1.364,
  "TRUMPUSDT": 3.412,
  "TAOUSDT": 177.44,
  "1000SHIBUSDT": 0.005558,
  "ZROUSDT": 1.7959,
  "POWERUSDT": 1.76949,
  "TONUSDT": 1.2003,
  "APTUSDT": 0.9282,
  "RIVERUSDT": 14.596,
  "ATOMUSDT": 1.796,
  "HBARUSDT": 0.09781,
  "HUSDT": 0.12622,
  "BERAUSDT": 0.5989,
  "XMRUSDT": 342.7,
  "ARBUSDT": 0.0993,
  "XLMUSDT": 0.15503,
  "WIFUSDT": 0.1903,
  "ICPUSDT": 2.381,
  "ARCUSDT": 0.04009,
  "MONUSDT": 0.02102,
  "CRVUSDT": 0.243,
  "AXSUSDT": 1.266,
  "OPUSDT": 0.1218,
  "FFUSDT": 0.07891,
  "FETUSDT": 0.1511,
  "VIRTUALUSDT": 0.6879,
  "VVVUSDT": 6.174,
  "ETCUSDT": 8.478,
  "CCUSDT": 0.16016,
  "PENGUUSDT": 0.006718,
  "BARDUSDT": 0.9921,
  "PARTIUSDT": 0.09009,
  "POLUSDT": 0.10494,
  "BTCDOMUSDT": 5090.6,
  "1000BONKUSDT": 0.005841,
  "ETHFIUSDT": 0.4988,
  "CHZUSDT": 0.03306,
  "BANUSDT": 0.11214,
  "FARTCOINUSDT": 0.1553,
  "ONDOUSDT": 0.2533,
  "TIAUSDT": 0.3183,
  "IPUSDT": 0.877,
  "\u5e01\u5b89\u4eba\u751fUSDT": 0.06376,
  "DASHUSDT": 32.02,
  "ENSOUSDT": 1.3128,
  "INJUSDT": 3.008,
  "ESPUSDT": 0.12859,
  "SENTUSDT": 0.021,
  "SEIUSDT": 0.06827,
  "SAHARAUSDT": 0.023,
  "STABLEUSDT": 0.032411,
  "JUPUSDT": 0.1652,
  "0GUSDT": 0.6224,
  "KAITOUSDT": 0.33,
  "ALCHUSDT": 0.08006,
  "SKYAIUSDT": 0.04,
  "ZKUSDT": 0.01857,
  "BUSDT": 0.1907,
  "PENDLEUSDT": 1.2651,
  "QUSDT": 0.024978,
  "ZAMAUSDT": 0.02076,
  "LDOUSDT": 0.2997,
  "BULLAUSDT": 0.02399,
  "BANANAS31USDT": 0.004756,
  "RENDERUSDT": 1.343,
  "GWEIUSDT": 0.040758,
  "LYNUSDT": 0.3295,
  "HOMEUSDT": 0.029229,
  "GUAUSDT": 0.21343,
  "MORPHOUSDT": 1.7054,
  "ATUSDT": 0.13909,
  "PIEVERSEUSDT": 0.5146,
  "MYXUSDT": 0.385,
  "SIRENUSDT": 0.25547,
  "NIGHTUSDT": 0.05722,
  "SIGNUSDT": 0.02604,
  "MUSDT": 1.4979,
  "ZENUSDT": 5.267,
  "BIOUSDT": 0.0205,
  "CAKEUSDT": 1.2981,
  "ALLOUSDT": 0.11084,
  "GALAUSDT": 0.0035,
  "STRKUSDT": 0.04009,
  "SANDUSDT": 0.08243,
  "USDCUSDT": 0.9995,
  "HANAUSDT": 0.03507,
  "GIGGLEUSDT": 25.62,
  "STGUSDT": 0.1594,
  "GPSUSDT": 0.008968,
  "ALGOUSDT": 0.0857,
  "BTRUSDT": 0.17499,
  "FORMUSDT": 0.2119,
  "SKYUSDT": 0.06681,
  "JELLYJELLYUSDT": 0.07153,
  "ATHUSDT": 0.006211,
  "APEUSDT": 0.1008,
  "1000RATSUSDT": 0.03182,
  "MSTRUSDT": 129.98,
  "AEROUSDT": 0.3424,
  "DUSKUSDT": 0.08015,
  "1000LUNCUSDT": 0.04315,
  "JTOUSDT": 0.263,
  "AZTECUSDT": 0.02156,
  "GUNUSDT": 0.026,
  "SYRUPUSDT": 0.2319,
  "DENTUSDT": 0.000306,
  "B2USDT": 0.7189,
  "HUMAUSDT": 0.012488,
  "TRADOORUSDT": 1.383,
  "TSLAUSDT": 400.82,
  "XPINUSDT": 0.00143,
  "OPNUSDT": 0.4528,
  "UBUSDT": 0.03293,
  "BEAMXUSDT": 0.001863,
  "EIGENUSDT": 0.1775,
  "ROSEUSDT": 0.01108,
  "ZILUSDT": 0.00412,
  "METUSDT": 0.1786,
  "XTZUSDT": 0.372,
  "VETUSDT": 0.007141,
  "PYTHUSDT": 0.04808,
  "LAUSDT": 0.2144,
  "FOGOUSDT": 0.02544,
  "AVNTUSDT": 0.1705,
  "DYDXUSDT": 0.091,
  "NEOUSDT": 2.589,
  "ZKPUSDT": 0.09173,
  "CRCLUSDT": 83.34,
  "NXPCUSDT": 0.2689,
  "MOVEUSDT": 0.02156,
  "ESPORTSUSDT": 0.30747,
  "ORDIUSDT": 2.388,
  "RAVEUSDT": 0.36386,
  "COMPUSDT": 17.64,
  "COLLECTUSDT": 0.04256,
  "1000FLOKIUSDT": 0.02721,
  "GRASSUSDT": 0.2578,
  "\u6211\u8e0f\u9a6c\u6765\u4e86USDT": 0.01014,
  "LINEAUSDT": 0.003025,
  "SUSDT": 0.03923,
  "ROBOUSDT": 0.03947,
  "AUCTIONUSDT": 4.735,
  "PNUTUSDT": 0.04336,
  "BEATUSDT": 0.2367,
  "CYBERUSDT": 0.5388,
  "ORCAUSDT": 0.87,
  "SKRUSDT": 0.021836,
  "SPXUSDT": 0.3204,
  "ARUSDT": 1.54,
  "AGLDUSDT": 0.2198,
  "ENSUSDT": 5.971,
  "SNXUSDT": 0.314,
  "HIPPOUSDT": 0.0007601,
  "TRBUSDT": 13.819,
  "STXUSDT": 0.2545,
  "LPTUSDT": 2.285,
  "FIOUSDT": 0.00981,
  "ALICEUSDT": 0.149,
  "EULUSDT": 1.041,
  "MEUSDT": 0.1156,
  "JASMYUSDT": 0.005433,
  "4USDT": 0.00894,
  "TRIAUSDT": 0.01855,
  "WUSDT": 0.01835,
  "BANKUSDT": 0.03718,
  "PLUMEUSDT": 0.00899,
  "TAUSDT": 0.03958,
  "BIRBUSDT": 0.15477,
  "RESOLVUSDT": 0.05791,
  "JSTUSDT": 0.047506,
  "MANAUSDT": 0.0953,
  "USELESSUSDT": 0.04059,
  "AWEUSDT": 0.05168,
  "WETUSDT": 0.0967,
  "IMXUSDT": 0.1606,
  "IOTAUSDT": 0.0661,
  "LAYERUSDT": 0.0925,
  "YGGUSDT": 0.03792,
  "SUNUSDT": 0.015059,
  "AGTUSDT": 0.005391,
  "INITUSDT": 0.07651,
  "SOMIUSDT": 0.1931,
  "COAIUSDT": 0.3151,
  "CYSUSDT": 0.3189,
  "AXLUSDT": 0.05251,
  "CLOUSDT": 0.07031,
  "GRTUSDT": 0.02558,
  "DEXEUSDT": 3.328,
  "EDUUSDT": 0.104,
  "QNTUSDT": 62.45,
  "MERLUSDT": 0.03914,
  "API3USDT": 0.2804,
  "2ZUSDT": 0.07262,
  "CFXUSDT": 0.04704,
  "WCTUSDT": 0.05761,
  "FLOWUSDT": 0.03607,
  "NMRUSDT": 7.456,
  "NAORISUSDT": 0.03196,
  "LIGHTUSDT": 0.1894,
  "MMTUSDT": 0.1166,
  "NEIROUSDT": 6.688e-05,
  "SFPUSDT": 0.2595,
  "STEEMUSDT": 0.06182,
  "TAGUSDT": 0.0003421,
  "SPKUSDT": 0.01909,
  "PTBUSDT": 0.001156,
  "XPTUSDT": 2407.57,
  "MIRAUSDT": 0.0909,
  "MOODENGUSDT": 0.04837,
  "VANAUSDT": 1.427,
  "FOLKSUSDT": 1.22,
  "ZORAUSDT": 0.01783,
  "ZRXUSDT": 0.1035,
  "THETAUSDT": 0.1854,
  "ARKMUSDT": 0.1046,
  "ANIMEUSDT": 0.004833,
  "SOPHUSDT": 0.009238,
  "1INCHUSDT": 0.0914,
  "RUNEUSDT": 0.3937,
  "IOUSDT": 0.1056,
  "EGLDUSDT": 4.336,
  "KASUSDT": 0.02959,
  "KGENUSDT": 0.18703,
  "TAKEUSDT": 0.0225,
  "LRCUSDT": 0.03069,
  "KAIAUSDT": 0.0542,
  "SPACEUSDT": 0.007429,
  "AIXBTUSDT": 0.02051,
  "AKEUSDT": 0.0002411,
  "YFIUSDT": 2602.0,
  "MEGAUSDT": 0.13201,
  "PEOPLEUSDT": 0.0062,
  "STOUSDT": 0.06408,
  "BLUAIUSDT": 0.004911,
  "OGUSDT": 2.75,
  "AIAUSDT": 0.08389,
  "FHEUSDT": 0.02848,
  "VELVETUSDT": 0.08262,
  "SUSHIUSDT": 0.1984,
  "COWUSDT": 0.2068,
  "PROVEUSDT": 0.2892,
  "LUNA2USDT": 0.06259,
  "BSVUSDT": 15.17,
  "KERNELUSDT": 0.07707,
  "BREVUSDT": 0.1301,
  "AUSDT": 0.0785,
  "BATUSDT": 0.1018,
  "TSTUSDT": 0.00908,
  "AVAAIUSDT": 0.007302,
  "TWTUSDT": 0.4936,
  "GMTUSDT": 0.01147,
  "OPENUSDT": 0.1439,
  "YBUSDT": 0.1711,
  "POPCATUSDT": 0.04608,
  "CATIUSDT": 0.03889,
  "SWARMSUSDT": 0.006873,
  "TURBOUSDT": 0.000952,
  "ACTUSDT": 0.01303,
  "VELODROMEUSDT": 0.01526,
  "SOONUSDT": 0.1658,
  "MANTAUSDT": 0.06026,
  "NOMUSDT": 0.003465,
  "BOMEUSDT": 0.0003797,
  "RPLUSDT": 1.825,
  "GASUSDT": 1.582,
  "BABYUSDT": 0.01113,
  "FIGHTUSDT": 0.006106,
  "MINAUSDT": 0.05617,
  "SUPERUSDT": 0.112,
  "UAIUSDT": 0.1936,
  "FUSDT": 0.005587,
  "TNSRUSDT": 0.04448,
  "TUTUSDT": 0.00972,
  "XNYUSDT": 0.005505,
  "KSMUSDT": 4.695,
  "MAGICUSDT": 0.06019,
  "NEWTUSDT": 0.0705,
  "XVGUSDT": 0.005469,
  "NILUSDT": 0.04706,
  "MEMEUSDT": 0.0005791,
  "BLURUSDT": 0.01951,
  "ALTUSDT": 0.007111,
  "HOLOUSDT": 0.06109,
  "AINUSDT": 0.04048,
  "ZBTUSDT": 0.07423,
  "CELOUSDT": 0.078,
  "AIOUSDT": 0.06879,
  "INUSDT": 0.06929,
  "BASUSDT": 0.006968,
  "ASRUSDT": 1.323,
  "UMAUSDT": 0.4145,
  "REDUSDT": 0.1477,
  "TRUTHUSDT": 0.009692,
  "STBLUSDT": 0.03916,
  "MASKUSDT": 0.4192,
  "ONTUSDT": 0.0431,
  "ACHUSDT": 0.00657,
  "SAPIENUSDT": 0.08064,
  "MUBARAKUSDT": 0.01328,
  "DAMUSDT": 0.02222,
  "IDOLUSDT": 0.01976,
  "C98USDT": 0.0261,
  "KMNOUSDT": 0.02153,
  "KOMAUSDT": 0.00783,
  "IOTXUSDT": 0.00441,
  "RAYSOLUSDT": 0.5896,
  "SKLUSDT": 0.00646,
  "MELANIAUSDT": 0.1089,
  "GLMUSDT": 0.13349,
  "ERAUSDT": 0.1437,
  "WALUSDT": 0.07581,
  "DRIFTUSDT": 0.0847,
  "EDENUSDT": 0.03155,
  "ZKCUSDT": 0.0841,
  "CTSIUSDT": 0.0236,
  "SONICUSDT": 0.0438,
  "ANKRUSDT": 0.004141,
  "GMXUSDT": 6.769,
  "ENJUSDT": 0.01912,
  "ICNTUSDT": 0.3701,
  "TLMUSDT": 0.001742,
  "1000SATSUSDT": 1.13e-05,
  "KAVAUSDT": 0.0482,
  "RSRUSDT": 0.00145,