{
  "BTCUSDT": 66850.1,
  "ETHUSDT": 1974.27,
  "SOLUSDT": 84.83,
  "XRPUSDT": 1.3735,
  "BNBUSDT": 624.98,
  "XAUUSDT": 5360.62,
  "XAGUSDT": 94.33,
  "DOGEUSDT": 0.09319,
  "PAXGUSDT": 5399.39,
  "HYPEUSDT": 32.021,
  "BCHUSDT": 449.33,
  "WLFIUSDT": 0.1086,
  "TRXUSDT": 0.2812,
  "ZECUSDT": 219.1,
  "ADAUSDT": 0.2767,
  "UNIUSDT": 3.825,
  "SUIUSDT": 0.9096,
  "ASTERUSDT": 0.7049,
  "1000PEPEUSDT": 0.0034834,
  "LINKUSDT": 8.821,
  "AVAXUSDT": 9.117,
  "LTCUSDT": 54.17,
  "PUMPUSDT": 0.001975,
  "NEARUSDT": 1.192,
  "ENAUSDT": 0.106,
  "DOTUSDT": 1.558,
  "PIPPINUSDT": 0.557,
  "AAVEUSDT": 115.86,
  "WLDUSDT": 0.3908,
  "FILUSDT": 0.985,
  "XPLUSDT": 0.0986,
  "KITEUSDT": 0.25037,
  "LITUSDT": 1.395,
  "TRUMPUSDT": 3.444,
  "TAOUSDT": 180.24,
  "ZROUSDT": 1.8766,
  "1000SHIBUSDT": 0.005614,
  "TONUSDT": 1.2069,
  "APTUSDT": 0.9524,
  "POWERUSDT": 1.71923,
  "ATOMUSDT": 1.81,
  "RIVERUSDT": 14.062,
  "HBARUSDT": 0.09871,
  "BERAUSDT": 0.6052,
  "HUSDT": 0.12613,
  "XMRUSDT": 345.66,
  "ARBUSDT": 0.1015,
  "XLMUSDT": 0.15613,
  "WIFUSDT": 0.1947,
  "ICPUSDT": 2.42,
  "ARCUSDT": 0.04104,
  "CRVUSDT": 0.244,
  "MONUSDT": 0.02089,
  "VVVUSDT": 6.763,
  "AXSUSDT": 1.27,
  "FETUSDT": 0.1526,
  "FFUSDT": 0.07914,
  "OPUSDT": 0.1235,
  "VIRTUALUSDT": 0.6993,
  "PENGUUSDT": 0.006869,
  "ETCUSDT": 8.639,
  "CCUSDT": 0.15994,
  "PARTIUSDT": 0.09228,
  "POLUSDT": 0.1081,
  "BARDUSDT": 1.005,
  "BTCDOMUSDT": 5086.1,
  "1000BONKUSDT": 0.00598,
  "CHZUSDT": 0.03374,
  "ETHFIUSDT": 0.5083,
  "ONDOUSDT": 0.2563,
  "BANUSDT": 0.11137,
  "FARTCOINUSDT": 0.1568,
  "TIAUSDT": 0.3269,
  "\u5e01\u5b89\u4eba\u751fUSDT": 0.06479,
  "DASHUSDT": 32.43,
  "ESPUSDT": 0.13429,
  "SAHARAUSDT": 0.02408,
  "IPUSDT": 0.867,
  "ENSOUSDT": 1.3053,
  "INJUSDT": 3.054,
  "SENTUSDT": 0.02126,
  "SEIUSDT": 0.06963,
  "JUPUSDT": 0.1709,
  "STABLEUSDT": 0.032633,
  "0GUSDT": 0.6188,
  "LYNUSDT": 0.32727,
  "KAITOUSDT": 0.3354,
  "ALCHUSDT": 0.08125,
  "SKYAIUSDT": 0.04032,
  "ZKUSDT": 0.01875,
  "BUSDT": 0.19,
  "PENDLEUSDT": 1.2931,
  "ZAMAUSDT": 0.02082,
  "LDOUSDT": 0.307,
  "RENDERUSDT": 1.375,
  "ATUSDT": 0.15565,
  "QUSDT": 0.024334,
  "BULLAUSDT": 0.02467,
  "GWEIUSDT": 0.042723,
  "BANANAS31USDT": 0.004789,
  "MORPHOUSDT": 1.7817,
  "GUAUSDT": 0.21765,
  "HOMEUSDT": 0.029051,
  "PIEVERSEUSDT": 0.5309,
  "MYXUSDT": 0.389,
  "SIRENUSDT": 0.24854,
  "NIGHTUSDT": 0.05831,
  "MUSDT": 1.5129,
  "ZENUSDT": 5.381,
  "SIGNUSDT": 0.02549,
  "CAKEUSDT": 1.323,
  "BIOUSDT": 0.02074,
  "ALGOUSDT": 0.0873,
  "SANDUSDT": 0.08405,
  "STGUSDT": 0.1657,
  "GIGGLEUSDT": 26.05,
  "STRKUSDT": 0.04053,
  "BTRUSDT": 0.184,
  "GALAUSDT": 0.00355,
  "HANAUSDT": 0.03537,
  "GPSUSDT": 0.009152,
  "USDCUSDT": 0.999499,
  "TSLAUSDT": 395.21,
  "ALLOUSDT": 0.10688,
  "FORMUSDT": 0.2188,
  "SKYUSDT": 0.06793,
  "1000RATSUSDT": 0.03226,
  "ATHUSDT": 0.006254,
  "APEUSDT": 0.1023,
  "AZTECUSDT": 0.02226,
  "DUSKUSDT": 0.08218,
  "JELLYJELLYUSDT": 0.07044,
  "JTOUSDT": 0.2678,
  "GUNUSDT": 0.02666,
  "MSTRUSDT": 131.59,
  "1000LUNCUSDT": 0.04305,
  "AEROUSDT": 0.3447,
  "B2USDT": 0.7321,
  "SYRUPUSDT": 0.2339,
  "TRADOORUSDT": 1.422,
  "DENTUSDT": 0.000297,
  "XPINUSDT": 0.001456,
  "ZILUSDT": 0.00418,
  "HUMAUSDT": 0.01217,
  "EIGENUSDT": 0.1793,
  "BEAMXUSDT": 0.00189,
  "OPNUSDT": 0.4549,
  "UBUSDT": 0.03316,
  "ROSEUSDT": 0.01125,
  "METUSDT": 0.1805,
  "XTZUSDT": 0.376,
  "PYTHUSDT": 0.04916,
  "LAUSDT": 0.2195,
  "VETUSDT": 0.00727,
  "FOGOUSDT": 0.0257,
  "AVNTUSDT": 0.1745,
  "NEOUSDT": 2.636,
  "DYDXUSDT": 0.093,
  "NXPCUSDT": 0.2715,
  "ORDIUSDT": 2.486,
  "MOVEUSDT": 0.02167,
  "ZKPUSDT": 0.08983,
  "CRCLUSDT": 82.15,
  "\u6211\u8e0f\u9a6c\u6765\u4e86USDT": 0.010544,
  "BEATUSDT": 0.2508,
  "RAVEUSDT": 0.36873,
  "GRASSUSDT": 0.2708,
  "ROBOUSDT": 0.04044,
  "ESPORTSUSDT": 0.30594,
  "1000FLOKIUSDT": 0.02796,
  "SUSDT": 0.04024,
  "COMPUSDT": 17.87,
  "COLLECTUSDT": 0.0428,
  "LINEAUSDT": 0.003059,
  "AUCTIONUSDT": 4.777,
  "PNUTUSDT": 0.04444,
  "ORCAUSDT": 0.876,
  "AGLDUSDT": 0.2225,
  "ARUSDT": 1.567,
  "KNCUSDT": 0.1625,
  "CYBERUSDT": 0.5375,
  "SKRUSDT": 0.021769,
  "SPXUSDT": 0.3211,
  "ENSUSDT": 6.051,
  "TRBUSDT": 14.062,
  "SNXUSDT": 0.314,
  "STXUSDT": 0.2564,
  "LPTUSDT": 2.309,
  "TRIAUSDT": 0.01942,
  "WUSDT": 0.01861,
  "MEUSDT": 0.1169,
  "EULUSDT": 1.037,
  "JASMYUSDT": 0.005433,
  "BIRBUSDT": 0.15435,
  "FIOUSDT": 0.01052,
  "BANKUSDT": 0.03723,
  "IMXUSDT": 0.1667,
  "TAUSDT": 0.03995,
  "4USDT": 0.00862,
  "PLUMEUSDT": 0.00913,
  "MANAUSDT": 0.0976,
  "USELESSUSDT": 0.04164,
  "JSTUSDT": 0.04821,
  "RESOLVUSDT": 0.05759,
  "WETUSDT": 0.10193,
  "IOTAUSDT": 0.0668,
  "SUNUSDT": 0.015162,
  "AGTUSDT": 0.005489,
  "SOMIUSDT": 0.1947,
  "AWEUSDT": 0.05159,
  "LAYERUSDT": 0.0919,
  "YGGUSDT": 0.03855,
  "WCTUSDT": 0.05895,
  "COAIUSDT": 0.3163,
  "AXLUSDT": 0.05343,
  "INITUSDT": 0.07611,
  "GRTUSDT": 0.02611,
  "CLOUSDT": 0.0713,
  "ALICEUSDT": 0.143,
  "CFXUSDT": 0.04784,
  "2ZUSDT": 0.07375,
  "EDUUSDT": 0.1047,
  "CYSUSDT": 0.31,
  "MERLUSDT": 0.03996,
  "QNTUSDT": 62.35,
  "DEXEUSDT": 3.26,
  "API3USDT": 0.2821,
  "PTBUSDT": 0.001229,
  "NMRUSDT": 7.516,
  "FLOWUSDT": 0.03581,
  "SFPUSDT": 0.2656,
  "NAORISUSDT": 0.03235,
  "STEEMUSDT": 0.06181,
  "MOODENGUSDT": 0.04934,
  "MMTUSDT": 0.1177,
  "LIGHTUSDT": 0.1897,
  "TAGUSDT": 0.000347,
  "SPKUSDT": 0.01922,
  "MIRAUSDT": 0.0925,
  "NEIROUSDT": 6.807e-05,
  "FOLKSUSDT": 1.252,
  "ARKMUSDT": 0.1076,
  "ZRXUSDT": 0.1053,
  "VANAUSDT": 1.444,
  "THETAUSDT": 0.1888,
  "1INCHUSDT": 0.0938,
  "ZORAUSDT": 0.0179,
  "RUNEUSDT": 0.3979,
  "ANIMEUSDT": 0.004828,
  "EGLDUSDT": 4.405,
  "IOUSDT": 0.1067,
  "BREVUSDT": 0.1388,
  "KASUSDT": 0.02966,
  "AIXBTUSDT": 0.02097,
  "SOPHUSDT": 0.009085,
  "KAIAUSDT": 0.05477,
  "MEGAUSDT": 0.13459,
  "KGENUSDT": 0.18677,
  "LRCUSDT": 0.03133,
  "AKEUSDT": 0.0002453,
  "YFIUSDT": 2642.0,
  "SPACEUSDT": 0.007347,
  "TAKEUSDT": 0.02276,
  "STOUSDT": 0.0652,
  "PEOPLEUSDT": 0.00631,
  "AIAUSDT": 0.08559,
  "BLUAIUSDT": 0.004958,
  "COWUSDT": 0.2157,
  "XPTUSDT": 2367.78,
  "FHEUSDT": 0.02903,
  "PROVEUSDT": 0.2952,
  "BSVUSDT": 15.43,
  "HIPPOUSDT": 0.0006629,
  "BATUSDT": 0.1034,
  "SUSHIUSDT": 0.2014,
  "VELVETUSDT": 0.08261,
  "OGUSDT": 2.808,
  "TWTUSDT": 0.505,
  "AUSDT": 0.0794,
  "TSTUSDT": 0.00929,
  "KERNELUSDT": 0.07748,
  "LUNA2USDT": 0.06359,
  "AVAAIUSDT": 0.007391,
  "OPENUSDT": 0.1446,
  "POPCATUSDT": 0.04713,
  "GMTUSDT": 0.0115,
  "CATIUSDT": 0.03924,
  "TURBOUSDT": 0.0009681,
  "YBUSDT": 0.1717,
  "MANTAUSDT": 0.06208,
  "SWARMSUSDT": 0.006977,
  "ACTUSDT": 0.01315,
  "UAIUSDT": 0.1986,
  "VELODROMEUSDT": 0.01551,
  "SOONUSDT": 0.1665,
  "BOMEUSDT": 0.0003841,
  "NOMUSDT": 0.00354,
  "GASUSDT": 1.603,
  "BABYUSDT": 0.01146,
  "SUPERUSDT": 0.1135,
  "RPLUSDT": 1.838,
  "MINAUSDT": 0.05691,
  "FIGHTUSDT": 0.006103,
  "XNYUSDT": 0.005725,
  "TNSRUSDT": 0.045,
  "TUTUSDT": 0.00985,
  "NEWTUSDT": 0.07157,
  "NILUSDT": 0.04859,
  "FUSDT": 0.005619,
  "KSMUSDT": 4.746,
  "XVGUSDT": 0.005498,
  "HOLOUSDT": 0.06093,
  "MEMEUSDT": 0.0005805,
  "MAGICUSDT": 0.0605,
  "ALTUSDT": 0.007169,
  "AIOUSDT": 0.07004,
  "BLURUSDT": 0.01989,
  "ZBTUSDT": 0.07421,
  "UMAUSDT": 0.4209,
  "AINUSDT": 0.04028,
  "IOTXUSDT": 0.00443,
  "MASKUSDT": 0.4267,
  "SAPIENUSDT": 0.08152,
  "ASRUSDT": 1.325,
  "STBLUSDT": 0.03978,
  "INUSDT": 0.06841,
  "DAMUSDT": 0.02316,
  "ACHUSDT": 0.006668,
  "ONTUSDT": 0.0436,
  "BASUSDT": 0.006956,
  "CELOUSDT": 0.077,
  "MUBARAKUSDT": 0.01337,
  "TRUTHUSDT": 0.009638,
  "REDUSDT": 0.1496,
  "KMNOUSDT": 0.02203,
  "GLMUSDT": 0.13444,
  "C98USDT": 0.0265,
  "KOMAUSDT": 0.007883,
  "IDOLUSDT": 0.01965,
  "SANTOSUSDT": 1.323,
  "MELANIAUSDT": 0.1096,
  "WALUSDT": 0.07755,
  "ERAUSDT": 0.1448,
  "RAYSOLUSDT": 0.5966,
  "SKLUSDT": 0.00654,
  "CTSIUSDT": 0.0243,
  "EDENUSDT": 0.03215,
  "DRIFTUSDT": 0.0853,
  "ZKCUSDT": 0.0842,
  "SONICUSDT": 0.04414,
  "ANKRUSDT": 0.004201,
  "ENJUSDT": 0.01922,
  "GMXUSDT": 6.801,
  "RSRUSDT": 0.001459,
  "ZEREBROUSDT": 0.007021,
  "ICNTUSDT": 0.3728,