{
  "BTCUSDT": 71112.1,
  "ETHUSDT": 2079.32,
  "SOLUSDT": 89.04,
  "XRPUSDT": 1.4057,
  "BNBUSDT": 647.49,
  "DOGEUSDT": 0.09385,
  "XAUUSDT": 5083.32,
  "BCHUSDT": 459.55,
  "PAXGUSDT": 5094.73,
  "HYPEUSDT": 30.593,
  "XAGUSDT": 82.4,
  "ZECUSDT": 229.52,
  "WLFIUSDT": 0.1021,
  "SUIUSDT": 0.9554,
  "TRXUSDT": 0.28444,
  "UNIUSDT": 3.979,
  "AVAXUSDT": 9.433,
  "ADAUSDT": 0.2688,
  "LINKUSDT": 9.211,
  "ASTERUSDT": 0.7076,
  "LTCUSDT": 55.62,
  "1000PEPEUSDT": 0.0034947,
  "PUMPUSDT": 0.00203,
  "ENAUSDT": 0.1154,
  "NEARUSDT": 1.278,
  "AAVEUSDT": 117.91,
  "WLDUSDT": 0.4112,
  "DOTUSDT": 1.536,
  "XPLUSDT": 0.1177,
  "HUSDT": 0.17478,
  "KITEUSDT": 0.26996,
  "FILUSDT": 1.013,
  "TAOUSDT": 187.83,
  "TRUMPUSDT": 3.204,
  "1000SHIBUSDT": 0.005557,
  "BARDUSDT": 1.6094,
  "ZROUSDT": 1.8797,
  "LITUSDT": 1.204,
  "APTUSDT": 0.998,
  "PIPPINUSDT": 0.34547,
  "TONUSDT": 1.3526,
  "ATOMUSDT": 1.841,
  "HBARUSDT": 0.09958,
  "XMRUSDT": 367.0,
  "RIVERUSDT": 16.265,
  "ARBUSDT": 0.1037,
  "XLMUSDT": 0.15717,
  "WIFUSDT": 0.2149,
  "BERAUSDT": 0.5381,
  "ICPUSDT": 2.524,
  "CRVUSDT": 0.251,
  "MONUSDT": 0.02179,
  "FFUSDT": 0.0724,
  "AXSUSDT": 1.211,
  "FETUSDT": 0.1535,
  "SIRENUSDT": 0.47637,
  "VIRTUALUSDT": 0.7247,
  "PENGUUSDT": 0.007126,
  "OPUSDT": 0.1258,
  "ARCUSDT": 0.03758,
  "CCUSDT": 0.15042,
  "ETCUSDT": 8.668,
  "POLUSDT": 0.10159,
  "BTCDOMUSDT": 5211.3,
  "VVVUSDT": 5.971,
  "ETHFIUSDT": 0.5482,
  "POWERUSDT": 0.14234,
  "PARTIUSDT": 0.08901,
  "IPUSDT": 0.855,
  "ONDOUSDT": 0.2647,
  "1000BONKUSDT": 0.006148,
  "FARTCOINUSDT": 0.1678,
  "SEIUSDT": 0.0677,
  "TIAUSDT": 0.3416,
  "BANUSDT": 0.11396,
  "CHZUSDT": 0.03768,
  "ENSOUSDT": 1.3633,
  "\u5e01\u5b89\u4eba\u751fUSDT": 0.0576,
  "JUPUSDT": 0.1879,
  "SENTUSDT": 0.0214,
  "SAHARAUSDT": 0.02579,
  "DASHUSDT": 34.43,
  "ESPUSDT": 0.13135,
  "INJUSDT": 3.045,
  "SIGNUSDT": 0.03312,
  "0GUSDT": 0.6166,
  "PHAUSDT": 0.04811,
  "LDOUSDT": 0.3132,
  "KAITOUSDT": 0.3536,
  "GUAUSDT": 0.27211,
  "BUSDT": 0.2216,
  "GWEIUSDT": 0.048296,
  "BANANAS31USDT": 0.005277,
  "STABLEUSDT": 0.027034,
  "RENDERUSDT": 1.394,
  "ROBOUSDT": 0.03926,
  "ZAMAUSDT": 0.0203,
  "ZKUSDT": 0.01926,
  "ALCHUSDT": 0.07923,
  "FORMUSDT": 0.3146,
  "1000RATSUSDT": 0.04843,
  "PENDLEUSDT": 1.2784,
  "MORPHOUSDT": 1.9542,
  "JELLYJELLYUSDT": 0.08746,
  "HUMAUSDT": 0.016297,
  "OPNUSDT": 0.3551,
  "SKYAIUSDT": 0.04068,
  "MANTRAUSDT": 0.02112,
  "PIEVERSEUSDT": 0.5526,
  "ATUSDT": 0.15543,
  "BIOUSDT": 0.02074,
  "SANDUSDT": 0.08439,
  "SKYUSDT": 0.07669,
  "MYXUSDT": 0.3504,
  "CAKEUSDT": 1.3892,
  "GIGGLEUSDT": 28.39,
  "ZENUSDT": 5.741,
  "HOMEUSDT": 0.026872,
  "ALLOUSDT": 0.11829,
  "CRCLUSDT": 105.27,
  "BULLAUSDT": 0.02539,
  "MUSDT": 1.4722,
  "STRKUSDT": 0.04014,
  "STGUSDT": 0.1687,
  "GALAUSDT": 0.00355,
  "ORCAUSDT": 1.029,
  "LYNUSDT": 0.32229,
  "HANAUSDT": 0.03517,
  "ALGOUSDT": 0.0877,
  "MSTRUSDT": 140.2,
  "NIGHTUSDT": 0.05988,
  "TRADOORUSDT": 1.64,
  "TSLAUSDT": 404.43,
  "BTRUSDT": 0.18027,
  "AEROUSDT": 0.3628,
  "APEUSDT": 0.1011,
  "EIGENUSDT": 0.195,
  "USDCUSDT": 0.999391,
  "ATHUSDT": 0.006747,
  "DUSKUSDT": 0.09034,
  "GPSUSDT": 0.008319,
  "JTOUSDT": 0.274,
  "GUNUSDT": 0.02028,
  "B2USDT": 0.7101,
  "XPINUSDT": 0.001391,
  "SYRUPUSDT": 0.23645,
  "BEAMXUSDT": 0.001919,
  "QUSDT": 0.013331,
  "NEOUSDT": 2.603,
  "BEATUSDT": 0.2979,
  "UBUSDT": 0.03557,
  "ZILUSDT": 0.00425,
  "PYTHUSDT": 0.04949,
  "XTZUSDT": 0.384,
  "AZTECUSDT": 0.02148,
  "ORDIUSDT": 2.5,
  "METUSDT": 0.1729,
  "1000LUNCUSDT": 0.04306,
  "AVNTUSDT": 0.1689,
  "NXPCUSDT": 0.2824,
  "DYDXUSDT": 0.09,
  "MOVEUSDT": 0.02262,
  "VETUSDT": 0.007313,
  "FOGOUSDT": 0.02232,
  "1000FLOKIUSDT": 0.0291,
  "COMPUSDT": 18.04,
  "LAUSDT": 0.2176,
  "AGLDUSDT": 0.2578,
  "PNUTUSDT": 0.04712,
  "ROSEUSDT": 0.01209,
  "COLLECTUSDT": 0.03741,
  "SUSDT": 0.04153,
  "ESPORTSUSDT": 0.29098,
  "LINEAUSDT": 0.003221,
  "TAGUSDT": 0.0004426,
  "ZKPUSDT": 0.09152,
  "ENSUSDT": 6.126,
  "CYSUSDT": 0.3906,
  "SPXUSDT": 0.3501,
  "AGTUSDT": 0.006613,
  "TRBUSDT": 14.889,
  "\u6211\u8e0f\u9a6c\u6765\u4e86USDT": 0.008987,
  "TAUSDT": 0.03847,
  "LPTUSDT": 2.341,
  "SNXUSDT": 0.327,
  "KAVAUSDT": 0.06,
  "AIXBTUSDT": 0.02818,
  "RESOLVUSDT": 0.06619,
  "STXUSDT": 0.2663,
  "SKRUSDT": 0.023574,
  "AUCTIONUSDT": 4.781,
  "PLUMEUSDT": 0.01003,
  "ARUSDT": 1.678,
  "RAVEUSDT": 0.34436,
  "BANKUSDT": 0.04096,
  "EULUSDT": 1.092,
  "JASMYUSDT": 0.005702,
  "JSTUSDT": 0.048692,
  "WUSDT": 0.0187,
  "GRASSUSDT": 0.2808,
  "DEXEUSDT": 3.517,
  "CFXUSDT": 0.04944,
  "IMXUSDT": 0.1596,
  "USELESSUSDT": 0.04347,
  "MANAUSDT": 0.0977,
  "KGENUSDT": 0.23444,
  "4USDT": 0.008778,
  "FLOWUSDT": 0.03425,
  "IOTAUSDT": 0.0661,
  "AKEUSDT": 0.0002892,
  "CYBERUSDT": 0.5561,
  "GRTUSDT": 0.02634,
  "NMRUSDT": 8.059,
  "TRIAUSDT": 0.01801,
  "SOMIUSDT": 0.1985,
  "COAIUSDT": 0.3168,
  "MEUSDT": 0.1169,
  "YGGUSDT": 0.04096,
  "EDUUSDT": 0.1032,
  "WCTUSDT": 0.0605,
  "DENTUSDT": 0.000236,
  "BREVUSDT": 0.1524,
  "2ZUSDT": 0.07482,
  "PEOPLEUSDT": 0.00716,
  "AWEUSDT": 0.05081,
  "MOODENGUSDT": 0.04997,
  "PTBUSDT": 0.00116,
  "INITUSDT": 0.07972,
  "RUNEUSDT": 0.4394,
  "DAMUSDT": 0.03512,
  "SFPUSDT": 0.2697,
  "LIGHTUSDT": 0.1774,
  "WETUSDT": 0.10718,
  "QNTUSDT": 65.99,
  "SPKUSDT": 0.01946,
  "NAORISUSDT": 0.03418,
  "EGLDUSDT": 4.164,
  "API3USDT": 0.282,
  "MMTUSDT": 0.1191,
  "1INCHUSDT": 0.098,
  "THETAUSDT": 0.1947,
  "FHEUSDT": 0.03283,
  "COWUSDT": 0.2498,
  "VELVETUSDT": 0.0974,
  "MERLUSDT": 0.03908,
  "ARKMUSDT": 0.1076,
  "CLOUSDT": 0.06931,
  "LAYERUSDT": 0.08559,
  "NEIROUSDT": 6.813e-05,
  "ZRXUSDT": 0.1085,
  "FOLKSUSDT": 1.23,
  "KASUSDT": 0.03074,
  "BIRBUSDT": 0.15015,
  "VANAUSDT": 1.438,
  "AXLUSDT": 0.05373,
  "AVAAIUSDT": 0.008034,
  "IOUSDT": 0.1112,
  "POPCATUSDT": 0.05138,
  "SWARMSUSDT": 0.007338,
  "HOLOUSDT": 0.06581,
  "MAGICUSDT": 0.06438,
  "ZORAUSDT": 0.01704,
  "KAIAUSDT": 0.054,
  "PROVEUSDT": 0.2748,
  "SOPHUSDT": 0.008763,
  "SPACEUSDT": 0.007018,
  "TWTUSDT": 0.4984,
  "SUNUSDT": 0.015901,
  "SUSHIUSDT": 0.2067,
  "AUSDT": 0.07892,
  "BOMEUSDT": 0.000411,
  "LRCUSDT": 0.03214,
  "TSTUSDT": 0.00962,
  "MEMEUSDT": 0.0006165,
  "LUNA2USDT": 0.0642,
  "VELODROMEUSDT": 0.01735,
  "USUALUSDT": 0.01545,
  "YFIUSDT": 2635.0,
  "OPENUSDT": 0.1462,
  "ACTUSDT": 0.01357,
  "GMTUSDT": 0.01151,
  "NILUSDT": 0.05218,
  "BLUAIUSDT": 0.004647,
  "BATUSDT": 0.1022,
  "STEEMUSDT": 0.0583,
  "CATIUSDT": 0.03958,
  "TURBOUSDT": 0.00099,
  "AIAUSDT": 0.08126,
  "ANIMEUSDT": 0.00469,
  "KERNELUSDT": 0.0828,
  "SUPERUSDT": 0.1202,
  "MEGAUSDT": 0.13009,
  "STOUSDT": 0.05961,
  "BABYUSDT": 0.01158,
  "EDENUSDT": 0.03535,
  "MIRAUSDT": 0.08899,
  "AIOUSDT": 0.08267,
  "SOONUSDT": 0.1659,
  "AKTUSDT": 0.3445,
  "OGUSDT": 2.812,
  "TUTUSDT": 0.01028,
  "GASUSDT": 1.609,
  "MANTAUSDT": 0.06491,
  "TNSRUSDT": 0.0452,
  "HIPPOUSDT": 0.0007703,
  "ZBTUSDT": 0.0728,
  "IOTXUSDT": 0.0056,
  "KNCUSDT": 0.1332,
  "BSVUSDT": 14.71,
  "RPLUSDT": 1.952,
  "MUBARAKUSDT": 0.01425,
  "AIOTUSDT": 0.02608,
  "MASKUSDT": 0.4514,
  "MINAUSDT": 0.05659,
  "ALTUSDT": 0.00728,
  "ALICEUSDT": 0.126,
  "XVGUSDT": 0.005446,
  "FUSDT": 0.005523,
  "ASRUSDT": 1.35,
  "XPTUSDT": 2126.75,
  "UMAUSDT": 0.4259,
  "FIGHTUSDT": 0.00565,
  "CELOUSDT": 0.078,
  "FIOUSDT": 0.00876,
  "AINUSDT": 0.03949,
  "UAIUSDT": 0.2187,
  "KATUSDT": 0.01549,
  "SAPIENUSDT": 0.0795,
  "BLURUSDT": 0.01963,
  "REDUSDT": 0.138,
  "KSMUSDT": 4.671,
  "SOLVUSDT": 0.003963,
  "COOKIEUSDT": 0.02037,
  "ENJUSDT": 0.01905,
  "INUSDT": 0.06877,
  "GLMUSDT": 0.13201,
  "YBUSDT": 0.1692,
  "ZEREBROUSDT": 0.007097,
  "ONTUSDT": 0.0427,
  "TRUTHUSDT": 0.009685,
  "SKLUSDT": 0.00669,
  "ANKRUSDT": 0.0042,
  "NOMUSDT": 0.003577,
  "GMXUSDT": 7.186,
  "KMNOUSDT": 0.02313,
  "KOMAUSDT": 0.007964,
  "1000SATSUSDT": 1.12e-05,
  "RAYSOLUSDT": 0.6125,
  "AMZNUSDT": 218.54,
  "POLYXUSDT": 0.04153,
  "ERAUSDT": 0.1465,
  "SANTOSUSDT": 1.312,
  "XNYUSDT": 0.005803,
  "TAKEUSDT": 0.0192,
  "ACHUSDT": 0.007176,