{
  "BTCUSDT": 64634.9,
  "ETHUSDT": 1859.43,
  "SOLUSDT": 78.25,
  "XRPUSDT": 1.3546,
  "BNBUSDT": 596.64,
  "DOGEUSDT": 0.09301,
  "XAGUSDT": 88.32,
  "BCHUSDT": 500.25,
  "PAXGUSDT": 5248.99,
  "XAUUSDT": 5235.0,
  "HYPEUSDT": 26.203,
  "WLFIUSDT": 0.1101,
  "ZECUSDT": 239.25,
  "TRXUSDT": 0.2811,
  "PIPPINUSDT": 0.73272,
  "SUIUSDT": 0.8812,
  "ASTERUSDT": 0.7018,
  "ADAUSDT": 0.2632,
  "AVAXUSDT": 8.397,
  "LINKUSDT": 8.295,
  "LTCUSDT": 51.65,
  "UNIUSDT": 3.358,
  "1000PEPEUSDT": 0.0039763,
  "PUMPUSDT": 0.001812,
  "ENAUSDT": 0.0978,
  "KITEUSDT": 0.23563,
  "NEARUSDT": 0.981,
  "ARCUSDT": 0.09054,
  "AAVEUSDT": 114.75,
  "WLDUSDT": 0.3725,
  "LITUSDT": 1.391,
  "TRUMPUSDT": 3.312,
  "FILUSDT": 0.89,
  "DOTUSDT": 1.267,
  "TAOUSDT": 170.76,
  "XPLUSDT": 0.0884,
  "ATOMUSDT": 2.122,
  "TONUSDT": 1.3428,
  "ZROUSDT": 1.5191,
  "APTUSDT": 0.8114,
  "HBARUSDT": 0.09499,
  "XLMUSDT": 0.15186,
  "BERAUSDT": 0.5526,
  "1000SHIBUSDT": 0.006023,
  "ARBUSDT": 0.0935,
  "ENSOUSDT": 1.9642,
  "RIVERUSDT": 8.356,
  "ICPUSDT": 2.071,
  "AXSUSDT": 1.234,
  "OPUSDT": 0.1206,
  "XMRUSDT": 309.41,
  "MONUSDT": 0.02052,
  "CRVUSDT": 0.221,
  "WIFUSDT": 0.2003,
  "FFUSDT": 0.07705,
  "PENGUUSDT": 0.006326,
  "FETUSDT": 0.1538,
  "BARDUSDT": 0.7616,
  "ETCUSDT": 8.338,
  "BANUSDT": 0.12952,
  "1000BONKUSDT": 0.005878,
  "POLUSDT": 0.10631,
  "SENTUSDT": 0.0248,
  "PARTIUSDT": 0.10601,
  "ESPUSDT": 0.10121,
  "IPUSDT": 1.022,
  "HUSDT": 0.13488,
  "FARTCOINUSDT": 0.146,
  "INJUSDT": 3.331,
  "BULLAUSDT": 0.04815,
  "BTCDOMUSDT": 5136.1,
  "CHZUSDT": 0.03394,
  "DASHUSDT": 32.18,
  "\u5e01\u5b89\u4eba\u751fUSDT": 0.05908,
  "ETHFIUSDT": 0.4499,
  "ONDOUSDT": 0.2489,
  "POWERUSDT": 0.47716,
  "TIAUSDT": 0.2997,
  "VIRTUALUSDT": 0.5902,
  "ZKUSDT": 0.01967,
  "0GUSDT": 0.6218,
  "SIRENUSDT": 0.28251,
  "SEIUSDT": 0.0664,
  "LYNUSDT": 0.31064,
  "JUPUSDT": 0.1456,
  "ZAMAUSDT": 0.02155,
  "STABLEUSDT": 0.028479,
  "CCUSDT": 0.16066,
  "1000RATSUSDT": 0.05018,
  "ALCHUSDT": 0.07698,
  "KAITOUSDT": 0.2887,
  "LDOUSDT": 0.2995,
  "RENDERUSDT": 1.384,
  "PENDLEUSDT": 1.1892,
  "HOMEUSDT": 0.030177,
  "BANANAS31USDT": 0.004767,
  "AZTECUSDT": 0.02697,
  "NIGHTUSDT": 0.05802,
  "QUSDT": 0.020709,
  "BIOUSDT": 0.02554,
  "ATUSDT": 0.16243,
  "SKYAIUSDT": 0.0391,
  "DUSKUSDT": 0.07861,
  "VVVUSDT": 3.811,
  "MYXUSDT": 0.58,
  "ZENUSDT": 5.424,
  "STRKUSDT": 0.0404,
  "OPNUSDT": 0.6209,
  "AGLDUSDT": 0.315,
  "BTRUSDT": 0.18061,
  "SANDUSDT": 0.07868,
  "CAKEUSDT": 1.2167,
  "LAUSDT": 0.2272,
  "ALGOUSDT": 0.0838,
  "UBUSDT": 0.03594,
  "HANAUSDT": 0.03379,
  "MUSDT": 1.4034,
  "TRADOORUSDT": 1.514,
  "PIEVERSEUSDT": 0.4167,
  "MORPHOUSDT": 1.5875,
  "GPSUSDT": 0.013351,
  "RAVEUSDT": 0.29312,
  "ZILUSDT": 0.00408,
  "JTOUSDT": 0.2767,
  "GALAUSDT": 0.00351,
  "GUNUSDT": 0.02793,
  "USDCUSDT": 0.999648,
  "APEUSDT": 0.103,
  "SKYUSDT": 0.06291,
  "ROSEUSDT": 0.01234,
  "ALLOUSDT": 0.10077,
  "TSLAUSDT": 400.15,
  "B2USDT": 0.7521,
  "ORCAUSDT": 0.967,
  "XPINUSDT": 0.001696,
  "SNXUSDT": 0.38,
  "EIGENUSDT": 0.1825,
  "GUAUSDT": 0.16183,
  "BUSDT": 0.1346,
  "\u6211\u8e0f\u9a6c\u6765\u4e86USDT": 0.011664,
  "GIGGLEUSDT": 24.91,
  "PYTHUSDT": 0.05073,
  "HUMAUSDT": 0.012106,
  "BEAMXUSDT": 0.001949,
  "AWEUSDT": 0.05398,
  "SYRUPUSDT": 0.20817,
  "MSTRUSDT": 124.15,
  "JELLYJELLYUSDT": 0.06184,
  "METUSDT": 0.185,
  "VETUSDT": 0.007307,
  "ESPORTSUSDT": 0.34264,
  "ZKPUSDT": 0.08655,
  "AVNTUSDT": 0.1731,
  "DYDXUSDT": 0.089,
  "FOGOUSDT": 0.02772,
  "ORDIUSDT": 2.337,
  "AEROUSDT": 0.2968,
  "XTZUSDT": 0.368,
  "CYSUSDT": 0.3817,
  "NXPCUSDT": 0.2645,
  "NEOUSDT": 2.649,
  "COLLECTUSDT": 0.04187,
  "CYBERUSDT": 0.5548,
  "MOVEUSDT": 0.02171,
  "FORMUSDT": 0.1936,
  "SUSDT": 0.03952,
  "MEUSDT": 0.1178,
  "AUCTIONUSDT": 4.819,
  "COMPUSDT": 17.22,
  "PNUTUSDT": 0.04401,
  "YGGUSDT": 0.04413,
  "GWEIUSDT": 0.031191,
  "ENSUSDT": 6.058,
  "STGUSDT": 0.133,
  "SOMIUSDT": 0.1947,
  "1000FLOKIUSDT": 0.02811,
  "RESOLVUSDT": 0.06548,
  "STXUSDT": 0.2358,
  "1000LUNCUSDT": 0.03479,
  "TRIAUSDT": 0.01745,
  "INITUSDT": 0.08559,
  "NAORISUSDT": 0.03884,
  "LINEAUSDT": 0.003167,
  "SPACEUSDT": 0.008884,
  "BEATUSDT": 0.2129,
  "PLUMEUSDT": 0.00926,
  "CLOUSDT": 0.09227,
  "AGTUSDT": 0.005679,
  "VANAUSDT": 1.432,
  "LPTUSDT": 2.192,
  "WUSDT": 0.01838,
  "JASMYUSDT": 0.00568,
  "TRBUSDT": 14.116,
  "EDUUSDT": 0.1203,
  "USELESSUSDT": 0.03824,
  "MERLUSDT": 0.04658,
  "EULUSDT": 0.934,
  "BANKUSDT": 0.03679,
  "MANAUSDT": 0.0912,
  "TAUSDT": 0.03955,
  "OGUSDT": 3.075,
  "SPXUSDT": 0.2744,
  "2ZUSDT": 0.06789,
  "NMRUSDT": 7.689,
  "GRTUSDT": 0.02601,
  "TAGUSDT": 0.0003895,
  "ATHUSDT": 0.005027,
  "ARUSDT": 1.864,
  "JSTUSDT": 0.045501,
  "UAIUSDT": 0.2276,
  "BIRBUSDT": 0.15485,
  "API3USDT": 0.2869,
  "DEXEUSDT": 2.915,
  "WCTUSDT": 0.05811,
  "COWUSDT": 0.2213,
  "MMTUSDT": 0.1202,
  "CFXUSDT": 0.04806,
  "MOODENGUSDT": 0.05134,
  "ZORAUSDT": 0.01944,
  "IMXUSDT": 0.156,
  "1INCHUSDT": 0.0884,
  "IOTAUSDT": 0.0662,
  "IDOLUSDT": 0.02532,
  "QNTUSDT": 62.45,
  "FLOWUSDT": 0.03533,
  "SPKUSDT": 0.02004,
  "LUNA2USDT": 0.05922,
  "UMAUSDT": 0.4973,
  "ZRXUSDT": 0.1016,
  "COAIUSDT": 0.2977,
  "LRCUSDT": 0.03316,
  "SFPUSDT": 0.2589,
  "LIGHTUSDT": 0.2318,
  "FHEUSDT": 0.03013,
  "KAIAUSDT": 0.05323,
  "ARKMUSDT": 0.1062,
  "PTBUSDT": 0.00125,
  "4USDT": 0.00766,
  "THETAUSDT": 0.1858,
  "RPLUSDT": 2.033,
  "IOUSDT": 0.1088,
  "AXLUSDT": 0.05144,
  "RUNEUSDT": 0.3856,
  "BREVUSDT": 0.1262,
  "SKRUSDT": 0.018835,
  "AKEUSDT": 0.0003013,
  "SAHARAUSDT": 0.01455,
  "SIGNUSDT": 0.02336,
  "AIAUSDT": 0.0867,
  "NEIROUSDT": 6.73e-05,
  "YFIUSDT": 2700.0,
  "EGLDUSDT": 4.326,
  "GMTUSDT": 0.01094,
  "XPTUSDT": 2161.99,
  "BLUAIUSDT": 0.005181,
  "PROMPTUSDT": 0.05176,
  "ANIMEUSDT": 0.004705,
  "KGENUSDT": 0.17243,
  "BOMEUSDT": 0.0003771,
  "PROVEUSDT": 0.2768,
  "VELVETUSDT": 0.08254,
  "TWTUSDT": 0.495,
  "FIGHTUSDT": 0.006881,
  "TNSRUSDT": 0.04783,
  "MAGICUSDT": 0.06394,
  "KASUSDT": 0.02994,
  "MINAUSDT": 0.05702,
  "TSTUSDT": 0.00959,
  "AIOUSDT": 0.07568,
  "SAPIENUSDT": 0.09492,
  "AUSDT": 0.0784,
  "PEOPLEUSDT": 0.00623,
  "NOMUSDT": 0.00472,
  "XNYUSDT": 0.004779,
  "OPENUSDT": 0.1445,
  "ACTUSDT": 0.01341,
  "GASUSDT": 1.493,
  "AVAAIUSDT": 0.00707,
  "GRASSUSDT": 0.1719,
  "FOLKSUSDT": 1.137,
  "BATUSDT": 0.1162,
  "POPCATUSDT": 0.04673,
  "SUSHIUSDT": 0.1936,
  "TURBOUSDT": 0.000972,
  "SOPHUSDT": 0.008717,
  "MEGAUSDT": 0.12275,
  "BSVUSDT": 15.15,
  "ZBTUSDT": 0.07001,
  "MANTAUSDT": 0.06351,
  "YBUSDT": 0.1522,
  "FLOCKUSDT": 0.06656,
  "BELUSDT": 0.1008,
  "SUPERUSDT": 0.1081,
  "CATIUSDT": 0.03669,
  "ZKCUSDT": 0.0847,
  "TUTUSDT": 0.00964,
  "FUSDT": 0.005579,
  "KERNELUSDT": 0.07231,
  "ACHUSDT": 0.007191,
  "SWARMSUSDT": 0.00649,
  "ICNTUSDT": 0.4009,
  "STOUSDT": 0.05529,
  "SXTUSDT": 0.02265,
  "ARPAUSDT": 0.0096,
  "BABYUSDT": 0.01189,
  "LAYERUSDT": 0.0811,
  "GLMUSDT": 0.15274,
  "VELODROMEUSDT": 0.01387,
  "MASKUSDT": 0.4121,
  "XVGUSDT": 0.00586,
  "BLURUSDT": 0.01938,
  "NILUSDT": 0.04723,
  "KSMUSDT": 4.6,
  "CTSIUSDT": 0.025,
  "ASRUSDT": 1.364,
  "TRUTHUSDT": 0.009912,
  "C98USDT": 0.0255,
  "CVXUSDT": 1.766,
  "SOONUSDT": 0.1601,
  "SOLVUSDT": 0.00426,
  "AINUSDT": 0.03686,
  "AIXBTUSDT": 0.01839,
  "DRIFTUSDT": 0.0814,
  "ONTUSDT": 0.0403,
  "TAKEUSDT": 0.02172,
  "INUSDT": 0.06732,
  "ALTUSDT": 0.00741,
  "MEMEUSDT": 0.0006434,
  "ANKRUSDT": 0.004206,
  "MUBARAKUSDT": 0.01407,
  "RAYSOLUSDT": 0.5772,
  "EDENUSDT": 0.03127,
  "RAREUSDT": 0.01779,
  "SANTOSUSDT": 1.59,
  "DAMUSDT": 0.02033,
  "SUNUSDT": 0.016541,
  "CELOUSDT": 0.073,
  "SONICUSDT": 0.04279,
  "WETUSDT": 0.08295,
  "COTIUSDT": 0.01189,
  "ERAUSDT": 0.1454,
  "FRAXUSDT": 0.6104,
  "THEUSDT": 0.2398,
  "MELANIAUSDT": 0.109,
  "STORJUSDT": 0.0881,
  "CRCLUSDT": 61.15,
  "AKTUSDT": 0.3015,
  "PROMUSDT": 1.272,
  "DEGOUSDT": 0.318,
  "IDUSDT": 0.04353,
  "ARIAUSDT": 0.07226,
  "BASUSDT": 0.005478,
  "WALUSDT": 0.0741,
  "KOMAUSDT": 0.0071,
  "POLYXUSDT": 0.04099,
  "HYPERUSDT": 0.0903,