{
  "BTCUSDT": 68439.9,
  "ETHUSDT": 1986.21,
  "SOLUSDT": 85.05,
  "XRPUSDT": 1.3615,
  "BNBUSDT": 633.17,
  "DOGEUSDT": 0.08938,
  "XAUUSDT": 5109.87,
  "PAXGUSDT": 5124.2,
  "BCHUSDT": 441.41,
  "HYPEUSDT": 31.884,
  "XAGUSDT": 82.93,
  "WLFIUSDT": 0.104,
  "TRXUSDT": 0.28057,
  "ZECUSDT": 219.23,
  "UNIUSDT": 3.877,
  "SUIUSDT": 0.9101,
  "ASTERUSDT": 0.6947,
  "ADAUSDT": 0.2634,
  "1000PEPEUSDT": 0.0034418,
  "AVAXUSDT": 9.183,
  "LINKUSDT": 8.806,
  "LTCUSDT": 54.67,
  "NEARUSDT": 1.364,
  "PUMPUSDT": 0.001912,
  "ENAUSDT": 0.1112,
  "DOTUSDT": 1.532,
  "AAVEUSDT": 109.83,
  "WLDUSDT": 0.3939,
  "XPLUSDT": 0.1133,
  "FILUSDT": 1.003,
  "PIPPINUSDT": 0.39954,
  "1000SHIBUSDT": 0.005474,
  "LITUSDT": 1.315,
  "TRUMPUSDT": 3.413,
  "RIVERUSDT": 18.717,
  "TAOUSDT": 183.21,
  "ZROUSDT": 1.8566,
  "APTUSDT": 1.0051,
  "TONUSDT": 1.2386,
  "KITEUSDT": 0.23211,
  "HBARUSDT": 0.09672,
  "ATOMUSDT": 1.814,
  "HUSDT": 0.12552,
  "ARBUSDT": 0.1034,
  "XMRUSDT": 341.03,
  "XLMUSDT": 0.15139,
  "BERAUSDT": 0.5734,
  "CRVUSDT": 0.254,
  "ICPUSDT": 2.452,
  "WIFUSDT": 0.2033,
  "MONUSDT": 0.02061,
  "FETUSDT": 0.1483,
  "VIRTUALUSDT": 0.7417,
  "AXSUSDT": 1.228,
  "SAHARAUSDT": 0.03161,
  "OPUSDT": 0.1269,
  "ARCUSDT": 0.03793,
  "FFUSDT": 0.07404,
  "CCUSDT": 0.15734,
  "PENGUUSDT": 0.006971,
  "ETCUSDT": 8.545,
  "BARDUSDT": 1.081,
  "VVVUSDT": 6.135,
  "POLUSDT": 0.10063,
  "BTCDOMUSDT": 5208.9,
  "SIRENUSDT": 0.40575,
  "FARTCOINUSDT": 0.1621,
  "ETHFIUSDT": 0.5149,
  "CHZUSDT": 0.0365,
  "PARTIUSDT": 0.0849,
  "DASHUSDT": 33.81,
  "1000BONKUSDT": 0.00596,
  "ONDOUSDT": 0.255,
  "IPUSDT": 0.843,
  "BANUSDT": 0.11159,
  "TIAUSDT": 0.3315,
  "SEIUSDT": 0.06763,
  "\u5e01\u5b89\u4eba\u751fUSDT": 0.06086,
  "ENSOUSDT": 1.3424,
  "SENTUSDT": 0.02092,
  "ESPUSDT": 0.11924,
  "INJUSDT": 3.044,
  "JUPUSDT": 0.1784,
  "POWERUSDT": 0.31022,
  "0GUSDT": 0.6149,
  "STABLEUSDT": 0.029604,
  "BANANAS31USDT": 0.005626,
  "SKYAIUSDT": 0.04823,
  "KAITOUSDT": 0.3481,
  "LDOUSDT": 0.3051,
  "ZAMAUSDT": 0.02001,
  "FORMUSDT": 0.3026,
  "RENDERUSDT": 1.348,
  "BUSDT": 0.1962,
  "ALCHUSDT": 0.07817,
  "PENDLEUSDT": 1.2784,
  "GUAUSDT": 0.24041,
  "ZKUSDT": 0.0186,
  "JELLYJELLYUSDT": 0.08479,
  "PHAUSDT": 0.04062,
  "MORPHOUSDT": 1.9422,
  "QUSDT": 0.02506,
  "ROBOUSDT": 0.04872,
  "PIEVERSEUSDT": 0.5425,
  "GWEIUSDT": 0.043284,
  "ATUSDT": 0.15782,
  "BIOUSDT": 0.02102,
  "SIGNUSDT": 0.02775,
  "HOMEUSDT": 0.028579,
  "BULLAUSDT": 0.02575,
  "CRCLUSDT": 102.45,
  "1000RATSUSDT": 0.04127,
  "LYNUSDT": 0.29743,
  "NIGHTUSDT": 0.06064,
  "ZENUSDT": 5.516,
  "CAKEUSDT": 1.3473,
  "SANDUSDT": 0.08473,
  "ALGOUSDT": 0.0866,
  "GALAUSDT": 0.00354,
  "MYXUSDT": 0.327,
  "STRKUSDT": 0.04003,
  "GIGGLEUSDT": 27.24,
  "SKYUSDT": 0.07092,
  "BTRUSDT": 0.18549,
  "TSLAUSDT": 393.39,
  "MUSDT": 1.3491,
  "STGUSDT": 0.1646,
  "HANAUSDT": 0.03396,
  "USDCUSDT": 0.999456,
  "ALLOUSDT": 0.10462,
  "EIGENUSDT": 0.1903,
  "APEUSDT": 0.1012,
  "TRADOORUSDT": 1.555,
  "MSTRUSDT": 134.78,
  "GPSUSDT": 0.008401,
  "DUSKUSDT": 0.08406,
  "AEROUSDT": 0.345,
  "SYRUPUSDT": 0.23068,
  "OPNUSDT": 0.4827,
  "HUMAUSDT": 0.012941,
  "JTOUSDT": 0.2734,
  "ATHUSDT": 0.006222,
  "B2USDT": 0.7111,
  "XPINUSDT": 0.001394,
  "AZTECUSDT": 0.02066,
  "BEAMXUSDT": 0.001916,
  "1000LUNCUSDT": 0.04361,
  "PYTHUSDT": 0.04834,
  "ZILUSDT": 0.0041,
  "GUNUSDT": 0.02007,
  "NEOUSDT": 2.564,
  "XTZUSDT": 0.38,
  "ORDIUSDT": 2.491,
  "UBUSDT": 0.03187,
  "VETUSDT": 0.007139,
  "AVNTUSDT": 0.17,
  "METUSDT": 0.1709,
  "FOGOUSDT": 0.02345,
  "ROSEUSDT": 0.01176,
  "LINEAUSDT": 0.003221,
  "LAUSDT": 0.2106,
  "MOVEUSDT": 0.02211,
  "DYDXUSDT": 0.094,
  "COMPUSDT": 17.13,
  "GRASSUSDT": 0.3052,
  "NXPCUSDT": 0.2725,
  "\u6211\u8e0f\u9a6c\u6765\u4e86USDT": 0.01078,
  "BEATUSDT": 0.26,
  "ESPORTSUSDT": 0.30737,
  "TAUSDT": 0.04676,
  "COLLECTUSDT": 0.04015,
  "SUSDT": 0.04112,
  "PNUTUSDT": 0.04543,
  "ZKPUSDT": 0.08884,
  "ENSUSDT": 5.99,
  "ARUSDT": 1.674,
  "RAVEUSDT": 0.32971,
  "DENTUSDT": 0.000264,
  "1000FLOKIUSDT": 0.02823,
  "AIXBTUSDT": 0.02693,
  "TRBUSDT": 14.48,
  "SKRUSDT": 0.021889,
  "AUCTIONUSDT": 4.708,
  "4USDT": 0.00963,
  "SNXUSDT": 0.307,
  "ORCAUSDT": 0.864,
  "SPXUSDT": 0.3256,
  "AGLDUSDT": 0.2143,
  "EULUSDT": 1.147,
  "JASMYUSDT": 0.005543,
  "LPTUSDT": 2.301,
  "PLUMEUSDT": 0.00941,
  "MANAUSDT": 0.0967,
  "STXUSDT": 0.2564,
  "WUSDT": 0.01852,
  "MEUSDT": 0.1138,
  "TRIAUSDT": 0.01844,
  "RESOLVUSDT": 0.06001,
  "KAVAUSDT": 0.0532,
  "WETUSDT": 0.10813,
  "BANKUSDT": 0.03653,
  "SOMIUSDT": 0.1889,
  "DEXEUSDT": 3.48,
  "JSTUSDT": 0.048298,
  "CYBERUSDT": 0.5394,
  "GRTUSDT": 0.02607,
  "COAIUSDT": 0.3209,
  "IMXUSDT": 0.1612,
  "AGTUSDT": 0.005529,
  "IOTAUSDT": 0.0656,
  "CFXUSDT": 0.04836,
  "USUALUSDT": 0.01597,
  "USELESSUSDT": 0.04129,
  "YGGUSDT": 0.03871,
  "INITUSDT": 0.0841,
  "API3USDT": 0.2823,
  "EDUUSDT": 0.1015,
  "WCTUSDT": 0.05875,
  "AWEUSDT": 0.05026,
  "SFPUSDT": 0.2753,
  "CYSUSDT": 0.3197,
  "MERLUSDT": 0.04123,
  "2ZUSDT": 0.07321,
  "LAYERUSDT": 0.086,
  "NMRUSDT": 7.598,
  "TAGUSDT": 0.0003607,
  "FLOWUSDT": 0.0352,
  "QNTUSDT": 62.55,
  "PTBUSDT": 0.001172,
  "MOODENGUSDT": 0.0485,
  "RUNEUSDT": 0.4101,
  "CLOUSDT": 0.0707,
  "AXLUSDT": 0.05281,
  "NEIROUSDT": 6.78e-05,
  "AIOUSDT": 0.08601,
  "LIGHTUSDT": 0.1858,
  "MMTUSDT": 0.1171,
  "THETAUSDT": 0.1923,
  "NAORISUSDT": 0.03086,
  "SPKUSDT": 0.01903,
  "EGLDUSDT": 4.21,
  "ARKMUSDT": 0.1081,
  "1INCHUSDT": 0.094,
  "BIRBUSDT": 0.14539,
  "KASUSDT": 0.03034,
  "KGENUSDT": 0.1996,
  "BREVUSDT": 0.1442,
  "VANAUSDT": 1.425,
  "ZRXUSDT": 0.1048,
  "IOUSDT": 0.1149,
  "KNCUSDT": 0.1385,
  "SUNUSDT": 0.015823,
  "FOLKSUSDT": 1.209,
  "MEGAUSDT": 0.13829,
  "MUBARAKUSDT": 0.01543,
  "AIAUSDT": 0.08795,
  "SPACEUSDT": 0.00723,
  "ZORAUSDT": 0.01717,
  "GMTUSDT": 0.01125,
  "KAIAUSDT": 0.05395,
  "PEOPLEUSDT": 0.00643,
  "LRCUSDT": 0.03111,
  "COWUSDT": 0.221,
  "AKEUSDT": 0.0002402,
  "YFIUSDT": 2635.0,
  "TSTUSDT": 0.00963,
  "POPCATUSDT": 0.04762,
  "SOPHUSDT": 0.008583,
  "MIRAUSDT": 0.0869,
  "ANIMEUSDT": 0.00474,
  "PROVEUSDT": 0.2932,
  "AVAAIUSDT": 0.007553,
  "SWARMSUSDT": 0.007136,
  "NILUSDT": 0.05034,
  "TWTUSDT": 0.4889,
  "SUSHIUSDT": 0.2047,
  "VELVETUSDT": 0.08176,
  "AUSDT": 0.0773,
  "BATUSDT": 0.1041,
  "STOUSDT": 0.06073,
  "OPENUSDT": 0.1457,
  "TURBOUSDT": 0.0009627,
  "BOMEUSDT": 0.0003923,
  "TUTUSDT": 0.0108,
  "ACTUSDT": 0.01362,
  "STEEMUSDT": 0.05758,
  "OGUSDT": 2.796,
  "FIOUSDT": 0.01017,
  "LUNA2USDT": 0.06364,
  "ALICEUSDT": 0.136,
  "CATIUSDT": 0.03988,
  "VELODROMEUSDT": 0.01565,
  "GASUSDT": 1.59,
  "BSVUSDT": 14.99,
  "SUPERUSDT": 0.1181,
  "BLUAIUSDT": 0.004317,
  "HIPPOUSDT": 0.0007376,
  "MANTAUSDT": 0.06377,
  "AKTUSDT": 0.3357,
  "KSMUSDT": 4.663,
  "DAMUSDT": 0.02769,
  "SOONUSDT": 0.1614,
  "TNSRUSDT": 0.04477,
  "BABYUSDT": 0.01143,
  "FHEUSDT": 0.02719,
  "XPTUSDT": 2109.91,
  "ZBTUSDT": 0.07515,
  "MEMEUSDT": 0.0006076,
  "KATUSDT": 0.02236,
  "MAGICUSDT": 0.06068,
  "IOTXUSDT": 0.00531,
  "MINAUSDT": 0.05628,
  "UMAUSDT": 0.4361,
  "ALTUSDT": 0.00737,
  "UAIUSDT": 0.208,
  "KERNELUSDT": 0.07474,
  "FIGHTUSDT": 0.006158,
  "MASKUSDT": 0.4327,
  "XNYUSDT": 0.005685,
  "FUSDT": 0.005516,
  "XVGUSDT": 0.005508,
  "RPLUSDT": 1.903,
  "YBUSDT": 0.1693,
  "NOMUSDT": 0.003494,
  "KMNOUSDT": 0.02411,
  "BLURUSDT": 0.01964,
  "NEWTUSDT": 0.06906,
  "ASRUSDT": 1.309,
  "CELOUSDT": 0.077,
  "ZEREBROUSDT": 0.007375,
  "INUSDT": 0.06679,
  "ENJUSDT": 0.01898,
  "AINUSDT": 0.03874,
  "WALUSDT": 0.07865,
  "STBLUSDT": 0.04006,
  "ONTUSDT": 0.0424,
  "TRUTHUSDT": 0.009558,
  "SAPIENUSDT": 0.08166,
  "ANKRUSDT": 0.004135,
  "KOMAUSDT": 0.007862,
  "ERAUSDT": 0.1417,
  "SANTOSUSDT": 1.288,
  "1000CHEEMSUSDT": 0.000528,
  "SONICUSDT": 0.04599,
  "HOLOUSDT": 0.06038,
  "ACHUSDT": 0.006699,
  "GLMUSDT": 0.12954,
  "1000SATSUSDT": 1.14e-05,
  "SKLUSDT": 0.00667,
  "GMXUSDT": 7.133,
  "REDUSDT": 0.1419,
  "TAKEUSDT": 0.01943,
  "QTUMUSDT": 0.915,
  "EDENUSDT": 0.03251,
  "POLYXUSDT": 0.04156,