{
  "PROMUSDT": 1.6,
  "VVVUSDT": 4.317,
  "INITUSDT": 0.1387,
  "LUNA2USDT": 0.06689,
  "SKRUSDT": 0.021937,
  "DEEPUSDT": 0.03136,
  "AIXBTUSDT": 0.02174,
  "MOODENGUSDT": 0.06176,
  "SHELLUSDT": 0.0339,
  "CYSUSDT": 0.5498,
  "UMAUSDT": 0.5657,
  "CLOUSDT": 0.078,
  "AEVOUSDT": 0.02785,
  "FRAXUSDT": 0.6858,
  "TWTUSDT": 0.5707,
  "SSVUSDT": 3.379,
  "TAOUSDT": 196.63,
  "RPLUSDT": 2.714,
  "EPICUSDT": 0.3079,
  "CVXUSDT": 1.994
}