{
  "BTCUSDT": 67169.6,
  "ETHUSDT": 1950.56,
  "SOLUSDT": 82.74,
  "XRPUSDT": 1.4187,
  "BNBUSDT": 606.98,
  "BCHUSDT": 560.26,
  "DOGEUSDT": 0.09868,
  "HYPEUSDT": 29.429,
  "XAGUSDT": 78.34,
  "WLFIUSDT": 0.1162,
  "PAXGUSDT": 5004.87,
  "ZECUSDT": 264.29,
  "XAUUSDT": 5000.5,
  "TRXUSDT": 0.2836,
  "SUIUSDT": 0.9356,
  "ASTERUSDT": 0.7153,
  "1000PEPEUSDT": 0.0042545,
  "LINKUSDT": 8.595,
  "LTCUSDT": 53.01,
  "AVAXUSDT": 8.915,
  "ADAUSDT": 0.2735,
  "UNIUSDT": 3.398,
  "PUMPUSDT": 0.002095,
  "ENAUSDT": 0.112,
  "KITEUSDT": 0.2495,
  "NEARUSDT": 1.009,
  "AAVEUSDT": 124.33,
  "PIPPINUSDT": 0.48402,
  "LITUSDT": 1.472,
  "WLDUSDT": 0.3778,
  "TRUMPUSDT": 3.452,
  "FILUSDT": 0.92,
  "XPLUSDT": 0.0942,
  "ARCUSDT": 0.07628,
  "TAOUSDT": 177.58,
  "DOTUSDT": 1.29,
  "ATOMUSDT": 2.287,
  "ZROUSDT": 1.5163,
  "APTUSDT": 0.8688,
  "TONUSDT": 1.3664,
  "AXSUSDT": 1.303,
  "HBARUSDT": 0.09805,
  "1000SHIBUSDT": 0.00623,
  "BERAUSDT": 0.5907,
  "XLMUSDT": 0.16023,
  "ARBUSDT": 0.097,
  "OPUSDT": 0.1368,
  "HUSDT": 0.16817,
  "ICPUSDT": 2.182,
  "RIVERUSDT": 7.985,
  "XMRUSDT": 336.24,
  "MONUSDT": 0.02057,
  "ENSOUSDT": 1.6544,
  "WIFUSDT": 0.219,
  "FETUSDT": 0.1633,
  "CRVUSDT": 0.241,
  "FFUSDT": 0.07926,
  "PENGUUSDT": 0.006745,
  "ETCUSDT": 8.309,
  "BARDUSDT": 0.7589,
  "FARTCOINUSDT": 0.1829,
  "IPUSDT": 1.105,
  "1000BONKUSDT": 0.006189,
  "INJUSDT": 3.212,
  "CHZUSDT": 0.03848,
  "DASHUSDT": 34.65,
  "PARTIUSDT": 0.10033,
  "POWERUSDT": 0.37965,
  "BANUSDT": 0.1199,
  "POLUSDT": 0.10488,
  "\u5e01\u5b89\u4eba\u751fUSDT": 0.08551,
  "BTCDOMUSDT": 5110.0,
  "SENTUSDT": 0.02158,
  "VIRTUALUSDT": 0.6456,
  "TIAUSDT": 0.3211,
  "ONDOUSDT": 0.2632,
  "ETHFIUSDT": 0.4606,
  "SEIUSDT": 0.0706,
  "0GUSDT": 0.6438,
  "ZKUSDT": 0.02006,
  "RAVEUSDT": 0.5063,
  "JUPUSDT": 0.1531,
  "ZAMAUSDT": 0.01982,
  "STABLEUSDT": 0.028862,
  "LYNUSDT": 0.29086,
  "ORCAUSDT": 1.198,
  "VVVUSDT": 3.885,
  "ALCHUSDT": 0.08179,
  "SIRENUSDT": 0.21851,
  "CCUSDT": 0.15873,
  "OMUSDT": 0.0667,
  "KAITOUSDT": 0.2995,
  "PENDLEUSDT": 1.199,
  "LDOUSDT": 0.3238,
  "NIGHTUSDT": 0.06306,
  "RENDERUSDT": 1.412,
  "DUSKUSDT": 0.08753,
  "ESPUSDT": 0.07439,
  "HOMEUSDT": 0.028114,
  "1000RATSUSDT": 0.0455,
  "QUSDT": 0.021031,
  "BTRUSDT": 0.17693,
  "JTOUSDT": 0.2922,
  "ATUSDT": 0.16013,
  "ZENUSDT": 5.766,
  "SANDUSDT": 0.08321,
  "HANAUSDT": 0.0362,
  "STRKUSDT": 0.04484,
  "BANANAS31USDT": 0.004417,
  "CYSUSDT": 0.4603,
  "SKYAIUSDT": 0.03792,
  "MYXUSDT": 0.96,
  "TRADOORUSDT": 1.441,
  "GPSUSDT": 0.01348,
  "UBUSDT": 0.03733,
  "GUNUSDT": 0.0283,
  "CAKEUSDT": 1.2531,
  "ALGOUSDT": 0.0893,
  "MUSDT": 1.3352,
  "PIEVERSEUSDT": 0.4106,
  "APEUSDT": 0.1118,
  "JELLYJELLYUSDT": 0.07382,
  "SKYUSDT": 0.06384,
  "GALAUSDT": 0.0038,
  "USDCUSDT": 0.999971,
  "ROSEUSDT": 0.01301,
  "GIGGLEUSDT": 29.29,
  "ZILUSDT": 0.00402,
  "\u6211\u8e0f\u9a6c\u6765\u4e86USDT": 0.015086,
  "SPACEUSDT": 0.010028,
  "METUSDT": 0.214,
  "XPINUSDT": 0.001849,
  "PYTHUSDT": 0.05327,
  "B2USDT": 0.6914,
  "ALLOUSDT": 0.10694,
  "MORPHOUSDT": 1.4017,
  "AVNTUSDT": 0.1876,
  "NAORISUSDT": 0.04455,
  "HUMAUSDT": 0.012578,
  "INITUSDT": 0.09942,
  "SNXUSDT": 0.343,
  "BEAMXUSDT": 0.002268,
  "MOVEUSDT": 0.02415,
  "BUSDT": 0.1354,
  "MSTRUSDT": 129.42,
  "SYRUPUSDT": 0.22757,
  "COMPUSDT": 18.05,
  "ZKPUSDT": 0.09312,
  "CYBERUSDT": 0.5631,
  "GUAUSDT": 0.15427,
  "EIGENUSDT": 0.1945,
  "XTZUSDT": 0.384,
  "MEUSDT": 0.1286,
  "BULLAUSDT": 0.02672,
  "TSLAUSDT": 412.27,
  "1000LUNCUSDT": 0.03673,
  "AEROUSDT": 0.3132,
  "DYDXUSDT": 0.099,
  "COLLECTUSDT": 0.06124,
  "BIOUSDT": 0.02322,
  "AUCTIONUSDT": 5.019,
  "ENSUSDT": 6.489,
  "BEATUSDT": 0.2635,
  "VETUSDT": 0.007751,
  "FORMUSDT": 0.2115,
  "LAUSDT": 0.2004,
  "NEOUSDT": 2.701,
  "ORDIUSDT": 2.592,
  "AWEUSDT": 0.06049,
  "NXPCUSDT": 0.2581,
  "ESPORTSUSDT": 0.3486,
  "SUSDT": 0.04367,
  "PNUTUSDT": 0.04799,
  "RESOLVUSDT": 0.06627,
  "FOGOUSDT": 0.02433,
  "SOMIUSDT": 0.2073,
  "LINEAUSDT": 0.003256,
  "1000FLOKIUSDT": 0.03011,
  "BIRBUSDT": 0.19049,
  "OGUSDT": 3.351,
  "CLOUSDT": 0.08953,
  "FHEUSDT": 0.04151,
  "STGUSDT": 0.131,
  "PLUMEUSDT": 0.01023,
  "MERLUSDT": 0.05472,
  "SPXUSDT": 0.3275,
  "STXUSDT": 0.2539,
  "LPTUSDT": 2.319,
  "LRCUSDT": 0.03252,
  "VANAUSDT": 1.436,
  "AZTECUSDT": 0.01951,
  "LIGHTUSDT": 0.2624,
  "TRBUSDT": 15.04,
  "EDUUSDT": 0.1221,
  "ATHUSDT": 0.005614,
  "BANKUSDT": 0.04113,
  "TRIAUSDT": 0.01586,
  "2ZUSDT": 0.07146,
  "WUSDT": 0.01944,
  "MANAUSDT": 0.097,
  "UAIUSDT": 0.2399,
  "RPLUSDT": 2.223,
  "GWEIUSDT": 0.027262,
  "NMRUSDT": 8.105,
  "MOODENGUSDT": 0.05643,
  "WCTUSDT": 0.05962,
  "ZORAUSDT": 0.02104,
  "LUNA2USDT": 0.06568,
  "JASMYUSDT": 0.005682,
  "CFXUSDT": 0.05157,
  "API3USDT": 0.3016,
  "TAGUSDT": 0.0003921,
  "EULUSDT": 0.89,
  "MMTUSDT": 0.1268,
  "AIAUSDT": 0.1051,
  "ARUSDT": 1.95,
  "COAIUSDT": 0.3242,
  "FLOWUSDT": 0.03664,
  "SFPUSDT": 0.2768,
  "SPKUSDT": 0.02094,
  "4USDT": 0.00907,
  "TAUSDT": 0.03582,
  "GRTUSDT": 0.02654,
  "USELESSUSDT": 0.04077,
  "TAKEUSDT": 0.02719,
  "1INCHUSDT": 0.0923,
  "IMXUSDT": 0.1594,
  "IOTAUSDT": 0.0678,
  "FOLKSUSDT": 1.415,
  "ZRXUSDT": 0.1071,
  "JSTUSDT": 0.042204,
  "THETAUSDT": 0.1913,
  "QNTUSDT": 66.49,
  "SKRUSDT": 0.019948,
  "KAIAUSDT": 0.05643,
  "ARKMUSDT": 0.1103,
  "YFIUSDT": 2798.0,
  "XNYUSDT": 0.005036,
  "PTBUSDT": 0.001327,
  "ANIMEUSDT": 0.005083,
  "AXLUSDT": 0.05519,
  "MEGAUSDT": 0.13113,
  "NEIROUSDT": 7.28e-05,
  "KGENUSDT": 0.18463,
  "BREVUSDT": 0.1307,
  "EGLDUSDT": 4.512,
  "COWUSDT": 0.1996,
  "ZKCUSDT": 0.0902,
  "BOMEUSDT": 0.0004148,
  "RUNEUSDT": 0.3971,
  "SAHARAUSDT": 0.01526,
  "AGTUSDT": 0.004209,
  "FUSDT": 0.005999,
  "GASUSDT": 1.595,
  "BLUAIUSDT": 0.005181,
  "PEOPLEUSDT": 0.00676,
  "TSTUSDT": 0.01048,
  "MAGICUSDT": 0.06993,
  "NOMUSDT": 0.005223,
  "MANTAUSDT": 0.07065,
  "AUSDT": 0.0819,
  "TUTUSDT": 0.01108,
  "NILUSDT": 0.05294,
  "ACTUSDT": 0.01487,
  "TWTUSDT": 0.5197,
  "PROVEUSDT": 0.304,
  "AVAAIUSDT": 0.0076,
  "DOLOUSDT": 0.04181,
  "MUBARAKUSDT": 0.01658,
  "SANTOSUSDT": 1.969,
  "MINAUSDT": 0.06311,
  "VELVETUSDT": 0.08063,
  "BSVUSDT": 16.2,
  "TURBOUSDT": 0.0010433,
  "IOUSDT": 0.1094,
  "KASUSDT": 0.03031,
  "SONICUSDT": 0.05514,
  "FIGHTUSDT": 0.00655,
  "BATUSDT": 0.1201,
  "GRASSUSDT": 0.1842,
  "GMTUSDT": 0.01194,
  "TNSRUSDT": 0.0489,
  "OPENUSDT": 0.1535,
  "SIGNUSDT": 0.02512,
  "XPTUSDT": 2073.2,
  "SWARMSUSDT": 0.00711,
  "RAYSOLUSDT": 0.6438,
  "SUPERUSDT": 0.1215,
  "ZBTUSDT": 0.0717,
  "IDOLUSDT": 0.02153,
  "CATIUSDT": 0.04016,
  "YBUSDT": 0.1632,
  "AIOUSDT": 0.07498,
  "POPCATUSDT": 0.05031,
  "BABYUSDT": 0.01351,
  "SOPHUSDT": 0.009145,
  "XVGUSDT": 0.006104,
  "CVXUSDT": 1.98,
  "SUSHIUSDT": 0.2018,
  "C98USDT": 0.0275,
  "AKEUSDT": 0.0002613,
  "ACHUSDT": 0.007501,
  "ONTUSDT": 0.0451,
  "IRUSDT": 0.08624,
  "ICNTUSDT": 0.392,
  "LAYERUSDT": 0.0843,
  "SUNUSDT": 0.017119,
  "VELODROMEUSDT": 0.01418,
  "BLURUSDT": 0.02041,
  "MASKUSDT": 0.4473,
  "PROMUSDT": 1.353,
  "YGGUSDT": 0.03948,
  "CELOUSDT": 0.077,
  "GLMUSDT": 0.16995,
  "ALTUSDT": 0.00798,
  "ASRUSDT": 1.43,
  "MEMEUSDT": 0.0006771,
  "SOONUSDT": 0.1653,
  "SOLVUSDT": 0.00449,
  "RAREUSDT": 0.01916,
  "EDENUSDT": 0.03451,
  "CTSIUSDT": 0.0252,
  "IRYSUSDT": 0.02521,
  "FRAXUSDT": 0.6663,
  "STOUSDT": 0.05402,
  "LSKUSDT": 0.147,
  "UMAUSDT": 0.4752,
  "THEUSDT": 0.2654,
  "DEXEUSDT": 2.301,
  "ZEREBROUSDT": 0.00807,
  "AIXBTUSDT": 0.02029,
  "GMXUSDT": 6.707,
  "KMNOUSDT": 0.02801,
  "ERAUSDT": 0.1562,
  "DEGOUSDT": 0.3545,
  "MELANIAUSDT": 0.1147,
  "ANKRUSDT": 0.004432,
  "DRIFTUSDT": 0.0864,
  "TRUTHUSDT": 0.009679,
  "STORJUSDT": 0.0957,
  "IDUSDT": 0.04891,
  "POLYXUSDT": 0.04404,
  "KERNELUSDT": 0.06544,
  "STBLUSDT": 0.03842,
  "HYPERUSDT": 0.0955,
  "WALUSDT": 0.0802,
  "ONUSDT": 0.09594,
  "PLAYUSDT": 0.01964,
  "KSMUSDT": 4.563,
  "QTUMUSDT": 0.947,
  "RSRUSDT": 0.001457,
  "ARPAUSDT": 0.00976,
  "BASUSDT": 0.005762,
  "KOMAUSDT": 0.00736,
  "ARIAUSDT": 0.07374,
  "INUSDT": 0.06024,