{
  "BTCUSDT": 67734.8,
  "ETHUSDT": 1988.85,
  "ETH/USDCUSDT": 1968.51,
  "BTC/USDCUSDT": 66897.8,
  "SOLUSDT": 81.67,
  "XAGUSDT": 79.17,
  "XRPUSDT": 1.4155,
  "BTC/USDUSDT": 67637.4,
  "XAUUSDT": 5017.99,
  "WLFIUSDT": 0.116,
  "ETH/USDUSDT": 1986.36,
  "PIPPINUSDT": 0.4926,
  "DOGEUSDT": 0.09735,
  "RIVERUSDT": 8.795,
  "ESPUSDT": 0.0737,
  "ZECUSDT": 260.29,
  "BNBUSDT": 606.39,
  "NAORISUSDT": 0.04087,
  "ORCAUSDT": 1.35,
  "HYPEUSDT": 28.978,
  "SOL/USDCUSDT": 81.63,
  "1000PEPEUSDT": 0.0041826,
  "SPACEUSDT": 0.011408,
  "SUIUSDT": 0.908,
  "CYBERUSDT": 0.5888,
  "INJUSDT": 3.232,
  "ADAUSDT": 0.2738,
  "AVAXUSDT": 8.826,
  "XRP/USDCUSDT": 1.4151,
  "OPUSDT": 0.1421,
  "PAXGUSDT": 5021.83,
  "ASTERUSDT": 0.6977,
  "LINKUSDT": 8.628,
  "BCHUSDT": 556.05,
  "TAOUSDT": 183.2,
  "VVVUSDT": 3.723,
  "PUMPUSDT": 0.002034,
  "FILUSDT": 0.922,
  "JTOUSDT": 0.2876,
  "LTCUSDT": 52.83,
  "KITEUSDT": 0.22934,
  "SIRENUSDT": 0.2125,
  "SOL/USDUSDT": 80.89,
  "UNIUSDT": 3.401,
  "AAVEUSDT": 122.3,
  "ATOMUSDT": 2.313,
  "TRUMPUSDT": 3.404,
  "DOTUSDT": 1.294,
  "NEARUSDT": 1.006,
  "GUNUSDT": 0.02833,
  "MYXUSDT": 0.976,
  "ENAUSDT": 0.1127,
  "INITUSDT": 0.10098,
  "BERAUSDT": 0.5851,
  "POWERUSDT": 0.35659,
  "APTUSDT": 0.8631,
  "WIFUSDT": 0.2196,
  "WLDUSDT": 0.3763,
  "AXSUSDT": 1.219,
  "STABLEUSDT": 0.028023,
  "RPLUSDT": 2.385,
  "JELLYJELLYUSDT": 0.07101,
  "BNB/USDCUSDT": 606.86,
  "PENGUUSDT": 0.006685,
  "ZAMAUSDT": 0.02118,
  "ARBUSDT": 0.1044,
  "TRXUSDT": 0.27946,
  "XRP/USDUSDT": 1.4251,
  "AWEUSDT": 0.10004,
  "1000SHIBUSDT": 0.006223,
  "DOGE/USDUSDT": 0.09731,
  "BNB/USDUSDT": 607.94,
  "GPSUSDT": 0.013285,
  "FARTCOINUSDT": 0.1845,
  "DOGE/USDCUSDT": 0.09731,
  "XLMUSDT": 0.16029,
  "CRVUSDT": 0.243,
  "ENSOUSDT": 1.2482,
  "VIRTUALUSDT": 0.6154,
  "XMRUSDT": 323.37,
  "ARCUSDT": 0.07549,
  "CLOUSDT": 0.0857,
  "ZROUSDT": 1.457,
  "HBARUSDT": 0.09785,
  "ICPUSDT": 2.195,
  "DUSKUSDT": 0.08685,
  "ROSEUSDT": 0.01293,
  "ETH/BTCUSDT": 1968.9335,
  "SENTUSDT": 0.02139,
  "LITUSDT": 1.511,
  "DASHUSDT": 35.63,
  "STEEMUSDT": 0.05149,
  "XPLUSDT": 0.0907,
  "MUBARAKUSDT": 0.01683,
  "OMUSDT": 0.05942,
  "MONUSDT": 0.02029,
  "TSLAUSDT": 411.13,
  "\u5e01\u5b89\u4eba\u751fUSDT": 0.09298,
  "1000BONKUSDT": 0.006165,
  "RENDERUSDT": 1.426,
  "WLFI/USDCUSDT": 0.1159,
  "SNXUSDT": 0.306,
  "HUSDT": 0.1614,
  "SPXUSDT": 0.3268,
  "\u6211\u8e0f\u9a6c\u6765\u4e86USDT": 0.016276,
  "ZEC/USDCUSDT": 260.11,
  "ETCUSDT": 8.357,
  "RECALLUSDT": 0.0575,
  "USELESSUSDT": 0.04024,
  "MOODENGUSDT": 0.05714,
  "TONUSDT": 1.4135,
  "TRIAUSDT": 0.01595,
  "POLUSDT": 0.10579,
  "TIAUSDT": 0.3215,
  "IPUSDT": 1.095,
  "FOGOUSDT": 0.0252,
  "PROMUSDT": 1.518,
  "BEATUSDT": 0.2436,
  "ONDOUSDT": 0.2624,
  "SUI/USDCUSDT": 0.9074,
  "FETUSDT": 0.1633,
  "IRUSDT": 0.08968,
  "1000PEPE/USDCUSDT": 0.0041786,
  "SEIUSDT": 0.072,
  "LUNA2USDT": 0.06482,
  "GALAUSDT": 0.00383,
  "APEUSDT": 0.1084,
  "PENDLEUSDT": 1.1826,
  "JUPUSDT": 0.1519,
  "LYNUSDT": 0.26471,
  "BANUSDT": 0.12183,
  "MITOUSDT": 0.04058,
  "0GUSDT": 0.6112,
  "DYDXUSDT": 0.1,
  "ZILUSDT": 0.00393,
  "SPORTFUNUSDT": 0.03358,
  "TRUTHUSDT": 0.010198,
  "MUSDT": 1.3671,
  "BASUSDT": 0.005501,
  "BTRUSDT": 0.18455,
  "HOODUSDT": 75.6,
  "ACEUSDT": 0.1632,
  "SONICUSDT": 0.05062,
  "COMPUSDT": 18.16,
  "MERLUSDT": 0.05504,
  "LDOUSDT": 0.3251,
  "SANDUSDT": 0.08208,
  "SOMIUSDT": 0.1952,
  "LIGHTUSDT": 0.2682,
  "XNYUSDT": 0.004574,
  "ALGOUSDT": 0.0904,
  "AZTECUSDT": 0.01867,
  "NEIROUSDT": 7.23e-05,
  "RAVEUSDT": 0.4137,
  "ENSUSDT": 6.529,
  "TAKEUSDT": 0.02384,
  "CHZUSDT": 0.03872,
  "BCH/USDCUSDT": 555.81,
  "MORPHOUSDT": 1.4138,
  "MOVEUSDT": 0.02308,
  "ADA/USDUSDT": 0.2737,
  "CAKEUSDT": 1.2815,
  "ALLOUSDT": 0.09827,
  "SUI/USDUSDT": 0.9075,
  "RAYSOLUSDT": 0.6292,
  "ETHFIUSDT": 0.4639,
  "BIOUSDT": 0.02307,
  "ZENUSDT": 5.841,
  "LAUSDT": 0.1995,
  "FIGHTUSDT": 0.006337,
  "GIGGLEUSDT": 29.55,
  "MEUSDT": 0.1249,
  "SKRUSDT": 0.018543,
  "HUMAUSDT": 0.013203,
  "ZKPUSDT": 0.09158,
  "LINEAUSDT": 0.003413,
  "EIGENUSDT": 0.1953,
  "ZKUSDT": 0.02018,
  "ORDIUSDT": 2.621,
  "BIRBUSDT": 0.17035,
  "VETUSDT": 0.007812,
  "1000LUNCUSDT": 0.03462,
  "SKYUSDT": 0.0648,
  "PYTHUSDT": 0.05279,
  "1000FLOKIUSDT": 0.03018,
  "CCUSDT": 0.16149,
  "IRYSUSDT": 0.02463,
  "EULUSDT": 0.911,
  "CYSUSDT": 0.4675,
  "FHEUSDT": 0.04055,
  "AVNTUSDT": 0.1842,
  "ADA/USDCUSDT": 0.2737,
  "FIL/USDCUSDT": 0.922,
  "STRKUSDT": 0.04551,
  "SUSDT": 0.04343,
  "PLAYUSDT": 0.02016,
  "CRCLUSDT": 63.68,
  "C98USDT": 0.0277,
  "MMTUSDT": 0.1264,
  "AVAX/USDCUSDT": 8.822,
  "LINK/USDCUSDT": 8.621,
  "TRBUSDT": 14.888,
  "STGUSDT": 0.1264,
  "LINK/USDUSDT": 8.622,
  "ARB/USDCUSDT": 0.1043,
  "INTCUSDT": 45.51,
  "ZORAUSDT": 0.02105,
  "VANAUSDT": 1.409,
  "ENA/USDCUSDT": 0.1127,
  "VELVETUSDT": 0.07033,
  "PTBUSDT": 0.001389,
  "AUCTIONUSDT": 4.913,
  "OGUSDT": 3.341,
  "COINUSDT": 165.2,
  "BULLAUSDT": 0.02642,
  "SYRUPUSDT": 0.23175,
  "KSMUSDT": 4.576,
  "XPTUSDT": 2104.62,
  "MAGICUSDT": 0.06855,
  "TURBOUSDT": 0.0010375,
  "TNSRUSDT": 0.0504,
  "BREVUSDT": 0.1274,
  "WETUSDT": 0.07732,
  "FLOWUSDT": 0.03612,
  "WUSDT": 0.01949,
  "ARUSDT": 1.915,
  "PLTRUSDT": 136.07,
  "COLLECTUSDT": 0.06551,
  "PNUTUSDT": 0.04765,
  "MANAUSDT": 0.0968,
  "JASMYUSDT": 0.005741,
  "MSTRUSDT": 126.42,
  "LABUSDT": 0.15841,
  "ZKCUSDT": 0.0899,
  "ARKMUSDT": 0.1109,
  "BARDUSDT": 0.7593,
  "LPTUSDT": 2.308,
  "ONTUSDT": 0.0444,
  "DOLOUSDT": 0.03462,
  "STXUSDT": 0.2485,
  "NIGHTUSDT": 0.05775,
  "GMTUSDT": 0.012,
  "NOMUSDT": 0.005085,
  "FRAXUSDT": 0.6526,
  "XTZUSDT": 0.382,
  "GWEIUSDT": 0.027116,
  "AIAUSDT": 0.10446,
  "NEAR/USDCUSDT": 1.006,
  "ARIAUSDT": 0.07512,
  "MAVUSDT": 0.01606,
  "RUNEUSDT": 0.3987,
  "COWUSDT": 0.189,
  "PEOPLEUSDT": 0.00673,
  "OP/USDUSDT": 0.1421,
  "THETAUSDT": 0.1938,
  "BANANAS31USDT": 0.004403,
  "AEROUSDT": 0.3052,
  "BOMEUSDT": 0.0004109,
  "WIF/USDCUSDT": 0.2194,
  "LTC/USDCUSDT": 52.8,
  "FFUSDT": 0.07929,
  "NILUSDT": 0.05585,
  "MINAUSDT": 0.06314,
  "FUSDT": 0.005936,
  "XPDUSDT": 1731.02,
  "PIEVERSEUSDT": 0.4075,
  "TRUMP/USDCUSDT": 3.403,
  "TOWNSUSDT": 0.003766,
  "QNTUSDT": 66.62,
  "CFXUSDT": 0.05142,
  "LSKUSDT": 0.1489,
  "UBUSDT": 0.04033,
  "HIVEUSDT": 0.0671,
  "GRTUSDT": 0.02667,
  "MEMEUSDT": 0.0006747,
  "ZBTUSDT": 0.07023,
  "TURTLEUSDT": 0.04166,
  "TRADOORUSDT": 1.406,
  "QUSDT": 0.020665,
  "KAITOUSDT": 0.3022,
  "METUSDT": 0.2119,
  "MIRAUSDT": 0.0862,
  "SWARMSUSDT": 0.00727,
  "IOTAUSDT": 0.0676,
  "ATUSDT": 0.16069,
  "CVXUSDT": 2.01,
  "SUPERUSDT": 0.1245,
  "IMXUSDT": 0.1591,
  "WCTUSDT": 0.05918,
  "SUSHIUSDT": 0.2019,
  "ICNTUSDT": 0.3674,
  "BCH/USDUSDT": 555.76,
  "DEEPUSDT": 0.02689,
  "RESOLVUSDT": 0.0599,
  "CLANKERUSDT": 32.02,
  "CRV/USDCUSDT": 0.2428,
  "EGLDUSDT": 4.461,
  "UAIUSDT": 0.2347,
  "KASUSDT": 0.03073,
  "ACUUSDT": 0.10168,
  "AIXBTUSDT": 0.02006,
  "LQTYUSDT": 0.2827,
  "AXLUSDT": 0.05569,
  "TOSHIUSDT": 0.000208,
  "VANRYUSDT": 0.006162,
  "MELANIAUSDT": 0.1153,
  "UMAUSDT": 0.4816,
  "RLSUSDT": 0.005114,
  "ACHUSDT": 0.007463,
  "IOUSDT": 0.1091,
  "SSVUSDT": 3.112,
  "ATOM/USDUSDT": 2.312,
  "TWTUSDT": 0.5183,
  "MASKUSDT": 0.4453,
  "GASUSDT": 1.576,
  "AVAX/USDUSDT": 8.82,
  "POPCATUSDT": 0.05039,
  "ANIMEUSDT": 0.005082,
  "COAIUSDT": 0.3232,
  "PLUMEUSDT": 0.01023,
  "FIL/USDUSDT": 0.923,
  "UNI/USDUSDT": 3.398,
  "KAIAUSDT": 0.05617,
  "PENGU/USDCUSDT": 0.00668,
  "ALTUSDT": 0.00805,
  "2ZUSDT": 0.07178,
  "1000SATSUSDT": 1.1e-05,
  "BANKUSDT": 0.04177,
  "LRCUSDT": 0.03216,
  "BROCCOLI714USDT": 0.01359,
  "FOLKSUSDT": 1.349,
  "WOOUSDT": 0.01669,
  "API3USDT": 0.2982,
  "LTC/USDUSDT": 52.8,
  "OPENUSDT": 0.1566,
  "XVGUSDT": 0.005955,
  "YFIUSDT": 2814.0,
  "BLESSUSDT": 0.005431,
  "LAYERUSDT": 0.0827,
  "1INCHUSDT": 0.0923,
  "DRIFTUSDT": 0.0865,
  "STORJUSDT": 0.0972,
  "MANTAUSDT": 0.0723,
  "ELSAUSDT": 0.07108,
  "XVSUSDT": 3.21,
  "SAGAUSDT": 0.03236,
  "BBUSDT": 0.02907,
  "ACTUSDT": 0.01449,
  "USDCUSDT": 0.999853,