{
  "BTCUSDT": 68908.8,
  "ETHUSDT": 2052.7,
  "SOLUSDT": 84.9,
  "XRPUSDT": 1.4156,
  "BNBUSDT": 616.83,
  "BCHUSDT": 562.22,
  "DOGEUSDT": 0.09661,
  "HYPEUSDT": 31.859,
  "PAXGUSDT": 5039.55,
  "ZECUSDT": 278.28,
  "XAGUSDT": 77.43,
  "XAUUSDT": 5038.82,
  "TRXUSDT": 0.28223,
  "SUIUSDT": 0.9664,
  "ASTERUSDT": 0.7108,
  "LINKUSDT": 8.829,
  "LTCUSDT": 55.21,
  "AVAXUSDT": 9.194,
  "UNIUSDT": 3.404,
  "ADAUSDT": 0.2766,
  "ENAUSDT": 0.1218,
  "1000PEPEUSDT": 0.0038296,
  "PUMPUSDT": 0.002128,
  "PIPPINUSDT": 0.61118,
  "KITEUSDT": 0.22026,
  "WLFIUSDT": 0.1041,
  "NEARUSDT": 1.026,
  "AAVEUSDT": 120.07,
  "LITUSDT": 1.67,
  "WLDUSDT": 0.4015,
  "HUSDT": 0.22497,
  "TRUMPUSDT": 3.445,
  "FILUSDT": 0.963,
  "ARCUSDT": 0.08024,
  "XPLUSDT": 0.1009,
  "ZROUSDT": 1.7994,
  "DOTUSDT": 1.343,
  "TAOUSDT": 187.52,
  "TONUSDT": 1.4535,
  "HBARUSDT": 0.1016,
  "BERAUSDT": 0.6945,
  "1000SHIBUSDT": 0.006372,
  "APTUSDT": 0.9464,
  "AXSUSDT": 1.487,
  "ATOMUSDT": 2.13,
  "XLMUSDT": 0.16634,
  "XMRUSDT": 357.69,
  "MONUSDT": 0.02277,
  "ARBUSDT": 0.1161,
  "ICPUSDT": 2.413,
  "RIVERUSDT": 15.987,
  "WIFUSDT": 0.224,
  "DASHUSDT": 38.13,
  "FARTCOINUSDT": 0.1921,
  "PENGUUSDT": 0.006899,
  "CRVUSDT": 0.256,
  "IPUSDT": 1.152,
  "FFUSDT": 0.0801,
  "ETCUSDT": 8.647,
  "FETUSDT": 0.1674,
  "BARDUSDT": 0.8069,
  "1000BONKUSDT": 0.006431,
  "OPUSDT": 0.1911,
  "POLUSDT": 0.10077,
  "CHZUSDT": 0.04181,
  "\u5e01\u5b89\u4eba\u751fUSDT": 0.10165,
  "PARTIUSDT": 0.10777,
  "TIAUSDT": 0.3413,
  "BTCDOMUSDT": 5096.5,
  "SENTUSDT": 0.02307,
  "VIRTUALUSDT": 0.6366,
  "JUPUSDT": 0.1558,
  "ZKUSDT": 0.02241,
  "ONDOUSDT": 0.2721,
  "SEIUSDT": 0.0757,
  "ZAMAUSDT": 0.02027,
  "0GUSDT": 0.6242,
  "ETHFIUSDT": 0.4736,
  "BANUSDT": 0.09552,
  "CCUSDT": 0.16732,
  "LDOUSDT": 0.3521,
  "BTRUSDT": 0.16629,
  "ALCHUSDT": 0.08668,
  "UBUSDT": 0.04646,
  "PENDLEUSDT": 1.2472,
  "SKYUSDT": 0.068,
  "ZENUSDT": 6.437,
  "KAITOUSDT": 0.3253,
  "RENDERUSDT": 1.404,
  "INJUSDT": 3.14,
  "POWERUSDT": 0.28529,
  "ATUSDT": 0.15869,
  "AWEUSDT": 0.09794,
  "ENSOUSDT": 1.1633,
  "1000RATSUSDT": 0.0483,
  "CYSUSDT": 0.4708,
  "OMUSDT": 0.05561,
  "SANDUSDT": 0.08906,
  "OGUSDT": 5.005,
  "STABLEUSDT": 0.023474,
  "GIGGLEUSDT": 32.71,
  "COMPUSDT": 20.41,
  "DUSKUSDT": 0.10799,
  "BANANAS31USDT": 0.00453,
  "STRKUSDT": 0.04988,
  "NIGHTUSDT": 0.05717,
  "MSTRUSDT": 134.17,
  "\u6211\u8e0f\u9a6c\u6765\u4e86USDT": 0.023968,
  "HANAUSDT": 0.0366,
  "SKYAIUSDT": 0.03947,
  "QUSDT": 0.019438,
  "ROSEUSDT": 0.01241,
  "HOMEUSDT": 0.027114,
  "PIEVERSEUSDT": 0.4311,
  "GPSUSDT": 0.01136,
  "USDCUSDT": 0.999967,
  "METUSDT": 0.2221,
  "ALGOUSDT": 0.0958,
  "CAKEUSDT": 1.2968,
  "TRADOORUSDT": 1.318,
  "MYXUSDT": 2.659,
  "TAKEUSDT": 0.05215,
  "ZILUSDT": 0.0045,
  "GALAUSDT": 0.00414,
  "LYNUSDT": 0.20472,
  "AVNTUSDT": 0.2036,
  "CLOUSDT": 0.10081,
  "MUSDT": 1.3829,
  "VVVUSDT": 2.772,
  "MEUSDT": 0.156,
  "GUNUSDT": 0.02498,
  "AUCTIONUSDT": 5.191,
  "LINEAUSDT": 0.00365,
  "PYTHUSDT": 0.05135,
  "LPTUSDT": 2.464,
  "BUSDT": 0.145,
  "B2USDT": 0.7041,
  "EIGENUSDT": 0.2107,
  "BIRBUSDT": 0.20472,
  "XTZUSDT": 0.408,
  "ENSUSDT": 6.712,
  "VETUSDT": 0.008269,
  "MORPHOUSDT": 1.2277,
  "ZKPUSDT": 0.09273,
  "BEAMXUSDT": 0.002426,
  "SYRUPUSDT": 0.27667,
  "TSLAUSDT": 417.89,
  "AEROUSDT": 0.3123,
  "COLLECTUSDT": 0.06979,
  "MOODENGUSDT": 0.05886,
  "XPINUSDT": 0.001518,
  "HUMAUSDT": 0.013269,
  "MOVEUSDT": 0.02416,
  "DYDXUSDT": 0.107,
  "BIOUSDT": 0.02499,
  "LAUSDT": 0.2177,
  "AIAUSDT": 0.13143,
  "BULLAUSDT": 0.02487,
  "1000LUNCUSDT": 0.03381,
  "ESPUSDT": 0.06391,
  "NEOUSDT": 2.842,
  "RESOLVUSDT": 0.06269,
  "PNUTUSDT": 0.05032,
  "FORMUSDT": 0.2158,
  "SUSDT": 0.0454,
  "BEATUSDT": 0.2645,
  "RAVEUSDT": 0.36922,
  "ORDIUSDT": 2.875,
  "JELLYJELLYUSDT": 0.05611,
  "COAIUSDT": 0.4314,
  "SOMIUSDT": 0.1973,
  "LRCUSDT": 0.03377,
  "NXPCUSDT": 0.284,
  "FOGOUSDT": 0.02252,
  "STXUSDT": 0.2703,
  "GUAUSDT": 0.14045,
  "NAORISUSDT": 0.03513,
  "BANKUSDT": 0.04244,
  "VANAUSDT": 1.627,
  "FHEUSDT": 0.04004,
  "AZTECUSDT": 0.02492,
  "ESPORTSUSDT": 0.35171,
  "STGUSDT": 0.157,
  "SIRENUSDT": 0.12748,
  "ATHUSDT": 0.006521,
  "MERLUSDT": 0.05613,
  "PLUMEUSDT": 0.01167,
  "ALLOUSDT": 0.08191,
  "1000FLOKIUSDT": 0.0309,
  "JTOUSDT": 0.2706,
  "TRBUSDT": 15.438,
  "WCTUSDT": 0.06489,
  "ARUSDT": 2.035,
  "API3USDT": 0.3171,
  "XNYUSDT": 0.005851,
  "NMRUSDT": 8.56,
  "EDUUSDT": 0.1284,
  "CFXUSDT": 0.05448,
  "2ZUSDT": 0.0795,
  "TRIAUSDT": 0.01897,
  "FLOWUSDT": 0.0437,
  "MANAUSDT": 0.1025,
  "WUSDT": 0.0211,
  "JASMYUSDT": 0.006047,
  "ZKCUSDT": 0.1014,
  "QNTUSDT": 70.71,
  "4USDT": 0.0103,
  "SPXUSDT": 0.304,
  "GWEIUSDT": 0.026849,
  "EULUSDT": 0.987,
  "XVGUSDT": 0.006381,
  "TNSRUSDT": 0.05489,
  "TAGUSDT": 0.0003866,
  "ZORAUSDT": 0.0217,
  "IRYSUSDT": 0.04131,
  "BREVUSDT": 0.1471,
  "KAIAUSDT": 0.05791,
  "1INCHUSDT": 0.0969,
  "LIGHTUSDT": 0.2451,
  "GRTUSDT": 0.02791,
  "THETAUSDT": 0.2184,
  "APEUSDT": 0.1309,
  "TAUSDT": 0.03594,
  "UAIUSDT": 0.2291,
  "C98USDT": 0.0311,
  "EGLDUSDT": 5.154,
  "SPKUSDT": 0.02286,
  "SPACEUSDT": 0.006971,
  "JSTUSDT": 0.041906,
  "MANTAUSDT": 0.08037,
  "IMXUSDT": 0.1684,
  "RUNEUSDT": 0.4161,
  "ZRXUSDT": 0.1106,
  "MMTUSDT": 0.1349,
  "IOTAUSDT": 0.0696,
  "SKRUSDT": 0.023958,
  "ACTUSDT": 0.01487,
  "FRAXUSDT": 0.6501,
  "AGTUSDT": 0.004686,
  "ANIMEUSDT": 0.005734,
  "NILUSDT": 0.05662,
  "SFPUSDT": 0.252,
  "BOMEUSDT": 0.0004153,
  "AXLUSDT": 0.06162,
  "BSVUSDT": 16.55,
  "MEGAUSDT": 0.12989,
  "PROVEUSDT": 0.3316,
  "FUSDT": 0.006393,
  "NOMUSDT": 0.005537,
  "PTBUSDT": 0.001413,
  "GASUSDT": 1.679,
  "NEIROUSDT": 7.61e-05,
  "GRASSUSDT": 0.1993,
  "ARKMUSDT": 0.1222,
  "SNXUSDT": 0.297,
  "AUSDT": 0.0883,
  "FOLKSUSDT": 1.412,
  "ICNTUSDT": 0.4671,
  "SOPHUSDT": 0.010055,
  "MINAUSDT": 0.06888,
  "BATUSDT": 0.132,
  "TWTUSDT": 0.506,
  "BLUAIUSDT": 0.005963,
  "SIGNUSDT": 0.02843,
  "KASUSDT": 0.03233,
  "KGENUSDT": 0.17618,
  "DEEPUSDT": 0.0289,
  "YFIUSDT": 3083.0,
  "TSTUSDT": 0.01081,
  "LAYERUSDT": 0.0944,
  "GMTUSDT": 0.01286,
  "TUTUSDT": 0.0116,
  "FIGHTUSDT": 0.006479,
  "PEOPLEUSDT": 0.00685,
  "AVAAIUSDT": 0.00785,
  "CYBERUSDT": 0.5832,
  "TURBOUSDT": 0.0011229,
  "POPCATUSDT": 0.05154,
  "YBUSDT": 0.1738,
  "SAHARAUSDT": 0.01654,
  "SONICUSDT": 0.0503,
  "BASUSDT": 0.006153,
  "MAGICUSDT": 0.06957,
  "ACHUSDT": 0.008025,
  "TOSHIUSDT": 0.0002525,
  "ZBTUSDT": 0.07543,
  "OPENUSDT": 0.1721,
  "IDOLUSDT": 0.02213,
  "SWARMSUSDT": 0.00752,
  "SUSHIUSDT": 0.2112,
  "BABYUSDT": 0.01371,
  "BLURUSDT": 0.02183,
  "SANTOSUSDT": 1.929,
  "INUSDT": 0.06889,
  "AKEUSDT": 0.0002715,
  "CATIUSDT": 0.04189,
  "TRUTHUSDT": 0.014851,
  "SUPERUSDT": 0.1297,
  "YGGUSDT": 0.0429,
  "THEUSDT": 0.2748,
  "LUNA2USDT": 0.06318,
  "CELOUSDT": 0.088,
  "ONTUSDT": 0.0465,
  "AIOUSDT": 0.07722,
  "MEMEUSDT": 0.0007071,
  "SOLVUSDT": 0.00501,
  "SOONUSDT": 0.1841,
  "IOUSDT": 0.1075,
  "STOUSDT": 0.05605,
  "XPTUSDT": 2071.19,
  "GLMUSDT": 0.19666,
  "SYNUSDT": 0.04935,
  "MUBARAKUSDT": 0.01718,
  "ALTUSDT": 0.0089,
  "SUNUSDT": 0.017113,
  "STBLUSDT": 0.04287,
  "VELODROMEUSDT": 0.01498,
  "DYMUSDT": 0.04709,
  "CTSIUSDT": 0.027,
  "ERAUSDT": 0.1658,
  "IDUSDT": 0.05412,
  "ANKRUSDT": 0.004653,
  "ASRUSDT": 1.441,
  "HYPERUSDT": 0.1068,
  "SKLUSDT": 0.0072,
  "KERNELUSDT": 0.06802,
  "MASKUSDT": 0.4666,
  "QTUMUSDT": 0.998,
  "COWUSDT": 0.2026,
  "WALUSDT": 0.0842,
  "RAREUSDT": 0.02003,
  "GUSDT": 0.00406,
  "AIXBTUSDT": 0.02126,
  "CVXUSDT": 1.966,
  "MELANIAUSDT": 0.1213,
  "ARPAUSDT": 0.01015,
  "KAVAUSDT": 0.0565,
  "KMNOUSDT": 0.02957,
  "AINUSDT": 0.03487,
  "INITUSDT": 0.06855,
  "ZEREBROUSDT": 0.00831,
  "DEXEUSDT": 2.395,
  "EDENUSDT": 0.03356,
  "VELVETUSDT": 0.07656,
  "ORCAUSDT": 0.791,
  "ELSAUSDT": 0.08358,
  "BANANAUSDT": 4.763,
  "SAPIENUSDT": 0.09111,
  "KOMAUSDT": 0.00789,
  "ONUSDT": 0.085,
  "PLAYUSDT": 0.04141,
  "XVSUSDT": 2.959,
  "KSMUSDT": 4.585,
  "POLYXUSDT": 0.04615,
  "NOTUSDT": 0.0004084,
  "RSRUSDT": 0.001613,