{
  "BTCUSDT": 66290.1,
  "ETHUSDT": 1941.27,
  "SOLUSDT": 81.22,
  "XRPUSDT": 1.4187,
  "BNBUSDT": 603.9,
  "BCHUSDT": 551.84,
  "DOGEUSDT": 0.0984,
  "HYPEUSDT": 28.483,
  "PAXGUSDT": 4982.87,
  "WLFIUSDT": 0.1212,
  "XAGUSDT": 77.29,
  "ZECUSDT": 266.57,
  "XAUUSDT": 4982.11,
  "TRXUSDT": 0.27902,
  "SUIUSDT": 0.9287,
  "ASTERUSDT": 0.7063,
  "LINKUSDT": 8.557,
  "ADAUSDT": 0.2735,
  "1000PEPEUSDT": 0.0042281,
  "LTCUSDT": 53.09,
  "AVAXUSDT": 8.839,
  "UNIUSDT": 3.379,
  "PUMPUSDT": 0.002006,
  "ENAUSDT": 0.1141,
  "PIPPINUSDT": 0.49763,
  "KITEUSDT": 0.21722,
  "NEARUSDT": 1.014,
  "AAVEUSDT": 122.48,
  "LITUSDT": 1.46,
  "WLDUSDT": 0.376,
  "TRUMPUSDT": 3.373,
  "TAOUSDT": 183.49,
  "ARCUSDT": 0.07909,
  "FILUSDT": 0.923,
  "XPLUSDT": 0.0927,
  "DOTUSDT": 1.308,
  "ATOMUSDT": 2.348,
  "TONUSDT": 1.4132,
  "ZROUSDT": 1.4948,
  "APTUSDT": 0.8738,
  "HBARUSDT": 0.09895,
  "1000SHIBUSDT": 0.006296,
  "BERAUSDT": 0.6072,
  "XLMUSDT": 0.16142,
  "ARBUSDT": 0.1074,
  "AXSUSDT": 1.282,
  "RIVERUSDT": 7.762,
  "HUSDT": 0.16349,
  "XMRUSDT": 326.29,
  "ICPUSDT": 2.236,
  "MONUSDT": 0.02017,
  "WIFUSDT": 0.2214,
  "FFUSDT": 0.07978,
  "CRVUSDT": 0.244,
  "FETUSDT": 0.1643,
  "FARTCOINUSDT": 0.1864,
  "BARDUSDT": 0.7586,
  "PENGUUSDT": 0.006805,
  "ETCUSDT": 8.412,
  "IPUSDT": 1.098,
  "OPUSDT": 0.1672,
  "\u5e01\u5b89\u4eba\u751fUSDT": 0.09171,
  "CHZUSDT": 0.03915,
  "1000BONKUSDT": 0.006185,
  "PARTIUSDT": 0.1037,
  "DASHUSDT": 35.53,
  "POLUSDT": 0.10775,
  "BANUSDT": 0.11758,
  "BTCDOMUSDT": 5069.9,
  "SENTUSDT": 0.02238,
  "ONDOUSDT": 0.2644,
  "TIAUSDT": 0.327,
  "ESPUSDT": 0.09231,
  "SEIUSDT": 0.0726,
  "POWERUSDT": 0.34102,
  "VIRTUALUSDT": 0.6133,
  "ETHFIUSDT": 0.4613,
  "ZKUSDT": 0.02058,
  "ORCAUSDT": 1.272,
  "0GUSDT": 0.6249,
  "ZAMAUSDT": 0.01885,
  "JUPUSDT": 0.1521,
  "AWEUSDT": 0.10075,
  "STABLEUSDT": 0.028182,
  "VVVUSDT": 3.709,
  "CCUSDT": 0.16787,
  "NAORISUSDT": 0.04685,
  "ALCHUSDT": 0.08124,
  "SIRENUSDT": 0.21018,
  "JTOUSDT": 0.2998,
  "ENSOUSDT": 1.2048,
  "INJUSDT": 2.978,
  "RENDERUSDT": 1.407,
  "LDOUSDT": 0.3279,
  "PENDLEUSDT": 1.1875,
  "KAITOUSDT": 0.3024,
  "BTRUSDT": 0.18339,
  "1000RATSUSDT": 0.04805,
  "CYSUSDT": 0.4949,
  "LYNUSDT": 0.26839,
  "UBUSDT": 0.04115,
  "ATUSDT": 0.1605,
  "NIGHTUSDT": 0.05721,
  "QUSDT": 0.02065,
  "ZENUSDT": 5.938,
  "GPSUSDT": 0.013732,
  "GUNUSDT": 0.02832,
  "HOMEUSDT": 0.027523,
  "SANDUSDT": 0.08406,
  "DUSKUSDT": 0.0962,
  "BANANAS31USDT": 0.004468,
  "SPACEUSDT": 0.012029,
  "HANAUSDT": 0.0349,
  "STRKUSDT": 0.04603,
  "SKYUSDT": 0.06613,
  "ROSEUSDT": 0.01348,
  "CYBERUSDT": 0.6625,
  "SKYAIUSDT": 0.03637,
  "TRADOORUSDT": 1.393,
  "MUSDT": 1.4298,
  "GIGGLEUSDT": 29.86,
  "OMUSDT": 0.05583,
  "\u6211\u8e0f\u9a6c\u6765\u4e86USDT": 0.016305,
  "CAKEUSDT": 1.2665,
  "PIEVERSEUSDT": 0.4011,
  "USDCUSDT": 0.999898,
  "ALGOUSDT": 0.0904,
  "MYXUSDT": 1.058,
  "INITUSDT": 0.10059,
  "MORPHOUSDT": 1.4496,
  "JELLYJELLYUSDT": 0.07198,
  "GALAUSDT": 0.00386,
  "PYTHUSDT": 0.05383,
  "XPINUSDT": 0.001897,
  "B2USDT": 0.7012,
  "ZILUSDT": 0.00401,
  "MSTRUSDT": 125.16,
  "HUMAUSDT": 0.013692,
  "AVNTUSDT": 0.1896,
  "METUSDT": 0.2074,
  "BUSDT": 0.1384,
  "COMPUSDT": 17.69,
  "LAUSDT": 0.2052,
  "MOVEUSDT": 0.02374,
  "EIGENUSDT": 0.1974,
  "BEAMXUSDT": 0.002263,
  "SYRUPUSDT": 0.23596,
  "COLLECTUSDT": 0.07051,
  "1000LUNCUSDT": 0.03421,
  "ZKPUSDT": 0.0903,
  "MEUSDT": 0.1292,
  "BULLAUSDT": 0.02635,
  "ENSUSDT": 6.648,
  "XTZUSDT": 0.384,
  "GUAUSDT": 0.15074,
  "ALLOUSDT": 0.09396,
  "ESPORTSUSDT": 0.3678,
  "BIOUSDT": 0.0236,
  "TSLAUSDT": 410.52,
  "FORMUSDT": 0.2139,
  "APEUSDT": 0.1162,
  "AUCTIONUSDT": 5.003,
  "SUSDT": 0.04563,
  "VETUSDT": 0.0078,
  "LINEAUSDT": 0.003536,
  "DYDXUSDT": 0.101,
  "FOGOUSDT": 0.02459,
  "NEOUSDT": 2.704,
  "RAVEUSDT": 0.38108,
  "ORDIUSDT": 2.651,
  "NXPCUSDT": 0.2648,
  "PNUTUSDT": 0.04774,
  "AEROUSDT": 0.3042,
  "BIRBUSDT": 0.18587,
  "CLOUSDT": 0.08414,
  "PLUMEUSDT": 0.01037,
  "OGUSDT": 3.27,
  "FHEUSDT": 0.04137,
  "1000FLOKIUSDT": 0.03036,
  "RESOLVUSDT": 0.06007,
  "STXUSDT": 0.2515,
  "LPTUSDT": 2.338,
  "SPXUSDT": 0.3321,
  "SOMIUSDT": 0.1932,
  "STGUSDT": 0.1296,
  "LRCUSDT": 0.03283,
  "GWEIUSDT": 0.028392,
  "MERLUSDT": 0.0557,
  "EDUUSDT": 0.1253,
  "BANKUSDT": 0.04157,
  "VANAUSDT": 1.477,
  "LUNA2USDT": 0.06603,
  "MOODENGUSDT": 0.05661,
  "ATHUSDT": 0.005676,
  "TRBUSDT": 14.807,
  "WUSDT": 0.01967,
  "2ZUSDT": 0.07364,
  "MANAUSDT": 0.0978,
  "ZORAUSDT": 0.02132,
  "BEATUSDT": 0.2015,
  "MMTUSDT": 0.1321,
  "RPLUSDT": 2.104,
  "WCTUSDT": 0.06004,
  "NMRUSDT": 8.098,
  "ARUSDT": 1.964,
  "SNXUSDT": 0.299,
  "TRIAUSDT": 0.01581,
  "JASMYUSDT": 0.005688,
  "API3USDT": 0.3042,
  "AZTECUSDT": 0.01859,
  "CFXUSDT": 0.05194,
  "COAIUSDT": 0.3223,
  "XNYUSDT": 0.005566,
  "LIGHTUSDT": 0.2487,
  "TAGUSDT": 0.0003844,
  "FLOWUSDT": 0.03711,
  "EULUSDT": 0.9,
  "AIAUSDT": 0.09958,
  "SPKUSDT": 0.02099,
  "TAUSDT": 0.03595,
  "IMXUSDT": 0.1608,
  "PTBUSDT": 0.001368,
  "4USDT": 0.00902,
  "AGTUSDT": 0.004774,
  "JSTUSDT": 0.042233,
  "YFIUSDT": 2807.0,
  "GRTUSDT": 0.02666,
  "SFPUSDT": 0.2633,
  "1INCHUSDT": 0.0915,
  "USELESSUSDT": 0.04294,
  "ZRXUSDT": 0.1061,
  "QNTUSDT": 67.89,
  "UAIUSDT": 0.2097,
  "THETAUSDT": 0.1963,
  "KAIAUSDT": 0.05634,
  "NEIROUSDT": 7.28e-05,
  "IOTAUSDT": 0.0665,
  "MUBARAKUSDT": 0.01732,
  "BREVUSDT": 0.1313,
  "BOMEUSDT": 0.0004113,
  "TWTUSDT": 0.5419,
  "EGLDUSDT": 4.484,
  "PEOPLEUSDT": 0.00677,
  "AXLUSDT": 0.0571,
  "ARKMUSDT": 0.1117,
  "RUNEUSDT": 0.3964,
  "MANTAUSDT": 0.07448,
  "COWUSDT": 0.1955,
  "MEGAUSDT": 0.12615,
  "ANIMEUSDT": 0.005155,
  "MAGICUSDT": 0.07041,
  "SKRUSDT": 0.018786,
  "FIGHTUSDT": 0.006574,
  "SAHARAUSDT": 0.01542,
  "NOMUSDT": 0.005263,
  "ZKCUSDT": 0.0937,
  "TNSRUSDT": 0.05106,
  "BLUAIUSDT": 0.005311,
  "GASUSDT": 1.604,
  "MINAUSDT": 0.06428,
  "AUSDT": 0.0819,
  "SIGNUSDT": 0.02651,
  "KASUSDT": 0.03099,
  "TSTUSDT": 0.01039,
  "CVXUSDT": 2.01,
  "FOLKSUSDT": 1.279,
  "KGENUSDT": 0.16864,
  "PROVEUSDT": 0.3111,
  "BSVUSDT": 16.36,
  "NILUSDT": 0.05353,
  "TAKEUSDT": 0.0233,
  "IOUSDT": 0.1095,
  "OPENUSDT": 0.1581,
  "GRASSUSDT": 0.1865,
  "TUTUSDT": 0.01103,
  "ACTUSDT": 0.01453,
  "RAYSOLUSDT": 0.6329,
  "AVAAIUSDT": 0.00743,
  "TURBOUSDT": 0.0010447,
  "BASUSDT": 0.006769,
  "BATUSDT": 0.1224,
  "FUSDT": 0.006055,
  "SOPHUSDT": 0.009232,
  "SUPERUSDT": 0.1274,
  "C98USDT": 0.0282,
  "GMTUSDT": 0.01197,
  "SANTOSUSDT": 1.869,
  "XPTUSDT": 2086.85,
  "ONTUSDT": 0.0459,
  "YBUSDT": 0.1604,
  "BABYUSDT": 0.0137,
  "SUSHIUSDT": 0.2039,
  "POPCATUSDT": 0.05003,
  "AIOUSDT": 0.07384,
  "CATIUSDT": 0.03925,
  "XVGUSDT": 0.005908,
  "ZBTUSDT": 0.07162,
  "ACHUSDT": 0.007472,
  "SWARMSUSDT": 0.00671,
  "TRUTHUSDT": 0.009464,
  "LAYERUSDT": 0.0855,
  "SUNUSDT": 0.017277,
  "IDOLUSDT": 0.02001,
  "SONICUSDT": 0.04678,
  "IRYSUSDT": 0.02546,
  "BLURUSDT": 0.02034,
  "ICNTUSDT": 0.3709,
  "ACEUSDT": 0.1673,
  "MASKUSDT": 0.4503,
  "YGGUSDT": 0.03912,
  "AKEUSDT": 0.0002543,
  "GLMUSDT": 0.17575,
  "ALTUSDT": 0.00818,
  "SOLVUSDT": 0.00453,
  "FRAXUSDT": 0.6471,
  "SOONUSDT": 0.1681,
  "RAREUSDT": 0.01931,
  "CELOUSDT": 0.078,
  "MEMEUSDT": 0.0006793,
  "ASRUSDT": 1.406,
  "VELODROMEUSDT": 0.01389,
  "IRUSDT": 0.08792,
  "CTSIUSDT": 0.025,
  "VELVETUSDT": 0.07061,
  "STOUSDT": 0.05335,
  "DRIFTUSDT": 0.0889,
  "UMAUSDT": 0.4866,
  "KMNOUSDT": 0.02788,
  "STEEMUSDT": 0.05518,
  "DEXEUSDT": 2.253,
  "MELANIAUSDT": 0.1188,
  "LSKUSDT": 0.1426,
  "THEUSDT": 0.2647,
  "ERAUSDT": 0.1555,
  "DEGOUSDT": 0.3453,
  "ONUSDT": 0.09718,
  "DEEPUSDT": 0.0281,
  "ZEREBROUSDT": 0.00764,
  "RSRUSDT": 0.001458,
  "STORJUSDT": 0.0986,
  "QTUMUSDT": 0.945,
  "EDENUSDT": 0.03346,
  "ARIAUSDT": 0.07534,
  "AIXBTUSDT": 0.02012,
  "STBLUSDT": 0.03835,
  "KERNELUSDT": 0.06424,
  "ANKRUSDT": 0.004433,
  "WALUSDT": 0.0803,
  "IDUSDT": 0.04893,
  "POLYXUSDT": 0.04318,
  "SKLUSDT": 0.00678,
  "HYPERUSDT": 0.0988,
  "KSMUSDT": 4.607,
  "PROMUSDT": 1.375,
  "GMXUSDT": 6.335,
  "PLAYUSDT": 0.02041,