{
  "BTCUSDT": 68004.1,
  "ETHUSDT": 1967.61,
  "SOLUSDT": 84.62,
  "XRPUSDT": 1.4295,
  "BNBUSDT": 626.14,
  "BCHUSDT": 562.26,
  "DOGEUSDT": 0.10011,
  "HYPEUSDT": 30.369,
  "XAGUSDT": 84.55,
  "WLFIUSDT": 0.1211,
  "PAXGUSDT": 5113.0,
  "ZECUSDT": 258.73,
  "XAUUSDT": 5106.51,
  "TRXUSDT": 0.28535,
  "SUIUSDT": 0.9546,
  "ASTERUSDT": 0.7263,
  "LINKUSDT": 8.939,
  "ADAUSDT": 0.2848,
  "LTCUSDT": 55.18,
  "UNIUSDT": 3.488,
  "AVAXUSDT": 9.17,
  "1000PEPEUSDT": 0.0042605,
  "PUMPUSDT": 0.002108,
  "ENAUSDT": 0.1113,
  "KITEUSDT": 0.26177,
  "AAVEUSDT": 115.94,
  "NEARUSDT": 1.053,
  "PIPPINUSDT": 0.47748,
  "WLDUSDT": 0.391,
  "LITUSDT": 1.532,
  "TRUMPUSDT": 3.568,
  "FILUSDT": 0.957,
  "TAOUSDT": 180.63,
  "XPLUSDT": 0.0951,
  "ARCUSDT": 0.07345,
  "DOTUSDT": 1.341,
  "ZROUSDT": 1.6814,
  "ATOMUSDT": 2.357,
  "APTUSDT": 0.8839,
  "TONUSDT": 1.33,
  "1000SHIBUSDT": 0.006424,
  "HBARUSDT": 0.09973,
  "XLMUSDT": 0.16266,
  "AXSUSDT": 1.326,
  "ARBUSDT": 0.0971,
  "ENSOUSDT": 1.9115,
  "BERAUSDT": 0.5953,
  "OPUSDT": 0.1284,
  "ICPUSDT": 2.194,
  "HUSDT": 0.16189,
  "RIVERUSDT": 8.079,
  "XMRUSDT": 331.58,
  "MONUSDT": 0.021,
  "FETUSDT": 0.1681,
  "WIFUSDT": 0.2257,
  "CRVUSDT": 0.247,
  "FFUSDT": 0.07876,
  "ETCUSDT": 8.757,
  "PENGUUSDT": 0.00692,
  "1000BONKUSDT": 0.006426,
  "FARTCOINUSDT": 0.1863,
  "BARDUSDT": 0.7599,
  "IPUSDT": 1.124,
  "PARTIUSDT": 0.10777,
  "BANUSDT": 0.12704,
  "DASHUSDT": 35.16,
  "\u5e01\u5b89\u4eba\u751fUSDT": 0.08882,
  "INJUSDT": 3.434,
  "AZTECUSDT": 0.03276,
  "POLUSDT": 0.10594,
  "BTCDOMUSDT": 5098.2,
  "CHZUSDT": 0.03549,
  "RAVEUSDT": 0.57411,
  "POWERUSDT": 0.37809,
  "SENTUSDT": 0.02267,
  "VIRTUALUSDT": 0.6526,
  "TIAUSDT": 0.3315,
  "VVVUSDT": 4.437,
  "ONDOUSDT": 0.2675,
  "BIOUSDT": 0.03179,
  "ETHFIUSDT": 0.4708,
  "SEIUSDT": 0.0716,
  "ZAMAUSDT": 0.02286,
  "ZKUSDT": 0.02031,
  "JUPUSDT": 0.1597,
  "0GUSDT": 0.6544,
  "STABLEUSDT": 0.029646,
  "LYNUSDT": 0.28644,
  "RENDERUSDT": 1.507,
  "ALCHUSDT": 0.08082,
  "MYXUSDT": 1.019,
  "CCUSDT": 0.15878,
  "KAITOUSDT": 0.3101,
  "PENDLEUSDT": 1.2189,
  "SIRENUSDT": 0.22922,
  "LDOUSDT": 0.3303,
  "1000RATSUSDT": 0.04774,
  "BANANAS31USDT": 0.004846,
  "ORCAUSDT": 1.141,
  "HOMEUSDT": 0.028432,
  "ALLOUSDT": 0.13412,
  "BTRUSDT": 0.18706,
  "NIGHTUSDT": 0.06043,
  "ZENUSDT": 5.79,
  "QUSDT": 0.020641,
  "JTOUSDT": 0.3137,
  "DUSKUSDT": 0.08777,
  "SANDUSDT": 0.08482,
  "ATUSDT": 0.1602,
  "UBUSDT": 0.03986,
  "SKYAIUSDT": 0.03841,
  "STRKUSDT": 0.04628,
  "OMUSDT": 0.06656,
  "HANAUSDT": 0.03507,
  "ALGOUSDT": 0.0905,
  "CAKEUSDT": 1.2966,
  "ESPUSDT": 0.06981,
  "MORPHOUSDT": 1.5776,
  "GPSUSDT": 0.013172,
  "TRADOORUSDT": 1.371,
  "GUNUSDT": 0.02791,
  "SKYUSDT": 0.06446,
  "PIEVERSEUSDT": 0.4151,
  "MUSDT": 1.3472,
  "ZILUSDT": 0.00412,
  "USDCUSDT": 0.99981,
  "GALAUSDT": 0.00391,
  "CYSUSDT": 0.4132,
  "SNXUSDT": 0.392,
  "GIGGLEUSDT": 29.53,
  "APEUSDT": 0.1104,
  "ROSEUSDT": 0.01318,
  "\u6211\u8e0f\u9a6c\u6765\u4e86USDT": 0.016418,
  "B2USDT": 0.7223,
  "PYTHUSDT": 0.05408,
  "METUSDT": 0.2129,
  "HUMAUSDT": 0.012704,
  "JELLYJELLYUSDT": 0.06744,
  "XPINUSDT": 0.001662,
  "BEAMXUSDT": 0.002309,
  "VANAUSDT": 1.731,
  "AVNTUSDT": 0.1909,
  "AWEUSDT": 0.05921,
  "EIGENUSDT": 0.1975,
  "NAORISUSDT": 0.04513,
  "MSTRUSDT": 131.65,
  "SYRUPUSDT": 0.22782,
  "BUSDT": 0.131,
  "COMPUSDT": 18.22,
  "MOVEUSDT": 0.0244,
  "INITUSDT": 0.10031,
  "XTZUSDT": 0.391,
  "GUAUSDT": 0.15399,
  "TSLAUSDT": 411.62,
  "MEUSDT": 0.1315,
  "FOGOUSDT": 0.02718,
  "DYDXUSDT": 0.099,
  "AEROUSDT": 0.3134,
  "BULLAUSDT": 0.02613,
  "ZKPUSDT": 0.09298,
  "ORDIUSDT": 2.627,
  "VETUSDT": 0.00782,
  "NXPCUSDT": 0.276,
  "CYBERUSDT": 0.5651,
  "NEOUSDT": 2.778,
  "LAUSDT": 0.2085,
  "FORMUSDT": 0.2108,
  "AUCTIONUSDT": 5.123,
  "COLLECTUSDT": 0.05448,
  "ENSUSDT": 6.626,
  "PNUTUSDT": 0.04903,
  "SPACEUSDT": 0.009929,
  "1000LUNCUSDT": 0.03698,
  "SOMIUSDT": 0.2142,
  "LINEAUSDT": 0.003537,
  "SUSDT": 0.04348,
  "STGUSDT": 0.1451,
  "ESPORTSUSDT": 0.31789,
  "RESOLVUSDT": 0.06551,
  "BEATUSDT": 0.2605,
  "1000FLOKIUSDT": 0.03065,
  "OGUSDT": 3.358,
  "PLUMEUSDT": 0.01024,
  "LPTUSDT": 2.359,
  "STXUSDT": 0.2558,
  "MERLUSDT": 0.05356,
  "FHEUSDT": 0.04125,
  "GWEIUSDT": 0.029239,
  "TRBUSDT": 15.184,
  "BIRBUSDT": 0.17959,
  "CLOUSDT": 0.08493,
  "LRCUSDT": 0.03321,
  "EULUSDT": 1.009,
  "ATHUSDT": 0.005646,
  "EDUUSDT": 0.1248,
  "2ZUSDT": 0.0755,
  "BANKUSDT": 0.04083,
  "WUSDT": 0.02003,
  "MOODENGUSDT": 0.05612,
  "WCTUSDT": 0.06268,
  "MANAUSDT": 0.0985,
  "JASMYUSDT": 0.005805,
  "SPXUSDT": 0.3231,
  "UAIUSDT": 0.2413,
  "CFXUSDT": 0.05214,
  "RPLUSDT": 2.408,
  "NMRUSDT": 8.204,
  "ARUSDT": 2.023,
  "MMTUSDT": 0.1296,
  "USELESSUSDT": 0.04333,
  "API3USDT": 0.3063,
  "TAUSDT": 0.03896,
  "LIGHTUSDT": 0.237,
  "ZORAUSDT": 0.02104,
  "COAIUSDT": 0.3276,
  "AIAUSDT": 0.10563,
  "TRIAUSDT": 0.017,
  "LUNA2USDT": 0.06506,
  "GRTUSDT": 0.02721,
  "NOMUSDT": 0.005795,
  "4USDT": 0.00915,
  "IOTAUSDT": 0.0705,
  "IMXUSDT": 0.1658,
  "FLOWUSDT": 0.03811,
  "TAGUSDT": 0.0003648,
  "SFPUSDT": 0.2761,
  "SPKUSDT": 0.02119,
  "JSTUSDT": 0.043461,
  "ZRXUSDT": 0.1116,
  "SKRUSDT": 0.020328,
  "AXLUSDT": 0.05627,
  "1INCHUSDT": 0.0938,
  "RUNEUSDT": 0.4143,
  "PTBUSDT": 0.001381,
  "THETAUSDT": 0.2025,
  "QNTUSDT": 66.97,
  "FOLKSUSDT": 1.367,
  "ARKMUSDT": 0.1147,
  "NEIROUSDT": 7.51e-05,
  "KAIAUSDT": 0.05641,
  "BREVUSDT": 0.1361,
  "AGTUSDT": 0.004673,
  "YFIUSDT": 2856.0,
  "MEGAUSDT": 0.13207,
  "ANIMEUSDT": 0.005098,
  "EGLDUSDT": 4.611,
  "XNYUSDT": 0.00517,
  "BOMEUSDT": 0.0004234,
  "PROVEUSDT": 0.3157,
  "KGENUSDT": 0.17769,
  "MAGICUSDT": 0.06966,
  "ZKCUSDT": 0.0929,
  "COWUSDT": 0.2101,
  "TAKEUSDT": 0.02452,
  "SAHARAUSDT": 0.01566,
  "TWTUSDT": 0.5311,
  "MANTAUSDT": 0.07309,
  "GASUSDT": 1.607,
  "PEOPLEUSDT": 0.0069,
  "BLUAIUSDT": 0.005079,
  "ACTUSDT": 0.01476,
  "AUSDT": 0.0819,
  "TSTUSDT": 0.01063,
  "MINAUSDT": 0.06341,
  "AVAAIUSDT": 0.00771,
  "NILUSDT": 0.05234,
  "SIGNUSDT": 0.02512,
  "TUTUSDT": 0.01116,
  "TURBOUSDT": 0.001082,
  "SANTOSUSDT": 1.93,
  "TNSRUSDT": 0.05015,
  "SUPERUSDT": 0.1208,
  "FIGHTUSDT": 0.006744,
  "GRASSUSDT": 0.1917,
  "BSVUSDT": 16.26,
  "DOLOUSDT": 0.04124,
  "KASUSDT": 0.03113,
  "OPENUSDT": 0.1568,
  "GMTUSDT": 0.01204,
  "SWARMSUSDT": 0.00717,
  "FUSDT": 0.005997,
  "AIOUSDT": 0.07689,
  "MUBARAKUSDT": 0.01633,
  "VELVETUSDT": 0.07989,
  "BATUSDT": 0.122,
  "IOUSDT": 0.1138,
  "POPCATUSDT": 0.05197,
  "SOPHUSDT": 0.00942,
  "YBUSDT": 0.1641,
  "ZBTUSDT": 0.07293,
  "IDOLUSDT": 0.02193,
  "CATIUSDT": 0.04039,
  "BABYUSDT": 0.0134,
  "AKEUSDT": 0.0002758,
  "ICNTUSDT": 0.4143,
  "XPTUSDT": 2157.49,
  "CVXUSDT": 1.986,
  "XVGUSDT": 0.006167,
  "SUSHIUSDT": 0.2052,
  "C98USDT": 0.028,
  "RAYSOLUSDT": 0.6561,
  "YGGUSDT": 0.04011,
  "LAYERUSDT": 0.0868,
  "TRUTHUSDT": 0.010407,
  "ALTUSDT": 0.00822,
  "DEXEUSDT": 2.359,
  "EDENUSDT": 0.0358,
  "ACHUSDT": 0.007541,
  "VELODROMEUSDT": 0.01441,
  "MASKUSDT": 0.4556,
  "SOLVUSDT": 0.0046,
  "SONICUSDT": 0.05226,
  "GLMUSDT": 0.16743,
  "ONTUSDT": 0.0448,
  "CELOUSDT": 0.079,
  "BLURUSDT": 0.02068,
  "AIXBTUSDT": 0.02056,
  "KSMUSDT": 4.871,
  "MEMEUSDT": 0.000689,
  "SOONUSDT": 0.1723,
  "IRUSDT": 0.08972,
  "ASRUSDT": 1.412,
  "DRIFTUSDT": 0.0931,
  "ANKRUSDT": 0.004549,
  "FIDAUSDT": 0.01927,
  "CTSIUSDT": 0.0259,
  "STOUSDT": 0.05558,
  "RAREUSDT": 0.01925,
  "SUNUSDT": 0.01694,
  "SAPIENUSDT": 0.08894,
  "KERNELUSDT": 0.07097,
  "MELANIAUSDT": 0.118,
  "THEUSDT": 0.2622,
  "UMAUSDT": 0.4687,
  "ZEREBROUSDT": 0.00802,
  "FRAXUSDT": 0.6597,
  "ERAUSDT": 0.1586,
  "DEGOUSDT": 0.3506,
  "GMXUSDT": 6.865,
  "LSKUSDT": 0.1464,
  "IRYSUSDT": 0.02536,
  "PROMUSDT": 1.332,
  "IDUSDT": 0.0487,
  "KAVAUSDT": 0.0524,
  "HYPERUSDT": 0.0987,
  "PLAYUSDT": 0.02097,
  "WALUSDT": 0.0812,
  "KMNOUSDT": 0.02819,
  "POLYXUSDT": 0.04463,
  "RSRUSDT": 0.001519,
  "STORJUSDT": 0.0977,
  "AKTUSDT": 0.3265,
  "STBLUSDT": 0.03765,
  "ONUSDT": 0.09407,
  "INUSDT": 0.06197,
  "QTUMUSDT": 0.961,