{
  "BTCUSDT": 70342.2,
  "ETHUSDT": 2061.17,
  "SOLUSDT": 89.31,
  "XRPUSDT": 1.5781,
  "BNBUSDT": 630.18,
  "DOGEUSDT": 0.11331,
  "BCHUSDT": 561.3,
  "HYPEUSDT": 31.495,
  "PAXGUSDT": 5039.48,
  "ZECUSDT": 310.86,
  "XAGUSDT": 77.45,
  "XAUUSDT": 5039.39,
  "1000PEPEUSDT": 0.0047086,
  "SUIUSDT": 1.009,
  "TRXUSDT": 0.28105,
  "ASTERUSDT": 0.7342,
  "LINKUSDT": 9.065,
  "ADAUSDT": 0.2918,
  "LTCUSDT": 56.12,
  "PIPPINUSDT": 0.72352,
  "AVAXUSDT": 9.53,
  "UNIUSDT": 3.592,
  "ENAUSDT": 0.1262,
  "PUMPUSDT": 0.002299,
  "AAVEUSDT": 128.81,
  "NEARUSDT": 1.082,
  "WLFIUSDT": 0.1059,
  "KITEUSDT": 0.22466,
  "LITUSDT": 1.708,
  "WLDUSDT": 0.4213,
  "FILUSDT": 0.997,
  "XPLUSDT": 0.1013,
  "TRUMPUSDT": 3.504,
  "HUSDT": 0.23568,
  "ARCUSDT": 0.07716,
  "TAOUSDT": 188.87,
  "ZROUSDT": 1.884,
  "DOTUSDT": 1.405,
  "RIVERUSDT": 13.358,
  "1000SHIBUSDT": 0.006819,
  "TONUSDT": 1.4795,
  "APTUSDT": 0.9639,
  "BERAUSDT": 0.6688,
  "HBARUSDT": 0.10212,
  "XLMUSDT": 0.17631,
  "ATOMUSDT": 2.165,
  "AXSUSDT": 1.419,
  "XMRUSDT": 348.61,
  "ARBUSDT": 0.1182,
  "MONUSDT": 0.02391,
  "ICPUSDT": 2.502,
  "FARTCOINUSDT": 0.2113,
  "WIFUSDT": 0.241,
  "PENGUUSDT": 0.007506,
  "DASHUSDT": 39.62,
  "BTRUSDT": 0.21277,
  "FETUSDT": 0.1765,
  "CRVUSDT": 0.258,
  "IPUSDT": 1.166,
  "FFUSDT": 0.08001,
  "1000BONKUSDT": 0.006828,
  "\u5e01\u5b89\u4eba\u751fUSDT": 0.11094,
  "ETCUSDT": 9.004,
  "BARDUSDT": 0.7989,
  "OPUSDT": 0.1939,
  "CHZUSDT": 0.04216,
  "POLUSDT": 0.10901,
  "PARTIUSDT": 0.10728,
  "VIRTUALUSDT": 0.6659,
  "SENTUSDT": 0.02288,
  "ONDOUSDT": 0.2858,
  "0GUSDT": 0.6787,
  "BTCDOMUSDT": 5036.1,
  "TIAUSDT": 0.3522,
  "ZKUSDT": 0.02272,
  "JUPUSDT": 0.1645,
  "SEIUSDT": 0.0771,
  "ZAMAUSDT": 0.02155,
  "ETHFIUSDT": 0.4924,
  "BANUSDT": 0.09996,
  "VVVUSDT": 3.85,
  "UBUSDT": 0.05101,
  "PENDLEUSDT": 1.2887,
  "ALCHUSDT": 0.08691,
  "LDOUSDT": 0.3545,
  "ZENUSDT": 6.481,
  "CCUSDT": 0.16164,
  "KAITOUSDT": 0.3256,
  "INJUSDT": 3.222,
  "BANANAS31USDT": 0.005137,
  "STABLEUSDT": 0.024214,
  "SKYUSDT": 0.06725,
  "OMUSDT": 0.06125,
  "RENDERUSDT": 1.47,
  "ENSOUSDT": 1.122,
  "ATUSDT": 0.1597,
  "COMPUSDT": 22.12,
  "\u6211\u8e0f\u9a6c\u6765\u4e86USDT": 0.027182,
  "SPACEUSDT": 0.009582,
  "1000RATSUSDT": 0.04824,
  "HANAUSDT": 0.04034,
  "SANDUSDT": 0.09089,
  "CYSUSDT": 0.4928,
  "OGUSDT": 4.907,
  "NIGHTUSDT": 0.05802,
  "QUSDT": 0.020828,
  "AWEUSDT": 0.09097,
  "DUSKUSDT": 0.10451,
  "GIGGLEUSDT": 33.32,
  "HOMEUSDT": 0.028529,
  "MSTRUSDT": 135.38,
  "PYTHUSDT": 0.05645,
  "STRKUSDT": 0.05077,
  "MYXUSDT": 1.919,
  "ROSEUSDT": 0.01305,
  "SKYAIUSDT": 0.03864,
  "CAKEUSDT": 1.3455,
  "GPSUSDT": 0.012567,
  "METUSDT": 0.2307,
  "ALGOUSDT": 0.0981,
  "EULUSDT": 1.386,
  "USDCUSDT": 0.999938,
  "PIEVERSEUSDT": 0.4214,
  "POWERUSDT": 0.20219,
  "MORPHOUSDT": 1.4118,
  "ESPUSDT": 0.05675,
  "GALAUSDT": 0.00427,
  "TRADOORUSDT": 1.324,
  "LYNUSDT": 0.22186,
  "ZKPUSDT": 0.10368,
  "ZILUSDT": 0.00445,
  "AVNTUSDT": 0.2077,
  "MUSDT": 1.2797,
  "ENSUSDT": 6.83,
  "COLLECTUSDT": 0.07887,
  "SIRENUSDT": 0.1563,
  "LINEAUSDT": 0.003841,
  "1000LUNCUSDT": 0.03582,
  "HUMAUSDT": 0.01455,
  "AUCTIONUSDT": 5.308,
  "GUNUSDT": 0.02363,
  "BUSDT": 0.1461,
  "B2USDT": 0.7038,
  "MERLUSDT": 0.07003,
  "MEUSDT": 0.1486,
  "AEROUSDT": 0.3273,
  "EIGENUSDT": 0.2144,
  "MOVEUSDT": 0.02487,
  "SUSDT": 0.04969,
  "VETUSDT": 0.008664,
  "BEAMXUSDT": 0.002443,
  "XPINUSDT": 0.001634,
  "XTZUSDT": 0.414,
  "PNUTUSDT": 0.05238,
  "FORMUSDT": 0.2281,
  "TSLAUSDT": 417.7,
  "SYRUPUSDT": 0.2744,
  "BIOUSDT": 0.02535,
  "BIRBUSDT": 0.21017,
  "NEOUSDT": 2.905,
  "XNYUSDT": 0.007529,
  "LAUSDT": 0.2174,
  "DYDXUSDT": 0.11,
  "RESOLVUSDT": 0.0621,
  "ORDIUSDT": 2.9,
  "ALLOUSDT": 0.09206,
  "JELLYJELLYUSDT": 0.05663,
  "SOMIUSDT": 0.1994,
  "MOODENGUSDT": 0.05912,
  "LPTUSDT": 2.478,
  "FOGOUSDT": 0.02333,
  "1000FLOKIUSDT": 0.03366,
  "GUAUSDT": 0.14431,
  "NXPCUSDT": 0.2776,
  "BULLAUSDT": 0.02414,
  "LRCUSDT": 0.03388,
  "BEATUSDT": 0.2475,
  "AIAUSDT": 0.12923,
  "ESPORTSUSDT": 0.35101,
  "RAVEUSDT": 0.36104,
  "FHEUSDT": 0.04156,
  "STXUSDT": 0.2738,
  "TAKEUSDT": 0.03948,
  "JTOUSDT": 0.278,
  "ATHUSDT": 0.006323,
  "COWUSDT": 0.2101,
  "PLUMEUSDT": 0.01154,
  "VANAUSDT": 1.612,
  "BANKUSDT": 0.04319,
  "TRBUSDT": 16.429,
  "STGUSDT": 0.1631,
  "CLOUSDT": 0.08545,
  "EDUUSDT": 0.1315,
  "AZTECUSDT": 0.02463,
  "USELESSUSDT": 0.04769,
  "WCTUSDT": 0.06498,
  "2ZUSDT": 0.08043,
  "API3USDT": 0.3217,
  "NMRUSDT": 8.646,
  "ARUSDT": 2.055,
  "FIGHTUSDT": 0.008009,
  "CFXUSDT": 0.05609,
  "JASMYUSDT": 0.006103,
  "COAIUSDT": 0.387,
  "SPXUSDT": 0.3338,
  "FLOWUSDT": 0.04402,
  "LIGHTUSDT": 0.262,
  "XVGUSDT": 0.006279,
  "MANAUSDT": 0.1062,
  "WUSDT": 0.02083,
  "4USDT": 0.01068,
  "TRIAUSDT": 0.01799,
  "GWEIUSDT": 0.026193,
  "KAIAUSDT": 0.05977,
  "APEUSDT": 0.1352,
  "QNTUSDT": 71.8,
  "ZKCUSDT": 0.1001,
  "TAGUSDT": 0.0003887,
  "TAUSDT": 0.03681,
  "IRYSUSDT": 0.04306,
  "GRTUSDT": 0.02855,
  "UAIUSDT": 0.2394,
  "BREVUSDT": 0.1484,
  "IMXUSDT": 0.173,
  "1INCHUSDT": 0.0979,
  "THETAUSDT": 0.2152,
  "MMTUSDT": 0.1367,
  "AXLUSDT": 0.06305,
  "JSTUSDT": 0.041417,
  "IOTAUSDT": 0.071,
  "MUBARAKUSDT": 0.01849,
  "SFPUSDT": 0.2752,
  "BOMEUSDT": 0.0004492,
  "NEIROUSDT": 7.95e-05,
  "ZRXUSDT": 0.113,
  "ACTUSDT": 0.01554,
  "SPKUSDT": 0.02238,
  "ZORAUSDT": 0.02184,
  "YFIUSDT": 2897.0,
  "GRASSUSDT": 0.2201,
  "C98USDT": 0.0317,
  "EGLDUSDT": 5.174,
  "ONUSDT": 0.11724,
  "SKRUSDT": 0.022922,
  "RUNEUSDT": 0.4154,
  "FRAXUSDT": 0.6424,
  "FOLKSUSDT": 1.42,
  "PTBUSDT": 0.00142,
  "TNSRUSDT": 0.0543,
  "BSVUSDT": 17.56,
  "MEGAUSDT": 0.13082,
  "PEOPLEUSDT": 0.00723,
  "NOMUSDT": 0.005638,
  "TSTUSDT": 0.01153,
  "ANIMEUSDT": 0.005759,
  "MASKUSDT": 0.4936,
  "ARKMUSDT": 0.1218,
  "SNXUSDT": 0.303,
  "MANTAUSDT": 0.07826,
  "MINAUSDT": 0.06794,
  "KASUSDT": 0.03308,
  "TWTUSDT": 0.5208,
  "AGTUSDT": 0.00435,
  "TURBOUSDT": 0.0011588,
  "PROVEUSDT": 0.3343,
  "AUSDT": 0.0885,
  "NILUSDT": 0.0547,
  "FUSDT": 0.006387,
  "YBUSDT": 0.1857,
  "ICNTUSDT": 0.4674,
  "ACHUSDT": 0.007861,
  "POPCATUSDT": 0.0559,
  "TUTUSDT": 0.01188,
  "KGENUSDT": 0.17309,
  "SOPHUSDT": 0.010058,
  "GASUSDT": 1.687,
  "SIGNUSDT": 0.02837,
  "SAHARAUSDT": 0.01642,
  "GMTUSDT": 0.01286,
  "MAGICUSDT": 0.07033,
  "BLUAIUSDT": 0.00581,
  "AVAAIUSDT": 0.00795,
  "LUNA2USDT": 0.06493,
  "BATUSDT": 0.1341,
  "SWARMSUSDT": 0.00774,
  "CYBERUSDT": 0.5792,
  "OPENUSDT": 0.1711,
  "DEEPUSDT": 0.03036,
  "SANTOSUSDT": 1.88,
  "BABYUSDT": 0.01392,
  "ZBTUSDT": 0.0741,
  "LAYERUSDT": 0.0922,
  "CATIUSDT": 0.04186,
  "TRUTHUSDT": 0.01505,
  "MEMEUSDT": 0.0007448,
  "AIOUSDT": 0.08225,
  "AKEUSDT": 0.0002864,
  "YGGUSDT": 0.04223,
  "SOONUSDT": 0.1897,
  "BLURUSDT": 0.02202,
  "IDOLUSDT": 0.02121,
  "NAORISUSDT": 0.03248,
  "SUSHIUSDT": 0.2153,
  "THEUSDT": 0.2781,
  "CELOUSDT": 0.089,
  "SUPERUSDT": 0.1301,
  "IOUSDT": 0.1094,
  "ONTUSDT": 0.0474,
  "SONICUSDT": 0.0491,
  "INITUSDT": 0.07227,
  "BROCCOLI714USDT": 0.01507,
  "SOLVUSDT": 0.00503,
  "XPTUSDT": 2070.86,
  "ALTUSDT": 0.00888,
  "SUNUSDT": 0.017541,
  "GLMUSDT": 0.19561,
  "INUSDT": 0.06585,
  "VELODROMEUSDT": 0.01499,
  "BASUSDT": 0.00599,
  "ZEREBROUSDT": 0.00889,
  "STOUSDT": 0.05645,
  "CTSIUSDT": 0.0276,
  "AIXBTUSDT": 0.02195,
  "SYNUSDT": 0.04899,
  "WALUSDT": 0.0868,
  "ASRUSDT": 1.457,
  "VELVETUSDT": 0.08343,
  "QTUMUSDT": 1.013,
  "DEXEUSDT": 2.469,
  "EDENUSDT": 0.03496,
  "IDUSDT": 0.05363,
  "ANKRUSDT": 0.004732,
  "KERNELUSDT": 0.06723,
  "KMNOUSDT": 0.03106,
  "HYPERUSDT": 0.1051,
  "BANANAUSDT": 4.809,
  "RAREUSDT": 0.02024,
  "ERAUSDT": 0.1615,
  "MELANIAUSDT": 0.1231,
  "CVXUSDT": 1.964,
  "DYMUSDT": 0.04645,
  "AINUSDT": 0.03512,
  "PROMUSDT": 1.353,
  "KAVAUSDT": 0.0569,
  "DRIFTUSDT": 0.0954,
  "ORCAUSDT": 0.808,
  "STBLUSDT": 0.03981,
  "NOTUSDT": 0.0004185,
  "POLYXUSDT": 0.04608,
  "SKLUSDT": 0.00705,
  "HEMIUSDT": 0.01034,
  "RSRUSDT": 0.001619,
  "KOMAUSDT": 0.00809,
  "KNCUSDT": 0.1497,
  "GUSDT": 0.004119,
  "DEGOUSDT": 0.3422,