{
  "BTCUSDT": 68444.2,
  "ETHUSDT": 1986.34,
  "SOLUSDT": 86.25,
  "XRPUSDT": 1.4508,
  "BNBUSDT": 629.75,
  "BCHUSDT": 571.01,
  "DOGEUSDT": 0.10006,
  "HYPEUSDT": 29.805,
  "XAGUSDT": 84.56,
  "XAUUSDT": 5117.5,
  "WLFIUSDT": 0.1202,
  "PAXGUSDT": 5137.03,
  "ZECUSDT": 260.86,
  "TRXUSDT": 0.28732,
  "SUIUSDT": 0.9585,
  "ASTERUSDT": 0.721,
  "LINKUSDT": 8.936,
  "ADAUSDT": 0.2826,
  "UNIUSDT": 3.648,
  "AVAXUSDT": 9.278,
  "LTCUSDT": 55.56,
  "1000PEPEUSDT": 0.0042054,
  "PUMPUSDT": 0.002109,
  "ENAUSDT": 0.11,
  "AAVEUSDT": 121.8,
  "PIPPINUSDT": 0.4964,
  "NEARUSDT": 1.061,
  "KITEUSDT": 0.2254,
  "WLDUSDT": 0.3915,
  "TRUMPUSDT": 3.524,
  "LITUSDT": 1.505,
  "FILUSDT": 0.99,
  "XPLUSDT": 0.0999,
  "TAOUSDT": 182.12,
  "DOTUSDT": 1.374,
  "ARCUSDT": 0.07142,
  "ZROUSDT": 1.7408,
  "ATOMUSDT": 2.345,
  "APTUSDT": 0.8964,
  "TONUSDT": 1.3449,
  "1000SHIBUSDT": 0.006464,
  "XLMUSDT": 0.1632,
  "HBARUSDT": 0.10105,
  "ENSOUSDT": 1.9183,
  "ARBUSDT": 0.0994,
  "ICPUSDT": 2.251,
  "AXSUSDT": 1.334,
  "ETCUSDT": 9.332,
  "BERAUSDT": 0.5825,
  "RIVERUSDT": 8.213,
  "OPUSDT": 0.1299,
  "HUSDT": 0.16357,
  "XMRUSDT": 327.95,
  "MONUSDT": 0.02085,
  "POWERUSDT": 0.44919,
  "AZTECUSDT": 0.03442,
  "WIFUSDT": 0.2257,
  "FETUSDT": 0.1678,
  "PENGUUSDT": 0.006977,
  "FFUSDT": 0.0798,
  "INJUSDT": 3.843,
  "CRVUSDT": 0.243,
  "FARTCOINUSDT": 0.1867,
  "BARDUSDT": 0.7533,
  "1000BONKUSDT": 0.006379,
  "POLUSDT": 0.11408,
  "\u5e01\u5b89\u4eba\u751fUSDT": 0.08595,
  "IPUSDT": 1.099,
  "BANUSDT": 0.12721,
  "PARTIUSDT": 0.10344,
  "DASHUSDT": 34.46,
  "CHZUSDT": 0.03583,
  "BTCDOMUSDT": 5079.5,
  "RAVEUSDT": 0.58287,
  "TIAUSDT": 0.3376,
  "SENTUSDT": 0.02277,
  "VIRTUALUSDT": 0.6509,
  "0GUSDT": 0.6779,
  "ONDOUSDT": 0.2712,
  "ZAMAUSDT": 0.02454,
  "ETHFIUSDT": 0.4694,
  "SEIUSDT": 0.0714,
  "VVVUSDT": 4.386,
  "ZKUSDT": 0.02006,
  "JUPUSDT": 0.1585,
  "LYNUSDT": 0.29907,
  "STABLEUSDT": 0.029561,
  "ESPUSDT": 0.0886,
  "BIOUSDT": 0.02879,
  "MYXUSDT": 1.038,
  "ALCHUSDT": 0.08158,
  "RENDERUSDT": 1.479,
  "CCUSDT": 0.16111,
  "PENDLEUSDT": 1.2378,
  "QUSDT": 0.022839,
  "LDOUSDT": 0.3341,
  "KAITOUSDT": 0.3051,
  "1000RATSUSDT": 0.04659,
  "HOMEUSDT": 0.02895,
  "BTRUSDT": 0.19472,
  "ZENUSDT": 5.88,
  "NIGHTUSDT": 0.05838,
  "DUSKUSDT": 0.0838,
  "BANANAS31USDT": 0.004586,
  "SANDUSDT": 0.08551,
  "SIRENUSDT": 0.21283,
  "ATUSDT": 0.16027,
  "ALGOUSDT": 0.0907,
  "CAKEUSDT": 1.3362,
  "HANAUSDT": 0.03594,
  "SKYAIUSDT": 0.03863,
  "STRKUSDT": 0.04551,
  "JTOUSDT": 0.3049,
  "ALLOUSDT": 0.12221,
  "TRADOORUSDT": 1.399,
  "ORCAUSDT": 1.069,
  "UBUSDT": 0.03714,
  "YGGUSDT": 0.04835,
  "MORPHOUSDT": 1.6256,
  "ZILUSDT": 0.00424,
  "GUNUSDT": 0.0283,
  "GPSUSDT": 0.013028,
  "PIEVERSEUSDT": 0.4165,
  "MUSDT": 1.3507,
  "SKYUSDT": 0.06431,
  "OMUSDT": 0.06388,
  "GALAUSDT": 0.00396,
  "USDCUSDT": 0.999786,
  "ROSEUSDT": 0.01363,
  "APEUSDT": 0.111,
  "\u6211\u8e0f\u9a6c\u6765\u4e86USDT": 0.015944,
  "GIGGLEUSDT": 29.32,
  "PYTHUSDT": 0.05443,
  "B2USDT": 0.7172,
  "AWEUSDT": 0.0575,
  "SNXUSDT": 0.396,
  "METUSDT": 0.2128,
  "XPINUSDT": 0.001695,
  "AVNTUSDT": 0.1907,
  "BEAMXUSDT": 0.002299,
  "CYSUSDT": 0.3793,
  "HUMAUSDT": 0.012721,
  "AEROUSDT": 0.3344,
  "EIGENUSDT": 0.1954,
  "JELLYJELLYUSDT": 0.06617,
  "INITUSDT": 0.10074,
  "SYRUPUSDT": 0.23121,
  "MSTRUSDT": 131.51,
  "BULLAUSDT": 0.02673,
  "BUSDT": 0.1303,
  "COMPUSDT": 18.28,
  "NAORISUSDT": 0.0451,
  "DYDXUSDT": 0.101,
  "ORDIUSDT": 2.7,
  "XTZUSDT": 0.392,
  "MEUSDT": 0.131,
  "ZKPUSDT": 0.09306,
  "GUAUSDT": 0.14929,
  "ENSUSDT": 6.84,
  "FOGOUSDT": 0.02694,
  "TSLAUSDT": 411.45,
  "ESPORTSUSDT": 0.3397,
  "MOVEUSDT": 0.02398,
  "VETUSDT": 0.007823,
  "NEOUSDT": 2.793,
  "NXPCUSDT": 0.2731,
  "COLLECTUSDT": 0.05254,
  "FORMUSDT": 0.2107,
  "SUSDT": 0.04443,
  "PNUTUSDT": 0.04897,
  "CYBERUSDT": 0.5788,
  "VANAUSDT": 1.609,
  "AUCTIONUSDT": 5.059,
  "LAUSDT": 0.2133,
  "1000LUNCUSDT": 0.03712,
  "LINEAUSDT": 0.003474,
  "STGUSDT": 0.1507,
  "SPACEUSDT": 0.010001,
  "SOMIUSDT": 0.2072,
  "EULUSDT": 1.026,
  "RESOLVUSDT": 0.06539,
  "BEATUSDT": 0.2419,
  "1000FLOKIUSDT": 0.03065,
  "GWEIUSDT": 0.030343,
  "LPTUSDT": 2.364,
  "CLOUSDT": 0.09119,
  "OGUSDT": 3.316,
  "PLUMEUSDT": 0.01011,
  "STXUSDT": 0.2564,
  "MERLUSDT": 0.0514,
  "TRBUSDT": 15.423,
  "FHEUSDT": 0.0398,
  "BIRBUSDT": 0.17356,
  "EDUUSDT": 0.1255,
  "ATHUSDT": 0.005589,
  "MOODENGUSDT": 0.05746,
  "WUSDT": 0.01996,
  "LRCUSDT": 0.03344,
  "GRTUSDT": 0.02814,
  "UAIUSDT": 0.2438,
  "2ZUSDT": 0.07346,
  "NMRUSDT": 8.208,
  "MANAUSDT": 0.0998,
  "JASMYUSDT": 0.005897,
  "MMTUSDT": 0.1315,
  "ARUSDT": 2.047,
  "CFXUSDT": 0.05352,
  "BANKUSDT": 0.0382,
  "WCTUSDT": 0.06134,
  "SPXUSDT": 0.3242,
  "AGTUSDT": 0.005274,
  "USELESSUSDT": 0.04283,
  "RPLUSDT": 2.349,
  "API3USDT": 0.3035,
  "LIGHTUSDT": 0.2416,
  "TAUSDT": 0.03848,
  "TRIAUSDT": 0.0163,
  "IMXUSDT": 0.1688,
  "BREVUSDT": 0.1482,
  "COAIUSDT": 0.3288,
  "ZORAUSDT": 0.02078,
  "AGLDUSDT": 0.2669,
  "LUNA2USDT": 0.0648,
  "OPNUSDT": 0.5131,
  "FLOWUSDT": 0.03867,
  "AIAUSDT": 0.10323,
  "IOTAUSDT": 0.0701,
  "THETAUSDT": 0.2043,
  "ZRXUSDT": 0.1118,
  "4USDT": 0.00905,
  "SFPUSDT": 0.2759,
  "PTBUSDT": 0.001388,
  "IOUSDT": 0.1225,
  "SPKUSDT": 0.02092,
  "QNTUSDT": 65.68,
  "JSTUSDT": 0.043057,
  "AXLUSDT": 0.05544,
  "1INCHUSDT": 0.0936,
  "TAGUSDT": 0.000343,
  "RUNEUSDT": 0.4156,
  "FOLKSUSDT": 1.372,
  "NEIROUSDT": 7.54e-05,
  "KAIAUSDT": 0.05636,
  "NOMUSDT": 0.005458,
  "SKRUSDT": 0.019671,
  "ARKMUSDT": 0.1142,
  "YFIUSDT": 2847.0,
  "FIGHTUSDT": 0.007344,
  "SIGNUSDT": 0.02749,
  "EGLDUSDT": 4.629,
  "ANIMEUSDT": 0.005036,
  "BOMEUSDT": 0.0004173,
  "KGENUSDT": 0.17894,
  "MEGAUSDT": 0.13079,
  "SAHARAUSDT": 0.01582,
  "MAGICUSDT": 0.0701,
  "TWTUSDT": 0.5243,
  "BLUAIUSDT": 0.005135,
  "ZKCUSDT": 0.091,
  "PEOPLEUSDT": 0.00686,
  "COWUSDT": 0.2081,
  "XNYUSDT": 0.004608,
  "PROVEUSDT": 0.3056,
  "KASUSDT": 0.03155,
  "MANTAUSDT": 0.07191,
  "AUSDT": 0.0832,
  "GASUSDT": 1.606,
  "ACTUSDT": 0.01477,
  "TSTUSDT": 0.01067,
  "OPENUSDT": 0.1538,
  "TRUTHUSDT": 0.010274,
  "TAKEUSDT": 0.0243,
  "AVAAIUSDT": 0.00766,
  "TURBOUSDT": 0.0010766,
  "MINAUSDT": 0.06283,
  "AIOUSDT": 0.07849,
  "GMTUSDT": 0.01213,
  "TUTUSDT": 0.0112,
  "BATUSDT": 0.1222,
  "GRASSUSDT": 0.1908,
  "BSVUSDT": 16.47,
  "NILUSDT": 0.05132,
  "SANTOSUSDT": 1.896,
  "SUPERUSDT": 0.1197,
  "SWARMSUSDT": 0.00712,
  "TNSRUSDT": 0.04973,
  "POPCATUSDT": 0.05221,
  "SOPHUSDT": 0.009328,
  "ZBTUSDT": 0.07391,
  "SUSHIUSDT": 0.2118,
  "FUSDT": 0.005941,
  "CATIUSDT": 0.04034,
  "VELVETUSDT": 0.0786,
  "MUBARAKUSDT": 0.01583,
  "LAYERUSDT": 0.0898,
  "IDOLUSDT": 0.02169,
  "YBUSDT": 0.1618,
  "AKEUSDT": 0.0002773,
  "CTSIUSDT": 0.0268,
  "VELODROMEUSDT": 0.01524,
  "XPTUSDT": 2160.38,
  "KSMUSDT": 5.037,
  "BABYUSDT": 0.01322,
  "CVXUSDT": 1.976,
  "XVGUSDT": 0.006129,
  "C98USDT": 0.0266,
  "ACHUSDT": 0.007612,
  "EDENUSDT": 0.03582,
  "RAYSOLUSDT": 0.6574,
  "BLURUSDT": 0.02107,
  "ICNTUSDT": 0.3939,
  "SOLVUSDT": 0.00459,
  "DOLOUSDT": 0.04125,
  "MASKUSDT": 0.4531,
  "ALTUSDT": 0.00816,
  "GLMUSDT": 0.169,
  "AIXBTUSDT": 0.02026,
  "ASRUSDT": 1.419,
  "DEXEUSDT": 2.413,
  "ANKRUSDT": 0.004567,
  "ONTUSDT": 0.0442,
  "SOONUSDT": 0.1691,
  "WOOUSDT": 0.01867,
  "STOUSDT": 0.05616,
  "CELOUSDT": 0.078,
  "UMAUSDT": 0.4746,
  "MEMEUSDT": 0.0006898,
  "RAREUSDT": 0.01918,
  "DRIFTUSDT": 0.0912,
  "SAPIENUSDT": 0.0894,
  "SONICUSDT": 0.04972,
  "ONUSDT": 0.10326,
  "IRUSDT": 0.08869,
  "THEUSDT": 0.261,
  "DEGOUSDT": 0.3519,
  "SUNUSDT": 0.016934,
  "FRAXUSDT": 0.6744,
  "KERNELUSDT": 0.06967,
  "MELANIAUSDT": 0.1167,
  "ZEREBROUSDT": 0.00786,
  "ERAUSDT": 0.156,
  "GMXUSDT": 6.822,
  "PROMUSDT": 1.301,
  "IDUSDT": 0.04823,
  "KAVAUSDT": 0.0527,
  "RSRUSDT": 0.001498,
  "PLAYUSDT": 0.02095,
  "KMNOUSDT": 0.02804,
  "HYPERUSDT": 0.0974,
  "IOTXUSDT": 0.00494,
  "WALUSDT": 0.0806,
  "BROCCOLI714USDT": 0.0141,
  "BANANAUSDT": 4.522,
  "SKLUSDT": 0.00688,
  "POLYXUSDT": 0.04403,
  "LSKUSDT": 0.1418,