{
  "BTCUSDT": 67993.0,
  "ETHUSDT": 1970.28,
  "SOLUSDT": 84.55,
  "XRPUSDT": 1.4256,
  "BNBUSDT": 626.98,
  "BCHUSDT": 558.78,
  "DOGEUSDT": 0.10027,
  "HYPEUSDT": 30.131,
  "XAGUSDT": 84.7,
  "WLFIUSDT": 0.1207,
  "PAXGUSDT": 5115.7,
  "ZECUSDT": 259.42,
  "XAUUSDT": 5106.51,
  "TRXUSDT": 0.28537,
  "SUIUSDT": 0.9539,
  "ASTERUSDT": 0.7294,
  "LINKUSDT": 8.984,
  "ADAUSDT": 0.2849,
  "LTCUSDT": 55.25,
  "UNIUSDT": 3.47,
  "AVAXUSDT": 9.149,
  "1000PEPEUSDT": 0.0042446,
  "PUMPUSDT": 0.00211,
  "KITEUSDT": 0.2675,
  "ENAUSDT": 0.1105,
  "AAVEUSDT": 116.93,
  "NEARUSDT": 1.052,
  "PIPPINUSDT": 0.47678,
  "WLDUSDT": 0.3892,
  "LITUSDT": 1.514,
  "TRUMPUSDT": 3.56,
  "FILUSDT": 0.953,
  "TAOUSDT": 180.41,
  "XPLUSDT": 0.0952,
  "ARCUSDT": 0.07391,
  "DOTUSDT": 1.338,
  "ZROUSDT": 1.628,
  "ATOMUSDT": 2.353,
  "APTUSDT": 0.8797,
  "TONUSDT": 1.3389,
  "1000SHIBUSDT": 0.006399,
  "HBARUSDT": 0.10015,
  "XLMUSDT": 0.16236,
  "ARBUSDT": 0.0967,
  "AXSUSDT": 1.293,
  "BERAUSDT": 0.5937,
  "OPUSDT": 0.1275,
  "ICPUSDT": 2.19,
  "ENSOUSDT": 1.8374,
  "HUSDT": 0.16283,
  "RIVERUSDT": 8.183,
  "XMRUSDT": 334.98,
  "MONUSDT": 0.02115,
  "FETUSDT": 0.1682,
  "WIFUSDT": 0.2257,
  "CRVUSDT": 0.246,
  "FFUSDT": 0.07888,
  "ETCUSDT": 8.706,
  "PENGUUSDT": 0.006902,
  "BARDUSDT": 0.7616,
  "FARTCOINUSDT": 0.1866,
  "1000BONKUSDT": 0.006394,
  "IPUSDT": 1.118,
  "PARTIUSDT": 0.10763,
  "BANUSDT": 0.12973,
  "\u5e01\u5b89\u4eba\u751fUSDT": 0.08914,
  "DASHUSDT": 34.94,
  "INJUSDT": 3.399,
  "POLUSDT": 0.10573,
  "AZTECUSDT": 0.03121,
  "CHZUSDT": 0.03573,
  "BTCDOMUSDT": 5095.8,
  "RAVEUSDT": 0.57044,
  "POWERUSDT": 0.37846,
  "VVVUSDT": 4.419,
  "SENTUSDT": 0.02262,
  "VIRTUALUSDT": 0.6515,
  "TIAUSDT": 0.3327,
  "ONDOUSDT": 0.2677,
  "BIOUSDT": 0.03172,
  "ZAMAUSDT": 0.02342,
  "ETHFIUSDT": 0.4699,
  "SEIUSDT": 0.0714,
  "ZKUSDT": 0.02006,
  "JUPUSDT": 0.1599,
  "0GUSDT": 0.6561,
  "STABLEUSDT": 0.030086,
  "LYNUSDT": 0.28387,
  "RENDERUSDT": 1.504,
  "MYXUSDT": 1.039,
  "ALCHUSDT": 0.08136,
  "CCUSDT": 0.16078,
  "KAITOUSDT": 0.3094,
  "PENDLEUSDT": 1.2188,
  "SIRENUSDT": 0.22694,
  "LDOUSDT": 0.3302,
  "1000RATSUSDT": 0.04763,
  "ALLOUSDT": 0.1351,
  "ORCAUSDT": 1.148,
  "HOMEUSDT": 0.02839,
  "BTRUSDT": 0.18591,
  "NIGHTUSDT": 0.06026,
  "ZENUSDT": 5.781,
  "QUSDT": 0.020658,
  "DUSKUSDT": 0.08869,
  "BANANAS31USDT": 0.004624,
  "JTOUSDT": 0.3129,
  "ATUSDT": 0.16058,
  "SANDUSDT": 0.08449,
  "UBUSDT": 0.04011,
  "OMUSDT": 0.06653,
  "SKYAIUSDT": 0.03811,
  "STRKUSDT": 0.04599,
  "ALGOUSDT": 0.0905,
  "HANAUSDT": 0.03476,
  "CAKEUSDT": 1.2952,
  "MORPHOUSDT": 1.6308,
  "GPSUSDT": 0.013206,
  "ESPUSDT": 0.06784,
  "TRADOORUSDT": 1.372,
  "GUNUSDT": 0.02821,
  "PIEVERSEUSDT": 0.4174,
  "SKYUSDT": 0.06437,
  "MUSDT": 1.3409,
  "ZILUSDT": 0.00411,
  "USDCUSDT": 0.999784,
  "GALAUSDT": 0.00391,
  "CYSUSDT": 0.4105,
  "\u6211\u8e0f\u9a6c\u6765\u4e86USDT": 0.016508,
  "GIGGLEUSDT": 29.51,
  "APEUSDT": 0.1105,
  "SNXUSDT": 0.386,
  "ROSEUSDT": 0.01297,
  "B2USDT": 0.7222,
  "PYTHUSDT": 0.05374,
  "METUSDT": 0.2124,
  "JELLYJELLYUSDT": 0.06764,
  "HUMAUSDT": 0.012665,
  "BEAMXUSDT": 0.00231,
  "XPINUSDT": 0.00165,
  "AWEUSDT": 0.05928,
  "AVNTUSDT": 0.1906,
  "EIGENUSDT": 0.1975,
  "NAORISUSDT": 0.04581,
  "VANAUSDT": 1.719,
  "SYRUPUSDT": 0.22829,
  "MSTRUSDT": 131.26,
  "BUSDT": 0.1318,
  "COMPUSDT": 18.23,
  "MOVEUSDT": 0.02426,
  "XTZUSDT": 0.391,
  "GUAUSDT": 0.15474,
  "INITUSDT": 0.09965,
  "SPACEUSDT": 0.01035,
  "TSLAUSDT": 411.7,
  "DYDXUSDT": 0.099,
  "AEROUSDT": 0.3124,
  "FOGOUSDT": 0.0271,
  "MEUSDT": 0.1303,
  "BULLAUSDT": 0.0263,
  "VETUSDT": 0.007788,
  "ZKPUSDT": 0.09232,
  "ORDIUSDT": 2.614,
  "NXPCUSDT": 0.2755,
  "CYBERUSDT": 0.5646,
  "FORMUSDT": 0.2128,
  "LAUSDT": 0.2093,
  "NEOUSDT": 2.771,
  "COLLECTUSDT": 0.05487,
  "AUCTIONUSDT": 5.114,
  "PNUTUSDT": 0.04902,
  "ENSUSDT": 6.625,
  "1000LUNCUSDT": 0.0371,
  "LINEAUSDT": 0.003551,
  "SOMIUSDT": 0.2109,
  "SUSDT": 0.04353,
  "ESPORTSUSDT": 0.322,
  "BEATUSDT": 0.265,
  "RESOLVUSDT": 0.0652,
  "STGUSDT": 0.141,
  "1000FLOKIUSDT": 0.03062,
  "OGUSDT": 3.371,
  "GWEIUSDT": 0.03068,
  "PLUMEUSDT": 0.01025,
  "STXUSDT": 0.2554,
  "LPTUSDT": 2.346,
  "MERLUSDT": 0.05372,
  "FHEUSDT": 0.04035,
  "TRBUSDT": 15.175,
  "BIRBUSDT": 0.18013,
  "LRCUSDT": 0.0333,
  "EDUUSDT": 0.1259,
  "ATHUSDT": 0.005649,
  "2ZUSDT": 0.07543,
  "BANKUSDT": 0.04089,
  "CLOUSDT": 0.08381,
  "MOODENGUSDT": 0.05657,
  "WUSDT": 0.02014,
  "EULUSDT": 0.984,
  "SPXUSDT": 0.3256,
  "MANAUSDT": 0.0983,
  "WCTUSDT": 0.06215,
  "UAIUSDT": 0.2423,
  "JASMYUSDT": 0.005761,
  "CFXUSDT": 0.05203,
  "USELESSUSDT": 0.04427,
  "NMRUSDT": 8.225,
  "RPLUSDT": 2.426,
  "ARUSDT": 2.026,
  "MMTUSDT": 0.1302,
  "TAUSDT": 0.03896,
  "API3USDT": 0.3048,
  "ZORAUSDT": 0.02095,
  "LIGHTUSDT": 0.2369,
  "TRIAUSDT": 0.01697,
  "COAIUSDT": 0.3263,
  "AIAUSDT": 0.10611,
  "LUNA2USDT": 0.06505,
  "IOTAUSDT": 0.0709,
  "4USDT": 0.00933,
  "TAGUSDT": 0.0003741,
  "GRTUSDT": 0.02714,
  "SFPUSDT": 0.2795,
  "IMXUSDT": 0.1648,
  "FLOWUSDT": 0.03803,
  "SPKUSDT": 0.02127,
  "SKRUSDT": 0.020626,
  "NOMUSDT": 0.005669,
  "JSTUSDT": 0.043485,
  "ZRXUSDT": 0.1113,
  "AXLUSDT": 0.05606,
  "RUNEUSDT": 0.4145,
  "1INCHUSDT": 0.0935,
  "FOLKSUSDT": 1.377,
  "PTBUSDT": 0.00135,
  "THETAUSDT": 0.2,
  "ARKMUSDT": 0.1146,
  "QNTUSDT": 66.67,
  "KAIAUSDT": 0.05633,
  "NEIROUSDT": 7.49e-05,
  "BREVUSDT": 0.1364,
  "AGTUSDT": 0.004689,
  "YFIUSDT": 2863.0,
  "XNYUSDT": 0.005214,
  "MEGAUSDT": 0.13083,
  "ANIMEUSDT": 0.005064,
  "EGLDUSDT": 4.594,
  "BOMEUSDT": 0.000424,
  "COWUSDT": 0.2079,
  "TAKEUSDT": 0.02506,
  "PROVEUSDT": 0.316,
  "MAGICUSDT": 0.06974,
  "ZKCUSDT": 0.0927,
  "KGENUSDT": 0.17798,
  "SAHARAUSDT": 0.0156,
  "TWTUSDT": 0.5311,
  "GASUSDT": 1.606,
  "PEOPLEUSDT": 0.00689,
  "MANTAUSDT": 0.07138,
  "BLUAIUSDT": 0.005103,
  "ACTUSDT": 0.01478,
  "AUSDT": 0.0814,
  "TSTUSDT": 0.01058,
  "DOLOUSDT": 0.04133,
  "MINAUSDT": 0.06319,
  "AVAAIUSDT": 0.00768,
  "NILUSDT": 0.05253,
  "SIGNUSDT": 0.0252,
  "FIGHTUSDT": 0.00683,
  "TURBOUSDT": 0.0010833,
  "TNSRUSDT": 0.05033,
  "TUTUSDT": 0.01111,
  "SANTOSUSDT": 1.938,
  "GRASSUSDT": 0.1919,
  "SUPERUSDT": 0.1206,
  "KASUSDT": 0.0311,
  "VELVETUSDT": 0.0807,
  "GMTUSDT": 0.01202,
  "OPENUSDT": 0.156,
  "BSVUSDT": 16.14,
  "MUBARAKUSDT": 0.01619,
  "SWARMSUSDT": 0.00714,
  "FUSDT": 0.005968,
  "BATUSDT": 0.1215,
  "AIOUSDT": 0.0762,
  "IOUSDT": 0.1142,
  "POPCATUSDT": 0.05193,
  "YBUSDT": 0.164,
  "IDOLUSDT": 0.02193,
  "SOPHUSDT": 0.009337,
  "CATIUSDT": 0.04037,
  "ZBTUSDT": 0.07222,
  "AKEUSDT": 0.0002775,
  "BABYUSDT": 0.01336,
  "XPTUSDT": 2160.58,
  "ICNTUSDT": 0.4141,
  "CVXUSDT": 1.992,
  "XVGUSDT": 0.006134,
  "C98USDT": 0.0281,
  "RAYSOLUSDT": 0.6552,
  "SUSHIUSDT": 0.2043,
  "LAYERUSDT": 0.0865,
  "DEXEUSDT": 2.378,
  "YGGUSDT": 0.03991,
  "ALTUSDT": 0.00817,
  "EDENUSDT": 0.03572,
  "TRUTHUSDT": 0.009921,
  "ACHUSDT": 0.007506,
  "VELODROMEUSDT": 0.01439,
  "MASKUSDT": 0.4552,
  "SOLVUSDT": 0.0046,
  "FIDAUSDT": 0.01932,
  "GLMUSDT": 0.16723,
  "KSMUSDT": 4.897,
  "CELOUSDT": 0.078,
  "ONTUSDT": 0.0446,
  "BLURUSDT": 0.02061,
  "AIXBTUSDT": 0.02052,
  "MEMEUSDT": 0.0006866,
  "SOONUSDT": 0.1715,
  "SONICUSDT": 0.05116,
  "ASRUSDT": 1.412,
  "DRIFTUSDT": 0.0943,
  "ANKRUSDT": 0.004578,
  "SAPIENUSDT": 0.08918,
  "IRUSDT": 0.08762,
  "CTSIUSDT": 0.0258,
  "SUNUSDT": 0.016976,
  "RAREUSDT": 0.01922,
  "STOUSDT": 0.05525,
  "KERNELUSDT": 0.07029,
  "MELANIAUSDT": 0.1181,
  "THEUSDT": 0.2618,
  "UMAUSDT": 0.4694,
  "ERAUSDT": 0.1585,
  "ZEREBROUSDT": 0.00802,
  "FRAXUSDT": 0.66,
  "DEGOUSDT": 0.3476,
  "GMXUSDT": 6.867,
  "LSKUSDT": 0.1464,
  "PROMUSDT": 1.341,
  "KAVAUSDT": 0.0523,
  "IDUSDT": 0.04843,
  "IRYSUSDT": 0.02475,
  "AKTUSDT": 0.3268,
  "WALUSDT": 0.0811,
  "PLAYUSDT": 0.02086,
  "HYPERUSDT": 0.0979,
  "POLYXUSDT": 0.04473,
  "KMNOUSDT": 0.02816,
  "STORJUSDT": 0.0976,
  "RSRUSDT": 0.001511,
  "STBLUSDT": 0.03774,
  "ONUSDT": 0.09345,
  "QTUMUSDT": 0.953,
  "AINUSDT": 0.03291,
  "KOMAUSDT": 0.00735,