{
  "DENTUSDT": 0.000366,
  "GRASSUSDT": 0.2823,
  "ROBOUSDT": 0.03884,
  "SKYAIUSDT": 0.04254,
  "SPXUSDT": 0.3353,
  "STGUSDT": 0.16,
  "XANUSDT": 0.007543,
  "BULLAUSDT": 0.02551,
  "NEARUSDT": 1.183,
  "INUSDT": 0.07157,
  "HANAUSDT": 0.03547,
  "SAHARAUSDT": 0.02204,
  "MORPHOUSDT": 1.7293,
  "DUSDT": 0.007293,
  "WIF/USDUSDT": 0.1969,
  "C98USDT": 0.0271,
  "RIVERUSDT": 13.187,
  "PTBUSDT": 0.001162,
  "QUSDT": 0.02479,
  "SUNUSDT": 0.015327
}