{
  "BTCUSDT": 69306.1,
  "ETHUSDT": 2070.0,
  "SOLUSDT": 86.36,
  "XRPUSDT": 1.4556,
  "BNBUSDT": 629.8,
  "BCHUSDT": 560.28,
  "DOGEUSDT": 0.09996,
  "HYPEUSDT": 31.136,
  "PAXGUSDT": 5029.6,
  "XAGUSDT": 77.47,
  "ZECUSDT": 283.3,
  "XAUUSDT": 5036.0,
  "TRXUSDT": 0.28311,
  "SUIUSDT": 0.9815,
  "ASTERUSDT": 0.7216,
  "LINKUSDT": 8.936,
  "LTCUSDT": 55.29,
  "AVAXUSDT": 9.283,
  "ADAUSDT": 0.2813,
  "UNIUSDT": 3.483,
  "PIPPINUSDT": 0.6652,
  "ENAUSDT": 0.1248,
  "1000PEPEUSDT": 0.003905,
  "PUMPUSDT": 0.00214,
  "AAVEUSDT": 128.28,
  "WLFIUSDT": 0.1044,
  "NEARUSDT": 1.047,
  "KITEUSDT": 0.19827,
  "LITUSDT": 1.571,
  "WLDUSDT": 0.4108,
  "FILUSDT": 0.969,
  "TRUMPUSDT": 3.456,
  "TAOUSDT": 195.37,
  "ARCUSDT": 0.07899,
  "XPLUSDT": 0.0977,
  "HUSDT": 0.20673,
  "ZROUSDT": 1.899,
  "DOTUSDT": 1.365,
  "TONUSDT": 1.4811,
  "HBARUSDT": 0.10183,
  "APTUSDT": 0.957,
  "1000SHIBUSDT": 0.006452,
  "BERAUSDT": 0.6837,
  "RIVERUSDT": 14.106,
  "ATOMUSDT": 2.137,
  "AXSUSDT": 1.475,
  "MONUSDT": 0.02348,
  "XLMUSDT": 0.16837,
  "XMRUSDT": 354.43,
  "ARBUSDT": 0.1176,
  "ICPUSDT": 2.43,
  "WIFUSDT": 0.2308,
  "DASHUSDT": 38.27,
  "FARTCOINUSDT": 0.1919,
  "CRVUSDT": 0.254,
  "IPUSDT": 1.152,
  "PENGUUSDT": 0.006916,
  "FFUSDT": 0.07993,
  "FETUSDT": 0.1709,
  "ETCUSDT": 8.749,
  "1000BONKUSDT": 0.006422,
  "\u5e01\u5b89\u4eba\u751fUSDT": 0.10623,
  "BARDUSDT": 0.8036,
  "CHZUSDT": 0.04277,
  "OPUSDT": 0.193,
  "POLUSDT": 0.10651,
  "PARTIUSDT": 0.10818,
  "VIRTUALUSDT": 0.6587,
  "TIAUSDT": 0.3446,
  "BTCDOMUSDT": 5055.4,
  "SENTUSDT": 0.02266,
  "ONDOUSDT": 0.2786,
  "JUPUSDT": 0.1574,
  "ZKUSDT": 0.0226,
  "SEIUSDT": 0.0767,
  "ZAMAUSDT": 0.01984,
  "0GUSDT": 0.6243,
  "ETHFIUSDT": 0.4801,
  "BANUSDT": 0.09311,
  "CCUSDT": 0.16466,
  "LDOUSDT": 0.3514,
  "UBUSDT": 0.04745,
  "ALCHUSDT": 0.0847,
  "OMUSDT": 0.06134,
  "PENDLEUSDT": 1.2577,
  "SKYUSDT": 0.06817,
  "RENDERUSDT": 1.441,
  "ZENUSDT": 6.43,
  "KAITOUSDT": 0.3249,
  "INJUSDT": 3.17,
  "BTRUSDT": 0.16549,
  "ATUSDT": 0.15991,
  "BANANAS31USDT": 0.004951,
  "1000RATSUSDT": 0.04869,
  "ENSOUSDT": 1.1529,
  "POWERUSDT": 0.27936,
  "OGUSDT": 5.01,
  "STABLEUSDT": 0.02354,
  "\u6211\u8e0f\u9a6c\u6765\u4e86USDT": 0.026198,
  "TAKEUSDT": 0.05911,
  "SPACEUSDT": 0.010136,
  "CYSUSDT": 0.4766,
  "SANDUSDT": 0.08926,
  "GIGGLEUSDT": 32.34,
  "NIGHTUSDT": 0.05809,
  "AWEUSDT": 0.09148,
  "DUSKUSDT": 0.10809,
  "STRKUSDT": 0.05017,
  "MSTRUSDT": 134.46,
  "QUSDT": 0.019923,
  "ROSEUSDT": 0.01266,
  "COMPUSDT": 19.77,
  "SKYAIUSDT": 0.03951,
  "HOMEUSDT": 0.027004,
  "PYTHUSDT": 0.05588,
  "HANAUSDT": 0.03481,
  "CAKEUSDT": 1.3294,
  "GPSUSDT": 0.011864,
  "PIEVERSEUSDT": 0.4264,
  "USDCUSDT": 0.999942,
  "TRADOORUSDT": 1.355,
  "ALGOUSDT": 0.0971,
  "METUSDT": 0.2233,
  "MYXUSDT": 2.417,
  "ZILUSDT": 0.00452,
  "LYNUSDT": 0.21443,
  "GALAUSDT": 0.00419,
  "ENSUSDT": 6.909,
  "AVNTUSDT": 0.2044,
  "AUCTIONUSDT": 5.326,
  "MUSDT": 1.3695,
  "LINEAUSDT": 0.003795,
  "MORPHOUSDT": 1.3248,
  "GUNUSDT": 0.02471,
  "COLLECTUSDT": 0.07572,
  "B2USDT": 0.7141,
  "BUSDT": 0.145,
  "EIGENUSDT": 0.2125,
  "SIRENUSDT": 0.15176,
  "MEUSDT": 0.1521,
  "SUSDT": 0.04836,
  "VVVUSDT": 2.822,
  "BIRBUSDT": 0.20299,
  "ZKPUSDT": 0.09617,
  "XTZUSDT": 0.416,
  "AEROUSDT": 0.3184,
  "VETUSDT": 0.008352,
  "BEAMXUSDT": 0.002421,
  "LAUSDT": 0.217,
  "BIOUSDT": 0.0252,
  "XPINUSDT": 0.001548,
  "ESPUSDT": 0.06086,
  "SYRUPUSDT": 0.27739,
  "DYDXUSDT": 0.109,
  "LPTUSDT": 2.484,
  "TSLAUSDT": 417.95,
  "HUMAUSDT": 0.013068,
  "BEATUSDT": 0.2735,
  "MOVEUSDT": 0.02371,
  "NEOUSDT": 2.893,
  "AIAUSDT": 0.12958,
  "RESOLVUSDT": 0.0618,
  "FORMUSDT": 0.2194,
  "BULLAUSDT": 0.0242,
  "1000LUNCUSDT": 0.03333,
  "JELLYJELLYUSDT": 0.05646,
  "RAVEUSDT": 0.37256,
  "COWUSDT": 0.2394,
  "PNUTUSDT": 0.04981,
  "ORDIUSDT": 2.859,
  "COAIUSDT": 0.4225,
  "FOGOUSDT": 0.02301,
  "MOODENGUSDT": 0.05512,
  "CLOUSDT": 0.08786,
  "LRCUSDT": 0.03387,
  "GUAUSDT": 0.14297,
  "STXUSDT": 0.2719,
  "NXPCUSDT": 0.2841,
  "SOMIUSDT": 0.1968,
  "ATHUSDT": 0.006469,
  "BANKUSDT": 0.04277,
  "TRBUSDT": 16.44,
  "STGUSDT": 0.1647,
  "ESPORTSUSDT": 0.35052,
  "FHEUSDT": 0.04059,
  "VANAUSDT": 1.635,
  "MERLUSDT": 0.05709,
  "ALLOUSDT": 0.08291,
  "XNYUSDT": 0.006404,
  "PLUMEUSDT": 0.0115,
  "WCTUSDT": 0.06591,
  "1000FLOKIUSDT": 0.03114,
  "JTOUSDT": 0.2713,
  "SPXUSDT": 0.3256,
  "TRIAUSDT": 0.01929,
  "ARUSDT": 2.049,
  "NMRUSDT": 8.72,
  "API3USDT": 0.318,
  "EDUUSDT": 0.1273,
  "2ZUSDT": 0.08064,
  "CFXUSDT": 0.05545,
  "FLOWUSDT": 0.04498,
  "WUSDT": 0.02109,
  "MANAUSDT": 0.1043,
  "XVGUSDT": 0.006441,
  "JASMYUSDT": 0.006109,
  "QNTUSDT": 73.61,
  "ZKCUSDT": 0.1022,
  "AZTECUSDT": 0.02272,
  "4USDT": 0.0103,
  "EULUSDT": 0.987,
  "TNSRUSDT": 0.05758,
  "GWEIUSDT": 0.026088,
  "UAIUSDT": 0.2461,
  "BREVUSDT": 0.147,
  "IRYSUSDT": 0.04268,
  "LIGHTUSDT": 0.241,
  "APEUSDT": 0.1323,
  "KAIAUSDT": 0.05828,
  "TAUSDT": 0.0366,
  "TAGUSDT": 0.0003745,
  "GRTUSDT": 0.02807,
  "ZORAUSDT": 0.02167,
  "THETAUSDT": 0.218,
  "MUBARAKUSDT": 0.01867,
  "C98USDT": 0.0322,
  "1INCHUSDT": 0.0984,
  "MMTUSDT": 0.1385,
  "EGLDUSDT": 5.163,
  "JSTUSDT": 0.041528,
  "IMXUSDT": 0.1687,
  "SPKUSDT": 0.02263,
  "ZRXUSDT": 0.113,
  "NAORISUSDT": 0.03165,
  "SFPUSDT": 0.2584,
  "SKRUSDT": 0.023664,
  "AGTUSDT": 0.004748,
  "RUNEUSDT": 0.418,
  "IOTAUSDT": 0.0696,
  "FRAXUSDT": 0.64,
  "AXLUSDT": 0.06265,
  "ACTUSDT": 0.01462,
  "NEIROUSDT": 7.66e-05,
  "ANIMEUSDT": 0.005737,
  "MANTAUSDT": 0.079,
  "FUSDT": 0.006394,
  "BOMEUSDT": 0.00042,
  "BSVUSDT": 16.64,
  "PROVEUSDT": 0.3319,
  "FOLKSUSDT": 1.404,
  "MEGAUSDT": 0.1285,
  "NOMUSDT": 0.005564,
  "GRASSUSDT": 0.2037,
  "NILUSDT": 0.05549,
  "TWTUSDT": 0.5237,
  "SNXUSDT": 0.301,
  "PTBUSDT": 0.001368,
  "TSTUSDT": 0.01117,
  "MINAUSDT": 0.06757,
  "ARKMUSDT": 0.1228,
  "KASUSDT": 0.03272,
  "AUSDT": 0.0884,
  "GASUSDT": 1.688,
  "YFIUSDT": 2909.0,
  "FIGHTUSDT": 0.00655,
  "KGENUSDT": 0.17798,
  "ICNTUSDT": 0.4558,
  "PEOPLEUSDT": 0.00693,
  "BLUAIUSDT": 0.00586,
  "SOPHUSDT": 0.009996,
  "BATUSDT": 0.1336,
  "TUTUSDT": 0.01197,
  "SIGNUSDT": 0.0284,
  "YBUSDT": 0.1771,
  "GMTUSDT": 0.01291,
  "ACHUSDT": 0.007976,
  "SAHARAUSDT": 0.01645,
  "POPCATUSDT": 0.05254,
  "CYBERUSDT": 0.581,
  "AVAAIUSDT": 0.00785,
  "TURBOUSDT": 0.0011103,
  "LAYERUSDT": 0.0937,
  "OPENUSDT": 0.1723,
  "MAGICUSDT": 0.06998,
  "DEEPUSDT": 0.0285,
  "SONICUSDT": 0.04973,
  "SWARMSUSDT": 0.00755,
  "BASUSDT": 0.006229,
  "ZBTUSDT": 0.07397,
  "SOONUSDT": 0.1902,
  "TRUTHUSDT": 0.015115,
  "BABYUSDT": 0.01385,
  "CATIUSDT": 0.04156,
  "SANTOSUSDT": 1.904,
  "BLURUSDT": 0.02175,
  "AKEUSDT": 0.0002845,
  "MEMEUSDT": 0.0007128,
  "AIOUSDT": 0.07908,
  "IOUSDT": 0.1094,
  "SUPERUSDT": 0.1298,
  "SUSHIUSDT": 0.2127,
  "THEUSDT": 0.276,
  "LUNA2USDT": 0.0632,
  "YGGUSDT": 0.04269,
  "ONTUSDT": 0.0468,
  "INUSDT": 0.06789,
  "CELOUSDT": 0.087,
  "BROCCOLI714USDT": 0.01515,
  "IDOLUSDT": 0.02035,
  "ALTUSDT": 0.00896,
  "XPTUSDT": 2069.3,
  "GLMUSDT": 0.19601,
  "SOLVUSDT": 0.00501,
  "VELODROMEUSDT": 0.01496,
  "STOUSDT": 0.05464,
  "CTSIUSDT": 0.0273,
  "TOSHIUSDT": 0.0002374,
  "SUNUSDT": 0.017184,
  "DYMUSDT": 0.0467,
  "SKLUSDT": 0.00704,
  "SYNUSDT": 0.04781,
  "IDUSDT": 0.05471,
  "KERNELUSDT": 0.06834,
  "ASRUSDT": 1.444,
  "HYPERUSDT": 0.1069,
  "INITUSDT": 0.0701,
  "MASKUSDT": 0.472,
  "WALUSDT": 0.0853,
  "ERAUSDT": 0.164,
  "ANKRUSDT": 0.004684,
  "QTUMUSDT": 1.004,
  "RAREUSDT": 0.0201,
  "AIXBTUSDT": 0.02145,
  "STBLUSDT": 0.04054,
  "CVXUSDT": 1.972,
  "MELANIAUSDT": 0.1203,
  "GUSDT": 0.004142,
  "ZEREBROUSDT": 0.00837,
  "AINUSDT": 0.03506,
  "DEXEUSDT": 2.366,
  "KAVAUSDT": 0.0568,
  "BANANAUSDT": 4.765,
  "EDENUSDT": 0.03398,
  "SAPIENUSDT": 0.09311,
  "ORCAUSDT": 0.804,
  "ARPAUSDT": 0.01026,
  "VELVETUSDT": 0.07656,
  "KMNOUSDT": 0.02958,
  "ONUSDT": 0.08676,
  "POLYXUSDT": 0.04653,
  "KOMAUSDT": 0.00787,
  "ELSAUSDT": 0.0845,
  "DEGOUSDT": 0.345,
  "RSRUSDT": 0.001605,
  "HEMIUSDT": 0.01027,
  "KSMUSDT": 4.74,
  "LISTAUSDT": 0.0931,