{
  "BTCUSDT": 67357.2,
  "ETHUSDT": 1944.9,
  "SOLUSDT": 83.44,
  "XRPUSDT": 1.3942,
  "BNBUSDT": 617.4,
  "BCHUSDT": 568.16,
  "DOGEUSDT": 0.09526,
  "HYPEUSDT": 29.196,
  "XAGUSDT": 85.01,
  "XAUUSDT": 5134.71,
  "PAXGUSDT": 5158.66,
  "WLFIUSDT": 0.1157,
  "ZECUSDT": 246.82,
  "TRXUSDT": 0.289,
  "SUIUSDT": 0.9172,
  "ASTERUSDT": 0.6967,
  "LINKUSDT": 8.702,
  "ADAUSDT": 0.2711,
  "UNIUSDT": 3.455,
  "LTCUSDT": 53.12,
  "AVAXUSDT": 8.836,
  "PUMPUSDT": 0.002035,
  "1000PEPEUSDT": 0.0040251,
  "PIPPINUSDT": 0.62123,
  "ENAUSDT": 0.1013,
  "KITEUSDT": 0.24807,
  "ARCUSDT": 0.09555,
  "AAVEUSDT": 117.56,
  "NEARUSDT": 1.007,
  "TRUMPUSDT": 3.357,
  "WLDUSDT": 0.3753,
  "LITUSDT": 1.461,
  "FILUSDT": 0.923,
  "TAOUSDT": 174.03,
  "XPLUSDT": 0.0907,
  "DOTUSDT": 1.31,
  "ZROUSDT": 1.7161,
  "ATOMUSDT": 2.245,
  "TONUSDT": 1.3294,
  "APTUSDT": 0.8234,
  "ENSOUSDT": 1.9295,
  "1000SHIBUSDT": 0.006147,
  "XLMUSDT": 0.15411,
  "HBARUSDT": 0.09673,
  "BERAUSDT": 0.5852,
  "AXSUSDT": 1.28,
  "ARBUSDT": 0.0937,
  "ICPUSDT": 2.107,
  "RIVERUSDT": 8.382,
  "OPUSDT": 0.122,
  "HUSDT": 0.16599,
  "XMRUSDT": 320.64,
  "POWERUSDT": 0.4491,
  "ETCUSDT": 8.661,
  "MONUSDT": 0.01972,
  "RAVEUSDT": 0.70837,
  "WIFUSDT": 0.211,
  "FETUSDT": 0.1579,
  "BARDUSDT": 0.7741,
  "FFUSDT": 0.07806,
  "CRVUSDT": 0.227,
  "PENGUUSDT": 0.006554,
  "1000BONKUSDT": 0.006081,
  "FARTCOINUSDT": 0.1754,
  "BANUSDT": 0.13116,
  "INJUSDT": 3.548,
  "PARTIUSDT": 0.10565,
  "IPUSDT": 1.06,
  "SIRENUSDT": 0.28468,
  "POLUSDT": 0.10546,
  "DASHUSDT": 33.11,
  "CHZUSDT": 0.03438,
  "BTCDOMUSDT": 5135.4,
  "\u5e01\u5b89\u4eba\u751fUSDT": 0.07255,
  "OPNUSDT": 0.6379,
  "TIAUSDT": 0.3129,
  "SENTUSDT": 0.02109,
  "ONDOUSDT": 0.2596,
  "0GUSDT": 0.6296,
  "AZTECUSDT": 0.03047,
  "VIRTUALUSDT": 0.6177,
  "ETHFIUSDT": 0.4426,
  "SEIUSDT": 0.0687,
  "AGLDUSDT": 0.3503,
  "ZKUSDT": 0.01896,
  "LYNUSDT": 0.30749,
  "JUPUSDT": 0.15,
  "VVVUSDT": 4.128,
  "ZAMAUSDT": 0.02202,
  "MYXUSDT": 0.847,
  "STABLEUSDT": 0.028049,
  "ALCHUSDT": 0.07903,
  "CCUSDT": 0.15726,
  "PENDLEUSDT": 1.1863,
  "BIOUSDT": 0.02687,
  "KAITOUSDT": 0.2929,
  "BTRUSDT": 0.2017,
  "QUSDT": 0.022061,
  "1000RATSUSDT": 0.04645,
  "HOMEUSDT": 0.029909,
  "LDOUSDT": 0.3079,
  "DUSKUSDT": 0.08055,
  "RENDERUSDT": 1.402,
  "ATUSDT": 0.16666,
  "BANANAS31USDT": 0.004599,
  "NIGHTUSDT": 0.05827,
  "ALGOUSDT": 0.0864,
  "TRADOORUSDT": 1.535,
  "HANAUSDT": 0.03688,
  "ZENUSDT": 5.673,
  "SKYAIUSDT": 0.03886,
  "ESPUSDT": 0.0715,
  "SANDUSDT": 0.08106,
  "STRKUSDT": 0.04297,
  "JTOUSDT": 0.3029,
  "OMUSDT": 0.06758,
  "GUNUSDT": 0.02857,
  "MORPHOUSDT": 1.5831,
  "CAKEUSDT": 1.289,
  "MUSDT": 1.3803,
  "ALLOUSDT": 0.11671,
  "GPSUSDT": 0.013226,
  "SNXUSDT": 0.41,
  "ZILUSDT": 0.00399,
  "USDCUSDT": 0.99981,
  "UBUSDT": 0.03428,
  "PIEVERSEUSDT": 0.4024,
  "SKYUSDT": 0.06437,
  "ORCAUSDT": 1.008,
  "NAORISUSDT": 0.05171,
  "GALAUSDT": 0.00365,
  "APEUSDT": 0.1071,
  "GIGGLEUSDT": 27.84,
  "B2USDT": 0.7197,
  "\u6211\u8e0f\u9a6c\u6765\u4e86USDT": 0.014545,
  "AWEUSDT": 0.0536,
  "ROSEUSDT": 0.01293,
  "PYTHUSDT": 0.05148,
  "CYBERUSDT": 0.599,
  "XPINUSDT": 0.001682,
  "METUSDT": 0.2018,
  "GUAUSDT": 0.16459,
  "BULLAUSDT": 0.02634,
  "BUSDT": 0.1361,
  "HUMAUSDT": 0.012442,
  "BEAMXUSDT": 0.002188,
  "JELLYJELLYUSDT": 0.06624,
  "AVNTUSDT": 0.1806,
  "CYSUSDT": 0.3787,
  "MSTRUSDT": 130.56,
  "YGGUSDT": 0.04523,
  "AEROUSDT": 0.3152,
  "SYRUPUSDT": 0.22175,
  "EIGENUSDT": 0.1817,
  "TSLAUSDT": 411.17,
  "VETUSDT": 0.007441,
  "NXPCUSDT": 0.2706,
  "DYDXUSDT": 0.094,
  "ESPORTSUSDT": 0.3338,
  "XTZUSDT": 0.375,
  "SPACEUSDT": 0.010702,
  "ORDIUSDT": 2.498,
  "MOVEUSDT": 0.0228,
  "NEOUSDT": 2.664,
  "ZKPUSDT": 0.0868,
  "INITUSDT": 0.08994,
  "COMPUSDT": 17.25,
  "FORMUSDT": 0.2034,
  "COLLECTUSDT": 0.04718,
  "SOMIUSDT": 0.2165,
  "MEUSDT": 0.1224,
  "LINEAUSDT": 0.003391,
  "FOGOUSDT": 0.0262,
  "AUCTIONUSDT": 4.905,
  "LAUSDT": 0.2062,
  "SUSDT": 0.0412,
  "PNUTUSDT": 0.04609,
  "ENSUSDT": 6.361,
  "RESOLVUSDT": 0.06484,
  "1000LUNCUSDT": 0.03531,
  "BEATUSDT": 0.2401,
  "1000FLOKIUSDT": 0.02908,
  "GWEIUSDT": 0.030355,
  "VANAUSDT": 1.507,
  "STXUSDT": 0.2444,
  "OGUSDT": 3.276,
  "STGUSDT": 0.1487,
  "MERLUSDT": 0.05009,
  "AGTUSDT": 0.005627,
  "LPTUSDT": 2.26,
  "PLUMEUSDT": 0.00955,
  "CLOUSDT": 0.08724,
  "FHEUSDT": 0.03844,
  "EDUUSDT": 0.1235,
  "BIRBUSDT": 0.16322,
  "TRBUSDT": 14.558,
  "UAIUSDT": 0.2458,
  "TRIAUSDT": 0.01501,
  "WUSDT": 0.01878,
  "BANKUSDT": 0.03902,
  "EULUSDT": 0.926,
  "ATHUSDT": 0.005313,
  "ARUSDT": 1.951,
  "JASMYUSDT": 0.005641,
  "NMRUSDT": 7.971,
  "TAUSDT": 0.03929,
  "WCTUSDT": 0.05923,
  "SAPIENUSDT": 0.10308,
  "USELESSUSDT": 0.03755,
  "CFXUSDT": 0.05073,
  "2ZUSDT": 0.06972,
  "MANAUSDT": 0.0939,
  "LRCUSDT": 0.0318,
  "TAGUSDT": 0.0003818,
  "GRTUSDT": 0.02653,
  "API3USDT": 0.2911,
  "MOODENGUSDT": 0.05368,
  "MMTUSDT": 0.1246,
  "SPXUSDT": 0.3096,
  "COWUSDT": 0.2129,
  "ZORAUSDT": 0.01987,
  "IOTAUSDT": 0.0673,
  "LIGHTUSDT": 0.2285,
  "COAIUSDT": 0.3143,
  "AIAUSDT": 0.10134,
  "IMXUSDT": 0.1592,
  "FLOWUSDT": 0.03721,
  "LUNA2USDT": 0.06183,
  "1INCHUSDT": 0.091,
  "SPKUSDT": 0.02095,
  "QNTUSDT": 64.25,
  "THETAUSDT": 0.1929,
  "RPLUSDT": 2.221,
  "IOUSDT": 0.1132,
  "BELUSDT": 0.1136,
  "AXLUSDT": 0.05332,
  "4USDT": 0.00832,
  "ZRXUSDT": 0.1056,
  "SFPUSDT": 0.2564,
  "BREVUSDT": 0.1304,
  "JSTUSDT": 0.042198,
  "KAIAUSDT": 0.05502,
  "PTBUSDT": 0.0013,
  "NEIROUSDT": 6.97e-05,
  "ARKMUSDT": 0.1072,
  "SKRUSDT": 0.018763,
  "YFIUSDT": 2768.0,
  "FOLKSUSDT": 1.285,
  "KGENUSDT": 0.17936,
  "EGLDUSDT": 4.378,
  "BLUAIUSDT": 0.005338,
  "MEGAUSDT": 0.13013,
  "AIOUSDT": 0.08396,
  "RUNEUSDT": 0.3993,
  "MAGICUSDT": 0.06694,
  "NOMUSDT": 0.004909,
  "BOMEUSDT": 0.0003907,
  "TWTUSDT": 0.5163,
  "ANIMEUSDT": 0.004856,
  "TAKEUSDT": 0.02604,
  "PEOPLEUSDT": 0.00645,
  "PROVEUSDT": 0.2904,
  "SAHARAUSDT": 0.01502,
  "OPENUSDT": 0.1497,
  "MINAUSDT": 0.0597,
  "MANTAUSDT": 0.06857,
  "SIGNUSDT": 0.02498,
  "ZKCUSDT": 0.0858,
  "FIGHTUSDT": 0.006914,
  "XNYUSDT": 0.004777,
  "ACTUSDT": 0.01409,
  "TSTUSDT": 0.01013,
  "AUSDT": 0.0796,
  "KASUSDT": 0.02995,
  "AVAAIUSDT": 0.00741,
  "GASUSDT": 1.542,
  "GMTUSDT": 0.01145,
  "SUPERUSDT": 0.1159,
  "TUTUSDT": 0.01059,
  "VELVETUSDT": 0.07936,
  "TNSRUSDT": 0.04639,
  "SANTOSUSDT": 1.885,
  "TURBOUSDT": 0.0010053,
  "IDOLUSDT": 0.02178,
  "BATUSDT": 0.1164,
  "SOPHUSDT": 0.009058,
  "GRASSUSDT": 0.1793,
  "SWARMSUSDT": 0.00697,
  "XPTUSDT": 2161.73,
  "CATIUSDT": 0.03872,
  "BSVUSDT": 15.6,
  "FUSDT": 0.005745,
  "ZBTUSDT": 0.07042,
  "AKEUSDT": 0.0002664,
  "YBUSDT": 0.1528,
  "VTHOUSDT": 0.0006183,
  "SUSHIUSDT": 0.1985,
  "POPCATUSDT": 0.04904,
  "NILUSDT": 0.04872,
  "C98USDT": 0.0266,
  "BABYUSDT": 0.01258,
  "ICNTUSDT": 0.4022,
  "ARPAUSDT": 0.01006,
  "CVXUSDT": 1.879,
  "STOUSDT": 0.05732,
  "MUBARAKUSDT": 0.01445,
  "LAYERUSDT": 0.0837,
  "VELODROMEUSDT": 0.01455,
  "TRUTHUSDT": 0.009761,
  "DEXEUSDT": 2.47,
  "XVGUSDT": 0.005986,
  "CTSIUSDT": 0.0249,
  "ACHUSDT": 0.007224,
  "PLAYUSDT": 0.02192,
  "ASRUSDT": 1.409,
  "BLURUSDT": 0.01984,
  "SOLVUSDT": 0.00433,
  "SOONUSDT": 0.1647,
  "KSMUSDT": 4.733,
  "MASKUSDT": 0.4325,
  "RAREUSDT": 0.01871,
  "RAYSOLUSDT": 0.6203,
  "GLMUSDT": 0.16322,
  "AIXBTUSDT": 0.01899,
  "ALTUSDT": 0.0075,
  "EDENUSDT": 0.03367,
  "ONTUSDT": 0.042,
  "MEMEUSDT": 0.0006554,
  "ANKRUSDT": 0.004342,
  "DOLOUSDT": 0.04036,
  "CELOUSDT": 0.075,
  "DRIFTUSDT": 0.0857,
  "SONICUSDT": 0.04662,
  "THEUSDT": 0.2519,
  "UMAUSDT": 0.4479,
  "IRUSDT": 0.0919,
  "ZEREBROUSDT": 0.00756,
  "FRAXUSDT": 0.6456,
  "APRUSDT": 0.10388,
  "KERNELUSDT": 0.06691,
  "SUNUSDT": 0.016947,
  "DEGOUSDT": 0.3347,
  "MELANIAUSDT": 0.1127,
  "ERAUSDT": 0.1476,
  "IDUSDT": 0.046,
  "ONUSDT": 0.09424,
  "WOOUSDT": 0.01748,
  "STORJUSDT": 0.0934,
  "KAVAUSDT": 0.0503,
  "QTUMUSDT": 0.908,
  "WALUSDT": 0.0762,
  "RSRUSDT": 0.001426,
  "IOTXUSDT": 0.00453,
  "POLYXUSDT": 0.04198,
  "BASUSDT": 0.005184,
  "INUSDT": 0.06116,