{
  "BTCUSDT": 65157.1,
  "ETHUSDT": 1918.26,
  "SOLUSDT": 82.49,
  "XRPUSDT": 1.3394,
  "BNBUSDT": 614.58,
  "XAUUSDT": 5358.25,
  "XAGUSDT": 96.06,
  "PAXGUSDT": 5413.12,
  "DOGEUSDT": 0.09166,
  "HYPEUSDT": 31.388,
  "BCHUSDT": 436.03,
  "WLFIUSDT": 0.1083,
  "TRXUSDT": 0.28018,
  "ZECUSDT": 212.66,
  "ADAUSDT": 0.2713,
  "UNIUSDT": 3.717,
  "SUIUSDT": 0.8792,
  "ASTERUSDT": 0.7008,
  "1000PEPEUSDT": 0.0034218,
  "LINKUSDT": 8.584,
  "AVAXUSDT": 8.949,
  "LTCUSDT": 52.91,
  "PUMPUSDT": 0.001889,
  "ENAUSDT": 0.1026,
  "NEARUSDT": 1.131,
  "DOTUSDT": 1.52,
  "PIPPINUSDT": 0.56504,
  "AAVEUSDT": 111.96,
  "WLDUSDT": 0.3816,
  "KITEUSDT": 0.2471,
  "FILUSDT": 0.955,
  "XPLUSDT": 0.0969,
  "LITUSDT": 1.351,
  "TRUMPUSDT": 3.394,
  "TAOUSDT": 175.2,
  "1000SHIBUSDT": 0.005495,
  "ZROUSDT": 1.7567,
  "TONUSDT": 1.1945,
  "POWERUSDT": 1.71576,
  "APTUSDT": 0.9206,
  "RIVERUSDT": 14.34,
  "ATOMUSDT": 1.782,
  "HBARUSDT": 0.09682,
  "HUSDT": 0.1251,
  "BERAUSDT": 0.5952,
  "XMRUSDT": 339.52,
  "ARBUSDT": 0.0984,
  "XLMUSDT": 0.15318,
  "WIFUSDT": 0.188,
  "ICPUSDT": 2.357,
  "ARCUSDT": 0.04097,
  "MONUSDT": 0.0208,
  "CRVUSDT": 0.24,
  "AXSUSDT": 1.251,
  "FFUSDT": 0.07855,
  "OPUSDT": 0.1209,
  "FETUSDT": 0.1493,
  "VIRTUALUSDT": 0.6793,
  "VVVUSDT": 6.101,
  "ETCUSDT": 8.411,
  "CCUSDT": 0.16003,
  "PENGUUSDT": 0.006642,
  "BARDUSDT": 0.9878,
  "PARTIUSDT": 0.09027,
  "POLUSDT": 0.1041,
  "BTCDOMUSDT": 5083.1,
  "1000BONKUSDT": 0.005778,
  "ETHFIUSDT": 0.4943,
  "CHZUSDT": 0.03289,
  "BANUSDT": 0.1113,
  "ONDOUSDT": 0.2506,
  "FARTCOINUSDT": 0.1531,
  "TIAUSDT": 0.3151,
  "IPUSDT": 0.875,
  "\u5e01\u5b89\u4eba\u751fUSDT": 0.06361,
  "DASHUSDT": 31.56,
  "ENSOUSDT": 1.309,
  "INJUSDT": 2.98,
  "ESPUSDT": 0.12897,
  "SENTUSDT": 0.02097,
  "SAHARAUSDT": 0.02289,
  "SEIUSDT": 0.06753,
  "STABLEUSDT": 0.031876,
  "JUPUSDT": 0.1642,
  "0GUSDT": 0.6161,
  "KAITOUSDT": 0.3266,
  "ALCHUSDT": 0.07973,
  "SKYAIUSDT": 0.03999,
  "BUSDT": 0.1889,
  "ZKUSDT": 0.01835,
  "LYNUSDT": 0.33985,
  "PENDLEUSDT": 1.2486,
  "QUSDT": 0.024811,
  "ZAMAUSDT": 0.02046,
  "LDOUSDT": 0.2972,
  "BULLAUSDT": 0.02408,
  "BANANAS31USDT": 0.004731,
  "RENDERUSDT": 1.326,
  "GWEIUSDT": 0.040509,
  "GUAUSDT": 0.2169,
  "HOMEUSDT": 0.028788,
  "MORPHOUSDT": 1.7004,
  "PIEVERSEUSDT": 0.5148,
  "ATUSDT": 0.13644,
  "MYXUSDT": 0.378,
  "SIRENUSDT": 0.25299,
  "NIGHTUSDT": 0.05698,
  "MUSDT": 1.4887,
  "SIGNUSDT": 0.02567,
  "ZENUSDT": 5.221,
  "BIOUSDT": 0.02035,
  "CAKEUSDT": 1.2909,
  "ALLOUSDT": 0.11053,
  "USDCUSDT": 0.9995,
  "HANAUSDT": 0.0351,
  "STRKUSDT": 0.03973,
  "SANDUSDT": 0.08164,
  "GALAUSDT": 0.00345,
  "BTRUSDT": 0.17829,
  "GIGGLEUSDT": 25.31,
  "GPSUSDT": 0.008879,
  "ALGOUSDT": 0.085,
  "STGUSDT": 0.1563,
  "FORMUSDT": 0.2121,
  "SKYUSDT": 0.06643,
  "JELLYJELLYUSDT": 0.07095,
  "ATHUSDT": 0.006132,
  "1000RATSUSDT": 0.03161,
  "APEUSDT": 0.0999,
  "MSTRUSDT": 128.3,
  "DUSKUSDT": 0.07955,
  "JTOUSDT": 0.261,
  "GUNUSDT": 0.02579,
  "1000LUNCUSDT": 0.04277,
  "AZTECUSDT": 0.02141,
  "AEROUSDT": 0.337,
  "B2USDT": 0.7199,
  "TSLAUSDT": 398.51,
  "SYRUPUSDT": 0.22845,
  "HUMAUSDT": 0.01241,
  "DENTUSDT": 0.000299,
  "TRADOORUSDT": 1.379,
  "XPINUSDT": 0.00143,
  "OPNUSDT": 0.4527,
  "UBUSDT": 0.0329,
  "EIGENUSDT": 0.1759,
  "BEAMXUSDT": 0.001846,
  "ZILUSDT": 0.00411,
  "ROSEUSDT": 0.01093,
  "METUSDT": 0.1775,
  "VETUSDT": 0.007067,
  "XTZUSDT": 0.369,
  "PYTHUSDT": 0.04763,
  "LAUSDT": 0.2128,
  "AVNTUSDT": 0.1695,
  "FOGOUSDT": 0.02532,
  "DYDXUSDT": 0.089,
  "NEOUSDT": 2.567,
  "ZKPUSDT": 0.09236,
  "CRCLUSDT": 82.77,
  "NXPCUSDT": 0.2664,
  "MOVEUSDT": 0.02133,
  "ESPORTSUSDT": 0.31135,
  "RAVEUSDT": 0.36326,
  "ORDIUSDT": 2.363,
  "COLLECTUSDT": 0.04242,
  "COMPUSDT": 17.51,
  "\u6211\u8e0f\u9a6c\u6765\u4e86USDT": 0.010054,
  "1000FLOKIUSDT": 0.02687,
  "GRASSUSDT": 0.2559,
  "LINEAUSDT": 0.002996,
  "SUSDT": 0.03884,
  "ROBOUSDT": 0.03885,
  "AUCTIONUSDT": 4.684,
  "BEATUSDT": 0.2349,
  "PNUTUSDT": 0.04292,
  "ORCAUSDT": 0.861,
  "CYBERUSDT": 0.5317,
  "ARUSDT": 1.524,
  "SKRUSDT": 0.021518,
  "SPXUSDT": 0.314,
  "AGLDUSDT": 0.2172,
  "ENSUSDT": 5.889,
  "SNXUSDT": 0.311,
  "STXUSDT": 0.251,
  "TRBUSDT": 13.696,
  "LPTUSDT": 2.266,
  "FIOUSDT": 0.00964,
  "ALICEUSDT": 0.15,
  "EULUSDT": 1.029,
  "MEUSDT": 0.1147,
  "HIPPOUSDT": 0.0007296,
  "TRIAUSDT": 0.0185,
  "JASMYUSDT": 0.005366,
  "WUSDT": 0.01821,
  "BANKUSDT": 0.03673,
  "4USDT": 0.00854,
  "TAUSDT": 0.03945,
  "PLUMEUSDT": 0.0089,
  "BIRBUSDT": 0.15377,
  "RESOLVUSDT": 0.0575,
  "JSTUSDT": 0.047432,
  "MANAUSDT": 0.0946,
  "AWEUSDT": 0.05131,
  "USELESSUSDT": 0.03994,
  "WETUSDT": 0.09543,
  "AGTUSDT": 0.005394,
  "IMXUSDT": 0.1591,
  "IOTAUSDT": 0.0654,
  "SUNUSDT": 0.014999,
  "LAYERUSDT": 0.0916,
  "YGGUSDT": 0.03747,
  "CYSUSDT": 0.3191,
  "SOMIUSDT": 0.1919,
  "COAIUSDT": 0.3134,
  "INITUSDT": 0.07539,
  "AXLUSDT": 0.05219,
  "DEXEUSDT": 3.314,
  "GRTUSDT": 0.02532,
  "CLOUSDT": 0.07002,
  "QNTUSDT": 61.88,
  "EDUUSDT": 0.1028,
  "API3USDT": 0.2782,
  "2ZUSDT": 0.07203,
  "WCTUSDT": 0.05718,
  "MERLUSDT": 0.03864,
  "CFXUSDT": 0.04658,
  "FLOWUSDT": 0.03563,
  "NMRUSDT": 7.391,
  "PTBUSDT": 0.001207,
  "NAORISUSDT": 0.03146,
  "XPTUSDT": 2404.96,
  "LIGHTUSDT": 0.1885,
  "MMTUSDT": 0.1155,
  "SFPUSDT": 0.2582,
  "TAGUSDT": 0.0003426,
  "MOODENGUSDT": 0.04782,
  "SPKUSDT": 0.0189,
  "NEIROUSDT": 6.607e-05,
  "STEEMUSDT": 0.06066,
  "MIRAUSDT": 0.0916,
  "VANAUSDT": 1.413,
  "FOLKSUSDT": 1.204,
  "ARKMUSDT": 0.1038,
  "THETAUSDT": 0.1835,
  "ZORAUSDT": 0.01758,
  "ZRXUSDT": 0.1024,
  "ANIMEUSDT": 0.004786,
  "SOPHUSDT": 0.009189,
  "1INCHUSDT": 0.0906,
  "RUNEUSDT": 0.3897,
  "IOUSDT": 0.1049,
  "KGENUSDT": 0.1889,
  "EGLDUSDT": 4.3,
  "KASUSDT": 0.0291,
  "AKEUSDT": 0.0002416,
  "KAIAUSDT": 0.05388,
  "LRCUSDT": 0.03046,
  "TAKEUSDT": 0.02234,
  "YFIUSDT": 2580.0,
  "SPACEUSDT": 0.007365,
  "MEGAUSDT": 0.13226,
  "AIXBTUSDT": 0.0202,
  "PEOPLEUSDT": 0.00613,
  "STOUSDT": 0.064,
  "BLUAIUSDT": 0.004892,
  "AIAUSDT": 0.08362,
  "FHEUSDT": 0.02862,
  "OGUSDT": 2.716,
  "VELVETUSDT": 0.08208,
  "COWUSDT": 0.2054,
  "PROVEUSDT": 0.2887,
  "SUSHIUSDT": 0.1964,
  "KERNELUSDT": 0.07721,
  "BREVUSDT": 0.1296,
  "BSVUSDT": 15.06,
  "BATUSDT": 0.1007,
  "LUNA2USDT": 0.06196,
  "AUSDT": 0.0776,
  "TSTUSDT": 0.00901,
  "TWTUSDT": 0.4883,
  "AVAAIUSDT": 0.007226,
  "OPENUSDT": 0.1432,
  "GMTUSDT": 0.01138,
  "SWARMSUSDT": 0.006934,
  "YBUSDT": 0.1699,
  "CATIUSDT": 0.03871,
  "POPCATUSDT": 0.04572,
  "TURBOUSDT": 0.0009414,
  "ACTUSDT": 0.01295,
  "SOONUSDT": 0.1649,
  "VELODROMEUSDT": 0.01511,
  "NOMUSDT": 0.003441,
  "MANTAUSDT": 0.05985,
  "BOMEUSDT": 0.0003758,
  "RPLUSDT": 1.818,
  "GASUSDT": 1.572,
  "BABYUSDT": 0.01106,
  "MINAUSDT": 0.05567,
  "SUPERUSDT": 0.1113,
  "TNSRUSDT": 0.04435,
  "XNYUSDT": 0.005555,
  "UAIUSDT": 0.1922,
  "FIGHTUSDT": 0.005951,
  "FUSDT": 0.005547,
  "KSMUSDT": 4.664,
  "TUTUSDT": 0.00961,
  "MAGICUSDT": 0.05973,
  "NEWTUSDT": 0.07041,
  "NILUSDT": 0.04685,
  "XVGUSDT": 0.005405,
  "BLURUSDT": 0.01937,
  "MEMEUSDT": 0.0005733,
  "ALTUSDT": 0.007066,
  "HOLOUSDT": 0.06077,
  "AIOUSDT": 0.06909,
  "AINUSDT": 0.0405,
  "ZBTUSDT": 0.07378,
  "INUSDT": 0.06893,
  "ASRUSDT": 1.324,
  "TRUTHUSDT": 0.00982,
  "CELOUSDT": 0.077,
  "UMAUSDT": 0.4109,
  "STBLUSDT": 0.03919,
  "REDUSDT": 0.1464,
  "BASUSDT": 0.006802,
  "MASKUSDT": 0.4152,
  "SAPIENUSDT": 0.08016,
  "ACHUSDT": 0.006503,
  "ONTUSDT": 0.0426,
  "MUBARAKUSDT": 0.01311,
  "IDOLUSDT": 0.01969,
  "DAMUSDT": 0.02208,
  "IOTXUSDT": 0.00436,
  "KMNOUSDT": 0.02133,
  "C98USDT": 0.0258,
  "KOMAUSDT": 0.007768,
  "SKLUSDT": 0.0064,
  "RAYSOLUSDT": 0.5835,
  "ERAUSDT": 0.1429,
  "MELANIAUSDT": 0.1076,
  "GLMUSDT": 0.13319,
  "WALUSDT": 0.07514,
  "EDENUSDT": 0.03127,
  "DRIFTUSDT": 0.084,
  "SONICUSDT": 0.04352,
  "ZKCUSDT": 0.0833,
  "CTSIUSDT": 0.0234,
  "ANKRUSDT": 0.004111,
  "ENJUSDT": 0.01888,
  "GMXUSDT": 6.667,
  "ICNTUSDT": 0.3668,
  "ZEREBROUSDT": 0.006876,
  "TLMUSDT": 0.001718,
  "SOLVUSDT": 0.003787,
  "KAVAUSDT": 0.0481,