{
  "BTCUSDT": 64180.7,
  "ETHUSDT": 1855.55,
  "SOLUSDT": 78.05,
  "XRPUSDT": 1.3583,
  "BNBUSDT": 586.87,
  "DOGEUSDT": 0.09164,
  "BCHUSDT": 474.99,
  "XAGUSDT": 88.0,
  "XAUUSDT": 5162.71,
  "HYPEUSDT": 27.013,
  "PAXGUSDT": 5176.0,
  "WLFIUSDT": 0.1105,
  "ZECUSDT": 244.05,
  "TRXUSDT": 0.28194,
  "SUIUSDT": 0.8657,
  "PIPPINUSDT": 0.79522,
  "ASTERUSDT": 0.6991,
  "ADAUSDT": 0.2612,
  "AVAXUSDT": 8.37,
  "UNIUSDT": 3.389,
  "LTCUSDT": 51.53,
  "LINKUSDT": 8.237,
  "1000PEPEUSDT": 0.0039418,
  "PUMPUSDT": 0.00178,
  "ENAUSDT": 0.0988,
  "KITEUSDT": 0.25379,
  "NEARUSDT": 0.979,
  "ARCUSDT": 0.09426,
  "WLDUSDT": 0.3797,
  "AAVEUSDT": 115.74,
  "ENSOUSDT": 2.8193,
  "LITUSDT": 1.439,
  "FILUSDT": 0.884,
  "TRUMPUSDT": 3.354,
  "TAOUSDT": 169.84,
  "DOTUSDT": 1.251,
  "XPLUSDT": 0.0874,
  "ESPUSDT": 0.16019,
  "ATOMUSDT": 2.032,
  "TONUSDT": 1.3118,
  "HBARUSDT": 0.0956,
  "APTUSDT": 0.8293,
  "1000SHIBUSDT": 0.005947,
  "BERAUSDT": 0.5945,
  "ZROUSDT": 1.5069,
  "XLMUSDT": 0.15014,
  "RIVERUSDT": 9.321,
  "ARBUSDT": 0.0929,
  "ICPUSDT": 2.126,
  "AXSUSDT": 1.233,
  "OPUSDT": 0.118,
  "XMRUSDT": 321.99,
  "MONUSDT": 0.02064,
  "WIFUSDT": 0.1996,
  "CRVUSDT": 0.226,
  "FFUSDT": 0.07973,
  "BARDUSDT": 0.7892,
  "PENGUUSDT": 0.006438,
  "FETUSDT": 0.1552,
  "ETCUSDT": 8.409,
  "POLUSDT": 0.11079,
  "1000BONKUSDT": 0.005869,
  "ETHFIUSDT": 0.5145,
  "IPUSDT": 1.013,
  "BANUSDT": 0.12048,
  "PARTIUSDT": 0.09835,
  "HUSDT": 0.13447,
  "FARTCOINUSDT": 0.1466,
  "BTCDOMUSDT": 5125.7,
  "INJUSDT": 3.185,
  "POWERUSDT": 0.51042,
  "CHZUSDT": 0.03404,
  "SENTUSDT": 0.02325,
  "VIRTUALUSDT": 0.6064,
  "ONDOUSDT": 0.2503,
  "DASHUSDT": 33.09,
  "\u5e01\u5b89\u4eba\u751fUSDT": 0.06191,
  "SIRENUSDT": 0.32434,
  "TIAUSDT": 0.3021,
  "0GUSDT": 0.6377,
  "SEIUSDT": 0.0658,
  "ZKUSDT": 0.01916,
  "ZAMAUSDT": 0.02357,
  "JUPUSDT": 0.145,
  "STABLEUSDT": 0.028582,
  "LYNUSDT": 0.30829,
  "ALCHUSDT": 0.07752,
  "CCUSDT": 0.16109,
  "KAITOUSDT": 0.2988,
  "PENDLEUSDT": 1.2089,
  "1000RATSUSDT": 0.04833,
  "LDOUSDT": 0.3013,
  "RENDERUSDT": 1.386,
  "HOMEUSDT": 0.0295,
  "BANANAS31USDT": 0.004695,
  "ATUSDT": 0.15968,
  "QUSDT": 0.021003,
  "BIOUSDT": 0.02523,
  "UBUSDT": 0.04181,
  "SKYAIUSDT": 0.03952,
  "BULLAUSDT": 0.02355,
  "NIGHTUSDT": 0.05648,
  "PIEVERSEUSDT": 0.4762,
  "CAKEUSDT": 1.2083,
  "ZENUSDT": 5.423,
  "STRKUSDT": 0.04186,
  "DUSKUSDT": 0.08359,
  "AZTECUSDT": 0.02565,
  "BTRUSDT": 0.1914,
  "OPNUSDT": 0.5127,
  "MYXUSDT": 0.431,
  "SANDUSDT": 0.07918,
  "VVVUSDT": 3.815,
  "MUSDT": 1.4187,
  "LAUSDT": 0.2314,
  "ALGOUSDT": 0.0844,
  "GPSUSDT": 0.010894,
  "MORPHOUSDT": 1.59,
  "GALAUSDT": 0.00352,
  "GUAUSDT": 0.18115,
  "HANAUSDT": 0.03257,
  "USDCUSDT": 0.9996,
  "TRADOORUSDT": 1.482,
  "JTOUSDT": 0.2852,
  "APEUSDT": 0.1028,
  "SKRUSDT": 0.023772,
  "ZILUSDT": 0.00402,
  "SKYUSDT": 0.06423,
  "GUNUSDT": 0.0268,
  "ROSEUSDT": 0.01247,
  "COLLECTUSDT": 0.05586,
  "FOGOUSDT": 0.02694,
  "METUSDT": 0.18,
  "EIGENUSDT": 0.191,
  "B2USDT": 0.757,
  "XPINUSDT": 0.001551,
  "MSTRUSDT": 123.62,
  "ORCAUSDT": 0.918,
  "BEAMXUSDT": 0.001944,
  "ALLOUSDT": 0.08992,
  "\u6211\u8e0f\u9a6c\u6765\u4e86USDT": 0.012181,
  "GIGGLEUSDT": 24.96,
  "AEROUSDT": 0.3234,
  "SYRUPUSDT": 0.20445,
  "TSLAUSDT": 404.86,
  "PYTHUSDT": 0.05114,
  "AGLDUSDT": 0.2835,
  "JELLYJELLYUSDT": 0.063,
  "HUMAUSDT": 0.01166,
  "SNXUSDT": 0.362,
  "VETUSDT": 0.007209,
  "DEXEUSDT": 3.502,
  "DYDXUSDT": 0.092,
  "AVNTUSDT": 0.1767,
  "BUSDT": 0.1237,
  "ORDIUSDT": 2.378,
  "ESPORTSUSDT": 0.33872,
  "SOMIUSDT": 0.2194,
  "LPTUSDT": 2.24,
  "AWEUSDT": 0.05101,
  "NEOUSDT": 2.613,
  "RAVEUSDT": 0.24892,
  "XTZUSDT": 0.369,
  "NXPCUSDT": 0.2634,
  "MOVEUSDT": 0.02141,
  "SUSDT": 0.03956,
  "ZKPUSDT": 0.08437,
  "FORMUSDT": 0.1925,
  "COMPUSDT": 18.06,
  "CYSUSDT": 0.3819,
  "RESOLVUSDT": 0.06858,
  "CYBERUSDT": 0.5412,
  "LINEAUSDT": 0.003104,
  "PNUTUSDT": 0.04429,
  "ENSUSDT": 6.125,
  "AUCTIONUSDT": 4.835,
  "MEUSDT": 0.1171,
  "GWEIUSDT": 0.030819,
  "STXUSDT": 0.2386,
  "STGUSDT": 0.1314,
  "STEEMUSDT": 0.05216,
  "1000FLOKIUSDT": 0.02812,
  "1000LUNCUSDT": 0.03504,
  "TRIAUSDT": 0.01911,
  "BEATUSDT": 0.2199,
  "TRBUSDT": 14.072,
  "WUSDT": 0.01876,
  "YGGUSDT": 0.04093,
  "VANAUSDT": 1.402,
  "SPXUSDT": 0.2911,
  "BANKUSDT": 0.03908,
  "PLUMEUSDT": 0.00896,
  "EULUSDT": 0.985,
  "UAIUSDT": 0.2414,
  "EDUUSDT": 0.1197,
  "INITUSDT": 0.08274,
  "NAORISUSDT": 0.03565,
  "JASMYUSDT": 0.005583,
  "MERLUSDT": 0.04584,
  "CLOUSDT": 0.08958,
  "USELESSUSDT": 0.03836,
  "TAUSDT": 0.0405,
  "2ZUSDT": 0.06901,
  "ARUSDT": 1.884,
  "MANAUSDT": 0.0913,
  "ATHUSDT": 0.005041,
  "NMRUSDT": 7.703,
  "JSTUSDT": 0.045937,
  "IMXUSDT": 0.159,
  "SPACEUSDT": 0.009004,
  "WCTUSDT": 0.05777,
  "GRTUSDT": 0.02608,
  "TAGUSDT": 0.0003805,
  "BIRBUSDT": 0.15964,
  "API3USDT": 0.2845,
  "OGUSDT": 2.959,
  "CFXUSDT": 0.04845,
  "MOODENGUSDT": 0.05102,
  "AKEUSDT": 0.0003462,
  "MMTUSDT": 0.1203,
  "FLOWUSDT": 0.03511,
  "AGTUSDT": 0.004985,
  "QNTUSDT": 63.14,
  "COAIUSDT": 0.3046,
  "SPKUSDT": 0.02031,
  "IOTAUSDT": 0.0662,
  "ZORAUSDT": 0.01897,
  "ZRXUSDT": 0.1034,
  "1INCHUSDT": 0.0876,
  "COWUSDT": 0.2196,
  "LRCUSDT": 0.03302,
  "SFPUSDT": 0.2508,
  "KAIAUSDT": 0.05298,
  "LIGHTUSDT": 0.2185,
  "RUNEUSDT": 0.3884,
  "LUNA2USDT": 0.06124,
  "IOUSDT": 0.1101,
  "PTBUSDT": 0.001261,
  "NEIROUSDT": 6.67e-05,
  "THETAUSDT": 0.1863,
  "ARKMUSDT": 0.1062,
  "FHEUSDT": 0.02911,
  "VELVETUSDT": 0.08834,
  "YFIUSDT": 2638.0,
  "4USDT": 0.00763,
  "BREVUSDT": 0.1298,
  "SAHARAUSDT": 0.01496,
  "FIGHTUSDT": 0.007134,
  "AXLUSDT": 0.05049,
  "SIGNUSDT": 0.02294,
  "EGLDUSDT": 4.243,
  "IDOLUSDT": 0.02274,
  "KASUSDT": 0.02932,
  "ANIMEUSDT": 0.004719,
  "GASUSDT": 1.538,
  "UMAUSDT": 0.4488,
  "TNSRUSDT": 0.04825,
  "KGENUSDT": 0.18078,
  "PROVEUSDT": 0.2834,
  "FOLKSUSDT": 1.221,
  "XNYUSDT": 0.005144,
  "AIAUSDT": 0.08476,
  "BLUAIUSDT": 0.005076,
  "KERNELUSDT": 0.07736,
  "TWTUSDT": 0.4979,
  "ACTUSDT": 0.01372,
  "RPLUSDT": 1.943,
  "GMTUSDT": 0.01099,
  "BOMEUSDT": 0.0003753,
  "AINUSDT": 0.0425,
  "AIOUSDT": 0.07666,
  "AUSDT": 0.0776,
  "OPENUSDT": 0.1461,
  "MINAUSDT": 0.05826,
  "MAGICUSDT": 0.06324,
  "PEOPLEUSDT": 0.00625,
  "TSTUSDT": 0.00955,
  "BATUSDT": 0.1161,
  "GRASSUSDT": 0.1769,
  "NOMUSDT": 0.004557,
  "MEGAUSDT": 0.12935,
  "BSVUSDT": 15.1,
  "POPCATUSDT": 0.04662,
  "AVAAIUSDT": 0.00692,
  "CATIUSDT": 0.03807,
  "YBUSDT": 0.1563,
  "SUSHIUSDT": 0.1942,
  "MANTAUSDT": 0.06455,
  "TURBOUSDT": 0.0009797,
  "SOPHUSDT": 0.008839,
  "STOUSDT": 0.05746,
  "ZBTUSDT": 0.06999,
  "ACHUSDT": 0.007074,
  "TUTUSDT": 0.00973,
  "ZKCUSDT": 0.0831,
  "VELODROMEUSDT": 0.01429,
  "SUPERUSDT": 0.1082,
  "SXTUSDT": 0.02262,
  "XPTUSDT": 2173.71,
  "FUSDT": 0.005519,
  "BABYUSDT": 0.01199,
  "SWARMSUSDT": 0.00628,
  "LAYERUSDT": 0.0809,
  "STORJUSDT": 0.0924,
  "GLMUSDT": 0.14894,
  "KSMUSDT": 4.637,
  "DAMUSDT": 0.02263,
  "XVGUSDT": 0.00579,
  "NILUSDT": 0.0476,
  "BLURUSDT": 0.01937,
  "SAPIENUSDT": 0.08708,
  "SOONUSDT": 0.1629,
  "ICNTUSDT": 0.3839,
  "MASKUSDT": 0.411,
  "ARPAUSDT": 0.00954,
  "AIXBTUSDT": 0.01865,
  "ASRUSDT": 1.349,
  "CVXUSDT": 1.76,
  "INUSDT": 0.06581,
  "TAKEUSDT": 0.02181,
  "PROMPTUSDT": 0.04502,
  "SOLVUSDT": 0.00428,
  "ONTUSDT": 0.0398,
  "CTSIUSDT": 0.0244,
  "RAREUSDT": 0.01794,
  "ALTUSDT": 0.00734,
  "BELUSDT": 0.0954,
  "TRUTHUSDT": 0.009312,
  "KOMAUSDT": 0.00773,
  "RAYSOLUSDT": 0.5887,
  "ANKRUSDT": 0.004214,
  "SUNUSDT": 0.016421,
  "C98USDT": 0.0249,
  "SONICUSDT": 0.04547,
  "EDENUSDT": 0.03224,
  "MEMEUSDT": 0.0006344,
  "MUBARAKUSDT": 0.01379,
  "SANTOSUSDT": 1.597,
  "DRIFTUSDT": 0.0816,
  "CELOUSDT": 0.074,
  "CRCLUSDT": 61.83,
  "ERAUSDT": 0.1422,
  "THEUSDT": 0.2396,
  "MELANIAUSDT": 0.1096,
  "AKTUSDT": 0.3009,
  "FRAXUSDT": 0.6552,
  "DEGOUSDT": 0.3145,
  "BASUSDT": 0.005948,
  "GMXUSDT": 6.424,
  "POLYXUSDT": 0.04099,
  "BIGTIMEUSDT": 0.01445,
  "RSRUSDT": 0.001417,
  "WETUSDT": 0.0817,
  "KMNOUSDT": 0.02293,
  "KAVAUSDT": 0.0471,
  "IDUSDT": 0.043,