{
  "BTCUSDT": 69446.2,
  "ETHUSDT": 2057.21,
  "SOLUSDT": 87.77,
  "XRPUSDT": 1.5177,
  "BNBUSDT": 631.3,
  "DOGEUSDT": 0.11213,
  "BCHUSDT": 563.71,
  "HYPEUSDT": 31.294,
  "PAXGUSDT": 5027.3,
  "ZECUSDT": 325.23,
  "XAGUSDT": 77.46,
  "XAUUSDT": 5036.93,
  "SUIUSDT": 1.0227,
  "1000PEPEUSDT": 0.0047965,
  "TRXUSDT": 0.28165,
  "ASTERUSDT": 0.725,
  "ADAUSDT": 0.2952,
  "LINKUSDT": 9.032,
  "PIPPINUSDT": 0.7348,
  "LTCUSDT": 55.67,
  "AVAXUSDT": 9.544,
  "UNIUSDT": 3.615,
  "PUMPUSDT": 0.002325,
  "ENAUSDT": 0.1286,
  "AAVEUSDT": 127.61,
  "WLFIUSDT": 0.1067,
  "NEARUSDT": 1.071,
  "LITUSDT": 1.681,
  "KITEUSDT": 0.19789,
  "WLDUSDT": 0.4251,
  "FILUSDT": 1.012,
  "TRUMPUSDT": 3.563,
  "XPLUSDT": 0.1025,
  "ARCUSDT": 0.08177,
  "TAOUSDT": 190.26,
  "ZROUSDT": 1.8549,
  "HUSDT": 0.19885,
  "DOTUSDT": 1.409,
  "1000SHIBUSDT": 0.006898,
  "TONUSDT": 1.4789,
  "RIVERUSDT": 13.522,
  "APTUSDT": 0.977,
  "BERAUSDT": 0.6877,
  "HBARUSDT": 0.10306,
  "XLMUSDT": 0.1744,
  "ATOMUSDT": 2.163,
  "XMRUSDT": 351.34,
  "ARBUSDT": 0.1195,
  "AXSUSDT": 1.453,
  "MONUSDT": 0.02293,
  "ICPUSDT": 2.522,
  "WIFUSDT": 0.2458,
  "FARTCOINUSDT": 0.2155,
  "PENGUUSDT": 0.007741,
  "DASHUSDT": 39.79,
  "IPUSDT": 1.228,
  "CRVUSDT": 0.264,
  "FFUSDT": 0.08385,
  "FETUSDT": 0.1781,
  "\u5e01\u5b89\u4eba\u751fUSDT": 0.11507,
  "1000BONKUSDT": 0.00706,
  "BTRUSDT": 0.20013,
  "ETCUSDT": 8.958,
  "BARDUSDT": 0.8239,
  "SPACEUSDT": 0.015246,
  "OPUSDT": 0.1956,
  "CHZUSDT": 0.04263,
  "POLUSDT": 0.10814,
  "PARTIUSDT": 0.11034,
  "VIRTUALUSDT": 0.6838,
  "TIAUSDT": 0.3552,
  "ONDOUSDT": 0.2916,
  "SENTUSDT": 0.02283,
  "BTCDOMUSDT": 5012.4,
  "JUPUSDT": 0.1674,
  "ETHFIUSDT": 0.5004,
  "ZKUSDT": 0.02302,
  "SEIUSDT": 0.0777,
  "ZAMAUSDT": 0.02096,
  "0GUSDT": 0.6225,
  "BANUSDT": 0.09326,
  "LDOUSDT": 0.3567,
  "ZENUSDT": 6.597,
  "PENDLEUSDT": 1.2818,
  "ALCHUSDT": 0.0857,
  "CCUSDT": 0.16408,
  "UBUSDT": 0.04675,
  "SKYUSDT": 0.06926,
  "KAITOUSDT": 0.3316,
  "INJUSDT": 3.255,
  "OMUSDT": 0.06267,
  "CYSUSDT": 0.5312,
  "RENDERUSDT": 1.498,
  "\u6211\u8e0f\u9a6c\u6765\u4e86USDT": 0.027341,
  "ATUSDT": 0.16174,
  "ENSOUSDT": 1.1434,
  "BANANAS31USDT": 0.004991,
  "OGUSDT": 5.095,
  "1000RATSUSDT": 0.04853,
  "STABLEUSDT": 0.022725,
  "SANDUSDT": 0.09171,
  "HANAUSDT": 0.03951,
  "NIGHTUSDT": 0.05945,
  "GIGGLEUSDT": 33.85,
  "QUSDT": 0.021136,
  "STRKUSDT": 0.05084,
  "MSTRUSDT": 135.39,
  "DUSKUSDT": 0.10727,
  "PYTHUSDT": 0.05701,
  "ROSEUSDT": 0.01325,
  "HOMEUSDT": 0.028015,
  "AWEUSDT": 0.0893,
  "POWERUSDT": 0.24297,
  "SKYAIUSDT": 0.03895,
  "CAKEUSDT": 1.3415,
  "ALGOUSDT": 0.099,
  "TRADOORUSDT": 1.389,
  "PIEVERSEUSDT": 0.4288,
  "COMPUSDT": 19.94,
  "USDCUSDT": 0.99994,
  "METUSDT": 0.2277,
  "MYXUSDT": 2.164,
  "GPSUSDT": 0.011764,
  "GALAUSDT": 0.00429,
  "MORPHOUSDT": 1.373,
  "ZILUSDT": 0.00453,
  "LYNUSDT": 0.22049,
  "AVNTUSDT": 0.2087,
  "ESPUSDT": 0.05851,
  "MUSDT": 1.3224,
  "ENSUSDT": 6.794,
  "LINEAUSDT": 0.003883,
  "AEROUSDT": 0.3334,
  "AUCTIONUSDT": 5.426,
  "SUSDT": 0.05009,
  "BUSDT": 0.1476,
  "MOVEUSDT": 0.02545,
  "GUNUSDT": 0.02412,
  "EIGENUSDT": 0.2177,
  "MEUSDT": 0.1545,
  "B2USDT": 0.7078,
  "VVVUSDT": 3.234,
  "VETUSDT": 0.00877,
  "COLLECTUSDT": 0.0756,
  "MOODENGUSDT": 0.06337,
  "ZKPUSDT": 0.09673,
  "BEAMXUSDT": 0.002504,
  "BIRBUSDT": 0.20045,
  "BIOUSDT": 0.02595,
  "XTZUSDT": 0.419,
  "PNUTUSDT": 0.0538,
  "FORMUSDT": 0.227,
  "HUMAUSDT": 0.013519,
  "LAUSDT": 0.2199,
  "SYRUPUSDT": 0.27933,
  "BEATUSDT": 0.2912,
  "DYDXUSDT": 0.112,
  "TSLAUSDT": 417.81,
  "TAKEUSDT": 0.04515,
  "1000LUNCUSDT": 0.03454,
  "NEOUSDT": 2.941,
  "XPINUSDT": 0.001543,
  "SIRENUSDT": 0.14444,
  "RESOLVUSDT": 0.06218,
  "JELLYJELLYUSDT": 0.05732,
  "LPTUSDT": 2.49,
  "ORDIUSDT": 2.942,
  "BULLAUSDT": 0.02397,
  "RAVEUSDT": 0.37735,
  "SOMIUSDT": 0.1974,
  "GUAUSDT": 0.14532,
  "FOGOUSDT": 0.02296,
  "NXPCUSDT": 0.2864,
  "LRCUSDT": 0.03381,
  "1000FLOKIUSDT": 0.03437,
  "ESPORTSUSDT": 0.35136,
  "STXUSDT": 0.2758,
  "FHEUSDT": 0.04135,
  "AIAUSDT": 0.12116,
  "ATHUSDT": 0.006379,
  "MERLUSDT": 0.05999,
  "COWUSDT": 0.2129,
  "XNYUSDT": 0.006663,
  "ALLOUSDT": 0.08476,
  "JTOUSDT": 0.2842,
  "CLOUSDT": 0.08953,
  "VANAUSDT": 1.639,
  "COAIUSDT": 0.4105,
  "STGUSDT": 0.1614,
  "PLUMEUSDT": 0.01168,
  "TRBUSDT": 16.409,
  "WCTUSDT": 0.06585,
  "API3USDT": 0.3218,
  "ARUSDT": 2.113,
  "EDUUSDT": 0.1287,
  "NMRUSDT": 8.846,
  "BANKUSDT": 0.03996,
  "2ZUSDT": 0.08066,
  "CFXUSDT": 0.05685,
  "JASMYUSDT": 0.006195,
  "TRIAUSDT": 0.01941,
  "EULUSDT": 1.065,
  "FLOWUSDT": 0.04505,
  "SPXUSDT": 0.3389,
  "WUSDT": 0.02128,
  "XVGUSDT": 0.006467,
  "4USDT": 0.01103,
  "GWEIUSDT": 0.027313,
  "QNTUSDT": 73.41,
  "MANAUSDT": 0.1073,
  "LIGHTUSDT": 0.2483,
  "BREVUSDT": 0.1531,
  "ZKCUSDT": 0.1009,
  "KAIAUSDT": 0.06025,
  "APEUSDT": 0.1343,
  "TAGUSDT": 0.0003917,
  "UAIUSDT": 0.245,
  "IRYSUSDT": 0.04338,
  "TAUSDT": 0.03684,
  "AZTECUSDT": 0.02251,
  "ACTUSDT": 0.01604,
  "NEIROUSDT": 8.16e-05,
  "GRTUSDT": 0.02876,
  "MMTUSDT": 0.1399,
  "1INCHUSDT": 0.0985,
  "SFPUSDT": 0.2767,
  "THETAUSDT": 0.2185,
  "IMXUSDT": 0.1736,
  "MASKUSDT": 0.5053,
  "ZORAUSDT": 0.02195,
  "MUBARAKUSDT": 0.01838,
  "JSTUSDT": 0.041347,
  "SPKUSDT": 0.023,
  "BOMEUSDT": 0.0004467,
  "IOTAUSDT": 0.0718,
  "AGTUSDT": 0.004929,
  "ZRXUSDT": 0.1139,
  "FOLKSUSDT": 1.48,
  "USELESSUSDT": 0.04417,
  "YFIUSDT": 2905.0,
  "C98USDT": 0.0318,
  "EGLDUSDT": 5.221,
  "FIGHTUSDT": 0.007009,
  "TNSRUSDT": 0.05582,
  "FRAXUSDT": 0.6539,
  "SKRUSDT": 0.023527,
  "GRASSUSDT": 0.2197,
  "AXLUSDT": 0.06396,
  "RUNEUSDT": 0.4166,
  "TSTUSDT": 0.01182,
  "ANIMEUSDT": 0.005808,
  "FUSDT": 0.006467,
  "NOMUSDT": 0.005668,
  "POPCATUSDT": 0.0601,
  "MEGAUSDT": 0.12939,
  "BSVUSDT": 17.06,
  "PROVEUSDT": 0.3391,
  "TURBOUSDT": 0.0011888,
  "TWTUSDT": 0.5276,
  "PTBUSDT": 0.001376,
  "NILUSDT": 0.05633,
  "SNXUSDT": 0.307,
  "MINAUSDT": 0.06858,
  "MANTAUSDT": 0.07884,
  "ICNTUSDT": 0.4714,
  "AUSDT": 0.0892,
  "ACHUSDT": 0.007987,
  "KASUSDT": 0.03305,
  "PEOPLEUSDT": 0.00731,
  "ARKMUSDT": 0.1243,
  "BASUSDT": 0.006952,
  "ONUSDT": 0.11532,
  "GASUSDT": 1.711,
  "YBUSDT": 0.1842,
  "BLUAIUSDT": 0.00602,
  "GMTUSDT": 0.01304,
  "TUTUSDT": 0.01185,
  "KGENUSDT": 0.17521,
  "NAORISUSDT": 0.03486,
  "SIGNUSDT": 0.02887,
  "SAHARAUSDT": 0.01658,
  "SOPHUSDT": 0.01019,
  "BATUSDT": 0.1349,
  "AVAAIUSDT": 0.00805,
  "MAGICUSDT": 0.07126,
  "CYBERUSDT": 0.5856,
  "OPENUSDT": 0.1732,
  "LAYERUSDT": 0.0946,
  "SWARMSUSDT": 0.00769,
  "MEMEUSDT": 0.0007692,
  "CATIUSDT": 0.04325,
  "ZBTUSDT": 0.07416,
  "AKEUSDT": 0.0003041,
  "BABYUSDT": 0.01399,
  "SANTOSUSDT": 1.901,
  "TRUTHUSDT": 0.015012,
  "DEEPUSDT": 0.02855,
  "SOONUSDT": 0.1907,
  "BLURUSDT": 0.0222,
  "CELOUSDT": 0.089,
  "SUSHIUSDT": 0.2179,
  "SONICUSDT": 0.0501,
  "AIOUSDT": 0.08079,
  "YGGUSDT": 0.04275,
  "THEUSDT": 0.2775,
  "IOUSDT": 0.1121,
  "LUNA2USDT": 0.06423,
  "SUPERUSDT": 0.1328,
  "ONTUSDT": 0.0479,
  "AIXBTUSDT": 0.0226,
  "BROCCOLI714USDT": 0.01516,
  "SOLVUSDT": 0.00509,
  "IDOLUSDT": 0.02042,
  "GLMUSDT": 0.19776,
  "VELODROMEUSDT": 0.01518,
  "INUSDT": 0.06639,
  "XPTUSDT": 2069.5,
  "SUNUSDT": 0.017621,
  "STOUSDT": 0.05712,
  "ALTUSDT": 0.00903,
  "CTSIUSDT": 0.0281,
  "SYNUSDT": 0.04949,
  "ZEREBROUSDT": 0.00873,
  "WALUSDT": 0.0876,
  "MELANIAUSDT": 0.1234,
  "ASRUSDT": 1.457,
  "INITUSDT": 0.07064,
  "IDUSDT": 0.05507,
  "RAREUSDT": 0.02052,
  "DYMUSDT": 0.04702,
  "QTUMUSDT": 1.027,
  "HYPERUSDT": 0.1064,
  "ANKRUSDT": 0.004773,
  "RSRUSDT": 0.001662,
  "ERAUSDT": 0.1634,
  "HEMIUSDT": 0.01055,
  "KERNELUSDT": 0.06755,
  "CVXUSDT": 1.983,
  "BANANAUSDT": 4.85,
  "SKLUSDT": 0.00714,
  "NOTUSDT": 0.0004313,
  "TOSHIUSDT": 0.0002445,
  "DEXEUSDT": 2.419,
  "AINUSDT": 0.03525,
  "KAVAUSDT": 0.058,
  "EDENUSDT": 0.03421,
  "VELVETUSDT": 0.07949,
  "LISTAUSDT": 0.0956,
  "GUSDT": 0.004142,
  "KMNOUSDT": 0.03051,
  "ORCAUSDT": 0.816,
  "STBLUSDT": 0.04027,
  "POLYXUSDT": 0.04689,
  "ARPAUSDT": 0.01039,
  "DRIFTUSDT": 0.0992,