{
  "BTCUSDT": 67981.6,
  "ETHUSDT": 2055.07,
  "SOLUSDT": 86.71,
  "XRPUSDT": 1.4346,
  "BNBUSDT": 623.44,
  "DOGEUSDT": 0.09836,
  "BCHUSDT": 500.56,
  "HYPEUSDT": 28.382,
  "XAUUSDT": 5166.5,
  "XAGUSDT": 87.19,
  "PAXGUSDT": 5175.41,
  "WLFIUSDT": 0.1151,
  "ADAUSDT": 0.2891,
  "UNIUSDT": 4.0,
  "ZECUSDT": 242.41,
  "TRXUSDT": 0.28623,
  "SUIUSDT": 0.9409,
  "LINKUSDT": 9.198,
  "AVAXUSDT": 9.247,
  "ASTERUSDT": 0.7047,
  "PIPPINUSDT": 0.83767,
  "LTCUSDT": 55.8,
  "1000PEPEUSDT": 0.0039573,
  "ENAUSDT": 0.1097,
  "PUMPUSDT": 0.001773,
  "DOTUSDT": 1.578,
  "KITEUSDT": 0.27465,
  "NEARUSDT": 1.12,
  "AAVEUSDT": 114.86,
  "WLDUSDT": 0.4031,
  "FILUSDT": 1.006,
  "TRUMPUSDT": 3.493,
  "LITUSDT": 1.445,
  "XPLUSDT": 0.0965,
  "TAOUSDT": 183.7,
  "TONUSDT": 1.2794,
  "HBARUSDT": 0.10192,
  "POWERUSDT": 1.52714,
  "APTUSDT": 0.9528,
  "1000SHIBUSDT": 0.006066,
  "ZROUSDT": 1.5014,
  "XLMUSDT": 0.16331,
  "ATOMUSDT": 1.893,
  "BERAUSDT": 0.6155,
  "RIVERUSDT": 10.666,
  "ARBUSDT": 0.0986,
  "AXSUSDT": 1.361,
  "ICPUSDT": 2.396,
  "XMRUSDT": 339.0,
  "WIFUSDT": 0.2098,
  "MONUSDT": 0.02168,
  "OPUSDT": 0.1213,
  "CRVUSDT": 0.252,
  "SIRENUSDT": 0.5376,
  "FETUSDT": 0.163,
  "ARCUSDT": 0.03276,
  "FFUSDT": 0.08096,
  "PENGUUSDT": 0.007012,
  "VIRTUALUSDT": 0.6935,
  "ETCUSDT": 8.924,
  "1000BONKUSDT": 0.006246,
  "ESPUSDT": 0.13805,
  "FARTCOINUSDT": 0.1694,
  "POLUSDT": 0.10977,
  "ENSOUSDT": 1.5769,
  "PARTIUSDT": 0.09635,
  "IPUSDT": 1.022,
  "ETHFIUSDT": 0.5141,
  "ONDOUSDT": 0.269,
  "BANUSDT": 0.11569,
  "TIAUSDT": 0.3377,
  "BTCDOMUSDT": 5002.0,
  "HUSDT": 0.13604,
  "\u5e01\u5b89\u4eba\u751fUSDT": 0.06237,
  "CHZUSDT": 0.03337,
  "SENTUSDT": 0.02345,
  "INJUSDT": 3.189,
  "CCUSDT": 0.17296,
  "DASHUSDT": 34.97,
  "BARDUSDT": 0.821,
  "STABLEUSDT": 0.034092,
  "0GUSDT": 0.6536,
  "SEIUSDT": 0.0706,
  "ZKUSDT": 0.01976,
  "JUPUSDT": 0.1562,
  "ZAMAUSDT": 0.0239,
  "DENTUSDT": 0.000414,
  "KAITOUSDT": 0.3236,
  "GUAUSDT": 0.24635,
  "ALCHUSDT": 0.08123,
  "PENDLEUSDT": 1.2858,
  "LDOUSDT": 0.317,
  "MORPHOUSDT": 1.844,
  "SKYAIUSDT": 0.04408,
  "LYNUSDT": 0.33602,
  "UBUSDT": 0.04783,
  "RENDERUSDT": 1.462,
  "BANANAS31USDT": 0.004794,
  "PIEVERSEUSDT": 0.5266,
  "HOMEUSDT": 0.029707,
  "ATUSDT": 0.15958,
  "QUSDT": 0.020976,
  "SANDUSDT": 0.08525,
  "NIGHTUSDT": 0.05903,
  "1000RATSUSDT": 0.04224,
  "BIOUSDT": 0.02419,
  "CAKEUSDT": 1.3082,
  "ZENUSDT": 5.59,
  "GPSUSDT": 0.009183,
  "MYXUSDT": 0.378,
  "VVVUSDT": 3.988,
  "STRKUSDT": 0.04409,
  "GUNUSDT": 0.03072,
  "DUSKUSDT": 0.09014,
  "ALGOUSDT": 0.0896,
  "BULLAUSDT": 0.01748,
  "BTRUSDT": 0.19285,
  "GIGGLEUSDT": 26.61,
  "AEROUSDT": 0.3771,
  "HANAUSDT": 0.03468,
  "GALAUSDT": 0.00374,
  "MUSDT": 1.3619,
  "USDCUSDT": 0.999406,
  "OPNUSDT": 0.5768,
  "ALLOUSDT": 0.10653,
  "AZTECUSDT": 0.02423,
  "APEUSDT": 0.1062,
  "SKYUSDT": 0.06929,
  "JTOUSDT": 0.28,
  "BUSDT": 0.137,
  "TRADOORUSDT": 1.453,
  "LAUSDT": 0.2354,
  "MSTRUSDT": 133.98,
  "METUSDT": 0.1825,
  "EIGENUSDT": 0.2005,
  "SYRUPUSDT": 0.23972,
  "ZILUSDT": 0.00418,
  "GWEIUSDT": 0.034647,
  "XPINUSDT": 0.001572,
  "FOGOUSDT": 0.0289,
  "B2USDT": 0.732,
  "BEAMXUSDT": 0.001984,
  "PYTHUSDT": 0.05247,
  "ROSEUSDT": 0.01274,
  "HUMAUSDT": 0.011638,
  "VETUSDT": 0.007624,
  "\u6211\u8e0f\u9a6c\u6765\u4e86USDT": 0.012215,
  "SKRUSDT": 0.02168,
  "ORCAUSDT": 0.908,
  "TSLAUSDT": 414.67,
  "COLLECTUSDT": 0.04666,
  "AVNTUSDT": 0.1787,
  "JELLYJELLYUSDT": 0.06348,
  "ORDIUSDT": 2.453,
  "RAVEUSDT": 0.34288,
  "LINEAUSDT": 0.003175,
  "NEOUSDT": 2.777,
  "SNXUSDT": 0.364,
  "MOVEUSDT": 0.02196,
  "NXPCUSDT": 0.2728,
  "DYDXUSDT": 0.098,
  "SOMIUSDT": 0.2196,
  "ZKPUSDT": 0.08499,
  "AWEUSDT": 0.05235,
  "ESPORTSUSDT": 0.32271,
  "AXLUSDT": 0.05631,
  "SUSDT": 0.04126,
  "FORMUSDT": 0.1947,
  "CYBERUSDT": 0.535,
  "COMPUSDT": 18.42,
  "UAIUSDT": 0.2967,
  "XTZUSDT": 0.391,
  "LPTUSDT": 2.34,
  "AUCTIONUSDT": 4.915,
  "PNUTUSDT": 0.04667,
  "AGLDUSDT": 0.2801,
  "CRCLUSDT": 82.28,
  "MEUSDT": 0.1198,
  "ARUSDT": 1.682,
  "STXUSDT": 0.261,
  "1000FLOKIUSDT": 0.02947,
  "ENSUSDT": 6.372,
  "1000LUNCUSDT": 0.03622,
  "STGUSDT": 0.1315,
  "CLOUSDT": 0.09693,
  "CYSUSDT": 0.3708,
  "TRIAUSDT": 0.02052,
  "YGGUSDT": 0.03986,
  "JASMYUSDT": 0.00593,
  "TRBUSDT": 14.563,
  "SPXUSDT": 0.3195,
  "WUSDT": 0.01942,
  "RESOLVUSDT": 0.06291,
  "WETUSDT": 0.11234,
  "BEATUSDT": 0.2017,
  "API3USDT": 0.2929,
  "EULUSDT": 1.041,
  "PLUMEUSDT": 0.00937,
  "USELESSUSDT": 0.0425,
  "KASUSDT": 0.03312,
  "STEEMUSDT": 0.06719,
  "IMXUSDT": 0.1696,
  "DEXEUSDT": 3.447,
  "BANKUSDT": 0.03879,
  "VANAUSDT": 1.457,
  "2ZUSDT": 0.07767,
  "MERLUSDT": 0.04545,
  "EDUUSDT": 0.1109,
  "INITUSDT": 0.07697,
  "ATHUSDT": 0.005159,
  "CFXUSDT": 0.05063,
  "SPACEUSDT": 0.008928,
  "AKEUSDT": 0.0003185,
  "IOTAUSDT": 0.0701,
  "JSTUSDT": 0.046961,
  "GRASSUSDT": 0.2277,
  "OGUSDT": 3.038,
  "MANAUSDT": 0.0967,
  "FLOWUSDT": 0.0364,
  "GRTUSDT": 0.02693,
  "NMRUSDT": 7.859,
  "WCTUSDT": 0.05929,
  "MMTUSDT": 0.1219,
  "TAUSDT": 0.03734,
  "QNTUSDT": 65.07,
  "COAIUSDT": 0.3127,
  "AGTUSDT": 0.005077,
  "NAORISUSDT": 0.03198,
  "MOODENGUSDT": 0.05197,
  "LRCUSDT": 0.03496,
  "KERNELUSDT": 0.08806,
  "LIGHTUSDT": 0.2112,
  "SPKUSDT": 0.02086,
  "ZRXUSDT": 0.1104,
  "TAGUSDT": 0.0003508,
  "SFPUSDT": 0.2597,
  "1INCHUSDT": 0.0952,
  "4USDT": 0.00816,
  "RUNEUSDT": 0.4091,
  "ZORAUSDT": 0.01927,
  "THETAUSDT": 0.1949,
  "RPLUSDT": 2.035,
  "KAIAUSDT": 0.05634,
  "COWUSDT": 0.2213,
  "BREVUSDT": 0.1414,
  "IOUSDT": 0.1145,
  "NEIROUSDT": 7.06e-05,
  "ARKMUSDT": 0.1115,
  "BIRBUSDT": 0.16028,
  "SIGNUSDT": 0.02337,
  "EGLDUSDT": 4.544,
  "YFIUSDT": 2764.0,
  "LUNA2USDT": 0.06303,
  "XNYUSDT": 0.005854,
  "BATUSDT": 0.1151,
  "KSMUSDT": 5.085,
  "KGENUSDT": 0.18533,
  "PTBUSDT": 0.001173,
  "FHEUSDT": 0.02826,
  "PEOPLEUSDT": 0.0067,
  "FIGHTUSDT": 0.007236,
  "MEGAUSDT": 0.13377,
  "AIAUSDT": 0.08842,
  "POPCATUSDT": 0.04963,
  "BSVUSDT": 16.24,
  "XPTUSDT": 2278.26,
  "ANIMEUSDT": 0.00485,
  "AUSDT": 0.081,
  "OPENUSDT": 0.149,
  "GASUSDT": 1.605,
  "SUSHIUSDT": 0.2088,
  "TWTUSDT": 0.4946,
  "VELVETUSDT": 0.08656,
  "SAHARAUSDT": 0.01496,
  "ACTUSDT": 0.01395,
  "BLUAIUSDT": 0.005141,
  "SWARMSUSDT": 0.00727,
  "HOLOUSDT": 0.05734,
  "PROVEUSDT": 0.2873,
  "GMTUSDT": 0.01165,
  "BOMEUSDT": 0.0003933,
  "VELODROMEUSDT": 0.01664,
  "TSTUSDT": 0.00984,
  "MINAUSDT": 0.05931,
  "MAGICUSDT": 0.06387,
  "AVAAIUSDT": 0.00759,
  "FOLKSUSDT": 1.182,
  "YBUSDT": 0.1579,
  "TURBOUSDT": 0.0010291,
  "BABYUSDT": 0.01246,
  "AIXBTUSDT": 0.02008,
  "NOMUSDT": 0.003919,
  "STOUSDT": 0.05969,
  "AINUSDT": 0.04584,
  "SOPHUSDT": 0.009277,
  "ACHUSDT": 0.007239,
  "MEMEUSDT": 0.0006392,
  "ZBTUSDT": 0.07155,
  "MANTAUSDT": 0.0643,
  "TNSRUSDT": 0.04791,
  "CATIUSDT": 0.03869,
  "AIOUSDT": 0.07635,
  "TUTUSDT": 0.01021,
  "SUPERUSDT": 0.1148,
  "BLURUSDT": 0.02056,
  "LAYERUSDT": 0.0859,
  "UMAUSDT": 0.4572,
  "STBLUSDT": 0.04105,
  "NILUSDT": 0.04779,
  "SAPIENUSDT": 0.09127,
  "SOONUSDT": 0.1655,
  "FUSDT": 0.005731,
  "XVGUSDT": 0.005881,
  "SONICUSDT": 0.04946,
  "TRUTHUSDT": 0.009697,
  "MASKUSDT": 0.4332,
  "MUBARAKUSDT": 0.01378,
  "EDENUSDT": 0.03395,
  "SUNUSDT": 0.016141,
  "ASRUSDT": 1.37,
  "GRIFFAINUSDT": 0.00935,
  "ICNTUSDT": 0.3884,
  "TAKEUSDT": 0.01887,
  "RAREUSDT": 0.01866,
  "CELOUSDT": 0.079,
  "SOLVUSDT": 0.00436,
  "INUSDT": 0.06846,
  "KOMAUSDT": 0.00806,
  "KMNOUSDT": 0.02198,
  "MELANIAUSDT": 0.1128,
  "ALTUSDT": 0.00757,
  "CTSIUSDT": 0.0246,
  "ANKRUSDT": 0.004343,
  "BELUSDT": 0.0979,
  "IDOLUSDT": 0.01956,
  "ZKCUSDT": 0.0846,
  "C98USDT": 0.024,
  "ONTUSDT": 0.0427,
  "GLMUSDT": 0.14669,
  "DRIFTUSDT": 0.0843,
  "ERAUSDT": 0.143,
  "RAYSOLUSDT": 0.6161,
  "ARPAUSDT": 0.00971,
  "STORJUSDT": 0.0962,
  "SANTOSUSDT": 1.456,
  "WALUSDT": 0.0778,
  "GMXUSDT": 6.898,
  "DAMUSDT": 0.02332,
  "DEGOUSDT": 0.3172,
  "PROMPTUSDT": 0.04704,
  "POLYXUSDT": 0.04284,
  "ELSAUSDT": 0.08807,
  "DUSDT": 0.00915,
  "RSRUSDT": 0.001499,
  "CVXUSDT": 1.85,
  "ARIAUSDT": 0.0759,