{
  "BTCUSDT": 69625.6,
  "ETHUSDT": 2075.03,
  "SOLUSDT": 86.0,
  "XRPUSDT": 1.4395,
  "BNBUSDT": 627.21,
  "BCHUSDT": 568.39,
  "DOGEUSDT": 0.0974,
  "HYPEUSDT": 31.588,
  "PAXGUSDT": 5026.16,
  "ZECUSDT": 287.21,
  "XAGUSDT": 77.48,
  "XAUUSDT": 5034.94,
  "TRXUSDT": 0.2823,
  "SUIUSDT": 0.981,
  "ASTERUSDT": 0.7164,
  "LINKUSDT": 8.961,
  "LTCUSDT": 55.68,
  "AVAXUSDT": 9.268,
  "UNIUSDT": 3.476,
  "ADAUSDT": 0.2786,
  "ENAUSDT": 0.1235,
  "1000PEPEUSDT": 0.0038359,
  "PUMPUSDT": 0.002125,
  "PIPPINUSDT": 0.62037,
  "AAVEUSDT": 125.94,
  "KITEUSDT": 0.21033,
  "WLFIUSDT": 0.1041,
  "NEARUSDT": 1.036,
  "LITUSDT": 1.612,
  "WLDUSDT": 0.4062,
  "FILUSDT": 0.965,
  "TRUMPUSDT": 3.44,
  "ARCUSDT": 0.07846,
  "HUSDT": 0.21171,
  "TAOUSDT": 202.49,
  "XPLUSDT": 0.0977,
  "ZROUSDT": 1.8367,
  "DOTUSDT": 1.358,
  "HBARUSDT": 0.10381,
  "TONUSDT": 1.4604,
  "APTUSDT": 0.9633,
  "1000SHIBUSDT": 0.0064,
  "BERAUSDT": 0.691,
  "ATOMUSDT": 2.129,
  "XLMUSDT": 0.16854,
  "XMRUSDT": 355.62,
  "AXSUSDT": 1.453,
  "RIVERUSDT": 14.284,
  "MONUSDT": 0.0229,
  "ARBUSDT": 0.1172,
  "ICPUSDT": 2.422,
  "DASHUSDT": 40.11,
  "WIFUSDT": 0.2277,
  "FARTCOINUSDT": 0.194,
  "CRVUSDT": 0.254,
  "PENGUUSDT": 0.006904,
  "IPUSDT": 1.148,
  "FFUSDT": 0.08041,
  "FETUSDT": 0.1719,
  "ETCUSDT": 8.727,
  "1000BONKUSDT": 0.006398,
  "BARDUSDT": 0.8008,
  "OPUSDT": 0.1931,
  "PARTIUSDT": 0.11259,
  "CHZUSDT": 0.04239,
  "POLUSDT": 0.1025,
  "\u5e01\u5b89\u4eba\u751fUSDT": 0.10218,
  "TIAUSDT": 0.3432,
  "BTCDOMUSDT": 5086.4,
  "VIRTUALUSDT": 0.6624,
  "SENTUSDT": 0.02278,
  "ONDOUSDT": 0.2771,
  "JUPUSDT": 0.1555,
  "ZKUSDT": 0.0227,
  "ZAMAUSDT": 0.02066,
  "SEIUSDT": 0.0758,
  "0GUSDT": 0.6203,
  "ETHFIUSDT": 0.4778,
  "BANUSDT": 0.09567,
  "ZENUSDT": 6.677,
  "UBUSDT": 0.04887,
  "LDOUSDT": 0.3538,
  "CCUSDT": 0.16408,
  "PENDLEUSDT": 1.2737,
  "BTRUSDT": 0.16358,
  "ALCHUSDT": 0.08454,
  "RENDERUSDT": 1.442,
  "SKYUSDT": 0.06822,
  "KAITOUSDT": 0.33,
  "INJUSDT": 3.181,
  "ATUSDT": 0.15997,
  "POWERUSDT": 0.28661,
  "1000RATSUSDT": 0.04875,
  "ENSOUSDT": 1.1621,
  "OMUSDT": 0.05678,
  "AWEUSDT": 0.09761,
  "OGUSDT": 4.999,
  "SANDUSDT": 0.08863,
  "\u6211\u8e0f\u9a6c\u6765\u4e86USDT": 0.026088,
  "CYSUSDT": 0.4666,
  "STABLEUSDT": 0.023616,
  "DUSKUSDT": 0.11159,
  "TAKEUSDT": 0.05548,
  "GIGGLEUSDT": 32.27,
  "STRKUSDT": 0.05021,
  "MSTRUSDT": 136.4,
  "BANANAS31USDT": 0.00455,
  "NIGHTUSDT": 0.05662,
  "QUSDT": 0.02,
  "COMPUSDT": 19.8,
  "ROSEUSDT": 0.01261,
  "SKYAIUSDT": 0.03967,
  "HANAUSDT": 0.03587,
  "HOMEUSDT": 0.027336,
  "GPSUSDT": 0.011505,
  "PIEVERSEUSDT": 0.4264,
  "ALGOUSDT": 0.0971,
  "CAKEUSDT": 1.3185,
  "MYXUSDT": 2.489,
  "METUSDT": 0.2221,
  "USDCUSDT": 0.999989,
  "TRADOORUSDT": 1.321,
  "ZILUSDT": 0.00452,
  "LYNUSDT": 0.21038,
  "GALAUSDT": 0.00416,
  "AVNTUSDT": 0.2033,
  "MUSDT": 1.3877,
  "AUCTIONUSDT": 5.311,
  "PYTHUSDT": 0.05349,
  "ENSUSDT": 6.855,
  "GUNUSDT": 0.02578,
  "LINEAUSDT": 0.003732,
  "COLLECTUSDT": 0.07485,
  "SUSDT": 0.04977,
  "MEUSDT": 0.1549,
  "VVVUSDT": 2.636,
  "BUSDT": 0.146,
  "EIGENUSDT": 0.2119,
  "B2USDT": 0.6988,
  "XTZUSDT": 0.416,
  "LPTUSDT": 2.462,
  "BIRBUSDT": 0.2023,
  "VETUSDT": 0.008359,
  "BEAMXUSDT": 0.002444,
  "TSLAUSDT": 417.79,
  "AEROUSDT": 0.3135,
  "MORPHOUSDT": 1.2449,
  "LAUSDT": 0.2184,
  "HUMAUSDT": 0.013306,
  "SYRUPUSDT": 0.27607,
  "BIOUSDT": 0.02509,
  "XPINUSDT": 0.001509,
  "ZKPUSDT": 0.09306,
  "DYDXUSDT": 0.108,
  "AIAUSDT": 0.13237,
  "BEATUSDT": 0.278,
  "MOVEUSDT": 0.02417,
  "1000LUNCUSDT": 0.03381,
  "ESPUSDT": 0.06215,
  "RESOLVUSDT": 0.06243,
  "NEOUSDT": 2.878,
  "BULLAUSDT": 0.02438,
  "FORMUSDT": 0.2174,
  "PNUTUSDT": 0.04976,
  "RAVEUSDT": 0.36571,
  "JELLYJELLYUSDT": 0.05594,
  "CLOUSDT": 0.08537,
  "ORDIUSDT": 2.883,
  "FOGOUSDT": 0.02274,
  "BANKUSDT": 0.04368,
  "LRCUSDT": 0.03384,
  "NXPCUSDT": 0.2862,
  "SOMIUSDT": 0.1963,
  "MOODENGUSDT": 0.05532,
  "FHEUSDT": 0.04241,
  "SIRENUSDT": 0.12893,
  "GUAUSDT": 0.14064,
  "STXUSDT": 0.2723,
  "ESPORTSUSDT": 0.36081,
  "VANAUSDT": 1.634,
  "SPACEUSDT": 0.007756,
  "ATHUSDT": 0.00651,
  "ALLOUSDT": 0.08592,
  "STGUSDT": 0.1595,
  "XNYUSDT": 0.006531,
  "COAIUSDT": 0.4024,
  "PLUMEUSDT": 0.01176,
  "MERLUSDT": 0.05472,
  "WCTUSDT": 0.06625,
  "TRBUSDT": 15.691,
  "1000FLOKIUSDT": 0.03111,
  "JTOUSDT": 0.2718,
  "ARUSDT": 2.056,
  "API3USDT": 0.3191,
  "NMRUSDT": 8.582,
  "TRIAUSDT": 0.01999,
  "CFXUSDT": 0.05531,
  "EDUUSDT": 0.1279,
  "FLOWUSDT": 0.04382,
  "JASMYUSDT": 0.006213,
  "AZTECUSDT": 0.02311,
  "2ZUSDT": 0.07912,
  "MANAUSDT": 0.1032,
  "WUSDT": 0.02116,
  "QNTUSDT": 73.2,
  "ZKCUSDT": 0.1012,
  "4USDT": 0.0104,
  "SPXUSDT": 0.309,
  "XVGUSDT": 0.006525,
  "EULUSDT": 0.98,
  "GWEIUSDT": 0.026138,
  "IRYSUSDT": 0.04299,
  "NAORISUSDT": 0.03001,
  "TNSRUSDT": 0.0558,
  "ZORAUSDT": 0.02179,
  "KAIAUSDT": 0.05891,
  "BREVUSDT": 0.1468,
  "TAGUSDT": 0.0003804,
  "LIGHTUSDT": 0.2429,
  "TAUSDT": 0.03662,
  "1INCHUSDT": 0.0983,
  "GRTUSDT": 0.02813,
  "THETAUSDT": 0.2194,
  "UAIUSDT": 0.2334,
  "C98USDT": 0.0319,
  "APEUSDT": 0.1313,
  "EGLDUSDT": 5.19,
  "SPKUSDT": 0.0229,
  "JSTUSDT": 0.042451,
  "ZRXUSDT": 0.1118,
  "IMXUSDT": 0.168,
  "MMTUSDT": 0.136,
  "MANTAUSDT": 0.081,
  "RUNEUSDT": 0.4194,
  "IOTAUSDT": 0.0697,
  "AGTUSDT": 0.004733,
  "ACTUSDT": 0.01496,
  "SFPUSDT": 0.2534,
  "FRAXUSDT": 0.6392,
  "SKRUSDT": 0.023172,
  "ANIMEUSDT": 0.005723,
  "NILUSDT": 0.05664,
  "AXLUSDT": 0.06213,
  "MEGAUSDT": 0.13143,
  "BOMEUSDT": 0.0004184,
  "BSVUSDT": 16.58,
  "PTBUSDT": 0.001432,
  "PROVEUSDT": 0.3315,
  "FUSDT": 0.006361,
  "NEIROUSDT": 7.68e-05,
  "NOMUSDT": 0.005521,
  "FOLKSUSDT": 1.422,
  "SNXUSDT": 0.299,
  "GRASSUSDT": 0.2024,
  "AUSDT": 0.0887,
  "GASUSDT": 1.702,
  "KASUSDT": 0.03291,
  "ARKMUSDT": 0.1231,
  "MINAUSDT": 0.06856,
  "TWTUSDT": 0.5167,
  "BATUSDT": 0.1331,
  "KGENUSDT": 0.17793,
  "DEEPUSDT": 0.029,
  "SOPHUSDT": 0.010009,
  "ICNTUSDT": 0.4572,
  "SIGNUSDT": 0.02874,
  "TSTUSDT": 0.01085,
  "YFIUSDT": 2943.0,
  "BLUAIUSDT": 0.005866,
  "PEOPLEUSDT": 0.00691,
  "LAYERUSDT": 0.0953,
  "FIGHTUSDT": 0.006386,
  "POPCATUSDT": 0.05205,
  "GMTUSDT": 0.0129,
  "SAHARAUSDT": 0.01661,
  "TUTUSDT": 0.01163,
  "CYBERUSDT": 0.586,
  "AVAAIUSDT": 0.00781,
  "TURBOUSDT": 0.0011185,
  "YBUSDT": 0.1717,
  "MAGICUSDT": 0.06992,
  "ACHUSDT": 0.007941,
  "ZBTUSDT": 0.07536,
  "SONICUSDT": 0.05028,
  "OPENUSDT": 0.1721,
  "IDOLUSDT": 0.02212,
  "SWARMSUSDT": 0.00756,
  "TRUTHUSDT": 0.015437,
  "BABYUSDT": 0.01391,
  "SOONUSDT": 0.1925,
  "SUSHIUSDT": 0.2128,
  "BLURUSDT": 0.0218,
  "SANTOSUSDT": 1.932,
  "CATIUSDT": 0.04187,
  "AKEUSDT": 0.0002779,
  "CELOUSDT": 0.088,
  "INUSDT": 0.06889,
  "LUNA2USDT": 0.06345,
  "SUPERUSDT": 0.1303,
  "THEUSDT": 0.2763,
  "YGGUSDT": 0.04283,
  "AIOUSDT": 0.07728,
  "ONTUSDT": 0.0472,
  "MUBARAKUSDT": 0.01723,
  "MEMEUSDT": 0.0007098,
  "BASUSDT": 0.005694,
  "TOSHIUSDT": 0.0002396,
  "IOUSDT": 0.1078,
  "GLMUSDT": 0.19886,
  "XPTUSDT": 2072.85,
  "STOUSDT": 0.05544,
  "ALTUSDT": 0.0089,
  "VELODROMEUSDT": 0.01494,
  "DYMUSDT": 0.04742,
  "STBLUSDT": 0.04272,
  "SUNUSDT": 0.017109,
  "SKLUSDT": 0.00707,
  "CTSIUSDT": 0.0272,
  "SYNUSDT": 0.04872,
  "SOLVUSDT": 0.00495,
  "COWUSDT": 0.2055,
  "KERNELUSDT": 0.06918,
  "ERAUSDT": 0.1662,
  "IDUSDT": 0.05457,
  "ASRUSDT": 1.451,
  "HYPERUSDT": 0.1066,
  "MASKUSDT": 0.4715,
  "ANKRUSDT": 0.004728,
  "QTUMUSDT": 1.006,
  "RAREUSDT": 0.02014,
  "WALUSDT": 0.0837,
  "GUSDT": 0.004129,
  "AIXBTUSDT": 0.02132,
  "CVXUSDT": 1.971,
  "INITUSDT": 0.0693,
  "MELANIAUSDT": 0.1206,
  "KAVAUSDT": 0.0572,
  "ZEREBROUSDT": 0.00829,
  "ARPAUSDT": 0.01022,
  "DEXEUSDT": 2.412,
  "AINUSDT": 0.03481,
  "SAPIENUSDT": 0.09146,
  "EDENUSDT": 0.03369,
  "BANANAUSDT": 4.776,
  "KMNOUSDT": 0.02959,
  "ORCAUSDT": 0.8,
  "ELSAUSDT": 0.08304,
  "PLAYUSDT": 0.04128,
  "XVSUSDT": 2.985,
  "POLYXUSDT": 0.04678,
  "KOMAUSDT": 0.00782,
  "ONUSDT": 0.08415,
  "VELVETUSDT": 0.07488,
  "KSMUSDT": 4.642,
  "DEGOUSDT": 0.3427,
  "RSRUSDT": 0.001644,
  "HEMIUSDT": 0.01017,