{
  "BTCUSDT": 68388.0,
  "ETHUSDT": 1967.71,
  "SOLUSDT": 84.16,
  "XRPUSDT": 1.498,
  "BNBUSDT": 616.39,
  "BCHUSDT": 558.46,
  "DOGEUSDT": 0.10007,
  "HYPEUSDT": 30.226,
  "PAXGUSDT": 5000.16,
  "XAGUSDT": 76.96,
  "ZECUSDT": 295.74,
  "XAUUSDT": 4996.36,
  "TRXUSDT": 0.28121,
  "SUIUSDT": 0.9646,
  "ASTERUSDT": 0.7192,
  "1000PEPEUSDT": 0.0043998,
  "LINKUSDT": 8.775,
  "ADAUSDT": 0.2812,
  "PIPPINUSDT": 0.70096,
  "LTCUSDT": 53.98,
  "UNIUSDT": 3.498,
  "AVAXUSDT": 9.223,
  "PUMPUSDT": 0.002201,
  "ENAUSDT": 0.121,
  "WLFIUSDT": 0.1019,
  "AAVEUSDT": 126.13,
  "NEARUSDT": 1.044,
  "LITUSDT": 1.595,
  "KITEUSDT": 0.20557,
  "TRUMPUSDT": 3.452,
  "XPLUSDT": 0.1014,
  "WLDUSDT": 0.4002,
  "TAOUSDT": 191.0,
  "FILUSDT": 0.961,
  "ARCUSDT": 0.07828,
  "DOTUSDT": 1.356,
  "HUSDT": 0.20134,
  "TONUSDT": 1.4618,
  "RIVERUSDT": 12.811,
  "ZROUSDT": 1.67,
  "1000SHIBUSDT": 0.00653,
  "ATOMUSDT": 2.198,
  "HBARUSDT": 0.10084,
  "APTUSDT": 0.9152,
  "BERAUSDT": 0.6381,
  "MONUSDT": 0.02367,
  "XLMUSDT": 0.16899,
  "AXSUSDT": 1.35,
  "ARBUSDT": 0.1139,
  "XMRUSDT": 329.31,
  "ICPUSDT": 2.403,
  "WIFUSDT": 0.2317,
  "FFUSDT": 0.08276,
  "PENGUUSDT": 0.007151,
  "IPUSDT": 1.189,
  "CRVUSDT": 0.252,
  "FARTCOINUSDT": 0.2001,
  "FETUSDT": 0.1717,
  "ETCUSDT": 8.749,
  "DASHUSDT": 38.01,
  "BARDUSDT": 0.7832,
  "CHZUSDT": 0.04091,
  "\u5e01\u5b89\u4eba\u751fUSDT": 0.10433,
  "PARTIUSDT": 0.10752,
  "1000BONKUSDT": 0.006553,
  "OPUSDT": 0.1877,
  "POLUSDT": 0.10456,
  "INITUSDT": 0.12191,
  "ONDOUSDT": 0.2741,
  "BTCDOMUSDT": 5105.6,
  "SENTUSDT": 0.02216,
  "VIRTUALUSDT": 0.6576,
  "TIAUSDT": 0.3391,
  "ZAMAUSDT": 0.02304,
  "0GUSDT": 0.6301,
  "ZKUSDT": 0.02169,
  "SEIUSDT": 0.0745,
  "STABLEUSDT": 0.027833,
  "VVVUSDT": 3.926,
  "ETHFIUSDT": 0.4749,
  "SIRENUSDT": 0.21975,
  "BANUSDT": 0.09976,
  "JUPUSDT": 0.16,
  "BTRUSDT": 0.20387,
  "UBUSDT": 0.04851,
  "PENDLEUSDT": 1.2383,
  "CCUSDT": 0.16111,
  "ALCHUSDT": 0.08329,
  "LDOUSDT": 0.3379,
  "KAITOUSDT": 0.3155,
  "SKYUSDT": 0.06744,
  "RENDERUSDT": 1.45,
  "INJUSDT": 3.15,
  "CYSUSDT": 0.5094,
  "ZENUSDT": 6.211,
  "ATUSDT": 0.15927,
  "1000RATSUSDT": 0.04868,
  "DUSKUSDT": 0.11242,
  "ENSOUSDT": 1.0861,
  "HANAUSDT": 0.03908,
  "BANANAS31USDT": 0.004801,
  "SANDUSDT": 0.08666,
  "OMUSDT": 0.05885,
  "QUSDT": 0.020379,
  "MSTRUSDT": 134.62,
  "NIGHTUSDT": 0.05615,
  "HOMEUSDT": 0.027852,
  "GIGGLEUSDT": 32.04,
  "AWEUSDT": 0.08866,
  "MYXUSDT": 1.904,
  "\u6211\u8e0f\u9a6c\u6765\u4e86USDT": 0.020604,
  "POWERUSDT": 0.21644,
  "SKYAIUSDT": 0.03785,
  "STRKUSDT": 0.0486,
  "ROSEUSDT": 0.01223,
  "PYTHUSDT": 0.05578,
  "COMPUSDT": 19.77,
  "ALGOUSDT": 0.0949,
  "LYNUSDT": 0.23368,
  "CAKEUSDT": 1.3069,
  "PIEVERSEUSDT": 0.4095,
  "TRADOORUSDT": 1.362,
  "USDCUSDT": 0.999895,
  "METUSDT": 0.2199,
  "BULLAUSDT": 0.03035,
  "ESPUSDT": 0.0541,
  "GPSUSDT": 0.011264,
  "GALAUSDT": 0.00409,
  "SPACEUSDT": 0.009437,
  "ZILUSDT": 0.00429,
  "MUSDT": 1.2789,
  "MOVEUSDT": 0.02542,
  "COLLECTUSDT": 0.07958,
  "HUMAUSDT": 0.014567,
  "AVNTUSDT": 0.1998,
  "MORPHOUSDT": 1.3817,
  "XPINUSDT": 0.001811,
  "1000LUNCUSDT": 0.03471,
  "B2USDT": 0.7045,
  "BUSDT": 0.1453,
  "MEUSDT": 0.1349,
  "LINEAUSDT": 0.003726,
  "ENSUSDT": 6.76,
  "AUCTIONUSDT": 5.242,
  "ZKPUSDT": 0.09301,
  "BEAMXUSDT": 0.002444,
  "GUNUSDT": 0.02237,
  "VETUSDT": 0.008266,
  "EIGENUSDT": 0.2081,
  "SUSDT": 0.0482,
  "SYRUPUSDT": 0.24929,
  "FHEUSDT": 0.038,
  "BIOUSDT": 0.02433,
  "XTZUSDT": 0.4,
  "AEROUSDT": 0.3144,
  "TSLAUSDT": 417.51,
  "NEOUSDT": 2.848,
  "FORMUSDT": 0.2193,
  "OGUSDT": 3.591,
  "PNUTUSDT": 0.05099,
  "JELLYJELLYUSDT": 0.05882,
  "ORDIUSDT": 2.8,
  "RAVEUSDT": 0.38782,
  "ESPORTSUSDT": 0.35107,
  "GUAUSDT": 0.14596,
  "LAUSDT": 0.2031,
  "DYDXUSDT": 0.109,
  "ALLOUSDT": 0.08742,
  "MOODENGUSDT": 0.0608,
  "BIRBUSDT": 0.19432,
  "NXPCUSDT": 0.2712,
  "RESOLVUSDT": 0.06,
  "LPTUSDT": 2.481,
  "MERLUSDT": 0.06305,
  "FOGOUSDT": 0.02333,
  "SOMIUSDT": 0.198,
  "LRCUSDT": 0.03396,
  "BEATUSDT": 0.2536,
  "1000FLOKIUSDT": 0.03188,
  "STXUSDT": 0.2646,
  "PLUMEUSDT": 0.01076,
  "EDUUSDT": 0.1305,
  "PTBUSDT": 0.001655,
  "VANAUSDT": 1.554,
  "TRIAUSDT": 0.01711,
  "TRBUSDT": 15.631,
  "ATHUSDT": 0.005987,
  "JTOUSDT": 0.2666,
  "STGUSDT": 0.1445,
  "USELESSUSDT": 0.04921,
  "EULUSDT": 1.066,
  "AIAUSDT": 0.11038,
  "LUNA2USDT": 0.06678,
  "BANKUSDT": 0.04076,
  "GWEIUSDT": 0.02712,
  "2ZUSDT": 0.07671,
  "ARUSDT": 2.005,
  "API3USDT": 0.3156,
  "MUBARAKUSDT": 0.02023,
  "WCTUSDT": 0.06295,
  "XNYUSDT": 0.005669,
  "CFXUSDT": 0.05484,
  "NMRUSDT": 8.367,
  "JASMYUSDT": 0.005948,
  "COAIUSDT": 0.3505,
  "CLOUSDT": 0.07098,
  "MANAUSDT": 0.1017,
  "WUSDT": 0.02027,
  "SPXUSDT": 0.3226,
  "AZTECUSDT": 0.02255,
  "QNTUSDT": 70.15,
  "FLOWUSDT": 0.04065,
  "4USDT": 0.00996,
  "TAKEUSDT": 0.03125,
  "UAIUSDT": 0.2437,
  "FIGHTUSDT": 0.007643,
  "LIGHTUSDT": 0.2378,
  "NILUSDT": 0.05771,
  "TAGUSDT": 0.0003808,
  "TAUSDT": 0.03721,
  "APEUSDT": 0.1299,
  "COWUSDT": 0.2064,
  "GRTUSDT": 0.02781,
  "IMXUSDT": 0.1659,
  "XVGUSDT": 0.006055,
  "UMAUSDT": 0.5783,
  "JSTUSDT": 0.041658,
  "ZKCUSDT": 0.0976,
  "FRAXUSDT": 0.6719,
  "KAIAUSDT": 0.05624,
  "1INCHUSDT": 0.0941,
  "BOMEUSDT": 0.0004383,
  "TNSRUSDT": 0.0563,
  "ZRXUSDT": 0.1084,
  "MANTAUSDT": 0.08224,
  "SPKUSDT": 0.02133,
  "MMTUSDT": 0.132,
  "THETAUSDT": 0.2071,
  "BREVUSDT": 0.1346,
  "SFPUSDT": 0.2683,
  "EGLDUSDT": 4.798,
  "YFIUSDT": 2883.0,
  "IOTAUSDT": 0.0689,
  "GRASSUSDT": 0.2094,
  "ACTUSDT": 0.01543,
  "NEIROUSDT": 7.71e-05,
  "NOMUSDT": 0.005509,
  "SNXUSDT": 0.3,
  "ZORAUSDT": 0.02081,
  "AXLUSDT": 0.06061,
  "AGTUSDT": 0.004475,
  "SKRUSDT": 0.020859,
  "MEGAUSDT": 0.12993,
  "C98USDT": 0.0306,
  "IRYSUSDT": 0.03725,
  "MINAUSDT": 0.06596,
  "BSVUSDT": 17.05,
  "TSTUSDT": 0.01147,
  "ARKMUSDT": 0.1172,
  "RUNEUSDT": 0.4007,
  "PEOPLEUSDT": 0.00705,
  "TWTUSDT": 0.5232,
  "FOLKSUSDT": 1.342,
  "PROVEUSDT": 0.3229,
  "ANIMEUSDT": 0.005626,
  "SAHARAUSDT": 0.01582,
  "ICNTUSDT": 0.48,
  "AUSDT": 0.0844,
  "SIGNUSDT": 0.02676,
  "SUPERUSDT": 0.128,
  "TUTUSDT": 0.01197,
  "KASUSDT": 0.03175,
  "POPCATUSDT": 0.05421,
  "KGENUSDT": 0.16917,
  "STORJUSDT": 0.1068,
  "FUSDT": 0.006294,
  "SOPHUSDT": 0.009672,
  "YBUSDT": 0.1767,
  "TURBOUSDT": 0.0011184,
  "ACHUSDT": 0.007746,
  "TRUTHUSDT": 0.016359,
  "AVAAIUSDT": 0.00773,
  "BLUAIUSDT": 0.005345,
  "CYBERUSDT": 0.5576,
  "MAGICUSDT": 0.07039,
  "BATUSDT": 0.1291,
  "SWARMSUSDT": 0.00747,
  "GMTUSDT": 0.01235,
  "GASUSDT": 1.649,
  "CATIUSDT": 0.04169,
  "SANTOSUSDT": 1.907,
  "BABYUSDT": 0.0139,
  "XPTUSDT": 2030.18,
  "LAYERUSDT": 0.0889,
  "OPENUSDT": 0.159,
  "AKEUSDT": 0.0002857,
  "SOONUSDT": 0.187,
  "SUSHIUSDT": 0.2096,
  "MASKUSDT": 0.4703,
  "IDOLUSDT": 0.02086,
  "PLAYUSDT": 0.02433,
  "ZBTUSDT": 0.07066,
  "SAGAUSDT": 0.03487,
  "IOUSDT": 0.1076,
  "ONTUSDT": 0.0462,
  "AIOUSDT": 0.07281,
  "CELOUSDT": 0.084,
  "BLURUSDT": 0.02129,
  "YGGUSDT": 0.0409,
  "SUNUSDT": 0.017274,
  "ZEREBROUSDT": 0.00879,
  "MEMEUSDT": 0.0007097,
  "VELODROMEUSDT": 0.0145,
  "GLMUSDT": 0.18469,
  "SKLUSDT": 0.00715,
  "DEEPUSDT": 0.02804,
  "ONUSDT": 0.09324,
  "ASRUSDT": 1.44,
  "DYMUSDT": 0.04772,
  "SOLVUSDT": 0.0048,
  "BROCCOLI714USDT": 0.01518,
  "CTSIUSDT": 0.0272,
  "STOUSDT": 0.05578,
  "THEUSDT": 0.2654,
  "ALTUSDT": 0.00847,
  "INUSDT": 0.06474,
  "VELVETUSDT": 0.08446,
  "SONICUSDT": 0.04666,
  "IDUSDT": 0.05231,
  "KOMAUSDT": 0.00823,
  "AIXBTUSDT": 0.02169,
  "QTUMUSDT": 0.985,
  "STBLUSDT": 0.04096,
  "WALUSDT": 0.082,
  "RAREUSDT": 0.01975,
  "CVXUSDT": 1.902,
  "DEXEUSDT": 2.299,
  "SYNUSDT": 0.04871,
  "KERNELUSDT": 0.06726,
  "MELANIAUSDT": 0.1186,
  "KMNOUSDT": 0.03013,
  "TOSHIUSDT": 0.000227,
  "RSRUSDT": 0.001564,
  "ANKRUSDT": 0.004534,
  "PROMUSDT": 1.429,
  "KAVAUSDT": 0.0543,
  "HYPERUSDT": 0.1028,
  "DEGOUSDT": 0.3396,
  "DRIFTUSDT": 0.0911,
  "ERAUSDT": 0.1587,
  "BANANAUSDT": 4.595,
  "ORCAUSDT": 0.787,
  "AINUSDT": 0.03318,
  "LSKUSDT": 0.1441,
  "EDENUSDT": 0.03348,
  "KSMUSDT": 4.698,