{
  "BTCUSDT": 67697.9,
  "ETHUSDT": 1950.0,
  "SOLUSDT": 83.77,
  "XRPUSDT": 1.41,
  "BNBUSDT": 609.66,
  "BCHUSDT": 554.71,
  "DOGEUSDT": 0.09874,
  "HYPEUSDT": 29.546,
  "XAGUSDT": 80.49,
  "WLFIUSDT": 0.1162,
  "PAXGUSDT": 5036.87,
  "ZECUSDT": 257.2,
  "XAUUSDT": 5033.01,
  "TRXUSDT": 0.28486,
  "SUIUSDT": 0.945,
  "ASTERUSDT": 0.7014,
  "LINKUSDT": 8.634,
  "AVAXUSDT": 9.142,
  "1000PEPEUSDT": 0.0041789,
  "LTCUSDT": 53.67,
  "ADAUSDT": 0.2777,
  "UNIUSDT": 3.4,
  "PUMPUSDT": 0.002092,
  "ENAUSDT": 0.1101,
  "KITEUSDT": 0.26757,
  "NEARUSDT": 1.011,
  "AAVEUSDT": 124.54,
  "PIPPINUSDT": 0.49904,
  "TRUMPUSDT": 3.705,
  "WLDUSDT": 0.3823,
  "LITUSDT": 1.463,
  "FILUSDT": 0.916,
  "TAOUSDT": 178.66,
  "XPLUSDT": 0.0932,
  "ARCUSDT": 0.07371,
  "DOTUSDT": 1.296,
  "ATOMUSDT": 2.307,
  "APTUSDT": 0.8638,
  "ZROUSDT": 1.4779,
  "1000SHIBUSDT": 0.006277,
  "TONUSDT": 1.3593,
  "HBARUSDT": 0.09875,
  "XLMUSDT": 0.16147,
  "ARBUSDT": 0.0942,
  "AXSUSDT": 1.285,
  "BERAUSDT": 0.5826,
  "OPUSDT": 0.127,
  "ENSOUSDT": 1.744,
  "RIVERUSDT": 7.744,
  "ICPUSDT": 2.144,
  "HUSDT": 0.16759,
  "XMRUSDT": 335.46,
  "MONUSDT": 0.02056,
  "FETUSDT": 0.1653,
  "WIFUSDT": 0.2184,
  "FFUSDT": 0.07909,
  "CRVUSDT": 0.241,
  "ETCUSDT": 8.311,
  "PENGUUSDT": 0.006789,
  "BANUSDT": 0.13754,
  "BARDUSDT": 0.759,
  "FARTCOINUSDT": 0.1831,
  "1000BONKUSDT": 0.006236,
  "AZTECUSDT": 0.03028,
  "IPUSDT": 1.089,
  "\u5e01\u5b89\u4eba\u751fUSDT": 0.08786,
  "INJUSDT": 3.296,
  "PARTIUSDT": 0.10083,
  "DASHUSDT": 33.55,
  "CHZUSDT": 0.03637,
  "POLUSDT": 0.10629,
  "POWERUSDT": 0.39009,
  "VVVUSDT": 4.704,
  "BTCDOMUSDT": 5144.4,
  "VIRTUALUSDT": 0.6407,
  "SENTUSDT": 0.02232,
  "TIAUSDT": 0.3222,
  "RAVEUSDT": 0.55887,
  "ONDOUSDT": 0.2637,
  "BIOUSDT": 0.03186,
  "SEIUSDT": 0.0704,
  "ETHFIUSDT": 0.4596,
  "0GUSDT": 0.6491,
  "ZKUSDT": 0.01979,
  "JUPUSDT": 0.1554,
  "ZAMAUSDT": 0.02031,
  "STABLEUSDT": 0.03071,
  "LYNUSDT": 0.29577,
  "MYXUSDT": 1.237,
  "ALCHUSDT": 0.08178,
  "ORCAUSDT": 1.136,
  "CCUSDT": 0.15726,
  "RENDERUSDT": 1.455,
  "SIRENUSDT": 0.219,
  "KAITOUSDT": 0.2986,
  "LDOUSDT": 0.3251,
  "PENDLEUSDT": 1.1908,
  "OMUSDT": 0.06707,
  "HOMEUSDT": 0.028281,
  "1000RATSUSDT": 0.04554,
  "NIGHTUSDT": 0.06147,
  "BTRUSDT": 0.18282,
  "JTOUSDT": 0.3178,
  "QUSDT": 0.021008,
  "DUSKUSDT": 0.08936,
  "UBUSDT": 0.04159,
  "ZENUSDT": 5.75,
  "ATUSDT": 0.1599,
  "HANAUSDT": 0.03624,
  "SANDUSDT": 0.08297,
  "BANANAS31USDT": 0.004464,
  "STRKUSDT": 0.04563,
  "SKYAIUSDT": 0.03816,
  "MUSDT": 1.427,
  "ALGOUSDT": 0.0894,
  "CAKEUSDT": 1.2594,
  "ESPUSDT": 0.06648,
  "GUNUSDT": 0.02853,
  "TRADOORUSDT": 1.389,
  "GPSUSDT": 0.012913,
  "CYSUSDT": 0.4207,
  "MORPHOUSDT": 1.5506,
  "PIEVERSEUSDT": 0.4088,
  "SNXUSDT": 0.385,
  "GALAUSDT": 0.00384,
  "USDCUSDT": 0.99985,
  "ALLOUSDT": 0.11439,
  "\u6211\u8e0f\u9a6c\u6765\u4e86USDT": 0.015976,
  "SKYUSDT": 0.06188,
  "ZILUSDT": 0.00399,
  "APEUSDT": 0.1075,
  "ROSEUSDT": 0.01262,
  "GIGGLEUSDT": 28.78,
  "XPINUSDT": 0.001853,
  "B2USDT": 0.6984,
  "PYTHUSDT": 0.05339,
  "INITUSDT": 0.10667,
  "METUSDT": 0.2118,
  "JELLYJELLYUSDT": 0.06846,
  "NAORISUSDT": 0.04688,
  "AVNTUSDT": 0.1904,
  "HUMAUSDT": 0.012399,
  "AWEUSDT": 0.05875,
  "BEAMXUSDT": 0.00227,
  "SPACEUSDT": 0.009849,
  "BUSDT": 0.1339,
  "MSTRUSDT": 131.47,
  "SYRUPUSDT": 0.2236,
  "EIGENUSDT": 0.1943,
  "MOVEUSDT": 0.02365,
  "XTZUSDT": 0.385,
  "AEROUSDT": 0.3155,
  "COMPUSDT": 17.92,
  "GUAUSDT": 0.15262,
  "TSLAUSDT": 411.68,
  "COLLECTUSDT": 0.06162,
  "BEATUSDT": 0.2625,
  "DYDXUSDT": 0.098,
  "MEUSDT": 0.1274,
  "ENSUSDT": 6.55,
  "CYBERUSDT": 0.5667,
  "AUCTIONUSDT": 5.006,
  "BULLAUSDT": 0.02582,
  "NXPCUSDT": 0.2676,
  "ZKPUSDT": 0.09075,
  "VETUSDT": 0.007717,
  "FORMUSDT": 0.2098,
  "1000LUNCUSDT": 0.03624,
  "ORDIUSDT": 2.555,
  "NEOUSDT": 2.704,
  "LAUSDT": 0.2022,
  "PNUTUSDT": 0.04812,
  "ESPORTSUSDT": 0.33354,
  "FOGOUSDT": 0.02459,
  "LINEAUSDT": 0.003358,
  "SUSDT": 0.0433,
  "RESOLVUSDT": 0.06494,
  "SOMIUSDT": 0.204,
  "1000FLOKIUSDT": 0.03011,
  "OGUSDT": 3.359,
  "PLUMEUSDT": 0.0102,
  "STXUSDT": 0.2529,
  "STGUSDT": 0.1279,
  "RPLUSDT": 2.555,
  "FHEUSDT": 0.04054,
  "CLOUSDT": 0.08792,
  "VANAUSDT": 1.505,
  "LPTUSDT": 2.302,
  "MERLUSDT": 0.05285,
  "LRCUSDT": 0.03218,
  "BIRBUSDT": 0.18138,
  "EDUUSDT": 0.1258,
  "TRBUSDT": 14.93,
  "ATHUSDT": 0.005531,
  "LIGHTUSDT": 0.2601,
  "SPXUSDT": 0.3314,
  "GWEIUSDT": 0.027867,
  "WUSDT": 0.01986,
  "2ZUSDT": 0.07319,
  "WCTUSDT": 0.06153,
  "MOODENGUSDT": 0.05561,
  "MANAUSDT": 0.097,
  "TRIAUSDT": 0.01538,
  "UAIUSDT": 0.2377,
  "BANKUSDT": 0.03853,
  "JASMYUSDT": 0.005731,
  "NMRUSDT": 8.173,
  "EULUSDT": 0.928,
  "CFXUSDT": 0.05134,
  "COAIUSDT": 0.3313,
  "MMTUSDT": 0.1289,
  "USELESSUSDT": 0.04312,
  "ZORAUSDT": 0.02082,
  "API3USDT": 0.3006,
  "LUNA2USDT": 0.06428,
  "TAUSDT": 0.0378,
  "FLOWUSDT": 0.03832,
  "ARUSDT": 1.943,
  "AIAUSDT": 0.10469,
  "SPKUSDT": 0.02151,
  "GRTUSDT": 0.02647,
  "SFPUSDT": 0.2784,
  "TAGUSDT": 0.0003693,
  "SKRUSDT": 0.020495,
  "IMXUSDT": 0.1618,
  "4USDT": 0.00869,
  "JSTUSDT": 0.042578,
  "1INCHUSDT": 0.0919,
  "ARKMUSDT": 0.1133,
  "IOTAUSDT": 0.068,
  "FOLKSUSDT": 1.369,
  "ZRXUSDT": 0.1058,
  "AXLUSDT": 0.05656,
  "QNTUSDT": 66.1,
  "PTBUSDT": 0.001343,
  "NOMUSDT": 0.005495,
  "THETAUSDT": 0.191,
  "XNYUSDT": 0.005283,
  "KAIAUSDT": 0.05544,
  "YFIUSDT": 2782.0,
  "KGENUSDT": 0.18653,
  "MEGAUSDT": 0.13141,
  "ANIMEUSDT": 0.005077,
  "NEIROUSDT": 7.32e-05,
  "AGTUSDT": 0.004521,
  "ZKCUSDT": 0.0925,
  "BOMEUSDT": 0.0004187,
  "EGLDUSDT": 4.516,
  "COWUSDT": 0.2018,
  "TAKEUSDT": 0.02382,
  "BREVUSDT": 0.1306,
  "PEOPLEUSDT": 0.00683,
  "SAHARAUSDT": 0.01542,
  "RUNEUSDT": 0.3984,
  "MAGICUSDT": 0.06958,
  "BLUAIUSDT": 0.005133,
  "IOUSDT": 0.1155,
  "PROVEUSDT": 0.3071,
  "TSTUSDT": 0.01054,
  "NILUSDT": 0.05257,
  "ACTUSDT": 0.0147,
  "MANTAUSDT": 0.07054,
  "GASUSDT": 1.588,
  "TNSRUSDT": 0.05037,
  "TUTUSDT": 0.01112,
  "TWTUSDT": 0.5256,
  "AUSDT": 0.0808,
  "AVAAIUSDT": 0.00759,
  "DOLOUSDT": 0.04057,
  "FUSDT": 0.005932,
  "MUBARAKUSDT": 0.01642,
  "SANTOSUSDT": 1.934,
  "VELVETUSDT": 0.07864,
  "MINAUSDT": 0.06268,
  "BSVUSDT": 16.08,
  "FIGHTUSDT": 0.006502,
  "YBUSDT": 0.1647,
  "OPENUSDT": 0.1549,
  "BATUSDT": 0.1195,
  "GRASSUSDT": 0.1834,
  "GMTUSDT": 0.01179,
  "KASUSDT": 0.0299,
  "SWARMSUSDT": 0.00711,
  "TURBOUSDT": 0.0010631,
  "SUPERUSDT": 0.1193,
  "SOPHUSDT": 0.009392,
  "POPCATUSDT": 0.05104,
  "CATIUSDT": 0.04024,
  "IDOLUSDT": 0.02166,
  "ZBTUSDT": 0.0731,
  "AIOUSDT": 0.07481,
  "AKEUSDT": 0.0002776,
  "BABYUSDT": 0.0134,
  "SIGNUSDT": 0.02431,
  "XPTUSDT": 2118.65,
  "XVGUSDT": 0.006079,
  "RAYSOLUSDT": 0.6523,
  "SUSHIUSDT": 0.201,
  "CVXUSDT": 1.952,
  "C98USDT": 0.0271,
  "ACHUSDT": 0.007414,
  "YGGUSDT": 0.03956,
  "EDENUSDT": 0.03558,
  "CELOUSDT": 0.077,
  "LAYERUSDT": 0.0841,
  "ONTUSDT": 0.0441,
  "MELANIAUSDT": 0.1228,
  "VELODROMEUSDT": 0.01413,
  "MASKUSDT": 0.4444,
  "BLURUSDT": 0.02036,
  "SONICUSDT": 0.0499,
  "ICNTUSDT": 0.3814,
  "IRUSDT": 0.08822,
  "GLMUSDT": 0.16925,
  "DEXEUSDT": 2.244,
  "ALTUSDT": 0.00803,
  "TRUTHUSDT": 0.009439,
  "MEMEUSDT": 0.0006768,
  "SOONUSDT": 0.1679,
  "RAREUSDT": 0.01925,
  "ASRUSDT": 1.418,
  "SOLVUSDT": 0.00447,
  "STOUSDT": 0.0549,
  "SUNUSDT": 0.016945,
  "KERNELUSDT": 0.07143,
  "PROMUSDT": 1.311,
  "AIXBTUSDT": 0.0202,
  "CTSIUSDT": 0.0251,
  "ZEREBROUSDT": 0.00807,
  "THEUSDT": 0.2622,
  "ANKRUSDT": 0.004454,
  "ERAUSDT": 0.157,
  "UMAUSDT": 0.4624,
  "FRAXUSDT": 0.6571,
  "LSKUSDT": 0.1453,
  "IRYSUSDT": 0.02469,
  "DEGOUSDT": 0.3512,
  "GMXUSDT": 6.733,
  "WALUSDT": 0.0817,
  "IDUSDT": 0.04852,
  "KMNOUSDT": 0.0277,
  "PLAYUSDT": 0.02086,
  "HYPERUSDT": 0.096,
  "DRIFTUSDT": 0.0866,
  "BASUSDT": 0.006263,
  "RSRUSDT": 0.001454,
  "KSMUSDT": 4.604,
  "KAVAUSDT": 0.0513,
  "STORJUSDT": 0.0958,
  "POLYXUSDT": 0.04372,
  "STBLUSDT": 0.03759,
  "ONUSDT": 0.09435,
  "AKTUSDT": 0.3235,
  "INUSDT": 0.06049,
  "WETUSDT": 0.08466,
  "MIRAUSDT": 0.0877,
  "ARPAUSDT": 0.00971,