{
  "BTCUSDT": 66997.6,
  "ETHUSDT": 1965.59,
  "SOLUSDT": 84.69,
  "XRPUSDT": 1.3782,
  "BNBUSDT": 617.63,
  "DOGEUSDT": 0.09418,
  "XAUUSDT": 5286.26,
  "XAGUSDT": 93.89,
  "BCHUSDT": 456.63,
  "HYPEUSDT": 30.688,
  "PAXGUSDT": 5377.52,
  "WLFIUSDT": 0.1121,
  "TRXUSDT": 0.28196,
  "ZECUSDT": 220.54,
  "UNIUSDT": 3.843,
  "ADAUSDT": 0.2806,
  "ASTERUSDT": 0.7179,
  "SUIUSDT": 0.9043,
  "LINKUSDT": 8.848,
  "AVAXUSDT": 9.192,
  "1000PEPEUSDT": 0.0036646,
  "LTCUSDT": 54.42,
  "PUMPUSDT": 0.001897,
  "ENAUSDT": 0.1038,
  "NEARUSDT": 1.161,
  "DOTUSDT": 1.648,
  "PIPPINUSDT": 0.60123,
  "AAVEUSDT": 112.27,
  "WLDUSDT": 0.3966,
  "KITEUSDT": 0.25783,
  "FILUSDT": 0.999,
  "XPLUSDT": 0.1009,
  "LITUSDT": 1.4,
  "TRUMPUSDT": 3.453,
  "TAOUSDT": 182.67,
  "POWERUSDT": 1.83496,
  "1000SHIBUSDT": 0.005779,
  "ZROUSDT": 1.8465,
  "APTUSDT": 0.9606,
  "TONUSDT": 1.2783,
  "ATOMUSDT": 1.845,
  "HBARUSDT": 0.10056,
  "BERAUSDT": 0.6172,
  "RIVERUSDT": 12.763,
  "XLMUSDT": 0.15769,
  "WIFUSDT": 0.1946,
  "ARBUSDT": 0.0991,
  "XMRUSDT": 342.12,
  "ICPUSDT": 2.451,
  "HUSDT": 0.12385,
  "CRVUSDT": 0.252,
  "AXSUSDT": 1.316,
  "MONUSDT": 0.02098,
  "FETUSDT": 0.1568,
  "VIRTUALUSDT": 0.71,
  "FFUSDT": 0.0807,
  "OPUSDT": 0.1211,
  "PENGUUSDT": 0.007011,
  "ETCUSDT": 8.66,
  "CCUSDT": 0.16718,
  "PARTIUSDT": 0.09608,
  "POLUSDT": 0.10844,
  "BARDUSDT": 1.0324,
  "\u5e01\u5b89\u4eba\u751fUSDT": 0.07194,
  "SKYAIUSDT": 0.06123,
  "1000BONKUSDT": 0.006001,
  "CHZUSDT": 0.03483,
  "FARTCOINUSDT": 0.1637,
  "BTCDOMUSDT": 5105.9,
  "DASHUSDT": 32.82,
  "IPUSDT": 0.932,
  "ETHFIUSDT": 0.5024,
  "ARCUSDT": 0.02707,
  "TIAUSDT": 0.3251,
  "ONDOUSDT": 0.2621,
  "VVVUSDT": 5.562,
  "INJUSDT": 3.104,
  "BANUSDT": 0.10918,
  "0GUSDT": 0.6497,
  "ENSOUSDT": 1.407,
  "ESPUSDT": 0.1283,
  "SEIUSDT": 0.06816,
  "SENTUSDT": 0.02195,
  "STABLEUSDT": 0.031553,
  "GWEIUSDT": 0.047184,
  "JUPUSDT": 0.1606,
  "KAITOUSDT": 0.3442,
  "BULLAUSDT": 0.02425,
  "SAHARAUSDT": 0.02013,
  "ZKUSDT": 0.01914,
  "ALCHUSDT": 0.08115,
  "ZAMAUSDT": 0.02273,
  "PENDLEUSDT": 1.2841,
  "QUSDT": 0.024156,
  "LDOUSDT": 0.3056,
  "RENDERUSDT": 1.412,
  "SIRENUSDT": 0.28776,
  "MORPHOUSDT": 1.7899,
  "BUSDT": 0.1762,
  "GUAUSDT": 0.2216,
  "BANANAS31USDT": 0.004709,
  "HOMEUSDT": 0.02942,
  "ATUSDT": 0.16009,
  "PIEVERSEUSDT": 0.5353,
  "SIGNUSDT": 0.02692,
  "MYXUSDT": 0.417,
  "ZENUSDT": 5.348,
  "NIGHTUSDT": 0.0578,
  "CAKEUSDT": 1.3116,
  "BIOUSDT": 0.02143,
  "MUSDT": 1.4604,
  "ALGOUSDT": 0.0875,
  "STRKUSDT": 0.04146,
  "1000LUNCUSDT": 0.04563,
  "ALLOUSDT": 0.11224,
  "SANDUSDT": 0.08407,
  "1000RATSUSDT": 0.0367,
  "GPSUSDT": 0.00952,
  "GALAUSDT": 0.00358,
  "BTRUSDT": 0.1788,
  "USDCUSDT": 0.999448,
  "HANAUSDT": 0.03463,
  "MSTRUSDT": 130.57,
  "GIGGLEUSDT": 25.75,
  "SKYUSDT": 0.06771,
  "DUSKUSDT": 0.0864,
  "APEUSDT": 0.1028,
  "JTOUSDT": 0.2713,
  "LYNUSDT": 0.24852,
  "ATHUSDT": 0.006019,
  "CRCLUSDT": 83.86,
  "GUNUSDT": 0.02662,
  "AZTECUSDT": 0.02114,
  "UBUSDT": 0.03589,
  "STGUSDT": 0.1614,
  "JELLYJELLYUSDT": 0.0673,
  "AEROUSDT": 0.3501,
  "TSLAUSDT": 403.2,
  "B2USDT": 0.7356,
  "OPNUSDT": 0.4747,
  "HUMAUSDT": 0.012347,
  "TRADOORUSDT": 1.346,
  "ZILUSDT": 0.00419,
  "SYRUPUSDT": 0.22699,
  "XPINUSDT": 0.001429,
  "PYTHUSDT": 0.04908,
  "METUSDT": 0.1826,
  "ROSEUSDT": 0.01189,
  "EIGENUSDT": 0.1833,
  "FOGOUSDT": 0.02761,
  "BEAMXUSDT": 0.001906,
  "VETUSDT": 0.007287,
  "DYDXUSDT": 0.093,
  "AVNTUSDT": 0.1783,
  "NEOUSDT": 2.684,
  "LAUSDT": 0.2248,
  "\u6211\u8e0f\u9a6c\u6765\u4e86USDT": 0.011703,
  "ORDIUSDT": 2.44,
  "MOVEUSDT": 0.02189,
  "NXPCUSDT": 0.2766,
  "DENTUSDT": 0.000261,
  "ZKPUSDT": 0.08552,
  "LINEAUSDT": 0.003175,
  "XTZUSDT": 0.381,
  "SUSDT": 0.04017,
  "RAVEUSDT": 0.35072,
  "COLLECTUSDT": 0.0431,
  "BEATUSDT": 0.2355,
  "GRASSUSDT": 0.2766,
  "ESPORTSUSDT": 0.30494,
  "FORMUSDT": 0.1902,
  "AUCTIONUSDT": 4.87,
  "COMPUSDT": 18.14,
  "PNUTUSDT": 0.04441,
  "ORCAUSDT": 0.907,
  "1000FLOKIUSDT": 0.02785,
  "LAYERUSDT": 0.1003,
  "CYBERUSDT": 0.5361,
  "EULUSDT": 1.088,
  "SKRUSDT": 0.021543,
  "ROBOUSDT": 0.03821,
  "LPTUSDT": 2.33,
  "STXUSDT": 0.2606,
  "WUSDT": 0.01893,
  "ENSUSDT": 6.134,
  "SNXUSDT": 0.321,
  "MEUSDT": 0.1192,
  "TRBUSDT": 14.163,
  "ARUSDT": 1.605,
  "JASMYUSDT": 0.00562,
  "BIRBUSDT": 0.16534,
  "SOMIUSDT": 0.2091,
  "USELESSUSDT": 0.04468,
  "WETUSDT": 0.102,
  "PLUMEUSDT": 0.00938,
  "AWEUSDT": 0.05291,
  "AGLDUSDT": 0.2351,
  "SPXUSDT": 0.3126,
  "TRIAUSDT": 0.01882,
  "RESOLVUSDT": 0.05974,
  "JSTUSDT": 0.047919,
  "AXLUSDT": 0.05476,
  "BANKUSDT": 0.03662,
  "TAUSDT": 0.03941,
  "AGTUSDT": 0.005615,
  "DEXEUSDT": 3.468,
  "MANAUSDT": 0.0967,
  "IMXUSDT": 0.1657,
  "IOTAUSDT": 0.0676,
  "FLOWUSDT": 0.03863,
  "COAIUSDT": 0.3292,
  "2ZUSDT": 0.07761,
  "YGGUSDT": 0.03804,
  "CFXUSDT": 0.04885,
  "OGUSDT": 3.097,
  "MERLUSDT": 0.04159,
  "EDUUSDT": 0.1079,
  "API3USDT": 0.2848,
  "CYSUSDT": 0.3212,
  "WCTUSDT": 0.06027,
  "GRTUSDT": 0.02632,
  "CLOUSDT": 0.0719,
  "NMRUSDT": 7.684,
  "QNTUSDT": 63.74,
  "INITUSDT": 0.08021,
  "MMTUSDT": 0.1196,
  "TAGUSDT": 0.0003558,
  "MOODENGUSDT": 0.05053,
  "FOLKSUSDT": 1.39,
  "SFPUSDT": 0.2614,
  "VANAUSDT": 1.453,
  "ALICEUSDT": 0.126,
  "SPKUSDT": 0.01923,
  "PTBUSDT": 0.001173,
  "NAORISUSDT": 0.03221,
  "ZRXUSDT": 0.1061,
  "SOPHUSDT": 0.009414,
  "NEIROUSDT": 6.543e-05,
  "LIGHTUSDT": 0.189,
  "4USDT": 0.00767,
  "ZORAUSDT": 0.01845,
  "ARKMUSDT": 0.1087,
  "RUNEUSDT": 0.3993,
  "1INCHUSDT": 0.0935,
  "THETAUSDT": 0.1894,
  "AIXBTUSDT": 0.02155,
  "ANIMEUSDT": 0.004973,
  "IOUSDT": 0.1077,
  "EGLDUSDT": 4.488,
  "KAIAUSDT": 0.0553,
  "XPTUSDT": 2379.37,
  "SPACEUSDT": 0.008148,
  "YFIUSDT": 2632.0,
  "PEOPLEUSDT": 0.00642,
  "BREVUSDT": 0.1366,
  "LRCUSDT": 0.03147,
  "LUNA2USDT": 0.06636,
  "FHEUSDT": 0.02978,
  "KASUSDT": 0.03008,
  "MIRAUSDT": 0.0883,
  "KGENUSDT": 0.18329,
  "BLUAIUSDT": 0.005082,
  "BATUSDT": 0.1066,
  "STEEMUSDT": 0.05678,
  "TAKEUSDT": 0.02183,
  "VELVETUSDT": 0.08489,
  "AKEUSDT": 0.0002432,
  "COWUSDT": 0.2136,
  "OPENUSDT": 0.148,
  "PROVEUSDT": 0.2894,
  "TWTUSDT": 0.4952,
  "AUSDT": 0.0806,
  "BOMEUSDT": 0.0003787,
  "AIAUSDT": 0.08419,
  "BSVUSDT": 15.8,
  "KERNELUSDT": 0.0789,
  "MEGAUSDT": 0.13091,
  "AVAAIUSDT": 0.007457,
  "POPCATUSDT": 0.0474,
  "SUSHIUSDT": 0.21,
  "UAIUSDT": 0.1729,
  "NOMUSDT": 0.003652,
  "TURBOUSDT": 0.0009811,
  "ACTUSDT": 0.01378,
  "SWARMSUSDT": 0.007344,
  "TSTUSDT": 0.0093,
  "STOUSDT": 0.06188,
  "GMTUSDT": 0.0117,
  "RPLUSDT": 1.876,
  "VELODROMEUSDT": 0.01569,
  "SOONUSDT": 0.1675,
  "MANTAUSDT": 0.06207,
  "TRUTHUSDT": 0.010503,
  "KSMUSDT": 4.836,
  "CATIUSDT": 0.03799,
  "SUNUSDT": 0.015589,
  "MINAUSDT": 0.05771,
  "TUTUSDT": 0.00997,
  "SUPERUSDT": 0.1161,
  "BABYUSDT": 0.01171,
  "GASUSDT": 1.606,
  "XVGUSDT": 0.00571,
  "MEMEUSDT": 0.0005972,
  "MAGICUSDT": 0.06277,
  "YBUSDT": 0.1672,
  "FUSDT": 0.005769,
  "TNSRUSDT": 0.0463,
  "FIGHTUSDT": 0.00632,
  "STBLUSDT": 0.04341,
  "ZBTUSDT": 0.07642,
  "BLURUSDT": 0.02013,
  "ALTUSDT": 0.00741,
  "XNYUSDT": 0.0055,
  "AINUSDT": 0.04137,
  "NILUSDT": 0.04836,
  "FIOUSDT": 0.01038,
  "ACHUSDT": 0.006909,
  "IOTXUSDT": 0.00486,
  "AIOUSDT": 0.07059,
  "MUBARAKUSDT": 0.01364,
  "IDOLUSDT": 0.02041,
  "MASKUSDT": 0.4298,
  "RAYSOLUSDT": 0.6117,
  "NEWTUSDT": 0.07057,
  "REDUSDT": 0.1514,
  "C98USDT": 0.0269,
  "UMAUSDT": 0.4325,
  "HOLOUSDT": 0.05997,
  "ONTUSDT": 0.0431,
  "ASRUSDT": 1.317,
  "GLMUSDT": 0.13701,
  "SAPIENUSDT": 0.08764,
  "CELOUSDT": 0.078,
  "ERAUSDT": 0.1479,
  "WALUSDT": 0.07837,
  "HOTUSDT": 0.000398,
  "CTSIUSDT": 0.025,
  "MELANIAUSDT": 0.1113,
  "KMNOUSDT": 0.0214,
  "INUSDT": 0.06766,
  "ZKCUSDT": 0.0856,
  "EDENUSDT": 0.03264,
  "KOMAUSDT": 0.007748,
  "ANKRUSDT": 0.004273,
  "DRIFTUSDT": 0.0882,
  "SKLUSDT": 0.00663,
  "SONICUSDT": 0.04532,
  "SOLVUSDT": 0.003995,
  "ICNTUSDT": 0.3828,
  "RSRUSDT": 0.001475,
  "DAMUSDT": 0.0225,
  "SANTOSUSDT": 1.348,
  "POLYXUSDT": 0.04275,
  "NOTUSDT": 0.0003562,
  "QTUMUSDT": 0.908,
  "ENJUSDT": 0.01948,