{
  "BTCUSDT": 67400.8,
  "ETHUSDT": 1943.17,
  "SOLUSDT": 83.14,
  "XRPUSDT": 1.3831,
  "BNBUSDT": 612.1,
  "BCHUSDT": 569.51,
  "DOGEUSDT": 0.09489,
  "XAGUSDT": 85.17,
  "HYPEUSDT": 28.914,
  "XAUUSDT": 5131.35,
  "PAXGUSDT": 5149.75,
  "WLFIUSDT": 0.1196,
  "ZECUSDT": 244.06,
  "TRXUSDT": 0.29017,
  "SUIUSDT": 0.9195,
  "ASTERUSDT": 0.6959,
  "LINKUSDT": 8.626,
  "ADAUSDT": 0.2697,
  "UNIUSDT": 3.449,
  "LTCUSDT": 53.15,
  "AVAXUSDT": 8.803,
  "1000PEPEUSDT": 0.0040289,
  "PUMPUSDT": 0.002021,
  "PIPPINUSDT": 0.62487,
  "ENAUSDT": 0.1004,
  "KITEUSDT": 0.25456,
  "ARCUSDT": 0.09335,
  "AAVEUSDT": 117.45,
  "NEARUSDT": 1.009,
  "WLDUSDT": 0.3829,
  "TRUMPUSDT": 3.369,
  "LITUSDT": 1.439,
  "FILUSDT": 0.922,
  "TAOUSDT": 172.78,
  "XPLUSDT": 0.0898,
  "DOTUSDT": 1.308,
  "ATOMUSDT": 2.242,
  "ZROUSDT": 1.6455,
  "TONUSDT": 1.3364,
  "APTUSDT": 0.8293,
  "ENSOUSDT": 1.9448,
  "HBARUSDT": 0.09726,
  "1000SHIBUSDT": 0.006158,
  "XLMUSDT": 0.15497,
  "ARBUSDT": 0.0939,
  "AXSUSDT": 1.281,
  "ICPUSDT": 2.125,
  "BERAUSDT": 0.5705,
  "OPUSDT": 0.1222,
  "RIVERUSDT": 8.019,
  "HUSDT": 0.16357,
  "XMRUSDT": 322.65,
  "MONUSDT": 0.01985,
  "POWERUSDT": 0.44688,
  "WIFUSDT": 0.2105,
  "RAVEUSDT": 0.68498,
  "ETCUSDT": 8.508,
  "BARDUSDT": 0.7883,
  "PENGUUSDT": 0.006533,
  "FETUSDT": 0.1582,
  "FFUSDT": 0.07831,
  "CRVUSDT": 0.228,
  "1000BONKUSDT": 0.006048,
  "FARTCOINUSDT": 0.1748,
  "BANUSDT": 0.13059,
  "PARTIUSDT": 0.10811,
  "INJUSDT": 3.545,
  "IPUSDT": 1.069,
  "AGLDUSDT": 0.3798,
  "POLUSDT": 0.10571,
  "BTCDOMUSDT": 5157.5,
  "DASHUSDT": 32.94,
  "CHZUSDT": 0.03436,
  "\u5e01\u5b89\u4eba\u751fUSDT": 0.06693,
  "OPNUSDT": 0.6545,
  "SENTUSDT": 0.02127,
  "ONDOUSDT": 0.2598,
  "TIAUSDT": 0.3101,
  "0GUSDT": 0.6369,
  "SIRENUSDT": 0.26512,
  "ETHFIUSDT": 0.4439,
  "VIRTUALUSDT": 0.6184,
  "AZTECUSDT": 0.03122,
  "SEIUSDT": 0.0686,
  "ZKUSDT": 0.01921,
  "JUPUSDT": 0.1498,
  "MYXUSDT": 0.854,
  "LYNUSDT": 0.30229,
  "STABLEUSDT": 0.028705,
  "ZAMAUSDT": 0.02108,
  "VVVUSDT": 3.941,
  "ALCHUSDT": 0.08069,
  "CCUSDT": 0.16055,
  "PENDLEUSDT": 1.184,
  "KAITOUSDT": 0.2958,
  "1000RATSUSDT": 0.0475,
  "DUSKUSDT": 0.08487,
  "QUSDT": 0.021916,
  "BTRUSDT": 0.2,
  "ATUSDT": 0.1709,
  "LDOUSDT": 0.3085,
  "HOMEUSDT": 0.02998,
  "RENDERUSDT": 1.394,
  "BIOUSDT": 0.02637,
  "BANANAS31USDT": 0.004656,
  "NIGHTUSDT": 0.05816,
  "HANAUSDT": 0.03704,
  "ALGOUSDT": 0.0863,
  "ZENUSDT": 5.673,
  "SKYAIUSDT": 0.03918,
  "SANDUSDT": 0.08092,
  "JTOUSDT": 0.2991,
  "ESPUSDT": 0.07383,
  "STRKUSDT": 0.04329,
  "MORPHOUSDT": 1.599,
  "TRADOORUSDT": 1.499,
  "CAKEUSDT": 1.2815,
  "GUNUSDT": 0.02858,
  "ZILUSDT": 0.00407,
  "MUSDT": 1.3624,
  "GPSUSDT": 0.012953,
  "PIEVERSEUSDT": 0.413,
  "OMUSDT": 0.06715,
  "USDCUSDT": 0.999809,
  "GALAUSDT": 0.00362,
  "UBUSDT": 0.03406,
  "SKYUSDT": 0.06444,
  "SNXUSDT": 0.408,
  "ALLOUSDT": 0.10918,
  "APEUSDT": 0.1057,
  "ORCAUSDT": 0.998,
  "B2USDT": 0.7197,
  "GIGGLEUSDT": 27.73,
  "\u6211\u8e0f\u9a6c\u6765\u4e86USDT": 0.014568,
  "BULLAUSDT": 0.02734,
  "AWEUSDT": 0.05231,
  "PYTHUSDT": 0.0518,
  "XPINUSDT": 0.0017,
  "ROSEUSDT": 0.01281,
  "GUAUSDT": 0.16516,
  "CYSUSDT": 0.3958,
  "METUSDT": 0.1984,
  "BEAMXUSDT": 0.002112,
  "BUSDT": 0.1328,
  "AVNTUSDT": 0.1809,
  "HUMAUSDT": 0.012066,
  "JELLYJELLYUSDT": 0.06521,
  "CYBERUSDT": 0.588,
  "MSTRUSDT": 130.91,
  "NAORISUSDT": 0.04557,
  "SYRUPUSDT": 0.22162,
  "TSLAUSDT": 411.21,
  "EIGENUSDT": 0.1793,
  "AEROUSDT": 0.3131,
  "VETUSDT": 0.007436,
  "YGGUSDT": 0.04754,
  "ESPORTSUSDT": 0.3413,
  "DYDXUSDT": 0.094,
  "NXPCUSDT": 0.2717,
  "XTZUSDT": 0.377,
  "NEOUSDT": 2.666,
  "ORDIUSDT": 2.479,
  "MOVEUSDT": 0.02268,
  "FORMUSDT": 0.2045,
  "COMPUSDT": 17.54,
  "ZKPUSDT": 0.08537,
  "MEUSDT": 0.1239,
  "LINEAUSDT": 0.00339,
  "INITUSDT": 0.08814,
  "AUCTIONUSDT": 4.903,
  "FOGOUSDT": 0.02563,
  "LAUSDT": 0.208,
  "COLLECTUSDT": 0.0434,
  "SUSDT": 0.04149,
  "SOMIUSDT": 0.2104,
  "PNUTUSDT": 0.04599,
  "ENSUSDT": 6.314,
  "SPACEUSDT": 0.009797,
  "1000FLOKIUSDT": 0.02903,
  "1000LUNCUSDT": 0.0353,
  "RESOLVUSDT": 0.06504,
  "GWEIUSDT": 0.030362,
  "BEATUSDT": 0.2308,
  "STXUSDT": 0.2427,
  "OGUSDT": 3.23,
  "VANAUSDT": 1.503,
  "MERLUSDT": 0.04947,
  "STGUSDT": 0.1431,
  "PLUMEUSDT": 0.00961,
  "LPTUSDT": 2.262,
  "AGTUSDT": 0.005571,
  "FHEUSDT": 0.03834,
  "CLOUSDT": 0.08822,
  "EDUUSDT": 0.1228,
  "TRBUSDT": 14.573,
  "TRIAUSDT": 0.01481,
  "WUSDT": 0.01883,
  "BIRBUSDT": 0.16113,
  "EULUSDT": 0.942,
  "USELESSUSDT": 0.03779,
  "TAUSDT": 0.04011,
  "ARUSDT": 1.974,
  "TAGUSDT": 0.0004015,
  "UAIUSDT": 0.2401,
  "BANKUSDT": 0.03798,
  "ATHUSDT": 0.005282,
  "LRCUSDT": 0.03313,
  "NMRUSDT": 7.97,
  "WCTUSDT": 0.05956,
  "JASMYUSDT": 0.005586,
  "MANAUSDT": 0.0941,
  "CFXUSDT": 0.05073,
  "LIGHTUSDT": 0.2416,
  "2ZUSDT": 0.06935,
  "GRTUSDT": 0.02667,
  "IOTAUSDT": 0.068,
  "COWUSDT": 0.2168,
  "API3USDT": 0.2905,
  "IDOLUSDT": 0.02476,
  "MMTUSDT": 0.1245,
  "MOODENGUSDT": 0.05356,
  "ZORAUSDT": 0.01997,
  "SPXUSDT": 0.3042,
  "COAIUSDT": 0.3125,
  "IMXUSDT": 0.1589,
  "1INCHUSDT": 0.0912,
  "QNTUSDT": 64.02,
  "LUNA2USDT": 0.06183,
  "SPKUSDT": 0.02067,
  "THETAUSDT": 0.1922,
  "BELUSDT": 0.1165,
  "4USDT": 0.00833,
  "SFPUSDT": 0.2587,
  "AIAUSDT": 0.09923,
  "FLOWUSDT": 0.03702,
  "RPLUSDT": 2.192,
  "ZRXUSDT": 0.1063,
  "JSTUSDT": 0.042829,
  "AXLUSDT": 0.053,
  "SAPIENUSDT": 0.09799,
  "ARPAUSDT": 0.01078,
  "KAIAUSDT": 0.0553,
  "PTBUSDT": 0.001312,
  "NEIROUSDT": 6.95e-05,
  "BREVUSDT": 0.1286,
  "IOUSDT": 0.1113,
  "ARKMUSDT": 0.1082,
  "YFIUSDT": 2781.0,
  "SKRUSDT": 0.018702,
  "EGLDUSDT": 4.42,
  "KGENUSDT": 0.17933,
  "FOLKSUSDT": 1.252,
  "RUNEUSDT": 0.399,
  "NOMUSDT": 0.004837,
  "ANIMEUSDT": 0.004906,
  "BLUAIUSDT": 0.005205,
  "TAKEUSDT": 0.02664,
  "MEGAUSDT": 0.12941,
  "PROVEUSDT": 0.2916,
  "TWTUSDT": 0.5176,
  "SIGNUSDT": 0.02395,
  "PEOPLEUSDT": 0.00646,
  "BOMEUSDT": 0.0003892,
  "AIOUSDT": 0.08161,
  "MAGICUSDT": 0.06656,
  "SAHARAUSDT": 0.01498,
  "TSTUSDT": 0.01011,
  "MINAUSDT": 0.06025,
  "OPENUSDT": 0.1498,
  "ACTUSDT": 0.01401,
  "MANTAUSDT": 0.06589,
  "AUSDT": 0.08,
  "KASUSDT": 0.03,
  "GMTUSDT": 0.01153,
  "ZKCUSDT": 0.0858,
  "GASUSDT": 1.532,
  "TNSRUSDT": 0.04652,
  "TUTUSDT": 0.01061,
  "AVAAIUSDT": 0.00729,
  "VELVETUSDT": 0.07941,
  "TURBOUSDT": 0.0010038,
  "SANTOSUSDT": 1.881,
  "DEXEUSDT": 2.579,
  "BATUSDT": 0.1167,
  "AKEUSDT": 0.000273,
  "SUPERUSDT": 0.1135,
  "SOPHUSDT": 0.009043,
  "XPTUSDT": 2168.43,
  "CATIUSDT": 0.03885,
  "FIGHTUSDT": 0.006683,
  "XNYUSDT": 0.004565,
  "GRASSUSDT": 0.1777,
  "SWARMSUSDT": 0.00681,
  "BSVUSDT": 15.58,
  "ZBTUSDT": 0.07132,
  "FUSDT": 0.005737,
  "STOUSDT": 0.05791,
  "YBUSDT": 0.1526,
  "C98USDT": 0.0271,
  "POPCATUSDT": 0.04876,
  "SUSHIUSDT": 0.1988,
  "NILUSDT": 0.04911,
  "MUBARAKUSDT": 0.01466,
  "ICNTUSDT": 0.4074,
  "BABYUSDT": 0.0125,
  "CVXUSDT": 1.895,
  "ACHUSDT": 0.007279,
  "VELODROMEUSDT": 0.01453,
  "LAYERUSDT": 0.084,
  "BLURUSDT": 0.01995,
  "PLAYUSDT": 0.02184,
  "ASRUSDT": 1.451,
  "XVGUSDT": 0.00594,
  "VTHOUSDT": 0.0006096,
  "TRUTHUSDT": 0.009445,
  "CTSIUSDT": 0.0244,
  "SOONUSDT": 0.1639,
  "KSMUSDT": 4.767,
  "MEMEUSDT": 0.0006613,
  "MASKUSDT": 0.4303,
  "ALTUSDT": 0.00766,
  "SOLVUSDT": 0.00427,
  "GLMUSDT": 0.16342,
  "AIXBTUSDT": 0.01904,
  "RAREUSDT": 0.01852,
  "RAYSOLUSDT": 0.6167,
  "IRUSDT": 0.09388,
  "ONTUSDT": 0.0417,
  "DRIFTUSDT": 0.0865,
  "ANKRUSDT": 0.004347,
  "EDENUSDT": 0.03294,
  "SONICUSDT": 0.04628,
  "CELOUSDT": 0.074,
  "KERNELUSDT": 0.0679,
  "THEUSDT": 0.2496,
  "DOLOUSDT": 0.04014,
  "UMAUSDT": 0.4466,
  "DEGOUSDT": 0.3337,
  "MELANIAUSDT": 0.1123,
  "SUNUSDT": 0.016959,
  "FRAXUSDT": 0.6313,
  "ZEREBROUSDT": 0.00725,
  "ERAUSDT": 0.1495,
  "PROMUSDT": 1.3,
  "RSRUSDT": 0.001437,
  "APRUSDT": 0.10306,
  "IDUSDT": 0.04648,
  "INUSDT": 0.06188,
  "STORJUSDT": 0.0924,
  "WALUSDT": 0.0761,
  "WOOUSDT": 0.01762,
  "QTUMUSDT": 0.907,
  "KAVAUSDT": 0.0501,
  "AKTUSDT": 0.3065,
  "ONUSDT": 0.09265,
  "POLYXUSDT": 0.04184,
  "HYPERUSDT": 0.0937,