{
  "BTCUSDT": 68195.5,
  "ETHUSDT": 1979.47,
  "SOLUSDT": 85.27,
  "XRPUSDT": 1.4211,
  "BNBUSDT": 624.19,
  "BCHUSDT": 574.17,
  "DOGEUSDT": 0.09737,
  "HYPEUSDT": 29.789,
  "XAGUSDT": 84.69,
  "PAXGUSDT": 5130.01,
  "XAUUSDT": 5114.04,
  "WLFIUSDT": 0.1176,
  "ZECUSDT": 251.7,
  "TRXUSDT": 0.28853,
  "SUIUSDT": 0.9374,
  "ASTERUSDT": 0.7083,
  "LINKUSDT": 8.829,
  "UNIUSDT": 3.556,
  "ADAUSDT": 0.276,
  "LTCUSDT": 54.69,
  "AVAXUSDT": 9.008,
  "PUMPUSDT": 0.002082,
  "1000PEPEUSDT": 0.0041095,
  "PIPPINUSDT": 0.58839,
  "ENAUSDT": 0.1037,
  "AAVEUSDT": 119.32,
  "KITEUSDT": 0.24498,
  "NEARUSDT": 1.028,
  "ARCUSDT": 0.08702,
  "LITUSDT": 1.502,
  "TRUMPUSDT": 3.422,
  "WLDUSDT": 0.3814,
  "FILUSDT": 0.944,
  "TAOUSDT": 178.09,
  "XPLUSDT": 0.0935,
  "DOTUSDT": 1.336,
  "ZROUSDT": 1.7256,
  "ATOMUSDT": 2.282,
  "ENSOUSDT": 1.9711,
  "APTUSDT": 0.8556,
  "TONUSDT": 1.3419,
  "XLMUSDT": 0.15638,
  "HBARUSDT": 0.09846,
  "BERAUSDT": 0.5944,
  "1000SHIBUSDT": 0.00624,
  "ARBUSDT": 0.096,
  "AXSUSDT": 1.304,
  "ICPUSDT": 2.162,
  "RIVERUSDT": 8.256,
  "OPUSDT": 0.1246,
  "HUSDT": 0.16372,
  "XMRUSDT": 322.38,
  "POWERUSDT": 0.45468,
  "ETCUSDT": 8.815,
  "MONUSDT": 0.02004,
  "WIFUSDT": 0.217,
  "FETUSDT": 0.162,
  "FFUSDT": 0.07887,
  "BARDUSDT": 0.7765,
  "CRVUSDT": 0.232,
  "PENGUUSDT": 0.006722,
  "RAVEUSDT": 0.65211,
  "FARTCOINUSDT": 0.1816,
  "BANUSDT": 0.13403,
  "INJUSDT": 3.58,
  "\u5e01\u5b89\u4eba\u751fUSDT": 0.08411,
  "1000BONKUSDT": 0.006144,
  "PARTIUSDT": 0.10655,
  "IPUSDT": 1.08,
  "POLUSDT": 0.10792,
  "SIRENUSDT": 0.29332,
  "DASHUSDT": 33.92,
  "CHZUSDT": 0.03434,
  "BTCDOMUSDT": 5116.5,
  "AZTECUSDT": 0.03067,
  "ONDOUSDT": 0.2652,
  "TIAUSDT": 0.3224,
  "SENTUSDT": 0.02148,
  "VIRTUALUSDT": 0.6363,
  "0GUSDT": 0.6415,
  "ETHFIUSDT": 0.4523,
  "SEIUSDT": 0.0702,
  "ZKUSDT": 0.01942,
  "ZAMAUSDT": 0.02351,
  "LYNUSDT": 0.30801,
  "OPNUSDT": 0.631,
  "JUPUSDT": 0.1549,
  "AGLDUSDT": 0.3523,
  "STABLEUSDT": 0.028913,
  "VVVUSDT": 4.087,
  "MYXUSDT": 0.876,
  "ALCHUSDT": 0.08004,
  "CCUSDT": 0.15951,
  "PENDLEUSDT": 1.2167,
  "BIOUSDT": 0.02703,
  "QUSDT": 0.022709,
  "KAITOUSDT": 0.2981,
  "LDOUSDT": 0.3175,
  "BTRUSDT": 0.20284,
  "1000RATSUSDT": 0.04656,
  "HOMEUSDT": 0.029843,
  "RENDERUSDT": 1.435,
  "DUSKUSDT": 0.08068,
  "ATUSDT": 0.16343,
  "NIGHTUSDT": 0.0581,
  "BANANAS31USDT": 0.004597,
  "ALGOUSDT": 0.088,
  "TRADOORUSDT": 1.5,
  "ZENUSDT": 5.772,
  "HANAUSDT": 0.03645,
  "ESPUSDT": 0.07414,
  "SANDUSDT": 0.08284,
  "SKYAIUSDT": 0.03861,
  "JTOUSDT": 0.3076,
  "STRKUSDT": 0.04409,
  "MORPHOUSDT": 1.6283,
  "ALLOUSDT": 0.11961,
  "CAKEUSDT": 1.3118,
  "GUNUSDT": 0.02875,
  "OMUSDT": 0.06659,
  "MUSDT": 1.3793,
  "ORCAUSDT": 1.03,
  "ZILUSDT": 0.00407,
  "GPSUSDT": 0.013265,
  "UBUSDT": 0.03505,
  "PIEVERSEUSDT": 0.4105,
  "SKYUSDT": 0.0651,
  "USDCUSDT": 0.999826,
  "SNXUSDT": 0.401,
  "GIGGLEUSDT": 28.75,
  "GALAUSDT": 0.00378,
  "\u6211\u8e0f\u9a6c\u6765\u4e86USDT": 0.015438,
  "APEUSDT": 0.1085,
  "AWEUSDT": 0.0544,
  "ROSEUSDT": 0.01347,
  "B2USDT": 0.7191,
  "PYTHUSDT": 0.05293,
  "CYBERUSDT": 0.6087,
  "HUMAUSDT": 0.013002,
  "BEAMXUSDT": 0.002261,
  "METUSDT": 0.2052,
  "XPINUSDT": 0.001678,
  "NAORISUSDT": 0.0485,
  "BULLAUSDT": 0.02715,
  "AVNTUSDT": 0.1848,
  "BUSDT": 0.134,
  "GUAUSDT": 0.16234,
  "JELLYJELLYUSDT": 0.06525,
  "YGGUSDT": 0.04625,
  "AEROUSDT": 0.3253,
  "SYRUPUSDT": 0.22646,
  "MSTRUSDT": 131.53,
  "CYSUSDT": 0.3714,
  "EIGENUSDT": 0.1842,
  "ORDIUSDT": 2.571,
  "DYDXUSDT": 0.096,
  "TSLAUSDT": 411.72,
  "SPACEUSDT": 0.010922,
  "XTZUSDT": 0.38,
  "NXPCUSDT": 0.2714,
  "VETUSDT": 0.007575,
  "INITUSDT": 0.09184,
  "ESPORTSUSDT": 0.33259,
  "ZKPUSDT": 0.08859,
  "FORMUSDT": 0.2092,
  "MOVEUSDT": 0.02321,
  "FOGOUSDT": 0.02657,
  "NEOUSDT": 2.709,
  "MEUSDT": 0.1254,
  "COMPUSDT": 17.49,
  "COLLECTUSDT": 0.04866,
  "LINEAUSDT": 0.003475,
  "AUCTIONUSDT": 5.019,
  "ENSUSDT": 6.558,
  "SOMIUSDT": 0.215,
  "LAUSDT": 0.2105,
  "SUSDT": 0.04272,
  "PNUTUSDT": 0.04721,
  "1000LUNCUSDT": 0.03601,
  "RESOLVUSDT": 0.06541,
  "1000FLOKIUSDT": 0.02976,
  "BEATUSDT": 0.242,
  "VANAUSDT": 1.543,
  "MERLUSDT": 0.05121,
  "STGUSDT": 0.1494,
  "OGUSDT": 3.317,
  "STXUSDT": 0.2497,
  "CLOUSDT": 0.09059,
  "PLUMEUSDT": 0.00982,
  "GWEIUSDT": 0.030133,
  "LPTUSDT": 2.306,
  "BIRBUSDT": 0.16885,
  "AGTUSDT": 0.005551,
  "FHEUSDT": 0.03921,
  "EDUUSDT": 0.1253,
  "TRBUSDT": 14.971,
  "TRIAUSDT": 0.0152,
  "UAIUSDT": 0.2491,
  "EULUSDT": 0.94,
  "ATHUSDT": 0.005423,
  "ARUSDT": 2.001,
  "WUSDT": 0.01934,
  "BANKUSDT": 0.03873,
  "MANAUSDT": 0.0956,
  "NMRUSDT": 8.11,
  "USELESSUSDT": 0.0398,
  "WCTUSDT": 0.06112,
  "CFXUSDT": 0.05205,
  "LRCUSDT": 0.03227,
  "JASMYUSDT": 0.005688,
  "SAPIENUSDT": 0.09914,
  "2ZUSDT": 0.07068,
  "TAUSDT": 0.03877,
  "MOODENGUSDT": 0.05539,
  "API3USDT": 0.2974,
  "LIGHTUSDT": 0.2403,
  "ZORAUSDT": 0.02052,
  "SPXUSDT": 0.3178,
  "MMTUSDT": 0.1275,
  "GRTUSDT": 0.02707,
  "TAGUSDT": 0.0003774,
  "COAIUSDT": 0.319,
  "FLOWUSDT": 0.0382,
  "AIAUSDT": 0.10247,
  "IOTAUSDT": 0.0685,
  "IMXUSDT": 0.1635,
  "RPLUSDT": 2.308,
  "PTBUSDT": 0.001387,
  "LUNA2USDT": 0.06301,
  "IOUSDT": 0.1176,
  "1INCHUSDT": 0.0931,
  "AXLUSDT": 0.05521,
  "4USDT": 0.00866,
  "QNTUSDT": 65.21,
  "ZRXUSDT": 0.1086,
  "THETAUSDT": 0.197,
  "SFPUSDT": 0.2634,
  "SPKUSDT": 0.02045,
  "JSTUSDT": 0.042723,
  "BREVUSDT": 0.1331,
  "KAIAUSDT": 0.05603,
  "NEIROUSDT": 7.15e-05,
  "SKRUSDT": 0.019124,
  "ARKMUSDT": 0.1097,
  "KGENUSDT": 0.18296,
  "COWUSDT": 0.2166,
  "YFIUSDT": 2800.0,
  "FOLKSUSDT": 1.323,
  "MEGAUSDT": 0.13192,
  "TAKEUSDT": 0.02645,
  "RUNEUSDT": 0.4045,
  "EGLDUSDT": 4.488,
  "ANIMEUSDT": 0.004972,
  "BOMEUSDT": 0.0004007,
  "AIOUSDT": 0.08498,
  "MAGICUSDT": 0.06823,
  "NOMUSDT": 0.005041,
  "TWTUSDT": 0.5209,
  "PROVEUSDT": 0.2975,
  "BLUAIUSDT": 0.005221,
  "PEOPLEUSDT": 0.00659,
  "SAHARAUSDT": 0.01542,
  "KASUSDT": 0.03096,
  "FIGHTUSDT": 0.00706,
  "MANTAUSDT": 0.07046,
  "SIGNUSDT": 0.02566,
  "OPENUSDT": 0.1509,
  "MINAUSDT": 0.06114,
  "ZKCUSDT": 0.0885,
  "TSTUSDT": 0.01038,
  "SUPERUSDT": 0.1182,
  "AUSDT": 0.0814,
  "BELUSDT": 0.1132,
  "ACTUSDT": 0.01431,
  "GASUSDT": 1.579,
  "AVAAIUSDT": 0.00752,
  "TUTUSDT": 0.01087,
  "GMTUSDT": 0.01171,
  "XNYUSDT": 0.004389,
  "BATUSDT": 0.1195,
  "TNSRUSDT": 0.0477,
  "VTHOUSDT": 0.0006204,
  "TURBOUSDT": 0.0010291,
  "GRASSUSDT": 0.185,
  "SANTOSUSDT": 1.906,
  "VELVETUSDT": 0.07981,
  "SOPHUSDT": 0.009132,
  "IDOLUSDT": 0.02166,
  "XPTUSDT": 2160.64,
  "SWARMSUSDT": 0.00699,
  "CATIUSDT": 0.03947,
  "BSVUSDT": 15.77,
  "FUSDT": 0.005821,
  "ZBTUSDT": 0.07253,
  "YBUSDT": 0.156,
  "SUSHIUSDT": 0.2052,
  "AKEUSDT": 0.0002708,
  "POPCATUSDT": 0.05024,
  "TRUTHUSDT": 0.01009,
  "NILUSDT": 0.04901,
  "BABYUSDT": 0.01283,
  "C98USDT": 0.027,
  "VELODROMEUSDT": 0.01491,
  "ARPAUSDT": 0.01028,
  "LAYERUSDT": 0.0861,
  "MUBARAKUSDT": 0.01472,
  "ACHUSDT": 0.007353,
  "ICNTUSDT": 0.4033,
  "CVXUSDT": 1.884,
  "XVGUSDT": 0.006057,
  "CTSIUSDT": 0.0253,
  "STOUSDT": 0.05695,
  "PLAYUSDT": 0.02166,
  "SOONUSDT": 0.1711,
  "DEXEUSDT": 2.457,
  "ASRUSDT": 1.43,
  "RAREUSDT": 0.01911,
  "KSMUSDT": 4.841,
  "ALTUSDT": 0.00781,
  "BLURUSDT": 0.0204,
  "RAYSOLUSDT": 0.6382,
  "SOLVUSDT": 0.00442,
  "MASKUSDT": 0.4417,
  "AIXBTUSDT": 0.01958,
  "GLMUSDT": 0.16547,
  "EDENUSDT": 0.03483,
  "DRIFTUSDT": 0.0898,
  "CELOUSDT": 0.077,
  "ANKRUSDT": 0.004438,
  "ONTUSDT": 0.0428,
  "FRAXUSDT": 0.6678,
  "MEMEUSDT": 0.0006688,
  "IRUSDT": 0.09394,
  "UMAUSDT": 0.4599,
  "DOLOUSDT": 0.03983,
  "THEUSDT": 0.2552,
  "SONICUSDT": 0.04739,
  "ZEREBROUSDT": 0.00767,
  "DEGOUSDT": 0.3423,
  "SUNUSDT": 0.016974,
  "KERNELUSDT": 0.06818,
  "MELANIAUSDT": 0.1148,
  "ERAUSDT": 0.152,
  "IDUSDT": 0.04711,
  "WOOUSDT": 0.01796,
  "IOTXUSDT": 0.00466,
  "ONUSDT": 0.09585,
  "KAVAUSDT": 0.0514,
  "APRUSDT": 0.10125,
  "WALUSDT": 0.078,
  "POLYXUSDT": 0.04266,
  "STORJUSDT": 0.0956,
  "HYPERUSDT": 0.0958,
  "RSRUSDT": 0.001442,
  "SKLUSDT": 0.00667,
  "TUSDT": 0.006946,