{
  "BTCUSDT": 66144.3,
  "ETHUSDT": 1912.88,
  "SOLUSDT": 79.91,
  "XRPUSDT": 1.3954,
  "BNBUSDT": 606.15,
  "BCHUSDT": 539.52,
  "DOGEUSDT": 0.09659,
  "XAGUSDT": 86.4,
  "XAUUSDT": 5153.12,
  "HYPEUSDT": 27.591,
  "PAXGUSDT": 5163.69,
  "WLFIUSDT": 0.1167,
  "ZECUSDT": 245.42,
  "TRXUSDT": 0.287,
  "SUIUSDT": 0.9029,
  "ASTERUSDT": 0.7,
  "PIPPINUSDT": 0.71642,
  "ADAUSDT": 0.2708,
  "LINKUSDT": 8.458,
  "UNIUSDT": 3.431,
  "AVAXUSDT": 8.638,
  "LTCUSDT": 52.58,
  "1000PEPEUSDT": 0.0040931,
  "PUMPUSDT": 0.001926,
  "ENAUSDT": 0.1011,
  "KITEUSDT": 0.25066,
  "NEARUSDT": 1.008,
  "ARCUSDT": 0.09403,
  "WLDUSDT": 0.3875,
  "AAVEUSDT": 117.22,
  "TRUMPUSDT": 3.343,
  "LITUSDT": 1.413,
  "FILUSDT": 0.904,
  "DOTUSDT": 1.292,
  "TAOUSDT": 171.34,
  "XPLUSDT": 0.0878,
  "ATOMUSDT": 2.237,
  "TONUSDT": 1.3609,
  "ZROUSDT": 1.588,
  "APTUSDT": 0.8583,
  "ENSOUSDT": 1.9973,
  "HBARUSDT": 0.09647,
  "XLMUSDT": 0.15577,
  "1000SHIBUSDT": 0.006139,
  "BERAUSDT": 0.5628,
  "ARBUSDT": 0.095,
  "AXSUSDT": 1.244,
  "RIVERUSDT": 8.169,
  "ICPUSDT": 2.082,
  "OPUSDT": 0.1242,
  "HUSDT": 0.15914,
  "XMRUSDT": 316.55,
  "POWERUSDT": 0.44238,
  "WIFUSDT": 0.21,
  "CRVUSDT": 0.227,
  "PENGUUSDT": 0.006549,
  "MONUSDT": 0.01939,
  "FFUSDT": 0.0786,
  "FETUSDT": 0.1582,
  "ETCUSDT": 8.48,
  "BARDUSDT": 0.7644,
  "PARTIUSDT": 0.11041,
  "1000BONKUSDT": 0.006035,
  "BANUSDT": 0.13015,
  "POLUSDT": 0.10894,
  "FARTCOINUSDT": 0.155,
  "IPUSDT": 1.038,
  "INJUSDT": 3.446,
  "BTCDOMUSDT": 5119.0,
  "CHZUSDT": 0.03467,
  "SENTUSDT": 0.02232,
  "DASHUSDT": 33.06,
  "\u5e01\u5b89\u4eba\u751fUSDT": 0.06082,
  "TIAUSDT": 0.3057,
  "AGLDUSDT": 0.351,
  "ETHFIUSDT": 0.4624,
  "ONDOUSDT": 0.2556,
  "VIRTUALUSDT": 0.6163,
  "0GUSDT": 0.6512,
  "ZKUSDT": 0.02015,
  "SIRENUSDT": 0.28276,
  "SEIUSDT": 0.0679,
  "LYNUSDT": 0.30707,
  "JUPUSDT": 0.1481,
  "STABLEUSDT": 0.028839,
  "ZAMAUSDT": 0.02175,
  "CCUSDT": 0.16222,
  "BULLAUSDT": 0.03449,
  "AZTECUSDT": 0.02778,
  "1000RATSUSDT": 0.05032,
  "ALCHUSDT": 0.07823,
  "RENDERUSDT": 1.405,
  "LDOUSDT": 0.308,
  "LAUSDT": 0.2501,
  "OPNUSDT": 0.6388,
  "KAITOUSDT": 0.2918,
  "HOMEUSDT": 0.030137,
  "BANANAS31USDT": 0.00477,
  "QUSDT": 0.021948,
  "ESPUSDT": 0.08643,
  "MYXUSDT": 0.683,
  "DUSKUSDT": 0.08302,
  "RAVEUSDT": 0.29734,
  "NIGHTUSDT": 0.06055,
  "PENDLEUSDT": 1.1774,
  "VVVUSDT": 4.01,
  "ATUSDT": 0.16283,
  "BIOUSDT": 0.02549,
  "BTRUSDT": 0.18767,
  "SKYAIUSDT": 0.03838,
  "ZENUSDT": 5.552,
  "ALGOUSDT": 0.0861,
  "STRKUSDT": 0.04232,
  "SANDUSDT": 0.08078,
  "UBUSDT": 0.03719,
  "B2USDT": 0.7879,
  "JTOUSDT": 0.2879,
  "CAKEUSDT": 1.2645,
  "ZILUSDT": 0.00419,
  "MORPHOUSDT": 1.6419,
  "HANAUSDT": 0.03271,
  "PIEVERSEUSDT": 0.4228,
  "MUSDT": 1.4066,
  "GPSUSDT": 0.013378,
  "GUNUSDT": 0.02856,
  "TRADOORUSDT": 1.496,
  "GALAUSDT": 0.00365,
  "USDCUSDT": 0.999644,
  "APEUSDT": 0.1056,
  "SNXUSDT": 0.41,
  "ALLOUSDT": 0.10853,
  "SKYUSDT": 0.06311,
  "AWEUSDT": 0.05637,
  "ORCAUSDT": 0.982,
  "ROSEUSDT": 0.01219,
  "XPINUSDT": 0.001679,
  "METUSDT": 0.1999,
  "GIGGLEUSDT": 26.13,
  "PYTHUSDT": 0.05128,
  "GUAUSDT": 0.16217,
  "\u6211\u8e0f\u9a6c\u6765\u4e86USDT": 0.012326,
  "BUSDT": 0.1337,
  "BEAMXUSDT": 0.002066,
  "EIGENUSDT": 0.1856,
  "HUMAUSDT": 0.011769,
  "JELLYJELLYUSDT": 0.06166,
  "ZKPUSDT": 0.08764,
  "MSTRUSDT": 127.99,
  "TSLAUSDT": 408.12,
  "AVNTUSDT": 0.178,
  "YGGUSDT": 0.04786,
  "VETUSDT": 0.007464,
  "SYRUPUSDT": 0.21322,
  "DYDXUSDT": 0.092,
  "ESPORTSUSDT": 0.33999,
  "AEROUSDT": 0.3083,
  "NAORISUSDT": 0.04559,
  "XTZUSDT": 0.375,
  "COLLECTUSDT": 0.04363,
  "ORDIUSDT": 2.455,
  "NEOUSDT": 2.668,
  "COMPUSDT": 17.82,
  "CYBERUSDT": 0.5578,
  "CYSUSDT": 0.3691,
  "MOVEUSDT": 0.0224,
  "FORMUSDT": 0.2002,
  "NXPCUSDT": 0.2624,
  "MEUSDT": 0.1197,
  "PNUTUSDT": 0.04523,
  "AUCTIONUSDT": 4.969,
  "SUSDT": 0.04008,
  "GWEIUSDT": 0.031295,
  "ENSUSDT": 6.225,
  "SOMIUSDT": 0.2,
  "INITUSDT": 0.0869,
  "1000FLOKIUSDT": 0.02887,
  "FOGOUSDT": 0.0244,
  "STGUSDT": 0.1388,
  "RESOLVUSDT": 0.06559,
  "STXUSDT": 0.2399,
  "1000LUNCUSDT": 0.0348,
  "LINEAUSDT": 0.00328,
  "SPACEUSDT": 0.008949,
  "PLUMEUSDT": 0.00955,
  "LPTUSDT": 2.246,
  "BEATUSDT": 0.2156,
  "AGTUSDT": 0.005667,
  "BANKUSDT": 0.03962,
  "VANAUSDT": 1.455,
  "MERLUSDT": 0.04798,
  "TRIAUSDT": 0.01695,
  "JASMYUSDT": 0.005894,
  "WUSDT": 0.01897,
  "EDUUSDT": 0.1209,
  "TRBUSDT": 14.532,
  "CLOUSDT": 0.08691,
  "USELESSUSDT": 0.03696,
  "ATHUSDT": 0.005164,
  "OGUSDT": 3.056,
  "ARUSDT": 1.926,
  "BIRBUSDT": 0.15724,
  "2ZUSDT": 0.06855,
  "TAUSDT": 0.03988,
  "TAGUSDT": 0.0003955,
  "MANAUSDT": 0.0938,
  "EULUSDT": 0.897,
  "WCTUSDT": 0.05929,
  "MOODENGUSDT": 0.05305,
  "UAIUSDT": 0.2288,
  "GRTUSDT": 0.02663,
  "NMRUSDT": 7.825,
  "API3USDT": 0.2913,
  "COWUSDT": 0.216,
  "CFXUSDT": 0.05013,
  "SPXUSDT": 0.2922,
  "ZORAUSDT": 0.01993,
  "MMTUSDT": 0.1226,
  "LRCUSDT": 0.03344,
  "FHEUSDT": 0.03062,
  "JSTUSDT": 0.045014,
  "IMXUSDT": 0.1605,
  "1INCHUSDT": 0.0901,
  "IOTAUSDT": 0.0672,
  "SPKUSDT": 0.02071,
  "QNTUSDT": 64.44,
  "LUNA2USDT": 0.06004,
  "LIGHTUSDT": 0.2329,
  "COAIUSDT": 0.3051,
  "FLOWUSDT": 0.03567,
  "AXLUSDT": 0.05324,
  "SFPUSDT": 0.256,
  "ZRXUSDT": 0.1041,
  "PTBUSDT": 0.001312,
  "IDOLUSDT": 0.02386,
  "THETAUSDT": 0.1914,
  "KAIAUSDT": 0.05462,
  "ARKMUSDT": 0.1083,
  "4USDT": 0.00785,
  "DEXEUSDT": 2.777,
  "IOUSDT": 0.1124,
  "NEIROUSDT": 6.91e-05,
  "RPLUSDT": 2.075,
  "RUNEUSDT": 0.3939,
  "BREVUSDT": 0.1282,
  "AIAUSDT": 0.08973,
  "KGENUSDT": 0.18139,
  "SIGNUSDT": 0.02372,
  "AKEUSDT": 0.0002924,
  "EGLDUSDT": 4.402,
  "YFIUSDT": 2752.0,
  "BOMEUSDT": 0.0003905,
  "SAHARAUSDT": 0.01488,
  "SKRUSDT": 0.018048,
  "BELUSDT": 0.105,
  "TWTUSDT": 0.4994,
  "ANIMEUSDT": 0.004797,
  "FLOCKUSDT": 0.07125,
  "SAPIENUSDT": 0.09484,
  "BLUAIUSDT": 0.005071,
  "GMTUSDT": 0.01116,
  "PROVEUSDT": 0.2809,
  "MAGICUSDT": 0.0665,
  "TNSRUSDT": 0.04886,
  "KASUSDT": 0.03041,
  "PEOPLEUSDT": 0.0064,
  "AIOUSDT": 0.07914,
  "MINAUSDT": 0.05856,
  "ARPAUSDT": 0.01019,
  "TSTUSDT": 0.00987,
  "AUSDT": 0.0808,
  "XNYUSDT": 0.004868,
  "FOLKSUSDT": 1.182,
  "OPENUSDT": 0.1473,
  "ACTUSDT": 0.014,
  "NOMUSDT": 0.004781,
  "AVAAIUSDT": 0.00722,
  "MEGAUSDT": 0.12722,
  "VELVETUSDT": 0.07902,
  "GASUSDT": 1.52,
  "BATUSDT": 0.1187,
  "XPTUSDT": 2173.71,
  "GRASSUSDT": 0.1739,
  "MANTAUSDT": 0.06522,
  "TUTUSDT": 0.0103,
  "SUSHIUSDT": 0.1989,
  "ZKCUSDT": 0.087,
  "SOPHUSDT": 0.008906,
  "BSVUSDT": 15.68,
  "FIGHTUSDT": 0.006671,
  "CATIUSDT": 0.03866,
  "ACHUSDT": 0.007481,
  "PROMPTUSDT": 0.04736,
  "TURBOUSDT": 0.0010115,
  "ZBTUSDT": 0.0715,
  "POPCATUSDT": 0.0477,
  "YBUSDT": 0.1517,
  "TAKEUSDT": 0.02514,
  "STOUSDT": 0.05751,
  "ICNTUSDT": 0.4135,
  "FUSDT": 0.005639,
  "SUPERUSDT": 0.1106,
  "SWARMSUSDT": 0.0066,
  "BABYUSDT": 0.0124,
  "LAYERUSDT": 0.0838,
  "VELODROMEUSDT": 0.01426,
  "KERNELUSDT": 0.0707,
  "SANTOSUSDT": 1.698,
  "MASKUSDT": 0.4248,
  "MEMEUSDT": 0.0006672,
  "BLURUSDT": 0.01971,
  "NILUSDT": 0.04885,
  "C98USDT": 0.0265,
  "XVGUSDT": 0.005887,
  "GLMUSDT": 0.16091,
  "SOONUSDT": 0.165,
  "MUBARAKUSDT": 0.01408,
  "CVXUSDT": 1.803,
  "ASRUSDT": 1.373,
  "TRUTHUSDT": 0.009614,
  "RAREUSDT": 0.01824,
  "AIXBTUSDT": 0.01914,
  "KSMUSDT": 4.728,
  "BASUSDT": 0.005836,
  "WETUSDT": 0.08626,
  "CTSIUSDT": 0.0244,
  "DRIFTUSDT": 0.0835,
  "ONTUSDT": 0.0411,
  "SOLVUSDT": 0.00425,
  "RAYSOLUSDT": 0.6038,
  "INUSDT": 0.06586,
  "ANKRUSDT": 0.004299,
  "ALTUSDT": 0.0074,
  "EDENUSDT": 0.03213,
  "FRAXUSDT": 0.6298,
  "CELOUSDT": 0.074,
  "UMAUSDT": 0.4438,
  "IRUSDT": 0.08955,
  "ERAUSDT": 0.1489,
  "CRCLUSDT": 62.22,
  "THEUSDT": 0.2414,
  "VTHOUSDT": 0.0006049,
  "AKTUSDT": 0.3078,
  "SUNUSDT": 0.016719,
  "SONICUSDT": 0.04345,
  "MELANIAUSDT": 0.1105,
  "DEGOUSDT": 0.3234,
  "STORJUSDT": 0.0898,
  "PROMUSDT": 1.254,
  "SPORTFUNUSDT": 0.04628,
  "DAMUSDT": 0.01951,
  "AINUSDT": 0.0339,
  "IDUSDT": 0.0445,
  "WALUSDT": 0.0746,
  "KOMAUSDT": 0.00704,
  "ZEREBROUSDT": 0.00707,
  "POLYXUSDT": 0.04169,