{
  "BTCUSDT": 65837.1,
  "ETHUSDT": 1929.13,
  "SOLUSDT": 81.85,
  "XRPUSDT": 1.3553,
  "BNBUSDT": 613.98,
  "DOGEUSDT": 0.09333,
  "BCHUSDT": 461.26,
  "XAGUSDT": 93.72,
  "PAXGUSDT": 5288.07,
  "XAUUSDT": 5273.79,
  "HYPEUSDT": 27.287,
  "WLFIUSDT": 0.1107,
  "ZECUSDT": 218.76,
  "TRXUSDT": 0.28253,
  "ADAUSDT": 0.2773,
  "UNIUSDT": 3.743,
  "SUIUSDT": 0.8989,
  "ASTERUSDT": 0.7033,
  "LINKUSDT": 8.705,
  "LTCUSDT": 54.51,
  "AVAXUSDT": 8.949,
  "1000PEPEUSDT": 0.0036795,
  "PUMPUSDT": 0.001795,
  "ENAUSDT": 0.1025,
  "PIPPINUSDT": 0.64766,
  "NEARUSDT": 1.092,
  "DOTUSDT": 1.597,
  "AAVEUSDT": 112.99,
  "WLDUSDT": 0.3892,
  "FILUSDT": 0.993,
  "TRUMPUSDT": 3.398,
  "LITUSDT": 1.359,
  "KITEUSDT": 0.23393,
  "TAOUSDT": 175.98,
  "XPLUSDT": 0.0915,
  "1000SHIBUSDT": 0.005786,
  "ZROUSDT": 1.6223,
  "TONUSDT": 1.2989,
  "APTUSDT": 0.9358,
  "HBARUSDT": 0.10037,
  "ATOMUSDT": 1.845,
  "ICPUSDT": 2.496,
  "POWERUSDT": 1.42096,
  "ARBUSDT": 0.1002,
  "XLMUSDT": 0.1587,
  "BERAUSDT": 0.5922,
  "RIVERUSDT": 11.412,
  "XMRUSDT": 338.19,
  "WIFUSDT": 0.2038,
  "MONUSDT": 0.02065,
  "HUSDT": 0.12072,
  "AXSUSDT": 1.296,
  "CRVUSDT": 0.241,
  "FETUSDT": 0.156,
  "ETCUSDT": 8.636,
  "FFUSDT": 0.07864,
  "OPUSDT": 0.1196,
  "VIRTUALUSDT": 0.6821,
  "PENGUUSDT": 0.006789,
  "CCUSDT": 0.17031,
  "\u5e01\u5b89\u4eba\u751fUSDT": 0.07532,
  "POLUSDT": 0.10887,
  "FARTCOINUSDT": 0.1568,
  "PARTIUSDT": 0.09862,
  "ARCUSDT": 0.03089,
  "1000BONKUSDT": 0.00593,
  "BTCDOMUSDT": 5096.4,
  "CHZUSDT": 0.03373,
  "IPUSDT": 0.942,
  "BANUSDT": 0.11323,
  "ETHFIUSDT": 0.4935,
  "ONDOUSDT": 0.2568,
  "TIAUSDT": 0.3195,
  "ENSOUSDT": 1.4479,
  "ESPUSDT": 0.1264,
  "INJUSDT": 3.079,
  "SAHARAUSDT": 0.02207,
  "SENTUSDT": 0.02251,
  "DASHUSDT": 33.19,
  "0GUSDT": 0.6355,
  "STABLEUSDT": 0.032127,
  "BARDUSDT": 0.8541,
  "SEIUSDT": 0.06891,
  "SKYAIUSDT": 0.05081,
  "KAITOUSDT": 0.3414,
  "JUPUSDT": 0.1525,
  "VVVUSDT": 4.608,
  "ZKUSDT": 0.01925,
  "SIRENUSDT": 0.35319,
  "ALCHUSDT": 0.08044,
  "ZAMAUSDT": 0.02219,
  "MORPHOUSDT": 1.8356,
  "PENDLEUSDT": 1.2533,
  "QUSDT": 0.023125,
  "GWEIUSDT": 0.045747,
  "RENDERUSDT": 1.415,
  "LDOUSDT": 0.3006,
  "BUSDT": 0.1708,
  "GUAUSDT": 0.21685,
  "BANANAS31USDT": 0.004694,
  "ATUSDT": 0.15952,
  "LYNUSDT": 0.31304,
  "HOMEUSDT": 0.028977,
  "1000LUNCUSDT": 0.0431,
  "CAKEUSDT": 1.2974,
  "MYXUSDT": 0.424,
  "NIGHTUSDT": 0.05812,
  "BIOUSDT": 0.02241,
  "PIEVERSEUSDT": 0.4957,
  "ZENUSDT": 5.411,
  "1000RATSUSDT": 0.03825,
  "SANDUSDT": 0.08355,
  "MUSDT": 1.4393,
  "ALGOUSDT": 0.0865,
  "STRKUSDT": 0.04073,
  "GPSUSDT": 0.009003,
  "USDCUSDT": 0.999473,
  "HANAUSDT": 0.03519,
  "GIGGLEUSDT": 26.32,
  "GALAUSDT": 0.00366,
  "SIGNUSDT": 0.02423,
  "ALLOUSDT": 0.10956,
  "BTRUSDT": 0.17956,
  "JTOUSDT": 0.2769,
  "APEUSDT": 0.1023,
  "SKYUSDT": 0.06717,
  "UBUSDT": 0.0376,
  "AZTECUSDT": 0.02094,
  "DUSKUSDT": 0.08234,
  "GUNUSDT": 0.0269,
  "BULLAUSDT": 0.01435,
  "DENTUSDT": 0.000266,
  "MSTRUSDT": 129.9,
  "TSLAUSDT": 401.93,
  "SYRUPUSDT": 0.23252,
  "ATHUSDT": 0.005801,
  "AEROUSDT": 0.3389,
  "LAUSDT": 0.2321,
  "XPINUSDT": 0.001499,
  "METUSDT": 0.1823,
  "TRADOORUSDT": 1.352,
  "B2USDT": 0.7313,
  "ZILUSDT": 0.00417,
  "BEAMXUSDT": 0.001924,
  "HUMAUSDT": 0.011697,
  "OPNUSDT": 0.4687,
  "EIGENUSDT": 0.1863,
  "PYTHUSDT": 0.04949,
  "\u6211\u8e0f\u9a6c\u6765\u4e86USDT": 0.012664,
  "FOGOUSDT": 0.02708,
  "JELLYJELLYUSDT": 0.06557,
  "CRCLUSDT": 83.51,
  "AVNTUSDT": 0.1786,
  "VETUSDT": 0.007347,
  "ROSEUSDT": 0.01235,
  "STGUSDT": 0.1428,
  "RAVEUSDT": 0.33653,
  "NEOUSDT": 2.715,
  "DYDXUSDT": 0.095,
  "NXPCUSDT": 0.2753,
  "ORCAUSDT": 0.891,
  "ORDIUSDT": 2.432,
  "WETUSDT": 0.11779,
  "XTZUSDT": 0.382,
  "COMPUSDT": 18.44,
  "ZKPUSDT": 0.08193,
  "MOVEUSDT": 0.02156,
  "FORMUSDT": 0.1911,
  "ESPORTSUSDT": 0.30773,
  "COLLECTUSDT": 0.03715,
  "AUCTIONUSDT": 4.869,
  "CYBERUSDT": 0.5523,
  "LINEAUSDT": 0.003059,
  "SUSDT": 0.03991,
  "SKRUSDT": 0.02064,
  "LPTUSDT": 2.299,
  "PNUTUSDT": 0.04482,
  "STXUSDT": 0.2595,
  "ROBOUSDT": 0.04015,
  "SNXUSDT": 0.328,
  "WUSDT": 0.01892,
  "ENSUSDT": 6.057,
  "AWEUSDT": 0.05306,
  "MEUSDT": 0.1203,
  "SOMIUSDT": 0.2103,
  "ALICEUSDT": 0.144,
  "EULUSDT": 1.061,
  "ARUSDT": 1.613,
  "TRBUSDT": 14.398,
  "TRIAUSDT": 0.02001,
  "1000FLOKIUSDT": 0.02852,
  "AXLUSDT": 0.05562,
  "YGGUSDT": 0.03972,
  "BEATUSDT": 0.1975,
  "FLOWUSDT": 0.03826,
  "JASMYUSDT": 0.005633,
  "FOLKSUSDT": 1.487,
  "RESOLVUSDT": 0.06026,
  "PLUMEUSDT": 0.00927,
  "AGLDUSDT": 0.2519,
  "API3USDT": 0.2945,
  "BANKUSDT": 0.03759,
  "JSTUSDT": 0.047341,
  "IMXUSDT": 0.1651,
  "TAUSDT": 0.03942,
  "MERLUSDT": 0.04266,
  "DEXEUSDT": 3.452,
  "SPXUSDT": 0.2972,
  "2ZUSDT": 0.07533,
  "CYSUSDT": 0.3373,
  "BIRBUSDT": 0.16423,
  "EDUUSDT": 0.1099,
  "USELESSUSDT": 0.03884,
  "NMRUSDT": 7.862,
  "MANAUSDT": 0.0961,
  "CLOUSDT": 0.0697,
  "OGUSDT": 2.979,
  "AGTUSDT": 0.005217,
  "INITUSDT": 0.08079,
  "CFXUSDT": 0.04837,
  "IOTAUSDT": 0.0671,
  "VANAUSDT": 1.458,
  "QNTUSDT": 64.24,
  "GRTUSDT": 0.02616,
  "MMTUSDT": 0.1205,
  "WCTUSDT": 0.05915,
  "COAIUSDT": 0.3032,
  "SPKUSDT": 0.02041,
  "TAGUSDT": 0.0003551,
  "LUNA2USDT": 0.06836,
  "LIGHTUSDT": 0.1934,
  "SPACEUSDT": 0.008363,
  "SFPUSDT": 0.2628,
  "NAORISUSDT": 0.03164,
  "4USDT": 0.00812,
  "GRASSUSDT": 0.2113,
  "MOODENGUSDT": 0.05018,
  "MIRAUSDT": 0.0934,
  "ANIMEUSDT": 0.005044,
  "AIXBTUSDT": 0.02155,
  "PTBUSDT": 0.001151,
  "RUNEUSDT": 0.3975,
  "ZRXUSDT": 0.102,
  "STEEMUSDT": 0.0601,
  "AKEUSDT": 0.0002737,
  "1INCHUSDT": 0.0912,
  "ZORAUSDT": 0.01861,
  "LAYERUSDT": 0.0886,
  "THETAUSDT": 0.1882,
  "LRCUSDT": 0.03243,
  "KERNELUSDT": 0.08527,
  "BATUSDT": 0.1068,
  "KAIAUSDT": 0.05557,
  "XPTUSDT": 2371.21,
  "KASUSDT": 0.03024,
  "EGLDUSDT": 4.436,
  "YBUSDT": 0.1871,
  "NEIROUSDT": 6.795e-05,
  "IOUSDT": 0.1105,
  "FHEUSDT": 0.02976,
  "TWTUSDT": 0.5101,
  "HOTUSDT": 0.000408,
  "ARKMUSDT": 0.1079,
  "YFIUSDT": 2612.0,
  "BREVUSDT": 0.1366,
  "OPENUSDT": 0.1511,
  "COWUSDT": 0.2128,
  "ZBTUSDT": 0.07876,
  "AVAAIUSDT": 0.007751,
  "NOMUSDT": 0.003754,
  "AIAUSDT": 0.08628,
  "UAIUSDT": 0.1861,
  "VELVETUSDT": 0.08561,
  "BLUAIUSDT": 0.00492,
  "PEOPLEUSDT": 0.00649,
  "AUSDT": 0.08,
  "PROVEUSDT": 0.2894,
  "BSVUSDT": 15.68,
  "RPLUSDT": 1.837,
  "KGENUSDT": 0.17525,
  "SWARMSUSDT": 0.007334,
  "NEWTUSDT": 0.07621,
  "BOMEUSDT": 0.0003805,
  "MEGAUSDT": 0.12998,
  "STOUSDT": 0.06206,
  "ACTUSDT": 0.01394,
  "REDUSDT": 0.1621,
  "SUSHIUSDT": 0.2013,
  "TSTUSDT": 0.00963,
  "POPCATUSDT": 0.04724,
  "MAGICUSDT": 0.06339,
  "GMTUSDT": 0.0116,
  "KSMUSDT": 4.976,
  "SOPHUSDT": 0.009004,
  "STBLUSDT": 0.04376,
  "MEMEUSDT": 0.0006134,
  "AINUSDT": 0.04546,
  "TURBOUSDT": 0.000974,
  "VELODROMEUSDT": 0.01572,
  "FIGHTUSDT": 0.006418,
  "GASUSDT": 1.597,
  "MINAUSDT": 0.05786,
  "MANTAUSDT": 0.06288,
  "CATIUSDT": 0.03763,
  "SOONUSDT": 0.1637,
  "NILUSDT": 0.04889,
  "TUTUSDT": 0.01005,
  "TNSRUSDT": 0.04668,
  "SUPERUSDT": 0.1144,
  "BABYUSDT": 0.01211,
  "AIOUSDT": 0.0758,
  "HOLOUSDT": 0.06024,
  "SAPIENUSDT": 0.09228,
  "FUSDT": 0.005872,
  "BLURUSDT": 0.02002,
  "MUBARAKUSDT": 0.01359,
  "ACHUSDT": 0.006789,
  "C98USDT": 0.0254,
  "TRUTHUSDT": 0.009667,
  "IDOLUSDT": 0.0196,
  "SUNUSDT": 0.015969,
  "XVGUSDT": 0.005693,
  "ASRUSDT": 1.357,
  "ALTUSDT": 0.007497,
  "MASKUSDT": 0.4236,
  "UMAUSDT": 0.4375,
  "DAMUSDT": 0.02487,
  "ERAUSDT": 0.1499,
  "ZKCUSDT": 0.0874,
  "INUSDT": 0.06851,
  "CELOUSDT": 0.079,
  "SKLUSDT": 0.0069,
  "RAREUSDT": 0.01841,
  "GLMUSDT": 0.13481,
  "TAKEUSDT": 0.01767,
  "WALUSDT": 0.07552,
  "EDENUSDT": 0.03314,
  "BELUSDT": 0.0978,
  "CTSIUSDT": 0.0241,
  "DRIFTUSDT": 0.0863,
  "SONICUSDT": 0.04635,
  "XNYUSDT": 0.004648,
  "IDUSDT": 0.04446,
  "SOLVUSDT": 0.004079,
  "KMNOUSDT": 0.02103,
  "ANKRUSDT": 0.004243,
  "ICNTUSDT": 0.381,
  "ONTUSDT": 0.0434,
  "RAYSOLUSDT": 0.5915,
  "ARPAUSDT": 0.0097,
  "IOTXUSDT": 0.00494,
  "SANTOSUSDT": 1.389,
  "MELANIAUSDT": 0.1085,
  "DEGOUSDT": 0.3088,
  "ENJUSDT": 0.0199,