{
  "BTCUSDT": 67927.0,
  "ETHUSDT": 1964.07,
  "SOLUSDT": 84.2,
  "XRPUSDT": 1.4055,
  "BNBUSDT": 619.94,
  "BCHUSDT": 569.88,
  "DOGEUSDT": 0.09644,
  "HYPEUSDT": 29.264,
  "XAGUSDT": 84.82,
  "PAXGUSDT": 5134.52,
  "XAUUSDT": 5117.13,
  "WLFIUSDT": 0.1173,
  "ZECUSDT": 248.38,
  "TRXUSDT": 0.28899,
  "SUIUSDT": 0.924,
  "ASTERUSDT": 0.7039,
  "LINKUSDT": 8.729,
  "ADAUSDT": 0.2724,
  "UNIUSDT": 3.501,
  "LTCUSDT": 53.81,
  "AVAXUSDT": 8.905,
  "PUMPUSDT": 0.002045,
  "1000PEPEUSDT": 0.0040606,
  "PIPPINUSDT": 0.626,
  "ENAUSDT": 0.1015,
  "KITEUSDT": 0.2553,
  "AAVEUSDT": 117.97,
  "NEARUSDT": 1.015,
  "ARCUSDT": 0.09227,
  "TRUMPUSDT": 3.383,
  "LITUSDT": 1.47,
  "WLDUSDT": 0.3757,
  "FILUSDT": 0.927,
  "TAOUSDT": 174.45,
  "XPLUSDT": 0.0911,
  "DOTUSDT": 1.317,
  "ZROUSDT": 1.7062,
  "ATOMUSDT": 2.259,
  "ENSOUSDT": 1.9451,
  "TONUSDT": 1.3333,
  "APTUSDT": 0.8251,
  "XLMUSDT": 0.15495,
  "HBARUSDT": 0.09763,
  "1000SHIBUSDT": 0.006187,
  "BERAUSDT": 0.5903,
  "AXSUSDT": 1.285,
  "ARBUSDT": 0.0939,
  "ICPUSDT": 2.11,
  "OPUSDT": 0.1211,
  "RIVERUSDT": 8.136,
  "HUSDT": 0.16341,
  "XMRUSDT": 318.33,
  "POWERUSDT": 0.45057,
  "MONUSDT": 0.0199,
  "ETCUSDT": 8.663,
  "WIFUSDT": 0.2128,
  "BARDUSDT": 0.7812,
  "FETUSDT": 0.1596,
  "FFUSDT": 0.07814,
  "CRVUSDT": 0.227,
  "PENGUUSDT": 0.006612,
  "RAVEUSDT": 0.65053,
  "BANUSDT": 0.13403,
  "FARTCOINUSDT": 0.1771,
  "INJUSDT": 3.544,
  "1000BONKUSDT": 0.006066,
  "PARTIUSDT": 0.10584,
  "IPUSDT": 1.069,
  "SIRENUSDT": 0.29117,
  "POLUSDT": 0.10634,
  "DASHUSDT": 33.28,
  "BTCDOMUSDT": 5135.2,
  "CHZUSDT": 0.03435,
  "\u5e01\u5b89\u4eba\u751fUSDT": 0.07665,
  "OPNUSDT": 0.6532,
  "AZTECUSDT": 0.03026,
  "SENTUSDT": 0.02124,
  "TIAUSDT": 0.3154,
  "ONDOUSDT": 0.2614,
  "0GUSDT": 0.6332,
  "ETHFIUSDT": 0.4447,
  "VIRTUALUSDT": 0.6232,
  "SEIUSDT": 0.0693,
  "AGLDUSDT": 0.3533,
  "LYNUSDT": 0.31263,
  "ZKUSDT": 0.0191,
  "JUPUSDT": 0.1524,
  "ZAMAUSDT": 0.0228,
  "VVVUSDT": 4.125,
  "STABLEUSDT": 0.028342,
  "MYXUSDT": 0.873,
  "ALCHUSDT": 0.07974,
  "CCUSDT": 0.15851,
  "PENDLEUSDT": 1.2002,
  "BIOUSDT": 0.02698,
  "BTRUSDT": 0.2088,
  "QUSDT": 0.022482,
  "KAITOUSDT": 0.295,
  "1000RATSUSDT": 0.04617,
  "HOMEUSDT": 0.02994,
  "LDOUSDT": 0.3087,
  "ATUSDT": 0.16991,
  "DUSKUSDT": 0.08056,
  "RENDERUSDT": 1.405,
  "BANANAS31USDT": 0.004592,
  "NIGHTUSDT": 0.05786,
  "ALGOUSDT": 0.0872,
  "HANAUSDT": 0.03699,
  "ZENUSDT": 5.706,
  "TRADOORUSDT": 1.528,
  "SKYAIUSDT": 0.03842,
  "SANDUSDT": 0.08139,
  "JTOUSDT": 0.3067,
  "STRKUSDT": 0.04344,
  "ESPUSDT": 0.0711,
  "OMUSDT": 0.06721,
  "ALLOUSDT": 0.11918,
  "GUNUSDT": 0.02872,
  "MUSDT": 1.3936,
  "CAKEUSDT": 1.298,
  "MORPHOUSDT": 1.5935,
  "GPSUSDT": 0.013314,
  "ZILUSDT": 0.004,
  "SNXUSDT": 0.405,
  "UBUSDT": 0.03461,
  "PIEVERSEUSDT": 0.4078,
  "USDCUSDT": 0.99981,
  "ORCAUSDT": 1.014,
  "SKYUSDT": 0.06473,
  "APEUSDT": 0.1069,
  "GALAUSDT": 0.00369,
  "GIGGLEUSDT": 27.91,
  "B2USDT": 0.7204,
  "AWEUSDT": 0.05352,
  "\u6211\u8e0f\u9a6c\u6765\u4e86USDT": 0.014665,
  "ROSEUSDT": 0.01314,
  "BULLAUSDT": 0.02809,
  "NAORISUSDT": 0.04968,
  "PYTHUSDT": 0.05189,
  "XPINUSDT": 0.001693,
  "HUMAUSDT": 0.012722,
  "METUSDT": 0.203,
  "CYBERUSDT": 0.5984,
  "BEAMXUSDT": 0.002211,
  "BUSDT": 0.135,
  "JELLYJELLYUSDT": 0.06651,
  "GUAUSDT": 0.16273,
  "YGGUSDT": 0.04591,
  "AVNTUSDT": 0.1821,
  "SPACEUSDT": 0.011366,
  "MSTRUSDT": 131.37,
  "AEROUSDT": 0.319,
  "SYRUPUSDT": 0.22299,
  "CYSUSDT": 0.3659,
  "EIGENUSDT": 0.1817,
  "TSLAUSDT": 411.43,
  "DYDXUSDT": 0.095,
  "VETUSDT": 0.007462,
  "NXPCUSDT": 0.2703,
  "XTZUSDT": 0.377,
  "ESPORTSUSDT": 0.33471,
  "ORDIUSDT": 2.502,
  "MOVEUSDT": 0.02302,
  "INITUSDT": 0.09042,
  "ZKPUSDT": 0.08788,
  "FORMUSDT": 0.2057,
  "COMPUSDT": 17.4,
  "NEOUSDT": 2.675,
  "MEUSDT": 0.1238,
  "COLLECTUSDT": 0.0493,
  "SOMIUSDT": 0.2172,
  "FOGOUSDT": 0.02621,
  "LINEAUSDT": 0.003425,
  "AUCTIONUSDT": 4.958,
  "SUSDT": 0.04189,
  "LAUSDT": 0.2082,
  "PNUTUSDT": 0.04633,
  "ENSUSDT": 6.426,
  "1000LUNCUSDT": 0.03567,
  "RESOLVUSDT": 0.06536,
  "BEATUSDT": 0.2401,
  "1000FLOKIUSDT": 0.0293,
  "VANAUSDT": 1.531,
  "GWEIUSDT": 0.030282,
  "OGUSDT": 3.293,
  "STGUSDT": 0.1477,
  "CLOUSDT": 0.08985,
  "STXUSDT": 0.2462,
  "MERLUSDT": 0.05014,
  "LPTUSDT": 2.272,
  "PLUMEUSDT": 0.00965,
  "AGTUSDT": 0.005559,
  "FHEUSDT": 0.03911,
  "BIRBUSDT": 0.16619,
  "EDUUSDT": 0.1238,
  "TRBUSDT": 14.725,
  "TRIAUSDT": 0.01511,
  "UAIUSDT": 0.2465,
  "EULUSDT": 0.93,
  "WUSDT": 0.01893,
  "BANKUSDT": 0.03859,
  "ARUSDT": 1.964,
  "ATHUSDT": 0.005341,
  "WCTUSDT": 0.06017,
  "NMRUSDT": 8.017,
  "TAUSDT": 0.03924,
  "JASMYUSDT": 0.005632,
  "LRCUSDT": 0.03202,
  "2ZUSDT": 0.07022,
  "CFXUSDT": 0.05107,
  "MANAUSDT": 0.0942,
  "USELESSUSDT": 0.03824,
  "COWUSDT": 0.2145,
  "TAGUSDT": 0.0003831,
  "API3USDT": 0.2933,
  "LIGHTUSDT": 0.2341,
  "MMTUSDT": 0.1258,
  "GRTUSDT": 0.02668,
  "MOODENGUSDT": 0.05409,
  "SAPIENUSDT": 0.09934,
  "SPXUSDT": 0.3105,
  "ZORAUSDT": 0.02004,
  "COAIUSDT": 0.3173,
  "AIAUSDT": 0.10152,
  "LUNA2USDT": 0.06249,
  "IMXUSDT": 0.1601,
  "IOTAUSDT": 0.0674,
  "FLOWUSDT": 0.03741,
  "RPLUSDT": 2.275,
  "PTBUSDT": 0.001376,
  "1INCHUSDT": 0.0918,
  "QNTUSDT": 64.77,
  "IOUSDT": 0.1152,
  "THETAUSDT": 0.1941,
  "SPKUSDT": 0.02052,
  "ZRXUSDT": 0.1068,
  "AXLUSDT": 0.05388,
  "SFPUSDT": 0.2599,
  "JSTUSDT": 0.042583,
  "4USDT": 0.00834,
  "BREVUSDT": 0.1311,
  "KAIAUSDT": 0.05534,
  "BELUSDT": 0.1138,
  "NEIROUSDT": 7.01e-05,
  "SKRUSDT": 0.018977,
  "ARKMUSDT": 0.1075,
  "YFIUSDT": 2771.0,
  "KGENUSDT": 0.17996,
  "MEGAUSDT": 0.13036,
  "FOLKSUSDT": 1.287,
  "EGLDUSDT": 4.395,
  "AIOUSDT": 0.08508,
  "NOMUSDT": 0.004977,
  "ANIMEUSDT": 0.004917,
  "RUNEUSDT": 0.4016,
  "MAGICUSDT": 0.06745,
  "BLUAIUSDT": 0.005243,
  "BOMEUSDT": 0.0003925,
  "TWTUSDT": 0.5165,
  "PROVEUSDT": 0.2926,
  "PEOPLEUSDT": 0.00648,
  "TAKEUSDT": 0.02584,
  "SAHARAUSDT": 0.0151,
  "MANTAUSDT": 0.06968,
  "FIGHTUSDT": 0.007009,
  "MINAUSDT": 0.06048,
  "SIGNUSDT": 0.02519,
  "OPENUSDT": 0.1485,
  "ZKCUSDT": 0.0873,
  "TSTUSDT": 0.01022,
  "AUSDT": 0.0807,
  "XNYUSDT": 0.004658,
  "ACTUSDT": 0.01409,
  "AVAAIUSDT": 0.00746,
  "KASUSDT": 0.03015,
  "GASUSDT": 1.556,
  "SUPERUSDT": 0.1167,
  "GMTUSDT": 0.01155,
  "TUTUSDT": 0.01072,
  "SANTOSUSDT": 1.883,
  "TNSRUSDT": 0.04674,
  "VELVETUSDT": 0.07824,
  "GRASSUSDT": 0.1812,
  "BATUSDT": 0.1173,
  "TURBOUSDT": 0.001012,
  "IDOLUSDT": 0.02162,
  "SOPHUSDT": 0.009024,
  "SWARMSUSDT": 0.00692,
  "BSVUSDT": 15.7,
  "XPTUSDT": 2163.16,
  "VTHOUSDT": 0.0006235,
  "CATIUSDT": 0.03897,
  "ZBTUSDT": 0.07122,
  "AKEUSDT": 0.0002686,
  "FUSDT": 0.005717,
  "C98USDT": 0.0269,
  "YBUSDT": 0.1533,
  "POPCATUSDT": 0.04943,
  "SUSHIUSDT": 0.1992,
  "VELODROMEUSDT": 0.01484,
  "NILUSDT": 0.04867,
  "BABYUSDT": 0.01266,
  "TRUTHUSDT": 0.009777,
  "MUBARAKUSDT": 0.01453,
  "ICNTUSDT": 0.4023,
  "LAYERUSDT": 0.0845,
  "CVXUSDT": 1.878,
  "STOUSDT": 0.05658,
  "XVGUSDT": 0.006002,
  "ARPAUSDT": 0.01006,
  "CTSIUSDT": 0.0249,
  "ACHUSDT": 0.007252,
  "DEXEUSDT": 2.453,
  "PLAYUSDT": 0.02167,
  "ASRUSDT": 1.412,
  "KSMUSDT": 4.785,
  "SOONUSDT": 0.1654,
  "RAREUSDT": 0.01875,
  "RAYSOLUSDT": 0.6283,
  "SOLVUSDT": 0.00435,
  "ALTUSDT": 0.00758,
  "MASKUSDT": 0.4339,
  "BLURUSDT": 0.01988,
  "GLMUSDT": 0.16434,
  "AIXBTUSDT": 0.01914,
  "CELOUSDT": 0.075,
  "EDENUSDT": 0.03371,
  "DRIFTUSDT": 0.0865,
  "ANKRUSDT": 0.004389,
  "ONTUSDT": 0.0421,
  "IRUSDT": 0.0937,
  "DOLOUSDT": 0.04024,
  "MEMEUSDT": 0.0006562,
  "UMAUSDT": 0.4519,
  "FRAXUSDT": 0.6484,
  "THEUSDT": 0.252,
  "ZEREBROUSDT": 0.00755,
  "SONICUSDT": 0.04649,
  "DEGOUSDT": 0.338,
  "SUNUSDT": 0.016931,
  "KERNELUSDT": 0.06773,
  "MELANIAUSDT": 0.1144,
  "BASUSDT": 0.005365,
  "ERAUSDT": 0.1491,
  "ONUSDT": 0.09553,
  "APRUSDT": 0.10198,
  "IDUSDT": 0.0462,
  "KAVAUSDT": 0.0507,
  "WOOUSDT": 0.01768,
  "IOTXUSDT": 0.00457,
  "WALUSDT": 0.0768,
  "STORJUSDT": 0.0944,
  "HYPERUSDT": 0.0943,
  "POLYXUSDT": 0.04204,
  "RSRUSDT": 0.001427,
  "INUSDT": 0.06116,