{
  "BTCUSDT": 68285.7,
  "ETHUSDT": 1982.04,
  "SOLUSDT": 86.96,
  "XRPUSDT": 1.3598,
  "BNBUSDT": 633.66,
  "DOGEUSDT": 0.08991,
  "XAUUSDT": 5126.88,
  "PAXGUSDT": 5143.6,
  "BCHUSDT": 443.96,
  "HYPEUSDT": 31.31,
  "XAGUSDT": 83.14,
  "WLFIUSDT": 0.1044,
  "TRXUSDT": 0.28028,
  "ZECUSDT": 221.11,
  "UNIUSDT": 3.909,
  "SUIUSDT": 0.9089,
  "ASTERUSDT": 0.695,
  "ADAUSDT": 0.2625,
  "1000PEPEUSDT": 0.003459,
  "AVAXUSDT": 9.174,
  "LINKUSDT": 8.804,
  "LTCUSDT": 54.74,
  "NEARUSDT": 1.356,
  "PUMPUSDT": 0.001919,
  "ENAUSDT": 0.1113,
  "DOTUSDT": 1.528,
  "AAVEUSDT": 111.05,
  "XPLUSDT": 0.1159,
  "WLDUSDT": 0.3929,
  "FILUSDT": 1.0,
  "PIPPINUSDT": 0.38074,
  "1000SHIBUSDT": 0.005474,
  "LITUSDT": 1.3,
  "TRUMPUSDT": 3.39,
  "RIVERUSDT": 18.432,
  "TAOUSDT": 182.83,
  "ZROUSDT": 1.8541,
  "APTUSDT": 1.0103,
  "TONUSDT": 1.25,
  "KITEUSDT": 0.22883,
  "HBARUSDT": 0.09688,
  "ATOMUSDT": 1.811,
  "HUSDT": 0.12507,
  "XMRUSDT": 341.09,
  "ARBUSDT": 0.1025,
  "XLMUSDT": 0.15143,
  "BERAUSDT": 0.5653,
  "ICPUSDT": 2.455,
  "CRVUSDT": 0.252,
  "WIFUSDT": 0.2038,
  "MONUSDT": 0.02036,
  "FETUSDT": 0.1479,
  "VIRTUALUSDT": 0.7421,
  "AXSUSDT": 1.214,
  "OPUSDT": 0.1265,
  "FFUSDT": 0.07348,
  "PENGUUSDT": 0.007031,
  "ARCUSDT": 0.03712,
  "CCUSDT": 0.1572,
  "ETCUSDT": 8.487,
  "VVVUSDT": 6.018,
  "BARDUSDT": 1.0842,
  "SAHARAUSDT": 0.02994,
  "POLUSDT": 0.10078,
  "BTCDOMUSDT": 5186.0,
  "FARTCOINUSDT": 0.1669,
  "ETHFIUSDT": 0.516,
  "PARTIUSDT": 0.08531,
  "DASHUSDT": 34.18,
  "CHZUSDT": 0.03671,
  "SIRENUSDT": 0.39796,
  "1000BONKUSDT": 0.005973,
  "POWERUSDT": 0.18485,
  "ONDOUSDT": 0.2555,
  "IPUSDT": 0.843,
  "TIAUSDT": 0.3302,
  "BANUSDT": 0.11193,
  "SEIUSDT": 0.06773,
  "\u5e01\u5b89\u4eba\u751fUSDT": 0.06125,
  "SENTUSDT": 0.02091,
  "ENSOUSDT": 1.3386,
  "JUPUSDT": 0.1805,
  "INJUSDT": 3.029,
  "ESPUSDT": 0.11842,
  "0GUSDT": 0.6148,
  "KAITOUSDT": 0.3673,
  "BANANAS31USDT": 0.00579,
  "SKYAIUSDT": 0.05081,
  "FORMUSDT": 0.3265,
  "STABLEUSDT": 0.029215,
  "LDOUSDT": 0.3035,
  "ZAMAUSDT": 0.02063,
  "RENDERUSDT": 1.34,
  "BUSDT": 0.1975,
  "GUAUSDT": 0.24139,
  "ALCHUSDT": 0.07815,
  "PENDLEUSDT": 1.2647,
  "ZKUSDT": 0.01855,
  "MORPHOUSDT": 1.9541,
  "JELLYJELLYUSDT": 0.08499,
  "PHAUSDT": 0.0378,
  "QUSDT": 0.024934,
  "1000RATSUSDT": 0.04543,
  "ROBOUSDT": 0.04946,
  "PIEVERSEUSDT": 0.5354,
  "BIOUSDT": 0.02136,
  "ATUSDT": 0.1579,
  "GWEIUSDT": 0.041866,
  "SIGNUSDT": 0.02795,
  "HOMEUSDT": 0.028976,
  "ZENUSDT": 5.533,
  "CAKEUSDT": 1.3429,
  "LYNUSDT": 0.30527,
  "BULLAUSDT": 0.02507,
  "NIGHTUSDT": 0.05997,
  "SANDUSDT": 0.084,
  "ALGOUSDT": 0.086,
  "GALAUSDT": 0.00352,
  "BTRUSDT": 0.19376,
  "CRCLUSDT": 98.77,
  "STRKUSDT": 0.04009,
  "GIGGLEUSDT": 26.93,
  "SKYUSDT": 0.07118,
  "MYXUSDT": 0.315,
  "MUSDT": 1.3852,
  "TSLAUSDT": 391.3,
  "HANAUSDT": 0.03374,
  "USDCUSDT": 0.999456,
  "STGUSDT": 0.1641,
  "GPSUSDT": 0.009053,
  "ALLOUSDT": 0.10433,
  "MSTRUSDT": 133.0,
  "APEUSDT": 0.0995,
  "TRADOORUSDT": 1.544,
  "EIGENUSDT": 0.1919,
  "DUSKUSDT": 0.08611,
  "AEROUSDT": 0.3452,
  "OPNUSDT": 0.4753,
  "HUMAUSDT": 0.012931,
  "SYRUPUSDT": 0.22889,
  "B2USDT": 0.7227,
  "JTOUSDT": 0.2748,
  "ATHUSDT": 0.006284,
  "XPINUSDT": 0.00137,
  "BEAMXUSDT": 0.001909,
  "1000LUNCUSDT": 0.04308,
  "GUNUSDT": 0.02027,
  "AZTECUSDT": 0.02051,
  "PYTHUSDT": 0.04854,
  "ZILUSDT": 0.00408,
  "NEOUSDT": 2.561,
  "XTZUSDT": 0.376,
  "ORDIUSDT": 2.48,
  "ROSEUSDT": 0.01201,
  "UBUSDT": 0.03168,
  "VETUSDT": 0.007124,
  "METUSDT": 0.1725,
  "LAUSDT": 0.2096,
  "AVNTUSDT": 0.1695,
  "FOGOUSDT": 0.02341,
  "MOVEUSDT": 0.02214,
  "AIXBTUSDT": 0.02877,
  "DYDXUSDT": 0.095,
  "COMPUSDT": 17.22,
  "LINEAUSDT": 0.003176,
  "NXPCUSDT": 0.2699,
  "\u6211\u8e0f\u9a6c\u6765\u4e86USDT": 0.010748,
  "TAUSDT": 0.04709,
  "BEATUSDT": 0.2545,
  "ESPORTSUSDT": 0.30589,
  "GRASSUSDT": 0.2934,
  "PNUTUSDT": 0.04563,
  "COLLECTUSDT": 0.04036,
  "SUSDT": 0.04103,
  "ZKPUSDT": 0.08896,
  "ENSUSDT": 5.966,
  "ARUSDT": 1.66,
  "SKRUSDT": 0.022914,
  "TRBUSDT": 14.478,
  "1000FLOKIUSDT": 0.02811,
  "AUCTIONUSDT": 4.694,
  "EULUSDT": 1.174,
  "SNXUSDT": 0.311,
  "ORCAUSDT": 0.864,
  "4USDT": 0.0095,
  "AGLDUSDT": 0.2153,
  "DENTUSDT": 0.000261,
  "SPXUSDT": 0.3261,
  "LPTUSDT": 2.289,
  "JASMYUSDT": 0.005525,
  "RAVEUSDT": 0.32602,
  "MANAUSDT": 0.0966,
  "PLUMEUSDT": 0.0093,
  "STXUSDT": 0.2561,
  "WUSDT": 0.01849,
  "MEUSDT": 0.1143,
  "TRIAUSDT": 0.01788,
  "SOMIUSDT": 0.1909,
  "RESOLVUSDT": 0.05999,
  "WETUSDT": 0.10737,
  "BANKUSDT": 0.03662,
  "CYBERUSDT": 0.5412,
  "KAVAUSDT": 0.0533,
  "JSTUSDT": 0.048125,
  "DEXEUSDT": 3.431,
  "GRTUSDT": 0.02602,
  "USELESSUSDT": 0.04345,
  "AGTUSDT": 0.005498,
  "COAIUSDT": 0.3193,
  "IMXUSDT": 0.1585,
  "IOTAUSDT": 0.0658,
  "YGGUSDT": 0.03882,
  "API3USDT": 0.2821,
  "CFXUSDT": 0.04818,
  "WCTUSDT": 0.05929,
  "EDUUSDT": 0.1027,
  "INITUSDT": 0.08335,
  "TAGUSDT": 0.0003695,
  "AWEUSDT": 0.05064,
  "NMRUSDT": 7.618,
  "LAYERUSDT": 0.0864,
  "SFPUSDT": 0.2729,
  "QNTUSDT": 62.68,
  "CYSUSDT": 0.3162,
  "MERLUSDT": 0.04096,
  "FLOWUSDT": 0.03511,
  "MOODENGUSDT": 0.04833,
  "2ZUSDT": 0.07238,
  "USUALUSDT": 0.01605,
  "RUNEUSDT": 0.408,
  "AXLUSDT": 0.05279,
  "NEIROUSDT": 6.829e-05,
  "PTBUSDT": 0.001133,
  "LIGHTUSDT": 0.1853,
  "CLOUSDT": 0.07077,
  "KASUSDT": 0.03046,
  "MMTUSDT": 0.1163,
  "EGLDUSDT": 4.182,
  "SPKUSDT": 0.01892,
  "BREVUSDT": 0.1469,
  "1INCHUSDT": 0.0939,
  "NAORISUSDT": 0.03056,
  "KGENUSDT": 0.20365,
  "THETAUSDT": 0.1922,
  "ARKMUSDT": 0.1078,
  "BIRBUSDT": 0.14482,
  "VANAUSDT": 1.433,
  "ZRXUSDT": 0.1032,
  "AIOUSDT": 0.08384,
  "SUNUSDT": 0.015835,
  "FOLKSUSDT": 1.19,
  "IOUSDT": 0.1127,
  "MUBARAKUSDT": 0.01521,
  "KNCUSDT": 0.1369,
  "MEGAUSDT": 0.13618,
  "ZORAUSDT": 0.01706,
  "PEOPLEUSDT": 0.00654,
  "SPACEUSDT": 0.007297,
  "GMTUSDT": 0.01124,
  "KAIAUSDT": 0.05387,
  "AIAUSDT": 0.08661,
  "SWARMSUSDT": 0.007401,
  "LRCUSDT": 0.03078,
  "TSTUSDT": 0.00971,
  "AKEUSDT": 0.000239,
  "YFIUSDT": 2634.0,
  "POPCATUSDT": 0.04793,
  "COWUSDT": 0.2191,
  "SOPHUSDT": 0.008621,
  "MIRAUSDT": 0.087,
  "AVAAIUSDT": 0.007648,
  "PROVEUSDT": 0.2877,
  "MEMEUSDT": 0.0006492,
  "ANIMEUSDT": 0.004699,
  "TWTUSDT": 0.4805,
  "BOMEUSDT": 0.0004018,
  "AUSDT": 0.0766,
  "VELVETUSDT": 0.08151,
  "BATUSDT": 0.104,
  "STEEMUSDT": 0.05785,
  "NILUSDT": 0.05006,
  "ACTUSDT": 0.0138,
  "TUTUSDT": 0.0108,
  "STOUSDT": 0.06038,
  "OGUSDT": 2.803,
  "TURBOUSDT": 0.0009641,
  "FIOUSDT": 0.01032,
  "OPENUSDT": 0.145,
  "SUSHIUSDT": 0.2033,
  "LUNA2USDT": 0.06304,
  "CATIUSDT": 0.03975,
  "GASUSDT": 1.597,
  "VELODROMEUSDT": 0.01565,
  "MANTAUSDT": 0.06377,
  "AKTUSDT": 0.3384,
  "BSVUSDT": 14.89,
  "HIPPOUSDT": 0.000723,
  "ALICEUSDT": 0.131,
  "SUPERUSDT": 0.1162,
  "FHEUSDT": 0.02736,
  "BLUAIUSDT": 0.004233,
  "SOONUSDT": 0.1622,
  "BABYUSDT": 0.01139,
  "TNSRUSDT": 0.04481,
  "DAMUSDT": 0.02732,
  "KSMUSDT": 4.625,
  "ZBTUSDT": 0.0744,
  "MAGICUSDT": 0.06083,
  "MINAUSDT": 0.05651,
  "UAIUSDT": 0.2102,
  "XNYUSDT": 0.005788,
  "KERNELUSDT": 0.07532,
  "ALTUSDT": 0.007328,
  "UMAUSDT": 0.4312,
  "KATUSDT": 0.01843,
  "FUSDT": 0.005486,
  "KMNOUSDT": 0.02404,
  "XPTUSDT": 2109.58,
  "MASKUSDT": 0.4299,
  "FIGHTUSDT": 0.006101,
  "NOMUSDT": 0.003499,
  "XVGUSDT": 0.005471,
  "ASRUSDT": 1.304,
  "IOTXUSDT": 0.00511,
  "NEWTUSDT": 0.06886,
  "RPLUSDT": 1.895,
  "BLURUSDT": 0.01956,
  "YBUSDT": 0.1662,
  "CELOUSDT": 0.076,
  "ZEREBROUSDT": 0.007303,
  "INUSDT": 0.0658,
  "ENJUSDT": 0.01896,
  "STBLUSDT": 0.04088,
  "WALUSDT": 0.07851,
  "ONTUSDT": 0.0422,
  "SKLUSDT": 0.00662,
  "ANKRUSDT": 0.004092,
  "SAPIENUSDT": 0.08121,
  "SANTOSUSDT": 1.295,
  "TRUTHUSDT": 0.009378,
  "AINUSDT": 0.03786,
  "HOLOUSDT": 0.05996,
  "KOMAUSDT": 0.007796,
  "ERAUSDT": 0.1415,
  "GLMUSDT": 0.12945,
  "SAGAUSDT": 0.03277,
  "REDUSDT": 0.143,
  "QTUMUSDT": 0.91,
  "POLYXUSDT": 0.04151,
  "ACHUSDT": 0.006719,
  "1000CHEEMSUSDT": 0.000528,
  "1000SATSUSDT": 1.13e-05,
  "RAYSOLUSDT": 0.6022,
  "C98USDT": 0.0258,
  "GMXUSDT": 7.074,