{
  "MITOUSDT": 0.04628,
  "MUBARAKUSDT": 0.01876,
  "OPUSDT": 0.1784,
  "IRUSDT": 0.08814,
  "NAORISUSDT": 0.04686,
  "JCTUSDT": 0.001784,
  "ORCAUSDT": 1.288,
  "ACXUSDT": 0.03695,
  "AIOTUSDT": 0.03063,
  "TURTLEUSDT": 0.04287,
  "WIF/USDUSDT": 0.2266,
  "BULLAUSDT": 0.02766,
  "RLSUSDT": 0.006395,
  "OP/USDUSDT": 0.1782,
  "STRKUSDT": 0.04721,
  "PROMUSDT": 1.386,
  "SAND/USDUSDT": 0.0857,
  "LQTYUSDT": 0.2842,
  "CELOUSDT": 0.081,
  "CLOUSDT": 0.08498
}