{
  "SAND/USDUSDT": 0.0915,
  "SYNUSDT": 0.05168,
  "APTUSDT": 1.0552,
  "XPLUSDT": 0.1089,
  "ADAUSDT": 0.3041,
  "MUBARAKUSDT": 0.01465,
  "DOTUSDT": 1.629,
  "SAPIENUSDT": 0.09348,
  "AINUSDT": 0.04669,
  "DOT/USDUSDT": 1.629,
  "BARDUSDT": 0.7747,
  "THETAUSDT": 0.2061,
  "ADA/USDCUSDT": 0.3042,
  "COINUSDT": 184.92,
  "DUSDT": 0.0074,
  "PIPPINUSDT": 0.75924,
  "OPUSDT": 0.1288,
  "WIF/USDUSDT": 0.2213,
  "GALAUSDT": 0.00399,
  "STABLEUSDT": 0.031441
}