{
  "BTCUSDT": 66957.8,
  "ETHUSDT": 1937.39,
  "SOLUSDT": 82.44,
  "XRPUSDT": 1.3896,
  "BNBUSDT": 605.66,
  "BCHUSDT": 543.7,
  "DOGEUSDT": 0.0966,
  "HYPEUSDT": 28.793,
  "XAGUSDT": 80.88,
  "WLFIUSDT": 0.1163,
  "PAXGUSDT": 5055.46,
  "XAUUSDT": 5046.12,
  "ZECUSDT": 254.55,
  "TRXUSDT": 0.28511,
  "SUIUSDT": 0.9257,
  "ASTERUSDT": 0.6994,
  "LINKUSDT": 8.519,
  "AVAXUSDT": 9.0,
  "LTCUSDT": 53.16,
  "ADAUSDT": 0.2731,
  "UNIUSDT": 3.349,
  "1000PEPEUSDT": 0.0041189,
  "PUMPUSDT": 0.00208,
  "KITEUSDT": 0.27304,
  "ENAUSDT": 0.1079,
  "NEARUSDT": 1.014,
  "AAVEUSDT": 115.93,
  "PIPPINUSDT": 0.49476,
  "WLDUSDT": 0.3764,
  "TRUMPUSDT": 3.49,
  "LITUSDT": 1.44,
  "FILUSDT": 0.91,
  "TAOUSDT": 175.77,
  "ARCUSDT": 0.07427,
  "XPLUSDT": 0.0927,
  "DOTUSDT": 1.289,
  "ATOMUSDT": 2.325,
  "ZROUSDT": 1.509,
  "APTUSDT": 0.857,
  "TONUSDT": 1.3342,
  "1000SHIBUSDT": 0.006227,
  "HBARUSDT": 0.09752,
  "OPUSDT": 0.1276,
  "ARBUSDT": 0.0938,
  "XLMUSDT": 0.15855,
  "BERAUSDT": 0.5973,
  "ENSOUSDT": 1.8607,
  "AXSUSDT": 1.262,
  "RIVERUSDT": 7.818,
  "ICPUSDT": 2.134,
  "HUSDT": 0.16366,
  "XMRUSDT": 329.97,
  "MONUSDT": 0.02037,
  "FETUSDT": 0.1623,
  "WIFUSDT": 0.2153,
  "FFUSDT": 0.07923,
  "CRVUSDT": 0.238,
  "ETCUSDT": 8.254,
  "BARDUSDT": 0.7552,
  "PENGUUSDT": 0.00663,
  "AZTECUSDT": 0.03113,
  "BANUSDT": 0.1303,
  "FARTCOINUSDT": 0.1796,
  "1000BONKUSDT": 0.006122,
  "IPUSDT": 1.081,
  "VVVUSDT": 4.678,
  "PARTIUSDT": 0.10062,
  "\u5e01\u5b89\u4eba\u751fUSDT": 0.08563,
  "DASHUSDT": 33.31,
  "INJUSDT": 3.307,
  "CHZUSDT": 0.03593,
  "POLUSDT": 0.1044,
  "BTCDOMUSDT": 5140.9,
  "SENTUSDT": 0.02344,
  "RAVEUSDT": 0.57584,
  "POWERUSDT": 0.38297,
  "TIAUSDT": 0.318,
  "VIRTUALUSDT": 0.6243,
  "ONDOUSDT": 0.2591,
  "BIOUSDT": 0.03037,
  "ETHFIUSDT": 0.453,
  "SEIUSDT": 0.0694,
  "ZKUSDT": 0.01968,
  "0GUSDT": 0.6472,
  "ZAMAUSDT": 0.02127,
  "STABLEUSDT": 0.030033,
  "JUPUSDT": 0.1528,
  "LYNUSDT": 0.2731,
  "ALCHUSDT": 0.08131,
  "MYXUSDT": 1.073,
  "CCUSDT": 0.15808,
  "SIRENUSDT": 0.22041,
  "ORCAUSDT": 1.116,
  "KAITOUSDT": 0.3001,
  "RENDERUSDT": 1.436,
  "PENDLEUSDT": 1.1762,
  "LDOUSDT": 0.321,
  "HOMEUSDT": 0.028364,
  "1000RATSUSDT": 0.04594,
  "OMUSDT": 0.06623,
  "NIGHTUSDT": 0.06075,
  "BTRUSDT": 0.18199,
  "QUSDT": 0.020583,
  "DUSKUSDT": 0.08871,
  "JTOUSDT": 0.3048,
  "ATUSDT": 0.16096,
  "ZENUSDT": 5.687,
  "HANAUSDT": 0.03667,
  "UBUSDT": 0.04008,
  "SANDUSDT": 0.08165,
  "BANANAS31USDT": 0.004421,
  "SKYAIUSDT": 0.03781,
  "STRKUSDT": 0.04482,
  "ALGOUSDT": 0.0881,
  "ALLOUSDT": 0.11947,
  "TRADOORUSDT": 1.402,
  "GUNUSDT": 0.02833,
  "ESPUSDT": 0.06575,
  "GPSUSDT": 0.013075,
  "CAKEUSDT": 1.2486,
  "MUSDT": 1.3543,
  "CYSUSDT": 0.428,
  "PIEVERSEUSDT": 0.4038,
  "SKYUSDT": 0.06235,
  "USDCUSDT": 0.99985,
  "MORPHOUSDT": 1.5071,
  "ZILUSDT": 0.004,
  "GALAUSDT": 0.00377,
  "\u6211\u8e0f\u9a6c\u6765\u4e86USDT": 0.015972,
  "ROSEUSDT": 0.01252,
  "APEUSDT": 0.1072,
  "B2USDT": 0.7256,
  "SNXUSDT": 0.365,
  "XPINUSDT": 0.001838,
  "GIGGLEUSDT": 28.25,
  "NAORISUSDT": 0.04788,
  "PYTHUSDT": 0.05226,
  "JELLYJELLYUSDT": 0.0684,
  "METUSDT": 0.2084,
  "AWEUSDT": 0.05734,
  "AVNTUSDT": 0.1871,
  "INITUSDT": 0.10289,
  "BEAMXUSDT": 0.002227,
  "HUMAUSDT": 0.011994,
  "SPACEUSDT": 0.009922,
  "BUSDT": 0.1323,
  "MSTRUSDT": 129.14,
  "SYRUPUSDT": 0.22267,
  "EIGENUSDT": 0.1922,
  "GUAUSDT": 0.1537,
  "XTZUSDT": 0.383,
  "MOVEUSDT": 0.02344,
  "COMPUSDT": 17.91,
  "TSLAUSDT": 409.41,
  "AEROUSDT": 0.3085,
  "CYBERUSDT": 0.5643,
  "MEUSDT": 0.1256,
  "AUCTIONUSDT": 4.998,
  "ORDIUSDT": 2.511,
  "ZKPUSDT": 0.09025,
  "NXPCUSDT": 0.265,
  "BULLAUSDT": 0.02541,
  "DYDXUSDT": 0.095,
  "COLLECTUSDT": 0.05638,
  "ESPORTSUSDT": 0.34307,
  "ENSUSDT": 6.428,
  "FORMUSDT": 0.2069,
  "NEOUSDT": 2.683,
  "VETUSDT": 0.007647,
  "1000LUNCUSDT": 0.03609,
  "BEATUSDT": 0.2553,
  "LAUSDT": 0.1996,
  "PNUTUSDT": 0.04724,
  "SOMIUSDT": 0.2065,
  "FOGOUSDT": 0.02502,
  "LINEAUSDT": 0.003418,
  "SUSDT": 0.04194,
  "RESOLVUSDT": 0.06551,
  "OGUSDT": 3.384,
  "1000FLOKIUSDT": 0.02962,
  "STGUSDT": 0.1303,
  "CLOUSDT": 0.09022,
  "PLUMEUSDT": 0.01003,
  "FHEUSDT": 0.04047,
  "STXUSDT": 0.2502,
  "RPLUSDT": 2.516,
  "LPTUSDT": 2.292,
  "MERLUSDT": 0.05241,
  "LRCUSDT": 0.03221,
  "BIRBUSDT": 0.17842,
  "VANAUSDT": 1.473,
  "TRBUSDT": 14.774,
  "EDUUSDT": 0.1232,
  "GWEIUSDT": 0.027854,
  "WUSDT": 0.01969,
  "EULUSDT": 0.968,
  "ATHUSDT": 0.005457,
  "2ZUSDT": 0.07238,
  "MANAUSDT": 0.0954,
  "UAIUSDT": 0.2425,
  "TRIAUSDT": 0.01655,
  "BANKUSDT": 0.03816,
  "SPXUSDT": 0.3191,
  "WCTUSDT": 0.06025,
  "NMRUSDT": 8.131,
  "MOODENGUSDT": 0.0544,
  "JASMYUSDT": 0.005659,
  "CFXUSDT": 0.05061,
  "COAIUSDT": 0.3277,
  "LIGHTUSDT": 0.2432,
  "MMTUSDT": 0.1279,
  "API3USDT": 0.2978,
  "ZORAUSDT": 0.02071,
  "TAUSDT": 0.03791,
  "ARUSDT": 1.936,
  "LUNA2USDT": 0.0636,
  "AIAUSDT": 0.10357,
  "GRTUSDT": 0.02627,
  "TAGUSDT": 0.0003705,
  "USELESSUSDT": 0.04184,
  "FLOWUSDT": 0.0375,
  "SPKUSDT": 0.02082,
  "SFPUSDT": 0.272,
  "SKRUSDT": 0.020003,
  "IMXUSDT": 0.158,
  "JSTUSDT": 0.042612,
  "1INCHUSDT": 0.0908,
  "IOTAUSDT": 0.0684,
  "4USDT": 0.00851,
  "FOLKSUSDT": 1.355,
  "NOMUSDT": 0.00565,
  "QNTUSDT": 65.61,
  "ZRXUSDT": 0.1043,
  "AXLUSDT": 0.05515,
  "ARKMUSDT": 0.1106,
  "THETAUSDT": 0.1887,
  "XNYUSDT": 0.005304,
  "PTBUSDT": 0.001309,
  "KAIAUSDT": 0.05505,
  "YFIUSDT": 2784.0,
  "MEGAUSDT": 0.13108,
  "ANIMEUSDT": 0.004927,
  "AGTUSDT": 0.004519,
  "NEIROUSDT": 7.21e-05,
  "ZKCUSDT": 0.0908,
  "KGENUSDT": 0.18057,
  "EGLDUSDT": 4.466,
  "COWUSDT": 0.2019,
  "TAKEUSDT": 0.02384,
  "BOMEUSDT": 0.0004081,
  "BREVUSDT": 0.1299,
  "SAHARAUSDT": 0.01516,
  "MAGICUSDT": 0.06845,
  "BLUAIUSDT": 0.005061,
  "RUNEUSDT": 0.3928,
  "PEOPLEUSDT": 0.00672,
  "PROVEUSDT": 0.306,
  "GASUSDT": 1.563,
  "ACTUSDT": 0.01444,
  "TSTUSDT": 0.01029,
  "TWTUSDT": 0.5103,
  "FIGHTUSDT": 0.006668,
  "MANTAUSDT": 0.06931,
  "AVAAIUSDT": 0.00755,
  "TUTUSDT": 0.01088,
  "VELVETUSDT": 0.08002,
  "NILUSDT": 0.05202,
  "AUSDT": 0.0803,
  "SANTOSUSDT": 1.926,
  "KASUSDT": 0.02997,
  "OPENUSDT": 0.1543,
  "TNSRUSDT": 0.0496,
  "FUSDT": 0.005905,
  "MINAUSDT": 0.06161,
  "IOUSDT": 0.1118,
  "DOLOUSDT": 0.04014,
  "BSVUSDT": 15.81,
  "BATUSDT": 0.1181,
  "GMTUSDT": 0.01165,
  "SUPERUSDT": 0.118,
  "YBUSDT": 0.1625,
  "GRASSUSDT": 0.1816,
  "MUBARAKUSDT": 0.01609,
  "AIOUSDT": 0.07512,
  "CATIUSDT": 0.04,
  "IDOLUSDT": 0.02143,
  "SWARMSUSDT": 0.00689,
  "SOPHUSDT": 0.009151,
  "POPCATUSDT": 0.04992,
  "TURBOUSDT": 0.0010323,
  "ZBTUSDT": 0.07161,
  "SIGNUSDT": 0.02442,
  "XPTUSDT": 2127.18,
  "BABYUSDT": 0.01305,
  "AKEUSDT": 0.0002668,
  "DEXEUSDT": 2.33,
  "RAYSOLUSDT": 0.6336,
  "CVXUSDT": 1.937,
  "XVGUSDT": 0.005965,
  "C98USDT": 0.0265,
  "ICNTUSDT": 0.3947,
  "EDENUSDT": 0.03556,
  "SUSHIUSDT": 0.1979,
  "TRUTHUSDT": 0.0096,
  "YGGUSDT": 0.03876,
  "ACHUSDT": 0.007335,
  "CELOUSDT": 0.077,
  "LAYERUSDT": 0.0832,
  "VELODROMEUSDT": 0.01402,
  "GLMUSDT": 0.16833,
  "IRUSDT": 0.08793,
  "BLURUSDT": 0.02009,
  "MASKUSDT": 0.4383,
  "ONTUSDT": 0.0431,
  "SONICUSDT": 0.04963,
  "ASRUSDT": 1.404,
  "MEMEUSDT": 0.0006691,
  "ALTUSDT": 0.00786,
  "SOLVUSDT": 0.0044,
  "MELANIAUSDT": 0.1183,
  "SUNUSDT": 0.017017,
  "AIXBTUSDT": 0.01975,
  "STOUSDT": 0.05492,
  "SOONUSDT": 0.1664,
  "RAREUSDT": 0.01885,
  "KERNELUSDT": 0.07025,
  "PROMUSDT": 1.335,
  "CTSIUSDT": 0.0248,
  "THEUSDT": 0.2592,
  "UMAUSDT": 0.4594,
  "ANKRUSDT": 0.004383,
  "FRAXUSDT": 0.6571,
  "ERAUSDT": 0.1549,
  "ZEREBROUSDT": 0.00782,
  "DEGOUSDT": 0.3439,
  "LSKUSDT": 0.1443,
  "IDUSDT": 0.04795,
  "IRYSUSDT": 0.02448,
  "GMXUSDT": 6.637,
  "WALUSDT": 0.0798,
  "HYPERUSDT": 0.0955,
  "DRIFTUSDT": 0.0852,
  "PLAYUSDT": 0.02084,
  "KMNOUSDT": 0.02733,
  "KAVAUSDT": 0.0508,
  "KSMUSDT": 4.558,
  "RSRUSDT": 0.001423,
  "ONUSDT": 0.09371,
  "AKTUSDT": 0.3153,
  "POLYXUSDT": 0.04312,
  "STORJUSDT": 0.0941,
  "QTUMUSDT": 0.924,
  "STBLUSDT": 0.03691,
  "BASUSDT": 0.00612,
  "ARPAUSDT": 0.00964,
  "INUSDT": 0.05965,
  "AINUSDT": 0.03228,