{
  "BTCUSDT": 68060.0,
  "ETHUSDT": 1977.78,
  "SOLUSDT": 85.15,
  "XRPUSDT": 1.4228,
  "BNBUSDT": 624.34,
  "BCHUSDT": 571.64,
  "DOGEUSDT": 0.09727,
  "HYPEUSDT": 29.66,
  "XAGUSDT": 84.7,
  "PAXGUSDT": 5128.99,
  "XAUUSDT": 5114.7,
  "WLFIUSDT": 0.1183,
  "ZECUSDT": 251.94,
  "TRXUSDT": 0.2891,
  "SUIUSDT": 0.9363,
  "ASTERUSDT": 0.7114,
  "LINKUSDT": 8.829,
  "UNIUSDT": 3.555,
  "ADAUSDT": 0.2762,
  "LTCUSDT": 54.72,
  "AVAXUSDT": 9.025,
  "PUMPUSDT": 0.002087,
  "1000PEPEUSDT": 0.0041198,
  "PIPPINUSDT": 0.59425,
  "ENAUSDT": 0.1045,
  "AAVEUSDT": 119.33,
  "KITEUSDT": 0.24528,
  "NEARUSDT": 1.03,
  "LITUSDT": 1.505,
  "TRUMPUSDT": 3.421,
  "WLDUSDT": 0.3812,
  "ARCUSDT": 0.08299,
  "FILUSDT": 0.945,
  "TAOUSDT": 178.35,
  "XPLUSDT": 0.0938,
  "DOTUSDT": 1.338,
  "ZROUSDT": 1.7293,
  "ATOMUSDT": 2.294,
  "ENSOUSDT": 1.9266,
  "APTUSDT": 0.8578,
  "TONUSDT": 1.33,
  "XLMUSDT": 0.15652,
  "BERAUSDT": 0.603,
  "HBARUSDT": 0.09841,
  "1000SHIBUSDT": 0.006236,
  "ARBUSDT": 0.0966,
  "AXSUSDT": 1.31,
  "ICPUSDT": 2.188,
  "RIVERUSDT": 8.312,
  "OPUSDT": 0.125,
  "HUSDT": 0.16389,
  "POWERUSDT": 0.46069,
  "XMRUSDT": 323.82,
  "ETCUSDT": 8.816,
  "MONUSDT": 0.02009,
  "WIFUSDT": 0.2173,
  "FETUSDT": 0.1628,
  "BARDUSDT": 0.7887,
  "FFUSDT": 0.07894,
  "CRVUSDT": 0.233,
  "PENGUUSDT": 0.006741,
  "RAVEUSDT": 0.64869,
  "FARTCOINUSDT": 0.1817,
  "BANUSDT": 0.13419,
  "INJUSDT": 3.611,
  "\u5e01\u5b89\u4eba\u751fUSDT": 0.08476,
  "1000BONKUSDT": 0.00616,
  "IPUSDT": 1.083,
  "PARTIUSDT": 0.1064,
  "POLUSDT": 0.10749,
  "SIRENUSDT": 0.28416,
  "DASHUSDT": 34.01,
  "CHZUSDT": 0.0343,
  "BTCDOMUSDT": 5105.9,
  "AZTECUSDT": 0.03086,
  "TIAUSDT": 0.3244,
  "ONDOUSDT": 0.2643,
  "SENTUSDT": 0.02146,
  "0GUSDT": 0.6473,
  "VIRTUALUSDT": 0.6376,
  "ETHFIUSDT": 0.453,
  "SEIUSDT": 0.0702,
  "ZKUSDT": 0.01946,
  "LYNUSDT": 0.31073,
  "ZAMAUSDT": 0.02343,
  "JUPUSDT": 0.1554,
  "VVVUSDT": 4.192,
  "AGLDUSDT": 0.3556,
  "STABLEUSDT": 0.028998,
  "OPNUSDT": 0.6085,
  "MYXUSDT": 0.896,
  "ALCHUSDT": 0.07987,
  "CCUSDT": 0.16014,
  "BIOUSDT": 0.02693,
  "PENDLEUSDT": 1.203,
  "KAITOUSDT": 0.2996,
  "QUSDT": 0.022603,
  "LDOUSDT": 0.3215,
  "1000RATSUSDT": 0.04634,
  "HOMEUSDT": 0.029929,
  "BTRUSDT": 0.19926,
  "RENDERUSDT": 1.434,
  "DUSKUSDT": 0.08092,
  "TRADOORUSDT": 1.496,
  "BANANAS31USDT": 0.004615,
  "ATUSDT": 0.16315,
  "NIGHTUSDT": 0.05835,
  "ALGOUSDT": 0.0882,
  "ZENUSDT": 5.78,
  "JTOUSDT": 0.3146,
  "HANAUSDT": 0.03627,
  "ESPUSDT": 0.07432,
  "SANDUSDT": 0.0831,
  "SKYAIUSDT": 0.03864,
  "STRKUSDT": 0.04423,
  "MORPHOUSDT": 1.6374,
  "CAKEUSDT": 1.31,
  "ALLOUSDT": 0.11992,
  "OMUSDT": 0.06689,
  "GUNUSDT": 0.02867,
  "ORCAUSDT": 1.031,
  "ZILUSDT": 0.00406,
  "UBUSDT": 0.03534,
  "MUSDT": 1.3673,
  "GPSUSDT": 0.013301,
  "PIEVERSEUSDT": 0.4149,
  "SKYUSDT": 0.06522,
  "SNXUSDT": 0.405,
  "USDCUSDT": 0.999827,
  "GALAUSDT": 0.0038,
  "GIGGLEUSDT": 28.71,
  "\u6211\u8e0f\u9a6c\u6765\u4e86USDT": 0.015353,
  "APEUSDT": 0.108,
  "ROSEUSDT": 0.01358,
  "B2USDT": 0.7192,
  "AWEUSDT": 0.05345,
  "CYBERUSDT": 0.6161,
  "PYTHUSDT": 0.05315,
  "HUMAUSDT": 0.012951,
  "BEAMXUSDT": 0.002264,
  "XPINUSDT": 0.001683,
  "METUSDT": 0.2057,
  "BULLAUSDT": 0.02752,
  "NAORISUSDT": 0.04784,
  "AVNTUSDT": 0.186,
  "BUSDT": 0.1351,
  "AEROUSDT": 0.3364,
  "JELLYJELLYUSDT": 0.06572,
  "SYRUPUSDT": 0.22779,
  "GUAUSDT": 0.15849,
  "MSTRUSDT": 131.57,
  "YGGUSDT": 0.04546,
  "CYSUSDT": 0.3748,
  "EIGENUSDT": 0.1843,
  "NXPCUSDT": 0.2752,
  "ORDIUSDT": 2.586,
  "DYDXUSDT": 0.097,
  "XTZUSDT": 0.383,
  "SPACEUSDT": 0.010775,
  "TSLAUSDT": 411.53,
  "INITUSDT": 0.09209,
  "ESPORTSUSDT": 0.33638,
  "VETUSDT": 0.007606,
  "MOVEUSDT": 0.02334,
  "FORMUSDT": 0.21,
  "ZKPUSDT": 0.08889,
  "MEUSDT": 0.126,
  "NEOUSDT": 2.715,
  "FOGOUSDT": 0.02657,
  "COMPUSDT": 17.58,
  "COLLECTUSDT": 0.04893,
  "LINEAUSDT": 0.003526,
  "AUCTIONUSDT": 5.043,
  "ENSUSDT": 6.559,
  "LAUSDT": 0.2118,
  "SUSDT": 0.04286,
  "PNUTUSDT": 0.04735,
  "SOMIUSDT": 0.212,
  "1000LUNCUSDT": 0.03607,
  "RESOLVUSDT": 0.06547,
  "1000FLOKIUSDT": 0.02979,
  "VANAUSDT": 1.549,
  "BEATUSDT": 0.2402,
  "MERLUSDT": 0.05173,
  "OGUSDT": 3.332,
  "STGUSDT": 0.1501,
  "PLUMEUSDT": 0.00989,
  "STXUSDT": 0.2497,
  "GWEIUSDT": 0.030198,
  "CLOUSDT": 0.08889,
  "LPTUSDT": 2.314,
  "FHEUSDT": 0.03969,
  "BIRBUSDT": 0.16764,
  "EDUUSDT": 0.1253,
  "TRBUSDT": 15.064,
  "AGTUSDT": 0.005518,
  "EULUSDT": 0.951,
  "UAIUSDT": 0.2497,
  "TRIAUSDT": 0.01516,
  "ATHUSDT": 0.005462,
  "ARUSDT": 1.999,
  "WUSDT": 0.01937,
  "BANKUSDT": 0.03934,
  "NMRUSDT": 8.157,
  "MANAUSDT": 0.0959,
  "WCTUSDT": 0.06133,
  "CFXUSDT": 0.05231,
  "LRCUSDT": 0.03236,
  "JASMYUSDT": 0.005694,
  "SPXUSDT": 0.3218,
  "2ZUSDT": 0.07126,
  "USELESSUSDT": 0.03885,
  "SAPIENUSDT": 0.09994,
  "TAUSDT": 0.03852,
  "API3USDT": 0.2977,
  "MMTUSDT": 0.1294,
  "ZORAUSDT": 0.02051,
  "GRTUSDT": 0.02719,
  "MOODENGUSDT": 0.05556,
  "LIGHTUSDT": 0.2387,
  "TAGUSDT": 0.0003817,
  "COAIUSDT": 0.3197,
  "IMXUSDT": 0.1652,
  "AIAUSDT": 0.1029,
  "FLOWUSDT": 0.03839,
  "RPLUSDT": 2.315,
  "IOTAUSDT": 0.0682,
  "LUNA2USDT": 0.06292,
  "PTBUSDT": 0.001382,
  "IOUSDT": 0.1176,
  "AXLUSDT": 0.05535,
  "1INCHUSDT": 0.0932,
  "ZRXUSDT": 0.1087,
  "THETAUSDT": 0.1979,
  "QNTUSDT": 65.37,
  "4USDT": 0.00863,
  "SFPUSDT": 0.2643,
  "SPKUSDT": 0.02053,
  "JSTUSDT": 0.042732,
  "BREVUSDT": 0.1338,
  "NEIROUSDT": 7.19e-05,
  "KAIAUSDT": 0.05605,
  "SKRUSDT": 0.019258,
  "ARKMUSDT": 0.1104,
  "YFIUSDT": 2808.0,
  "FOLKSUSDT": 1.33,
  "KGENUSDT": 0.18172,
  "MEGAUSDT": 0.13257,
  "ANIMEUSDT": 0.004996,
  "RUNEUSDT": 0.4052,
  "EGLDUSDT": 4.499,
  "MAGICUSDT": 0.06878,
  "BOMEUSDT": 0.0004022,
  "COWUSDT": 0.2131,
  "AIOUSDT": 0.08372,
  "BLUAIUSDT": 0.005225,
  "TAKEUSDT": 0.02591,
  "PROVEUSDT": 0.2974,
  "PEOPLEUSDT": 0.00661,
  "NOMUSDT": 0.005078,
  "MANTAUSDT": 0.07116,
  "SAHARAUSDT": 0.01545,
  "TWTUSDT": 0.5151,
  "KASUSDT": 0.03087,
  "SIGNUSDT": 0.02567,
  "OPENUSDT": 0.151,
  "ZKCUSDT": 0.0892,
  "FIGHTUSDT": 0.007007,
  "MINAUSDT": 0.06133,
  "AUSDT": 0.0816,
  "SUPERUSDT": 0.1185,
  "TSTUSDT": 0.01033,
  "AVAAIUSDT": 0.00756,
  "GASUSDT": 1.582,
  "ACTUSDT": 0.01423,
  "GMTUSDT": 0.01181,
  "TNSRUSDT": 0.04802,
  "TUTUSDT": 0.01085,
  "XNYUSDT": 0.004397,
  "TURBOUSDT": 0.0010356,
  "BATUSDT": 0.1202,
  "SANTOSUSDT": 1.911,
  "GRASSUSDT": 0.1845,
  "VELVETUSDT": 0.07965,
  "SOPHUSDT": 0.009168,
  "IDOLUSDT": 0.02172,
  "VTHOUSDT": 0.0006219,
  "XPTUSDT": 2162.16,
  "CATIUSDT": 0.03971,
  "SWARMSUSDT": 0.00701,
  "FUSDT": 0.005869,
  "BSVUSDT": 15.84,
  "ZBTUSDT": 0.07252,
  "SUSHIUSDT": 0.2067,
  "TRUTHUSDT": 0.010212,
  "POPCATUSDT": 0.0504,
  "YBUSDT": 0.156,
  "AKEUSDT": 0.0002706,
  "NILUSDT": 0.04961,
  "C98USDT": 0.0269,
  "BABYUSDT": 0.01286,
  "LAYERUSDT": 0.0867,
  "VELODROMEUSDT": 0.01493,
  "MUBARAKUSDT": 0.01479,
  "ACHUSDT": 0.007366,
  "CTSIUSDT": 0.0256,
  "ICNTUSDT": 0.4041,
  "CVXUSDT": 1.884,
  "XVGUSDT": 0.006068,
  "ARPAUSDT": 0.0103,
  "SOONUSDT": 0.1716,
  "STOUSDT": 0.0572,
  "DEXEUSDT": 2.457,
  "ASRUSDT": 1.432,
  "KSMUSDT": 4.838,
  "ALTUSDT": 0.0079,
  "RAREUSDT": 0.01906,
  "BLURUSDT": 0.02049,
  "RAYSOLUSDT": 0.6363,
  "MASKUSDT": 0.4427,
  "PLAYUSDT": 0.0211,
  "AIXBTUSDT": 0.01964,
  "SOLVUSDT": 0.00437,
  "GLMUSDT": 0.1657,
  "EDENUSDT": 0.03494,
  "CELOUSDT": 0.077,
  "DRIFTUSDT": 0.0911,
  "ANKRUSDT": 0.004435,
  "ONTUSDT": 0.0431,
  "FRAXUSDT": 0.6694,
  "MEMEUSDT": 0.0006699,
  "UMAUSDT": 0.4638,
  "IRUSDT": 0.09347,
  "DOLOUSDT": 0.04015,
  "THEUSDT": 0.2557,
  "ZEREBROUSDT": 0.0077,
  "SONICUSDT": 0.04705,
  "DEGOUSDT": 0.3409,
  "BELUSDT": 0.1044,
  "SUNUSDT": 0.016967,
  "KERNELUSDT": 0.0682,
  "MELANIAUSDT": 0.1149,
  "ERAUSDT": 0.1522,
  "IDUSDT": 0.04724,
  "WOOUSDT": 0.01804,
  "IOTXUSDT": 0.00466,
  "APRUSDT": 0.10191,
  "ONUSDT": 0.0957,
  "KAVAUSDT": 0.0515,
  "STORJUSDT": 0.096,
  "WALUSDT": 0.0778,
  "HYPERUSDT": 0.0962,
  "RSRUSDT": 0.001446,
  "POLYXUSDT": 0.04277,
  "SKLUSDT": 0.0067,
  "BASUSDT": 0.005202,