{
  "BTCUSDT": 67161.3,
  "ETHUSDT": 1970.21,
  "BTC/USDCUSDT": 66997.5,
  "SOLUSDT": 84.49,
  "ETH/USDCUSDT": 1966.36,
  "XAUUSDT": 5282.97,
  "XRPUSDT": 1.3795,
  "BTC/USDUSDT": 67608.2,
  "ETH/USDUSDT": 1982.81,
  "XAGUSDT": 93.7,
  "DOGEUSDT": 0.0944,
  "POWERUSDT": 1.86915,
  "PAXGUSDT": 5367.19,
  "BNBUSDT": 618.61,
  "SAHARAUSDT": 0.02021,
  "1000PEPEUSDT": 0.0036558,
  "HYPEUSDT": 30.362,
  "SOL/USDCUSDT": 84.48,
  "PIPPINUSDT": 0.59681,
  "ZECUSDT": 219.38,
  "RIVERUSDT": 13.326,
  "SUIUSDT": 0.906,
  "GWEIUSDT": 0.048536,
  "ADAUSDT": 0.2804,
  "DOTUSDT": 1.632,
  "XRP/USDCUSDT": 1.3791,
  "BCHUSDT": 455.95,
  "AVAXUSDT": 9.137,
  "LINKUSDT": 8.832,
  "BARDUSDT": 1.0314,
  "VVVUSDT": 5.496,
  "SIGNUSDT": 0.02735,
  "ROBOUSDT": 0.03908,
  "FILUSDT": 0.993,
  "NEARUSDT": 1.143,
  "BULLAUSDT": 0.02449,
  "SOL/USDUSDT": 83.0,
  "SIRENUSDT": 0.29684,
  "ASTERUSDT": 0.7127,
  "ALICEUSDT": 0.125,
  "LAYERUSDT": 0.0969,
  "TAOUSDT": 180.84,
  "LTCUSDT": 54.74,
  "WIFUSDT": 0.1941,
  "ENAUSDT": 0.105,
  "XRP/USDUSDT": 1.3768,
  "PUMPUSDT": 0.001872,
  "KITEUSDT": 0.26144,
  "UNIUSDT": 3.827,
  "\u5e01\u5b89\u4eba\u751fUSDT": 0.07256,
  "AAVEUSDT": 112.18,
  "DENTUSDT": 0.00026,
  "ARBUSDT": 0.0989,
  "ENSOUSDT": 1.3913,
  "1000SHIBUSDT": 0.005771,
  "BNB/USDCUSDT": 618.96,
  "FARTCOINUSDT": 0.1652,
  "DOGE/USDUSDT": 0.09441,
  "1000LUNCUSDT": 0.04607,
  "WLDUSDT": 0.3964,
  "ZROUSDT": 1.7687,
  "ATHUSDT": 0.00585,
  "VIRTUALUSDT": 0.6974,
  "APTUSDT": 0.9595,
  "OPUSDT": 0.1206,
  "ESPUSDT": 0.12112,
  "DOGE/USDCUSDT": 0.09438,
  "ICPUSDT": 2.445,
  "BNB/USDUSDT": 620.1,
  "WLFIUSDT": 0.1124,
  "TRUMPUSDT": 3.426,
  "PENGUUSDT": 0.007021,
  "XPLUSDT": 0.0991,
  "XLMUSDT": 0.15779,
  "TRXUSDT": 0.28189,
  "ETH/BTCUSDT": 1967.185716,
  "DASHUSDT": 32.77,
  "HBARUSDT": 0.1001,
  "ETCUSDT": 8.659,
  "XMRUSDT": 339.18,
  "1000BONKUSDT": 0.005947,
  "SOPHUSDT": 0.009473,
  "BERAUSDT": 0.6163,
  "AXSUSDT": 1.312,
  "INJUSDT": 3.089,
  "SKYAIUSDT": 0.06076,
  "STABLEUSDT": 0.030971,
  "ARCUSDT": 0.0267,
  "GALAUSDT": 0.00359,
  "ATOMUSDT": 1.848,
  "ONDOUSDT": 0.2617,
  "HUSDT": 0.12515,
  "CRVUSDT": 0.246,
  "0GUSDT": 0.6386,
  "MYXUSDT": 0.405,
  "EULUSDT": 1.092,
  "PENDLEUSDT": 1.2759,
  "TIAUSDT": 0.3237,
  "TONUSDT": 1.2836,
  "SUI/USDCUSDT": 0.9059,
  "SEIUSDT": 0.06751,
  "WETUSDT": 0.10216,
  "RAVEUSDT": 0.34635,
  "CHZUSDT": 0.03419,
  "BEATUSDT": 0.2361,
  "POLUSDT": 0.10792,
  "ADA/USDUSDT": 0.2804,
  "CRCLUSDT": 84.03,
  "FETUSDT": 0.1561,
  "FOLKSUSDT": 1.407,
  "HOLOUSDT": 0.05976,
  "RENDERUSDT": 1.415,
  "TRUTHUSDT": 0.010674,
  "1000PEPE/USDCUSDT": 0.0036561,
  "ZAMAUSDT": 0.02253,
  "LYNUSDT": 0.25596,
  "MSTRUSDT": 131.25,
  "LDOUSDT": 0.3056,
  "AZTECUSDT": 0.02119,
  "ADA/USDCUSDT": 0.2804,
  "RAREUSDT": 0.01613,
  "FIOUSDT": 0.00921,
  "ZEC/USDCUSDT": 219.16,
  "BIOUSDT": 0.02157,
  "MIRAUSDT": 0.0881,
  "NEIROUSDT": 6.526e-05,
  "IPUSDT": 0.93,
  "JELLYJELLYUSDT": 0.06772,
  "SANDUSDT": 0.08396,
  "ALGOUSDT": 0.0876,
  "BUSDT": 0.1787,
  "LUNA2USDT": 0.06642,
  "LITUSDT": 1.381,
  "OPNUSDT": 0.4762,
  "BCH/USDCUSDT": 455.88,
  "BIRBUSDT": 0.16719,
  "ZENUSDT": 5.328,
  "JUPUSDT": 0.1598,
  "FIL/USDCUSDT": 0.993,
  "DUSKUSDT": 0.08338,
  "ROSEUSDT": 0.01181,
  "GPSUSDT": 0.00949,
  "SUI/USDUSDT": 0.9057,
  "TAKEUSDT": 0.0209,
  "TSLAUSDT": 402.81,
  "1000FLOKIUSDT": 0.02822,
  "MORPHOUSDT": 1.7828,
  "ORDIUSDT": 2.459,
  "WCTUSDT": 0.06036,
  "SPACEUSDT": 0.008044,
  "STEEMUSDT": 0.05678,
  "GIGGLEUSDT": 25.75,
  "STGUSDT": 0.1548,
  "SENTUSDT": 0.02177,
  "ARUSDT": 1.587,
  "LINK/USDUSDT": 8.828,
  "CAKEUSDT": 1.3122,
  "ACEUSDT": 0.1528,
  "UAIUSDT": 0.1719,
  "CLOUSDT": 0.07179,
  "APEUSDT": 0.1025,
  "KAITOUSDT": 0.3441,
  "MONUSDT": 0.02091,
  "AGLDUSDT": 0.2343,
  "AVAX/USDCUSDT": 9.135,
  "MOVEUSDT": 0.02189,
  "EIGENUSDT": 0.1836,
  "STRKUSDT": 0.04155,
  "ETHFIUSDT": 0.5011,
  "ZILUSDT": 0.00419,
  "\u6211\u8e0f\u9a6c\u6765\u4e86USDT": 0.011862,
  "VETUSDT": 0.007295,
  "CYBERUSDT": 0.5332,
  "ANIMEUSDT": 0.004961,
  "SPXUSDT": 0.3079,
  "JTOUSDT": 0.2703,
  "LINK/USDCUSDT": 8.826,
  "AIXBTUSDT": 0.02163,
  "ZKUSDT": 0.01901,
  "SNXUSDT": 0.318,
  "ORCAUSDT": 0.904,
  "TRBUSDT": 14.162,
  "NEWTUSDT": 0.07035,
  "CCUSDT": 0.17145,
  "SKRUSDT": 0.021104,
  "FOGOUSDT": 0.02617,
  "DYDXUSDT": 0.094,
  "ALLOUSDT": 0.11294,
  "PNUTUSDT": 0.0441,
  "MOODENGUSDT": 0.05072,
  "ZBTUSDT": 0.07556,
  "C98USDT": 0.0269,
  "DOT/USDUSDT": 1.631,
  "PYTHUSDT": 0.04884,
  "BCH/USDUSDT": 455.99,
  "ATUSDT": 0.15987,
  "LINEAUSDT": 0.003171,
  "SPORTFUNUSDT": 0.05182,
  "WUSDT": 0.01897,
  "ENSUSDT": 6.14,
  "LTC/USDCUSDT": 54.73,
  "JASMYUSDT": 0.005617,
  "AXLUSDT": 0.05422,
  "BASUSDT": 0.006084,
  "REDUSDT": 0.1506,
  "MEUSDT": 0.1179,
  "LAUSDT": 0.2242,
  "GRASSUSDT": 0.2375,
  "YGGUSDT": 0.03798,
  "AVNTUSDT": 0.1789,
  "SUSDT": 0.03984,
  "COINUSDT": 176.56,
  "KSMUSDT": 4.825,
  "COLLECTUSDT": 0.04233,
  "IOTXUSDT": 0.00487,
  "BOMEUSDT": 0.0003789,
  "USELESSUSDT": 0.04342,
  "SYRUPUSDT": 0.22721,
  "ARKMUSDT": 0.1082,
  "PORTALUSDT": 0.01215,
  "KASUSDT": 0.0301,
  "GRTUSDT": 0.02625,
  "SUSHIUSDT": 0.2071,
  "FFUSDT": 0.08155,
  "SOMIUSDT": 0.2081,
  "ENA/USDCUSDT": 0.1049,
  "MANAUSDT": 0.0967,
  "HOODUSDT": 75.76,
  "LIGHTUSDT": 0.1895,
  "TURBOUSDT": 0.0009727,
  "ZKPUSDT": 0.08477,
  "WIF/USDCUSDT": 0.1939,
  "PARTIUSDT": 0.09567,
  "XTZUSDT": 0.38,
  "LTC/USDUSDT": 54.75,
  "ARB/USDCUSDT": 0.0987,
  "TRIAUSDT": 0.01876,
  "XPTUSDT": 2377.9,
  "PLUMEUSDT": 0.00945,
  "STXUSDT": 0.2605,
  "YBUSDT": 0.1662,
  "FLOWUSDT": 0.03884,
  "BTCDOMUSDT": 5105.9,
  "USTCUSDT": 0.005239,
  "GMTUSDT": 0.01157,
  "COMPUSDT": 18.07,
  "TLMUSDT": 0.001621,
  "RUNEUSDT": 0.3992,
  "NEAR/USDCUSDT": 1.144,
  "AEROUSDT": 0.3481,
  "ALTUSDT": 0.007427,
  "CFXUSDT": 0.04883,
  "DUSDT": 0.007124,
  "INITUSDT": 0.08063,
  "HOTUSDT": 0.000397,
  "FIL/USDUSDT": 0.994,
  "LPTUSDT": 2.328,
  "MEMEUSDT": 0.0005975,
  "THETAUSDT": 0.1885,
  "PTBUSDT": 0.001165,
  "AAVE/USDCUSDT": 112.15,
  "DEXEUSDT": 3.457,
  "NOMUSDT": 0.003666,
  "GUAUSDT": 0.22263,
  "DRIFTUSDT": 0.0882,
  "CGPTUSDT": 0.02295,
  "EGLDUSDT": 4.479,
  "IMXUSDT": 0.164,
  "XPDUSDT": 1795.68,
  "NEOUSDT": 2.689,
  "COAIUSDT": 0.3311,
  "IOTAUSDT": 0.0676,
  "FIGHTUSDT": 0.0064,
  "SKLUSDT": 0.00655,
  "CELOUSDT": 0.077,
  "GUNUSDT": 0.02681,
  "MERLUSDT": 0.04169,
  "QUSDT": 0.025234,
  "BTRUSDT": 0.17996,
  "MUSDT": 1.4607,
  "1INCHUSDT": 0.0931,
  "NOTUSDT": 0.000353,
  "PIEVERSEUSDT": 0.5172,
  "BREVUSDT": 0.1316,
  "PEOPLEUSDT": 0.00641,
  "JSTUSDT": 0.048157,
  "AWEUSDT": 0.05267,
  "NAORISUSDT": 0.03265,
  "MUBARAKUSDT": 0.0136,
  "QNTUSDT": 63.81,
  "ACUUSDT": 0.10694,
  "METUSDT": 0.1816,
  "MASKUSDT": 0.4245,
  "AMZNUSDT": 209.58,
  "BATUSDT": 0.1074,
  "CRV/USDCUSDT": 0.2453,
  "USDCUSDT": 0.999449,
  "NIGHTUSDT": 0.05788,
  "HUMAUSDT": 0.012176,
  "KERNELUSDT": 0.07828,
  "SUPERUSDT": 0.1156,
  "YFIUSDT": 2645.0,
  "UNI/USDUSDT": 3.826,
  "AAVE/USDUSDT": 112.15,
  "MBOXUSDT": 0.01879,
  "LABUSDT": 0.1577,
  "TREEUSDT": 0.07108,
  "ACTUSDT": 0.01384,
  "ZRXUSDT": 0.1061,
  "ACHUSDT": 0.006905,
  "WLFI/USDCUSDT": 0.1123,
  "MAGICUSDT": 0.06256,
  "NXPCUSDT": 0.2778,
  "SAPIENUSDT": 0.08728,
  "TNSRUSDT": 0.04567,
  "XVGUSDT": 0.00565,
  "MMTUSDT": 0.1185,
  "KAIAUSDT": 0.05525,
  "ZKCUSDT": 0.0852,
  "INXUSDT": 0.0126,
  "POPCATUSDT": 0.04731,
  "RESOLVUSDT": 0.06002,
  "API3USDT": 0.2852,
  "1000SATSUSDT": 1.07e-05,
  "ZORAUSDT": 0.01852,
  "RAYSOLUSDT": 0.6071,
  "AUCTIONUSDT": 4.85,
  "UBUSDT": 0.03659,
  "FHEUSDT": 0.02972,
  "SKYUSDT": 0.06771,
  "CHRUSDT": 0.0174,
  "BLURUSDT": 0.02009,
  "1MBABYDOGEUSDT": 0.000384,
  "4USDT": 0.0077,
  "LQTYUSDT": 0.2782,
  "AVAX/USDUSDT": 9.13,
  "2ZUSDT": 0.07613,
  "GLMUSDT": 0.13491,
  "OPENUSDT": 0.148,
  "RSRUSDT": 0.001477,
  "SAGAUSDT": 0.03006,
  "BDXNUSDT": 0.00814,
  "ARPAUSDT": 0.00953,
  "RPLUSDT": 1.861,
  "DEEPUSDT": 0.02512,
  "1000SHIB/USDCUSDT": 0.005769,
  "TIA/USDCUSDT": 0.3236,
  "AIAUSDT": 0.08399,