{
  "BTCUSDT": 68328.9,
  "ETHUSDT": 1976.85,
  "SOLUSDT": 85.71,
  "XRPUSDT": 1.4396,
  "BNBUSDT": 626.29,
  "BCHUSDT": 563.99,
  "DOGEUSDT": 0.09913,
  "HYPEUSDT": 29.742,
  "XAGUSDT": 84.64,
  "XAUUSDT": 5117.8,
  "PAXGUSDT": 5147.5,
  "WLFIUSDT": 0.1213,
  "ZECUSDT": 261.33,
  "TRXUSDT": 0.28941,
  "SUIUSDT": 0.9525,
  "ASTERUSDT": 0.7207,
  "LINKUSDT": 8.903,
  "UNIUSDT": 3.631,
  "ADAUSDT": 0.2803,
  "AVAXUSDT": 9.181,
  "LTCUSDT": 55.11,
  "1000PEPEUSDT": 0.0041725,
  "PUMPUSDT": 0.002105,
  "ENAUSDT": 0.1088,
  "AAVEUSDT": 122.1,
  "NEARUSDT": 1.057,
  "PIPPINUSDT": 0.47668,
  "LITUSDT": 1.543,
  "WLDUSDT": 0.3893,
  "KITEUSDT": 0.2137,
  "TRUMPUSDT": 3.465,
  "FILUSDT": 0.971,
  "TAOUSDT": 183.27,
  "XPLUSDT": 0.0967,
  "ARCUSDT": 0.07205,
  "DOTUSDT": 1.357,
  "ZROUSDT": 1.7205,
  "ATOMUSDT": 2.32,
  "APTUSDT": 0.8901,
  "TONUSDT": 1.3456,
  "XLMUSDT": 0.16227,
  "1000SHIBUSDT": 0.006415,
  "AXSUSDT": 1.368,
  "HBARUSDT": 0.09991,
  "ENSOUSDT": 1.9405,
  "ARBUSDT": 0.0988,
  "ICPUSDT": 2.207,
  "BERAUSDT": 0.5782,
  "RIVERUSDT": 7.996,
  "OPUSDT": 0.1287,
  "ETCUSDT": 9.122,
  "HUSDT": 0.162,
  "XMRUSDT": 327.83,
  "MONUSDT": 0.021,
  "POWERUSDT": 0.43151,
  "WIFUSDT": 0.2224,
  "FETUSDT": 0.1663,
  "FFUSDT": 0.07949,
  "CRVUSDT": 0.241,
  "PENGUUSDT": 0.006885,
  "INJUSDT": 3.776,
  "RAVEUSDT": 0.67166,
  "BARDUSDT": 0.7565,
  "FARTCOINUSDT": 0.1852,
  "1000BONKUSDT": 0.006321,
  "BANUSDT": 0.13325,
  "POLUSDT": 0.11126,
  "\u5e01\u5b89\u4eba\u751fUSDT": 0.08426,
  "AZTECUSDT": 0.03264,
  "IPUSDT": 1.095,
  "PARTIUSDT": 0.10389,
  "DASHUSDT": 34.28,
  "CHZUSDT": 0.03587,
  "BTCDOMUSDT": 5100.7,
  "ZAMAUSDT": 0.02586,
  "TIAUSDT": 0.3334,
  "0GUSDT": 0.6866,
  "SENTUSDT": 0.02226,
  "VIRTUALUSDT": 0.6468,
  "ONDOUSDT": 0.268,
  "ETHFIUSDT": 0.4609,
  "SEIUSDT": 0.0708,
  "VVVUSDT": 4.508,
  "ZKUSDT": 0.01996,
  "JUPUSDT": 0.1576,
  "LYNUSDT": 0.29989,
  "SIRENUSDT": 0.25795,
  "STABLEUSDT": 0.028721,
  "MYXUSDT": 1.004,
  "OPNUSDT": 0.6783,
  "BIOUSDT": 0.02835,
  "ALCHUSDT": 0.081,
  "CCUSDT": 0.16028,
  "RENDERUSDT": 1.47,
  "QUSDT": 0.022746,
  "PENDLEUSDT": 1.2254,
  "KAITOUSDT": 0.3019,
  "LDOUSDT": 0.3299,
  "1000RATSUSDT": 0.04625,
  "BTRUSDT": 0.20408,
  "HOMEUSDT": 0.029435,
  "DUSKUSDT": 0.08339,
  "ESPUSDT": 0.08129,
  "NIGHTUSDT": 0.05928,
  "ZENUSDT": 5.852,
  "ALGOUSDT": 0.0902,
  "HANAUSDT": 0.03625,
  "BANANAS31USDT": 0.004516,
  "SANDUSDT": 0.08522,
  "ATUSDT": 0.15911,
  "STRKUSDT": 0.04527,
  "SKYAIUSDT": 0.03841,
  "CAKEUSDT": 1.3286,
  "TRADOORUSDT": 1.42,
  "JTOUSDT": 0.3045,
  "ORCAUSDT": 1.068,
  "ZILUSDT": 0.00423,
  "MORPHOUSDT": 1.6191,
  "GUNUSDT": 0.02872,
  "GPSUSDT": 0.013619,
  "UBUSDT": 0.03563,
  "ALLOUSDT": 0.1217,
  "PIEVERSEUSDT": 0.4191,
  "MUSDT": 1.3473,
  "SNXUSDT": 0.419,
  "SKYUSDT": 0.06432,
  "GALAUSDT": 0.00391,
  "USDCUSDT": 0.999721,
  "YGGUSDT": 0.04744,
  "OMUSDT": 0.06452,
  "APEUSDT": 0.1101,
  "GIGGLEUSDT": 28.94,
  "ROSEUSDT": 0.01341,
  "\u6211\u8e0f\u9a6c\u6765\u4e86USDT": 0.015209,
  "B2USDT": 0.7188,
  "AWEUSDT": 0.0565,
  "PYTHUSDT": 0.05379,
  "BULLAUSDT": 0.0287,
  "BEAMXUSDT": 0.002305,
  "HUMAUSDT": 0.012829,
  "METUSDT": 0.2108,
  "XPINUSDT": 0.001685,
  "AVNTUSDT": 0.1884,
  "SYRUPUSDT": 0.23217,
  "CYSUSDT": 0.3748,
  "JELLYJELLYUSDT": 0.06525,
  "BUSDT": 0.1321,
  "AEROUSDT": 0.33,
  "EIGENUSDT": 0.1924,
  "MSTRUSDT": 131.44,
  "INITUSDT": 0.09814,
  "NAORISUSDT": 0.04432,
  "DYDXUSDT": 0.1,
  "COMPUSDT": 18.09,
  "XTZUSDT": 0.39,
  "ORDIUSDT": 2.661,
  "ESPORTSUSDT": 0.34499,
  "MEUSDT": 0.1283,
  "TSLAUSDT": 411.7,
  "GUAUSDT": 0.14727,
  "MOVEUSDT": 0.02369,
  "ZKPUSDT": 0.09117,
  "FORMUSDT": 0.2121,
  "VETUSDT": 0.007709,
  "ENSUSDT": 6.796,
  "NXPCUSDT": 0.2706,
  "NEOUSDT": 2.763,
  "CYBERUSDT": 0.5799,
  "COLLECTUSDT": 0.04945,
  "AUCTIONUSDT": 5.048,
  "PNUTUSDT": 0.04833,
  "FOGOUSDT": 0.02552,
  "SPACEUSDT": 0.010029,
  "SUSDT": 0.04329,
  "LAUSDT": 0.2101,
  "1000LUNCUSDT": 0.03643,
  "LINEAUSDT": 0.003409,
  "VANAUSDT": 1.591,
  "RESOLVUSDT": 0.06544,
  "STGUSDT": 0.149,
  "SOMIUSDT": 0.2055,
  "EULUSDT": 1.024,
  "BEATUSDT": 0.2451,
  "OGUSDT": 3.338,
  "1000FLOKIUSDT": 0.03017,
  "PLUMEUSDT": 0.01003,
  "MERLUSDT": 0.052,
  "LPTUSDT": 2.344,
  "STXUSDT": 0.2541,
  "GWEIUSDT": 0.029387,
  "BIRBUSDT": 0.17139,
  "TRBUSDT": 15.232,
  "CLOUSDT": 0.08829,
  "EDUUSDT": 0.1239,
  "AGLDUSDT": 0.2702,
  "FHEUSDT": 0.03847,
  "ATHUSDT": 0.005548,
  "WUSDT": 0.0198,
  "UAIUSDT": 0.243,
  "NMRUSDT": 8.202,
  "MOODENGUSDT": 0.05663,
  "LRCUSDT": 0.03314,
  "GRTUSDT": 0.02826,
  "JASMYUSDT": 0.005856,
  "2ZUSDT": 0.07295,
  "WCTUSDT": 0.06115,
  "BANKUSDT": 0.03838,
  "CFXUSDT": 0.05304,
  "AGTUSDT": 0.00534,
  "SPXUSDT": 0.3241,
  "MANAUSDT": 0.0989,
  "RPLUSDT": 2.368,
  "MMTUSDT": 0.1297,
  "ARUSDT": 2.013,
  "USELESSUSDT": 0.04144,
  "TRIAUSDT": 0.01607,
  "API3USDT": 0.3009,
  "LIGHTUSDT": 0.2389,
  "TAUSDT": 0.03828,
  "IMXUSDT": 0.1677,
  "ZORAUSDT": 0.02058,
  "AIAUSDT": 0.10235,
  "TAGUSDT": 0.0003697,
  "LUNA2USDT": 0.06408,
  "IOUSDT": 0.1222,
  "COAIUSDT": 0.3151,
  "IOTAUSDT": 0.0691,
  "FLOWUSDT": 0.03865,
  "THETAUSDT": 0.2024,
  "ZRXUSDT": 0.1111,
  "PTBUSDT": 0.001385,
  "SFPUSDT": 0.272,
  "AXLUSDT": 0.05591,
  "4USDT": 0.00881,
  "SPKUSDT": 0.02074,
  "QNTUSDT": 66.42,
  "BREVUSDT": 0.1348,
  "JSTUSDT": 0.043012,
  "1INCHUSDT": 0.0935,
  "KAIAUSDT": 0.05639,
  "FOLKSUSDT": 1.357,
  "SKRUSDT": 0.019371,
  "ARKMUSDT": 0.1133,
  "YFIUSDT": 2836.0,
  "NEIROUSDT": 7.38e-05,
  "RUNEUSDT": 0.4111,
  "MEGAUSDT": 0.13363,
  "NOMUSDT": 0.005338,
  "EGLDUSDT": 4.593,
  "KGENUSDT": 0.18056,
  "ANIMEUSDT": 0.00503,
  "BOMEUSDT": 0.0004126,
  "SIGNUSDT": 0.02685,
  "MAGICUSDT": 0.06902,
  "SAHARAUSDT": 0.01578,
  "FIGHTUSDT": 0.007057,
  "TWTUSDT": 0.5225,
  "COWUSDT": 0.208,
  "PROVEUSDT": 0.2983,
  "PEOPLEUSDT": 0.0068,
  "ZKCUSDT": 0.0903,
  "OPENUSDT": 0.1525,
  "MANTAUSDT": 0.07113,
  "TAKEUSDT": 0.02445,
  "AUSDT": 0.0833,
  "KASUSDT": 0.03113,
  "ACTUSDT": 0.01452,
  "BLUAIUSDT": 0.004946,
  "GASUSDT": 1.597,
  "AVAAIUSDT": 0.00763,
  "XNYUSDT": 0.004409,
  "MINAUSDT": 0.06261,
  "TSTUSDT": 0.01052,
  "AIOUSDT": 0.0786,
  "GMTUSDT": 0.01196,
  "TRUTHUSDT": 0.010308,
  "SANTOSUSDT": 1.935,
  "TURBOUSDT": 0.0010617,
  "TUTUSDT": 0.01109,
  "BATUSDT": 0.1216,
  "GRASSUSDT": 0.1907,
  "SUPERUSDT": 0.1189,
  "BSVUSDT": 16.16,
  "VELVETUSDT": 0.07999,
  "TNSRUSDT": 0.0489,
  "SOPHUSDT": 0.009223,
  "SWARMSUSDT": 0.00708,
  "SUSHIUSDT": 0.21,
  "ZBTUSDT": 0.07289,
  "FUSDT": 0.005897,
  "CATIUSDT": 0.04008,
  "POPCATUSDT": 0.05164,
  "XPTUSDT": 2163.44,
  "IDOLUSDT": 0.0215,
  "YBUSDT": 0.1586,
  "MUBARAKUSDT": 0.01549,
  "LAYERUSDT": 0.0884,
  "NILUSDT": 0.05052,
  "AKEUSDT": 0.0002702,
  "C98USDT": 0.0266,
  "VELODROMEUSDT": 0.01498,
  "BABYUSDT": 0.01297,
  "KSMUSDT": 4.942,
  "CTSIUSDT": 0.0261,
  "BLURUSDT": 0.02099,
  "XVGUSDT": 0.006075,
  "ICNTUSDT": 0.3967,
  "CVXUSDT": 1.901,
  "SOLVUSDT": 0.0045,
  "ACHUSDT": 0.007471,
  "MASKUSDT": 0.4486,
  "RAYSOLUSDT": 0.6508,
  "WOOUSDT": 0.01845,
  "SAPIENUSDT": 0.09258,
  "ALTUSDT": 0.00802,
  "ASRUSDT": 1.421,
  "GLMUSDT": 0.16723,
  "DEXEUSDT": 2.407,
  "EDENUSDT": 0.03467,
  "AIXBTUSDT": 0.02004,
  "STOUSDT": 0.05635,
  "DOLOUSDT": 0.04005,
  "ONTUSDT": 0.0439,
  "CELOUSDT": 0.078,
  "SOONUSDT": 0.1679,
  "ANKRUSDT": 0.004516,
  "UMAUSDT": 0.4687,
  "MEMEUSDT": 0.0006871,
  "RAREUSDT": 0.01904,
  "SONICUSDT": 0.0494,
  "IRUSDT": 0.08999,
  "RONINUSDT": 0.1108,
  "DRIFTUSDT": 0.0899,
  "THEUSDT": 0.2565,
  "FRAXUSDT": 0.6713,
  "SUNUSDT": 0.016983,
  "DEGOUSDT": 0.3472,
  "PLAYUSDT": 0.02216,
  "ZEREBROUSDT": 0.00775,
  "ERAUSDT": 0.1558,
  "MELANIAUSDT": 0.1156,
  "KERNELUSDT": 0.06871,
  "GMXUSDT": 6.723,
  "IDUSDT": 0.04787,
  "KAVAUSDT": 0.0524,
  "IOTXUSDT": 0.00494,
  "RSRUSDT": 0.001497,
  "PROMUSDT": 1.26,
  "HYPERUSDT": 0.0968,
  "WALUSDT": 0.0802,
  "BANANAUSDT": 4.498,
  "ONUSDT": 0.09443,
  "KMNOUSDT": 0.02775,
  "POLYXUSDT": 0.04382,
  "BROCCOLI714USDT": 0.01399,
  "SKLUSDT": 0.00688,