{
  "BTCUSDT": 67910.0,
  "ETHUSDT": 1993.36,
  "SOLUSDT": 85.71,
  "XRPUSDT": 1.3622,
  "BNBUSDT": 632.09,
  "XAUUSDT": 5314.21,
  "DOGEUSDT": 0.09143,
  "HYPEUSDT": 32.805,
  "BCHUSDT": 440.74,
  "PAXGUSDT": 5327.18,
  "XAGUSDT": 86.52,
  "WLFIUSDT": 0.1052,
  "ZECUSDT": 221.38,
  "TRXUSDT": 0.282,
  "UNIUSDT": 3.878,
  "SUIUSDT": 0.9123,
  "ADAUSDT": 0.2692,
  "ASTERUSDT": 0.6956,
  "1000PEPEUSDT": 0.0034686,
  "LINKUSDT": 8.785,
  "AVAXUSDT": 9.099,
  "LTCUSDT": 53.91,
  "NEARUSDT": 1.353,
  "PUMPUSDT": 0.001971,
  "ENAUSDT": 0.1122,
  "AAVEUSDT": 119.36,
  "DOTUSDT": 1.488,
  "PIPPINUSDT": 0.54552,
  "WLDUSDT": 0.3996,
  "XPLUSDT": 0.1096,
  "FILUSDT": 0.986,
  "LITUSDT": 1.349,
  "TRUMPUSDT": 3.452,
  "1000SHIBUSDT": 0.005413,
  "TAOUSDT": 181.41,
  "ZROUSDT": 1.8803,
  "TONUSDT": 1.2349,
  "APTUSDT": 0.9769,
  "POWERUSDT": 1.97311,
  "ATOMUSDT": 1.828,
  "ARCUSDT": 0.05012,
  "RIVERUSDT": 14.436,
  "HUSDT": 0.12502,
  "HBARUSDT": 0.09595,
  "XMRUSDT": 337.01,
  "KITEUSDT": 0.20013,
  "BERAUSDT": 0.5827,
  "XLMUSDT": 0.15155,
  "ARBUSDT": 0.1007,
  "WIFUSDT": 0.1995,
  "ICPUSDT": 2.389,
  "CRVUSDT": 0.249,
  "VIRTUALUSDT": 0.7492,
  "MONUSDT": 0.02085,
  "VVVUSDT": 6.8,
  "FETUSDT": 0.1477,
  "PENGUUSDT": 0.006956,
  "OPUSDT": 0.1252,
  "FFUSDT": 0.07409,
  "AXSUSDT": 1.241,
  "CCUSDT": 0.15879,
  "SIRENUSDT": 0.38737,
  "ETCUSDT": 8.488,
  "BARDUSDT": 1.0953,
  "SAHARAUSDT": 0.02841,
  "POLUSDT": 0.09957,
  "BTCDOMUSDT": 5150.9,
  "PARTIUSDT": 0.08863,
  "FARTCOINUSDT": 0.1622,
  "BANUSDT": 0.11687,
  "IPUSDT": 0.858,
  "DASHUSDT": 34.07,
  "CHZUSDT": 0.03523,
  "ONDOUSDT": 0.2542,
  "1000BONKUSDT": 0.005917,
  "ETHFIUSDT": 0.5008,
  "TIAUSDT": 0.3212,
  "ESPUSDT": 0.11706,
  "\u5e01\u5b89\u4eba\u751fUSDT": 0.06111,
  "ENSOUSDT": 1.3338,
  "SENTUSDT": 0.02108,
  "INJUSDT": 3.055,
  "0GUSDT": 0.6272,
  "SEIUSDT": 0.06834,
  "JUPUSDT": 0.1756,
  "STABLEUSDT": 0.030932,
  "SKYAIUSDT": 0.04651,
  "KAITOUSDT": 0.3452,
  "ALCHUSDT": 0.07983,
  "ZAMAUSDT": 0.01939,
  "FORMUSDT": 0.2752,
  "LYNUSDT": 0.3375,
  "PENDLEUSDT": 1.279,
  "ZKUSDT": 0.01847,
  "LDOUSDT": 0.302,
  "GUAUSDT": 0.2399,
  "BUSDT": 0.1893,
  "ROBOUSDT": 0.04916,
  "MORPHOUSDT": 1.9505,
  "BANANAS31USDT": 0.005006,
  "RENDERUSDT": 1.33,
  "QUSDT": 0.024479,
  "ATUSDT": 0.15922,
  "HOMEUSDT": 0.029551,
  "SIGNUSDT": 0.02778,
  "1000RATSUSDT": 0.04119,
  "PIEVERSEUSDT": 0.5094,
  "BIOUSDT": 0.02064,
  "GWEIUSDT": 0.040065,
  "NIGHTUSDT": 0.05945,
  "MYXUSDT": 0.358,
  "CAKEUSDT": 1.3402,
  "BULLAUSDT": 0.02505,
  "ZENUSDT": 5.576,
  "SANDUSDT": 0.08446,
  "GALAUSDT": 0.00348,
  "MUSDT": 1.4465,
  "GIGGLEUSDT": 26.45,
  "STRKUSDT": 0.04037,
  "USDCUSDT": 0.999638,
  "JELLYJELLYUSDT": 0.07551,
  "SKYUSDT": 0.0693,
  "STGUSDT": 0.1671,
  "HANAUSDT": 0.03445,
  "ALGOUSDT": 0.0866,
  "GPSUSDT": 0.008714,
  "APEUSDT": 0.1019,
  "ALLOUSDT": 0.10467,
  "BTRUSDT": 0.17337,
  "OPNUSDT": 0.5282,
  "GUNUSDT": 0.02838,
  "TSLAUSDT": 397.72,
  "MSTRUSDT": 135.11,
  "EIGENUSDT": 0.1835,
  "DUSKUSDT": 0.08151,
  "JTOUSDT": 0.2772,
  "TRADOORUSDT": 1.458,
  "AEROUSDT": 0.3377,
  "ATHUSDT": 0.006235,
  "AZTECUSDT": 0.02091,
  "SYRUPUSDT": 0.23405,
  "B2USDT": 0.7154,
  "CRCLUSDT": 92.78,
  "HUMAUSDT": 0.012891,
  "XPINUSDT": 0.001436,
  "1000LUNCUSDT": 0.04371,
  "ZILUSDT": 0.00424,
  "BEAMXUSDT": 0.001898,
  "UBUSDT": 0.03355,
  "NEOUSDT": 2.602,
  "LAUSDT": 0.2162,
  "ROSEUSDT": 0.01163,
  "ORDIUSDT": 2.452,
  "PYTHUSDT": 0.04812,
  "AVNTUSDT": 0.1705,
  "GRASSUSDT": 0.3066,
  "VETUSDT": 0.007119,
  "DYDXUSDT": 0.095,
  "DENTUSDT": 0.00029,
  "METUSDT": 0.1747,
  "MOVEUSDT": 0.02194,
  "COMPUSDT": 17.32,
  "BEATUSDT": 0.2728,
  "RAVEUSDT": 0.36253,
  "XTZUSDT": 0.369,
  "FOGOUSDT": 0.02366,
  "NXPCUSDT": 0.2725,
  "LINEAUSDT": 0.00318,
  "PHAUSDT": 0.03445,
  "\u6211\u8e0f\u9a6c\u6765\u4e86USDT": 0.010629,
  "ESPORTSUSDT": 0.30689,
  "4USDT": 0.00984,
  "COLLECTUSDT": 0.03792,
  "SUSDT": 0.04017,
  "ARUSDT": 1.623,
  "PNUTUSDT": 0.04517,
  "ZKPUSDT": 0.08705,
  "1000FLOKIUSDT": 0.02775,
  "ENSUSDT": 5.986,
  "TRBUSDT": 14.302,
  "ORCAUSDT": 0.856,
  "SNXUSDT": 0.31,
  "SKRUSDT": 0.021154,
  "AGLDUSDT": 0.2161,
  "JASMYUSDT": 0.005685,
  "TRIAUSDT": 0.01932,
  "AUCTIONUSDT": 4.753,
  "AGTUSDT": 0.006205,
  "SPXUSDT": 0.319,
  "EULUSDT": 1.149,
  "TAUSDT": 0.04133,
  "LPTUSDT": 2.313,
  "KAVAUSDT": 0.0528,
  "WUSDT": 0.01871,
  "STXUSDT": 0.2563,
  "MEUSDT": 0.1143,
  "AIXBTUSDT": 0.02486,
  "CYBERUSDT": 0.5506,
  "PLUMEUSDT": 0.00935,
  "SOMIUSDT": 0.1876,
  "MANAUSDT": 0.0964,
  "DEXEUSDT": 3.539,
  "BANKUSDT": 0.03563,
  "RESOLVUSDT": 0.05796,
  "WETUSDT": 0.10497,
  "JSTUSDT": 0.047315,
  "IMXUSDT": 0.16,
  "COAIUSDT": 0.3282,
  "INITUSDT": 0.08218,
  "IOTAUSDT": 0.0658,
  "USELESSUSDT": 0.04095,
  "EDUUSDT": 0.1046,
  "LAYERUSDT": 0.0876,
  "CFXUSDT": 0.04807,
  "NAORISUSDT": 0.03296,
  "GRTUSDT": 0.0257,
  "API3USDT": 0.2818,
  "FLOWUSDT": 0.03561,
  "KNCUSDT": 0.1426,
  "WCTUSDT": 0.05895,
  "YGGUSDT": 0.03877,
  "AWEUSDT": 0.05098,
  "MERLUSDT": 0.04064,
  "CYSUSDT": 0.3195,
  "2ZUSDT": 0.07275,
  "QNTUSDT": 63.26,
  "PTBUSDT": 0.0012,
  "SFPUSDT": 0.2683,
  "NMRUSDT": 7.47,
  "MOODENGUSDT": 0.0482,
  "BIRBUSDT": 0.14621,
  "CLOUSDT": 0.06929,
  "AXLUSDT": 0.05386,
  "SPKUSDT": 0.01942,
  "RUNEUSDT": 0.4071,
  "MMTUSDT": 0.1179,
  "EGLDUSDT": 4.237,
  "AIOUSDT": 0.09233,
  "LIGHTUSDT": 0.1857,
  "TAGUSDT": 0.0003429,
  "BREVUSDT": 0.1469,
  "NEIROUSDT": 6.791e-05,
  "VANAUSDT": 1.442,
  "SUNUSDT": 0.015887,
  "THETAUSDT": 0.1927,
  "1INCHUSDT": 0.095,
  "KGENUSDT": 0.19822,
  "FOLKSUSDT": 1.218,
  "ARKMUSDT": 0.1072,
  "ZRXUSDT": 0.1037,
  "KASUSDT": 0.02988,
  "MEGAUSDT": 0.13743,
  "MIRAUSDT": 0.0882,
  "FIOUSDT": 0.01105,
  "ALICEUSDT": 0.136,
  "IOUSDT": 0.1103,
  "ZORAUSDT": 0.01737,
  "SPACEUSDT": 0.00711,
  "SOPHUSDT": 0.008786,
  "STEEMUSDT": 0.05918,
  "ANIMEUSDT": 0.004753,
  "KAIAUSDT": 0.05469,
  "AKEUSDT": 0.0002444,
  "YFIUSDT": 2650.0,
  "AIAUSDT": 0.08559,
  "NILUSDT": 0.05187,
  "POPCATUSDT": 0.04747,
  "PEOPLEUSDT": 0.00631,
  "TSTUSDT": 0.00951,
  "COWUSDT": 0.2185,
  "LRCUSDT": 0.03071,
  "GMTUSDT": 0.01148,
  "BLUAIUSDT": 0.004815,
  "AVAAIUSDT": 0.007592,
  "PROVEUSDT": 0.2952,
  "OPENUSDT": 0.1432,
  "VELVETUSDT": 0.08265,
  "LUNA2USDT": 0.0639,
  "OGUSDT": 2.82,
  "BATUSDT": 0.1022,
  "ACTUSDT": 0.01405,
  "TURBOUSDT": 0.0009667,
  "AUSDT": 0.0779,
  "SWARMSUSDT": 0.007017,
  "TWTUSDT": 0.4852,
  "HIPPOUSDT": 0.0007211,
  "STOUSDT": 0.06037,
  "XPTUSDT": 2236.4,
  "SUSHIUSDT": 0.2036,
  "BSVUSDT": 15.11,
  "BOMEUSDT": 0.0003899,
  "USUALUSDT": 0.01428,
  "CATIUSDT": 0.03974,
  "TUTUSDT": 0.01046,
  "VELODROMEUSDT": 0.01558,
  "GASUSDT": 1.604,
  "FHEUSDT": 0.02811,
  "BABYUSDT": 0.01169,
  "SOONUSDT": 0.1642,
  "SUPERUSDT": 0.1151,
  "ZBTUSDT": 0.07522,
  "KERNELUSDT": 0.07359,
  "MANTAUSDT": 0.06184,
  "TNSRUSDT": 0.04447,
  "UMAUSDT": 0.4311,
  "KSMUSDT": 4.622,
  "FIGHTUSDT": 0.006137,
  "MUBARAKUSDT": 0.01387,
  "MEMEUSDT": 0.0005762,
  "UAIUSDT": 0.2059,
  "MINAUSDT": 0.05646,
  "NOMUSDT": 0.003529,
  "RPLUSDT": 1.886,
  "MAGICUSDT": 0.06033,
  "ALTUSDT": 0.007172,
  "TAKEUSDT": 0.02037,
  "NEWTUSDT": 0.07174,
  "XNYUSDT": 0.005637,
  "KATUSDT": 0.02378,
  "YBUSDT": 0.1771,
  "MASKUSDT": 0.431,
  "FUSDT": 0.005526,
  "DAMUSDT": 0.02503,
  "XVGUSDT": 0.005487,
  "IOTXUSDT": 0.00482,
  "BLURUSDT": 0.01977,
  "ASRUSDT": 1.295,
  "AINUSDT": 0.04028,
  "CELOUSDT": 0.077,
  "SAPIENUSDT": 0.0827,
  "ACHUSDT": 0.006854,
  "ONTUSDT": 0.0428,
  "STBLUSDT": 0.03995,
  "HOLOUSDT": 0.06055,
  "TRUTHUSDT": 0.009753,
  "RAYSOLUSDT": 0.5969,
  "SONICUSDT": 0.04497,
  "ANKRUSDT": 0.004185,
  "INUSDT": 0.06572,
  "KOMAUSDT": 0.007951,
  "ERAUSDT": 0.1427,
  "REDUSDT": 0.1518,
  "POLYXUSDT": 0.04193,
  "WALUSDT": 0.07795,
  "ENJUSDT": 0.01912,
  "KMNOUSDT": 0.02216,
  "1000SATSUSDT": 1.12e-05,
  "ZKCUSDT": 0.0834,
  "RSRUSDT": 0.001496,
  "GLMUSDT": 0.13201,
  "TRUUSDT": 0.005301,
  "C98USDT": 0.0262,
  "EDENUSDT": 0.03168,
  "QTUMUSDT": 0.915,
  "SKLUSDT": 0.00655,