{
  "BTCUSDT": 68143.7,
  "ETHUSDT": 2064.95,
  "SOLUSDT": 88.01,
  "XRPUSDT": 1.4415,
  "BNBUSDT": 629.28,
  "DOGEUSDT": 0.09987,
  "BCHUSDT": 500.81,
  "HYPEUSDT": 28.805,
  "XAGUSDT": 87.53,
  "XAUUSDT": 5179.95,
  "PAXGUSDT": 5188.94,
  "WLFIUSDT": 0.1174,
  "ADAUSDT": 0.2944,
  "UNIUSDT": 4.042,
  "ZECUSDT": 246.28,
  "SUIUSDT": 0.9589,
  "TRXUSDT": 0.28613,
  "LINKUSDT": 9.25,
  "AVAXUSDT": 9.349,
  "ASTERUSDT": 0.715,
  "PIPPINUSDT": 0.83956,
  "LTCUSDT": 56.19,
  "1000PEPEUSDT": 0.00404,
  "ENAUSDT": 0.116,
  "PUMPUSDT": 0.001843,
  "KITEUSDT": 0.29442,
  "DOTUSDT": 1.614,
  "NEARUSDT": 1.135,
  "AAVEUSDT": 115.07,
  "WLDUSDT": 0.4111,
  "FILUSDT": 1.014,
  "TRUMPUSDT": 3.546,
  "LITUSDT": 1.477,
  "XPLUSDT": 0.0987,
  "TAOUSDT": 189.36,
  "POWERUSDT": 1.52949,
  "ZROUSDT": 1.5908,
  "APTUSDT": 0.9637,
  "TONUSDT": 1.2839,
  "1000SHIBUSDT": 0.006141,
  "HBARUSDT": 0.10275,
  "XLMUSDT": 0.16417,
  "ATOMUSDT": 1.919,
  "BERAUSDT": 0.6183,
  "ARBUSDT": 0.1013,
  "RIVERUSDT": 10.214,
  "AXSUSDT": 1.345,
  "MONUSDT": 0.02224,
  "ICPUSDT": 2.414,
  "WIFUSDT": 0.2146,
  "XMRUSDT": 345.92,
  "OPUSDT": 0.1242,
  "ARCUSDT": 0.03497,
  "CRVUSDT": 0.254,
  "FETUSDT": 0.1656,
  "PENGUUSDT": 0.007207,
  "VIRTUALUSDT": 0.7043,
  "FFUSDT": 0.0809,
  "ETCUSDT": 9.023,
  "1000BONKUSDT": 0.006366,
  "ESPUSDT": 0.1386,
  "FARTCOINUSDT": 0.1713,
  "SIRENUSDT": 0.46425,
  "POLUSDT": 0.11065,
  "PARTIUSDT": 0.1029,
  "ENSOUSDT": 1.552,
  "ONDOUSDT": 0.2743,
  "IPUSDT": 1.039,
  "ETHFIUSDT": 0.5228,
  "BARDUSDT": 0.8626,
  "TIAUSDT": 0.3424,
  "BTCDOMUSDT": 4982.1,
  "HUSDT": 0.13858,
  "CHZUSDT": 0.03396,
  "\u5e01\u5b89\u4eba\u751fUSDT": 0.06289,
  "BANUSDT": 0.11117,
  "INJUSDT": 3.224,
  "DASHUSDT": 35.42,
  "STABLEUSDT": 0.034906,
  "SENTUSDT": 0.02309,
  "CCUSDT": 0.17449,
  "SEIUSDT": 0.0711,
  "0GUSDT": 0.6525,
  "ZKUSDT": 0.02002,
  "JUPUSDT": 0.1596,
  "ZAMAUSDT": 0.02422,
  "KAITOUSDT": 0.327,
  "PENDLEUSDT": 1.305,
  "ALCHUSDT": 0.08045,
  "LDOUSDT": 0.323,
  "GUAUSDT": 0.23318,
  "MORPHOUSDT": 1.8545,
  "RENDERUSDT": 1.475,
  "SKYAIUSDT": 0.04367,
  "LYNUSDT": 0.33355,
  "BANANAS31USDT": 0.004848,
  "UBUSDT": 0.04644,
  "PIEVERSEUSDT": 0.5275,
  "ATUSDT": 0.15889,
  "HOMEUSDT": 0.029525,
  "QUSDT": 0.02136,
  "SANDUSDT": 0.08639,
  "NIGHTUSDT": 0.06001,
  "VVVUSDT": 4.253,
  "CAKEUSDT": 1.3248,
  "1000RATSUSDT": 0.04279,
  "BIOUSDT": 0.02461,
  "ZENUSDT": 5.635,
  "GPSUSDT": 0.009196,
  "DUSKUSDT": 0.09263,
  "ALGOUSDT": 0.0904,
  "STRKUSDT": 0.0448,
  "MYXUSDT": 0.368,
  "DENTUSDT": 0.000312,
  "GUNUSDT": 0.0308,
  "BULLAUSDT": 0.01704,
  "GIGGLEUSDT": 26.78,
  "BTRUSDT": 0.19482,
  "HANAUSDT": 0.03531,
  "GALAUSDT": 0.0038,
  "AEROUSDT": 0.3786,
  "ALLOUSDT": 0.10945,
  "USDCUSDT": 0.999405,
  "AZTECUSDT": 0.02451,
  "MUSDT": 1.3537,
  "APEUSDT": 0.108,
  "JTOUSDT": 0.2888,
  "SKYUSDT": 0.0698,
  "OPNUSDT": 0.5616,
  "BUSDT": 0.1384,
  "LAUSDT": 0.2392,
  "TRADOORUSDT": 1.456,
  "ZILUSDT": 0.00425,
  "MSTRUSDT": 134.45,
  "METUSDT": 0.1839,
  "EIGENUSDT": 0.2035,
  "FOGOUSDT": 0.02895,
  "SYRUPUSDT": 0.23647,
  "XPINUSDT": 0.001578,
  "BEAMXUSDT": 0.002019,
  "PYTHUSDT": 0.05353,
  "B2USDT": 0.7324,
  "COLLECTUSDT": 0.0505,
  "ROSEUSDT": 0.01283,
  "VETUSDT": 0.007724,
  "HUMAUSDT": 0.011807,
  "GWEIUSDT": 0.031716,
  "RAVEUSDT": 0.34321,
  "\u6211\u8e0f\u9a6c\u6765\u4e86USDT": 0.012323,
  "ORCAUSDT": 0.926,
  "SKRUSDT": 0.021776,
  "AVNTUSDT": 0.1816,
  "TSLAUSDT": 414.94,
  "ORDIUSDT": 2.508,
  "JELLYJELLYUSDT": 0.06362,
  "SNXUSDT": 0.368,
  "LINEAUSDT": 0.003238,
  "NEOUSDT": 2.8,
  "MOVEUSDT": 0.02233,
  "ESPORTSUSDT": 0.3354,
  "DYDXUSDT": 0.1,
  "NXPCUSDT": 0.2744,
  "ZKPUSDT": 0.08598,
  "AWEUSDT": 0.0528,
  "SOMIUSDT": 0.216,
  "SUSDT": 0.04218,
  "AXLUSDT": 0.05683,
  "FORMUSDT": 0.1963,
  "CYBERUSDT": 0.5472,
  "COMPUSDT": 18.6,
  "XTZUSDT": 0.396,
  "LPTUSDT": 2.37,
  "AUCTIONUSDT": 4.99,
  "PNUTUSDT": 0.04763,
  "STXUSDT": 0.2646,
  "1000FLOKIUSDT": 0.02999,
  "ARUSDT": 1.721,
  "UAIUSDT": 0.2959,
  "CRCLUSDT": 82.11,
  "AGLDUSDT": 0.2795,
  "MEUSDT": 0.1213,
  "WETUSDT": 0.11343,
  "ENSUSDT": 6.434,
  "TRIAUSDT": 0.02133,
  "1000LUNCUSDT": 0.03653,
  "STGUSDT": 0.1385,
  "CYSUSDT": 0.3761,
  "SPXUSDT": 0.3275,
  "JASMYUSDT": 0.006041,
  "YGGUSDT": 0.04078,
  "TRBUSDT": 14.851,
  "WUSDT": 0.01977,
  "API3USDT": 0.3006,
  "CLOUSDT": 0.09682,
  "DEXEUSDT": 3.604,
  "BEATUSDT": 0.2061,
  "USELESSUSDT": 0.04398,
  "PLUMEUSDT": 0.00951,
  "IMXUSDT": 0.1721,
  "EULUSDT": 1.064,
  "RESOLVUSDT": 0.06232,
  "VANAUSDT": 1.479,
  "BANKUSDT": 0.03902,
  "2ZUSDT": 0.07861,
  "MERLUSDT": 0.04537,
  "ATHUSDT": 0.005228,
  "INITUSDT": 0.0782,
  "EDUUSDT": 0.1122,
  "CFXUSDT": 0.05145,
  "AKEUSDT": 0.0003253,
  "IOTAUSDT": 0.0709,
  "MANAUSDT": 0.0985,
  "NMRUSDT": 8.012,
  "FLOWUSDT": 0.03685,
  "GRTUSDT": 0.02731,
  "STEEMUSDT": 0.06307,
  "JSTUSDT": 0.0469,
  "WCTUSDT": 0.06043,
  "OGUSDT": 3.01,
  "MMTUSDT": 0.1234,
  "TAUSDT": 0.03782,
  "SPACEUSDT": 0.008635,
  "QNTUSDT": 64.99,
  "COAIUSDT": 0.3172,
  "MOODENGUSDT": 0.05294,
  "KERNELUSDT": 0.09134,
  "KASUSDT": 0.0318,
  "AGTUSDT": 0.005064,
  "NAORISUSDT": 0.03156,
  "ZRXUSDT": 0.1134,
  "LRCUSDT": 0.03497,
  "SPKUSDT": 0.02112,
  "GRASSUSDT": 0.2152,
  "LIGHTUSDT": 0.2141,
  "SFPUSDT": 0.264,
  "TAGUSDT": 0.0003532,
  "1INCHUSDT": 0.0962,
  "RUNEUSDT": 0.4127,
  "4USDT": 0.0082,
  "ZORAUSDT": 0.01946,
  "THETAUSDT": 0.1975,
  "COWUSDT": 0.2275,
  "ARKMUSDT": 0.1131,
  "KAIAUSDT": 0.05675,
  "BREVUSDT": 0.1437,
  "IOUSDT": 0.1166,
  "NEIROUSDT": 7.18e-05,
  "RPLUSDT": 2.021,
  "LUNA2USDT": 0.06395,
  "SIGNUSDT": 0.02353,
  "BIRBUSDT": 0.15864,
  "YFIUSDT": 2793.0,
  "FIGHTUSDT": 0.007489,
  "EGLDUSDT": 4.57,
  "KSMUSDT": 5.204,
  "BATUSDT": 0.1167,
  "PTBUSDT": 0.001201,
  "XNYUSDT": 0.005745,
  "AIAUSDT": 0.08999,
  "XPTUSDT": 2295.39,
  "KGENUSDT": 0.18527,
  "PEOPLEUSDT": 0.0068,
  "ANIMEUSDT": 0.004958,
  "MEGAUSDT": 0.13435,
  "POPCATUSDT": 0.05045,
  "SWARMSUSDT": 0.00755,
  "AUSDT": 0.0821,
  "BSVUSDT": 16.37,
  "HOLOUSDT": 0.05846,
  "GASUSDT": 1.609,
  "OPENUSDT": 0.1511,
  "SUSHIUSDT": 0.2119,
  "FHEUSDT": 0.02801,
  "SAHARAUSDT": 0.01515,
  "TWTUSDT": 0.501,
  "BOMEUSDT": 0.0004032,
  "ACTUSDT": 0.01424,
  "BLUAIUSDT": 0.005223,
  "VELVETUSDT": 0.08688,
  "AVAAIUSDT": 0.00777,
  "TSTUSDT": 0.00998,
  "GMTUSDT": 0.01179,
  "AINUSDT": 0.04815,
  "PROVEUSDT": 0.2916,
  "VELODROMEUSDT": 0.01678,
  "AIXBTUSDT": 0.02049,
  "MAGICUSDT": 0.0645,
  "IDOLUSDT": 0.02373,
  "MINAUSDT": 0.06011,
  "FOLKSUSDT": 1.184,
  "TURBOUSDT": 0.0010492,
  "YBUSDT": 0.1591,
  "TNSRUSDT": 0.04886,
  "SOPHUSDT": 0.009531,
  "BABYUSDT": 0.01253,
  "ACHUSDT": 0.007306,
  "MEMEUSDT": 0.000645,
  "MANTAUSDT": 0.06547,
  "CATIUSDT": 0.03907,
  "ZBTUSDT": 0.07228,
  "TUTUSDT": 0.01034,
  "AIOUSDT": 0.07569,
  "STOUSDT": 0.05757,
  "SUPERUSDT": 0.1146,
  "LAYERUSDT": 0.0879,
  "NOMUSDT": 0.00403,
  "SAPIENUSDT": 0.09433,
  "UMAUSDT": 0.4583,
  "BLURUSDT": 0.02086,
  "SOONUSDT": 0.1684,
  "NILUSDT": 0.04845,
  "GRIFFAINUSDT": 0.00957,
  "FUSDT": 0.005724,
  "TRUTHUSDT": 0.00991,
  "EDENUSDT": 0.03498,
  "MASKUSDT": 0.442,
  "XVGUSDT": 0.005945,
  "CVXUSDT": 1.889,
  "SONICUSDT": 0.04968,
  "STBLUSDT": 0.04022,
  "ASRUSDT": 1.385,
  "MUBARAKUSDT": 0.01403,
  "SUNUSDT": 0.01623,
  "ICNTUSDT": 0.3959,
  "INUSDT": 0.06911,
  "RAREUSDT": 0.01882,
  "CELOUSDT": 0.08,
  "SOLVUSDT": 0.00439,
  "ALTUSDT": 0.00771,
  "MELANIAUSDT": 0.114,
  "KMNOUSDT": 0.02254,
  "KOMAUSDT": 0.00808,
  "C98USDT": 0.0245,
  "CTSIUSDT": 0.0246,
  "ANKRUSDT": 0.004377,
  "ERAUSDT": 0.1455,
  "BELUSDT": 0.0987,
  "GLMUSDT": 0.14816,
  "ONTUSDT": 0.0427,
  "TAKEUSDT": 0.01843,
  "SANTOSUSDT": 1.482,
  "DRIFTUSDT": 0.0856,
  "RAYSOLUSDT": 0.6283,
  "ZKCUSDT": 0.086,
  "ARPAUSDT": 0.0098,
  "GMXUSDT": 7.067,
  "STORJUSDT": 0.0966,
  "DAMUSDT": 0.02358,
  "ELSAUSDT": 0.09001,
  "WALUSDT": 0.0796,
  "FRAXUSDT": 0.6773,
  "DEGOUSDT": 0.3209,
  "BASUSDT": 0.006367,
  "PROMPTUSDT": 0.04742,
  "ARIAUSDT": 0.07804,
  "WOOUSDT": 0.01711,