{
  "BTCUSDT": 68056.5,
  "ETHUSDT": 2051.09,
  "SOLUSDT": 87.69,
  "XRPUSDT": 1.44,
  "BNBUSDT": 628.42,
  "DOGEUSDT": 0.09994,
  "BCHUSDT": 501.53,
  "XAGUSDT": 87.08,
  "HYPEUSDT": 28.2,
  "XAUUSDT": 5179.49,
  "PAXGUSDT": 5188.65,
  "WLFIUSDT": 0.1163,
  "UNIUSDT": 4.036,
  "ADAUSDT": 0.2941,
  "ZECUSDT": 247.14,
  "SUIUSDT": 0.9569,
  "TRXUSDT": 0.28639,
  "AVAXUSDT": 9.357,
  "LINKUSDT": 9.228,
  "ASTERUSDT": 0.7105,
  "PIPPINUSDT": 0.85971,
  "LTCUSDT": 56.27,
  "1000PEPEUSDT": 0.0040136,
  "ENAUSDT": 0.1117,
  "KITEUSDT": 0.29889,
  "PUMPUSDT": 0.001835,
  "DOTUSDT": 1.587,
  "NEARUSDT": 1.137,
  "AAVEUSDT": 114.55,
  "WLDUSDT": 0.4102,
  "FILUSDT": 1.007,
  "TRUMPUSDT": 3.528,
  "LITUSDT": 1.489,
  "XPLUSDT": 0.0993,
  "TAOUSDT": 187.31,
  "POWERUSDT": 1.64151,
  "ZROUSDT": 1.5953,
  "APTUSDT": 0.9621,
  "1000SHIBUSDT": 0.006136,
  "TONUSDT": 1.2856,
  "HBARUSDT": 0.10218,
  "XLMUSDT": 0.1636,
  "ATOMUSDT": 1.907,
  "BERAUSDT": 0.6184,
  "ARBUSDT": 0.1002,
  "RIVERUSDT": 10.148,
  "AXSUSDT": 1.342,
  "MONUSDT": 0.02232,
  "WIFUSDT": 0.2139,
  "XMRUSDT": 346.36,
  "ICPUSDT": 2.379,
  "SIRENUSDT": 0.53462,
  "OPUSDT": 0.1238,
  "CRVUSDT": 0.253,
  "VIRTUALUSDT": 0.7131,
  "FETUSDT": 0.1657,
  "PENGUUSDT": 0.007199,
  "ARCUSDT": 0.03306,
  "FFUSDT": 0.07949,
  "ETCUSDT": 8.988,
  "1000BONKUSDT": 0.006344,
  "ESPUSDT": 0.14181,
  "FARTCOINUSDT": 0.1724,
  "POLUSDT": 0.11059,
  "ENSOUSDT": 1.5547,
  "PARTIUSDT": 0.09972,
  "ONDOUSDT": 0.2723,
  "ETHFIUSDT": 0.5227,
  "IPUSDT": 1.039,
  "TIAUSDT": 0.3436,
  "BANUSDT": 0.11473,
  "CHZUSDT": 0.0343,
  "BARDUSDT": 0.8319,
  "BTCDOMUSDT": 4993.5,
  "\u5e01\u5b89\u4eba\u751fUSDT": 0.06186,
  "HUSDT": 0.13468,
  "DASHUSDT": 35.25,
  "SENTUSDT": 0.02302,
  "INJUSDT": 3.22,
  "STABLEUSDT": 0.03464,
  "CCUSDT": 0.17435,
  "0GUSDT": 0.6526,
  "SEIUSDT": 0.0708,
  "ZKUSDT": 0.02006,
  "JUPUSDT": 0.1595,
  "ZAMAUSDT": 0.02479,
  "KAITOUSDT": 0.3256,
  "ALCHUSDT": 0.08072,
  "PENDLEUSDT": 1.2937,
  "LDOUSDT": 0.3223,
  "GUAUSDT": 0.23238,
  "MORPHOUSDT": 1.8524,
  "LYNUSDT": 0.34577,
  "RENDERUSDT": 1.476,
  "SKYAIUSDT": 0.04333,
  "UBUSDT": 0.04683,
  "PIEVERSEUSDT": 0.5322,
  "BANANAS31USDT": 0.00481,
  "QUSDT": 0.021667,
  "ATUSDT": 0.15838,
  "SANDUSDT": 0.08647,
  "HOMEUSDT": 0.029284,
  "NIGHTUSDT": 0.06023,
  "1000RATSUSDT": 0.04346,
  "CAKEUSDT": 1.3192,
  "VVVUSDT": 4.202,
  "BIOUSDT": 0.02459,
  "ZENUSDT": 5.65,
  "GPSUSDT": 0.009157,
  "DUSKUSDT": 0.09083,
  "ALGOUSDT": 0.0901,
  "GUNUSDT": 0.0313,
  "STRKUSDT": 0.04448,
  "BTRUSDT": 0.19703,
  "BULLAUSDT": 0.0171,
  "HANAUSDT": 0.03574,
  "MYXUSDT": 0.362,
  "GIGGLEUSDT": 26.44,
  "ALLOUSDT": 0.11179,
  "AEROUSDT": 0.3811,
  "GALAUSDT": 0.0038,
  "USDCUSDT": 0.999406,
  "MUSDT": 1.3676,
  "AZTECUSDT": 0.02494,
  "DENTUSDT": 0.000272,
  "APEUSDT": 0.1071,
  "JTOUSDT": 0.2884,
  "SKYUSDT": 0.06957,
  "OPNUSDT": 0.5613,
  "LAUSDT": 0.239,
  "BUSDT": 0.1364,
  "TRADOORUSDT": 1.458,
  "ZILUSDT": 0.00422,
  "COLLECTUSDT": 0.05355,
  "MSTRUSDT": 133.72,
  "METUSDT": 0.1817,
  "EIGENUSDT": 0.2036,
  "XPINUSDT": 0.001584,
  "SYRUPUSDT": 0.23605,
  "FOGOUSDT": 0.02803,
  "BEAMXUSDT": 0.002008,
  "B2USDT": 0.7345,
  "PYTHUSDT": 0.05311,
  "VETUSDT": 0.007741,
  "ROSEUSDT": 0.01287,
  "HUMAUSDT": 0.011794,
  "GWEIUSDT": 0.031776,
  "\u6211\u8e0f\u9a6c\u6765\u4e86USDT": 0.012098,
  "ORCAUSDT": 0.924,
  "AVNTUSDT": 0.1811,
  "SKRUSDT": 0.021518,
  "TSLAUSDT": 415.19,
  "ORDIUSDT": 2.504,
  "LINEAUSDT": 0.003239,
  "JELLYJELLYUSDT": 0.06293,
  "NEOUSDT": 2.804,
  "SNXUSDT": 0.363,
  "CRCLUSDT": 84.27,
  "MOVEUSDT": 0.02224,
  "ESPORTSUSDT": 0.3347,
  "NXPCUSDT": 0.2742,
  "ZKPUSDT": 0.08609,
  "DYDXUSDT": 0.1,
  "SOMIUSDT": 0.2169,
  "AWEUSDT": 0.05247,
  "SUSDT": 0.0419,
  "FORMUSDT": 0.1959,
  "XTZUSDT": 0.397,
  "CYBERUSDT": 0.5494,
  "RAVEUSDT": 0.30938,
  "COMPUSDT": 18.58,
  "AXLUSDT": 0.05635,
  "LPTUSDT": 2.368,
  "AUCTIONUSDT": 4.986,
  "PNUTUSDT": 0.04743,
  "WETUSDT": 0.11314,
  "STXUSDT": 0.262,
  "1000FLOKIUSDT": 0.02996,
  "AGLDUSDT": 0.2811,
  "ARUSDT": 1.721,
  "MEUSDT": 0.1212,
  "ENSUSDT": 6.415,
  "TRIAUSDT": 0.02163,
  "1000LUNCUSDT": 0.03636,
  "STGUSDT": 0.1386,
  "CYSUSDT": 0.3782,
  "SPXUSDT": 0.3284,
  "JASMYUSDT": 0.006061,
  "YGGUSDT": 0.04086,
  "API3USDT": 0.3006,
  "WUSDT": 0.01973,
  "TRBUSDT": 14.837,
  "BEATUSDT": 0.2061,
  "UAIUSDT": 0.2532,
  "DEXEUSDT": 3.545,
  "USELESSUSDT": 0.04346,
  "IMXUSDT": 0.1712,
  "PLUMEUSDT": 0.00951,
  "VANAUSDT": 1.482,
  "RESOLVUSDT": 0.06266,
  "EULUSDT": 1.045,
  "2ZUSDT": 0.07874,
  "BANKUSDT": 0.03898,
  "CLOUSDT": 0.09203,
  "MERLUSDT": 0.04514,
  "ATHUSDT": 0.005227,
  "EDUUSDT": 0.1119,
  "INITUSDT": 0.07841,
  "AKEUSDT": 0.0003253,
  "CFXUSDT": 0.05081,
  "IOTAUSDT": 0.0705,
  "MANAUSDT": 0.0985,
  "NMRUSDT": 8.019,
  "GRTUSDT": 0.02733,
  "FLOWUSDT": 0.0366,
  "STEEMUSDT": 0.0625,
  "OGUSDT": 3.016,
  "SPACEUSDT": 0.008751,
  "WCTUSDT": 0.06005,
  "JSTUSDT": 0.046835,
  "TAUSDT": 0.03799,
  "MMTUSDT": 0.1232,
  "QNTUSDT": 64.74,
  "COAIUSDT": 0.3192,
  "KERNELUSDT": 0.08986,
  "MOODENGUSDT": 0.05276,
  "AGTUSDT": 0.005077,
  "NAORISUSDT": 0.03187,
  "KASUSDT": 0.03161,
  "LRCUSDT": 0.03499,
  "ZRXUSDT": 0.1126,
  "SPKUSDT": 0.02114,
  "SFPUSDT": 0.2645,
  "LIGHTUSDT": 0.2154,
  "TAGUSDT": 0.0003515,
  "1INCHUSDT": 0.0962,
  "4USDT": 0.00822,
  "RUNEUSDT": 0.4125,
  "ZORAUSDT": 0.01945,
  "THETAUSDT": 0.1969,
  "ARKMUSDT": 0.1127,
  "BREVUSDT": 0.1435,
  "KAIAUSDT": 0.05677,
  "COWUSDT": 0.2234,
  "NEIROUSDT": 7.16e-05,
  "IOUSDT": 0.1166,
  "GRASSUSDT": 0.2042,
  "RPLUSDT": 2.001,
  "FIGHTUSDT": 0.007621,
  "LUNA2USDT": 0.06397,
  "YFIUSDT": 2790.0,
  "SIGNUSDT": 0.02345,
  "EGLDUSDT": 4.544,
  "BIRBUSDT": 0.15937,
  "KSMUSDT": 5.149,
  "BATUSDT": 0.116,
  "XNYUSDT": 0.005772,
  "KGENUSDT": 0.18794,
  "PTBUSDT": 0.001188,
  "AIAUSDT": 0.09007,
  "AINUSDT": 0.05068,
  "XPTUSDT": 2301.48,
  "POPCATUSDT": 0.05041,
  "PEOPLEUSDT": 0.00676,
  "AUSDT": 0.0821,
  "BSVUSDT": 16.36,
  "ANIMEUSDT": 0.0049,
  "GASUSDT": 1.607,
  "IDOLUSDT": 0.0235,
  "OPENUSDT": 0.1498,
  "SUSHIUSDT": 0.2119,
  "TWTUSDT": 0.5043,
  "FHEUSDT": 0.02809,
  "MEGAUSDT": 0.13125,
  "SAHARAUSDT": 0.01507,
  "BOMEUSDT": 0.0004017,
  "BLUAIUSDT": 0.005248,
  "VELVETUSDT": 0.08702,
  "HOLOUSDT": 0.05811,
  "ACTUSDT": 0.01425,
  "SWARMSUSDT": 0.00731,
  "AVAAIUSDT": 0.0077,
  "TSTUSDT": 0.00995,
  "GMTUSDT": 0.01176,
  "PROVEUSDT": 0.2904,
  "MAGICUSDT": 0.06435,
  "AIXBTUSDT": 0.02052,
  "VELODROMEUSDT": 0.01661,
  "MINAUSDT": 0.05983,
  "FOLKSUSDT": 1.178,
  "TURBOUSDT": 0.0010402,
  "TNSRUSDT": 0.04893,
  "YBUSDT": 0.1583,
  "ACHUSDT": 0.007303,
  "SOPHUSDT": 0.009515,
  "BABYUSDT": 0.01247,
  "AIOUSDT": 0.07774,
  "SAPIENUSDT": 0.09586,
  "MEMEUSDT": 0.0006446,
  "MANTAUSDT": 0.06526,
  "ZBTUSDT": 0.07255,
  "TUTUSDT": 0.01034,
  "CATIUSDT": 0.03878,
  "STOUSDT": 0.05758,
  "SUPERUSDT": 0.1144,
  "NOMUSDT": 0.004109,
  "LAYERUSDT": 0.0867,
  "UMAUSDT": 0.458,
  "BLURUSDT": 0.02079,
  "SOONUSDT": 0.1677,
  "NILUSDT": 0.04865,
  "GRIFFAINUSDT": 0.00935,
  "STBLUSDT": 0.04164,
  "FUSDT": 0.00573,
  "MASKUSDT": 0.4395,
  "SONICUSDT": 0.04943,
  "TRUTHUSDT": 0.009746,
  "XVGUSDT": 0.005936,
  "CVXUSDT": 1.883,
  "ASRUSDT": 1.383,
  "SUNUSDT": 0.016232,
  "MUBARAKUSDT": 0.01405,
  "INUSDT": 0.06966,
  "ICNTUSDT": 0.3906,
  "EDENUSDT": 0.03402,
  "RAREUSDT": 0.01881,
  "CELOUSDT": 0.08,
  "SOLVUSDT": 0.00438,
  "TAKEUSDT": 0.01926,
  "DAMUSDT": 0.02448,
  "ALTUSDT": 0.00765,
  "MELANIAUSDT": 0.1133,
  "KMNOUSDT": 0.02256,
  "ERAUSDT": 0.1454,
  "GLMUSDT": 0.1475,
  "ANKRUSDT": 0.00437,
  "KOMAUSDT": 0.00796,
  "BELUSDT": 0.0984,
  "SANTOSUSDT": 1.489,
  "CTSIUSDT": 0.0246,
  "ONTUSDT": 0.0425,
  "C98USDT": 0.0242,
  "RAYSOLUSDT": 0.6255,
  "DRIFTUSDT": 0.0847,
  "ZKCUSDT": 0.086,
  "ELSAUSDT": 0.09103,
  "GMXUSDT": 7.038,
  "PROMPTUSDT": 0.04886,
  "ARPAUSDT": 0.00972,
  "STORJUSDT": 0.0963,
  "DEGOUSDT": 0.3215,
  "BASUSDT": 0.006517,
  "WALUSDT": 0.0795,
  "FRAXUSDT": 0.6728,
  "ARIAUSDT": 0.07872,
  "WOOUSDT": 0.01711,