{
  "BTCUSDT": 73203.6,
  "ETHUSDT": 2148.75,
  "SOLUSDT": 92.39,
  "XRPUSDT": 1.4483,
  "BNBUSDT": 659.75,
  "DOGEUSDT": 0.10204,
  "XAUUSDT": 5135.21,
  "BCHUSDT": 469.14,
  "PAXGUSDT": 5149.03,
  "HYPEUSDT": 31.895,
  "ZECUSDT": 248.86,
  "XAGUSDT": 83.48,
  "WLFIUSDT": 0.1078,
  "TRXUSDT": 0.2873,
  "UNIUSDT": 4.004,
  "SUIUSDT": 0.9726,
  "ADAUSDT": 0.2797,
  "AVAXUSDT": 9.532,
  "1000PEPEUSDT": 0.0036858,
  "LINKUSDT": 9.432,
  "ASTERUSDT": 0.7209,
  "LTCUSDT": 57.07,
  "PUMPUSDT": 0.002079,
  "NEARUSDT": 1.314,
  "ENAUSDT": 0.1183,
  "AAVEUSDT": 116.89,
  "WLDUSDT": 0.4277,
  "DOTUSDT": 1.538,
  "XPLUSDT": 0.1145,
  "FILUSDT": 1.029,
  "TAOUSDT": 189.27,
  "PIPPINUSDT": 0.38777,
  "RIVERUSDT": 20.082,
  "1000SHIBUSDT": 0.005738,
  "TRUMPUSDT": 3.453,
  "LITUSDT": 1.35,
  "ZROUSDT": 1.9844,
  "KITEUSDT": 0.22713,
  "APTUSDT": 1.0178,
  "TONUSDT": 1.319,
  "HBARUSDT": 0.10156,
  "ATOMUSDT": 1.897,
  "HUSDT": 0.12503,
  "XLMUSDT": 0.16231,
  "XMRUSDT": 354.82,
  "ARBUSDT": 0.1059,
  "BERAUSDT": 0.5562,
  "WIFUSDT": 0.2165,
  "MONUSDT": 0.02306,
  "ICPUSDT": 2.538,
  "CRVUSDT": 0.258,
  "VIRTUALUSDT": 0.7607,
  "PENGUUSDT": 0.007312,
  "FETUSDT": 0.1564,
  "FFUSDT": 0.07345,
  "AXSUSDT": 1.23,
  "OPUSDT": 0.1298,
  "ARCUSDT": 0.03971,
  "CCUSDT": 0.15698,
  "ETCUSDT": 8.911,
  "POLUSDT": 0.10479,
  "VVVUSDT": 6.422,
  "ONDOUSDT": 0.2705,
  "1000BONKUSDT": 0.006314,
  "BTCDOMUSDT": 5200.8,
  "ETHFIUSDT": 0.5412,
  "BARDUSDT": 1.0166,
  "FARTCOINUSDT": 0.176,
  "IPUSDT": 0.873,
  "SAHARAUSDT": 0.02853,
  "PARTIUSDT": 0.08589,
  "TIAUSDT": 0.3393,
  "POWERUSDT": 0.16601,
  "CHZUSDT": 0.03707,
  "\u5e01\u5b89\u4eba\u751fUSDT": 0.06279,
  "BANUSDT": 0.11019,
  "DASHUSDT": 35.46,
  "SEIUSDT": 0.0703,
  "SIRENUSDT": 0.37712,
  "ENSOUSDT": 1.3141,
  "SENTUSDT": 0.02128,
  "JUPUSDT": 0.1917,
  "INJUSDT": 3.145,
  "KAITOUSDT": 0.3606,
  "0GUSDT": 0.6164,
  "BUSDT": 0.2237,
  "1000RATSUSDT": 0.05115,
  "ESPUSDT": 0.1193,
  "PHAUSDT": 0.0479,
  "RENDERUSDT": 1.427,
  "GUAUSDT": 0.26971,
  "FORMUSDT": 0.3207,
  "STABLEUSDT": 0.029052,
  "LDOUSDT": 0.3205,
  "BANANAS31USDT": 0.005191,
  "QUSDT": 0.029451,
  "ROBOUSDT": 0.04439,
  "PENDLEUSDT": 1.3112,
  "SIGNUSDT": 0.03045,
  "ALCHUSDT": 0.07977,
  "ZKUSDT": 0.01906,
  "ZAMAUSDT": 0.01916,
  "MANTRAUSDT": 0.0228,
  "MORPHOUSDT": 1.888,
  "JELLYJELLYUSDT": 0.08562,
  "GIGGLEUSDT": 30.92,
  "SKYAIUSDT": 0.03848,
  "PIEVERSEUSDT": 0.5435,
  "ATUSDT": 0.15632,
  "BIOUSDT": 0.02151,
  "CAKEUSDT": 1.4166,
  "CRCLUSDT": 105.59,
  "GWEIUSDT": 0.041428,
  "SANDUSDT": 0.08734,
  "HOMEUSDT": 0.029181,
  "ZENUSDT": 5.852,
  "BULLAUSDT": 0.02677,
  "ALLOUSDT": 0.11991,
  "SKYUSDT": 0.07555,
  "NIGHTUSDT": 0.06236,
  "GALAUSDT": 0.00366,
  "STRKUSDT": 0.04132,
  "ALGOUSDT": 0.0896,
  "MYXUSDT": 0.329,
  "MSTRUSDT": 146.13,
  "STGUSDT": 0.1756,
  "LYNUSDT": 0.2966,
  "MUSDT": 1.3772,
  "HANAUSDT": 0.03497,
  "EIGENUSDT": 0.1986,
  "AEROUSDT": 0.368,
  "OPNUSDT": 0.5267,
  "BTRUSDT": 0.17977,
  "TSLAUSDT": 404.95,
  "APEUSDT": 0.1052,
  "AZTECUSDT": 0.02358,
  "GPSUSDT": 0.008892,
  "HUMAUSDT": 0.013669,
  "USDCUSDT": 0.999211,
  "SYRUPUSDT": 0.24817,
  "GUNUSDT": 0.02034,
  "TRADOORUSDT": 1.501,
  "ATHUSDT": 0.00661,
  "ZILUSDT": 0.00439,
  "BEAMXUSDT": 0.001963,
  "DUSKUSDT": 0.08846,
  "NEOUSDT": 2.697,
  "1000LUNCUSDT": 0.04542,
  "JTOUSDT": 0.2773,
  "ORDIUSDT": 2.567,
  "XPINUSDT": 0.001375,
  "B2USDT": 0.6993,
  "PYTHUSDT": 0.05101,
  "VETUSDT": 0.007514,
  "METUSDT": 0.1776,
  "XTZUSDT": 0.388,
  "DYDXUSDT": 0.099,
  "UBUSDT": 0.03354,
  "TAUSDT": 0.05017,
  "BEATUSDT": 0.2791,
  "AVNTUSDT": 0.1745,
  "NXPCUSDT": 0.2766,
  "MOVEUSDT": 0.0228,
  "COMPUSDT": 18.2,
  "1000FLOKIUSDT": 0.02981,
  "ROSEUSDT": 0.01224,
  "FOGOUSDT": 0.02308,
  "LAUSDT": 0.2131,
  "PNUTUSDT": 0.04855,
  "CYSUSDT": 0.378,
  "ENSUSDT": 6.344,
  "\u6211\u8e0f\u9a6c\u6765\u4e86USDT": 0.010827,
  "LINEAUSDT": 0.003278,
  "SUSDT": 0.04266,
  "AIXBTUSDT": 0.02998,
  "SPXUSDT": 0.3554,
  "ESPORTSUSDT": 0.29981,
  "COLLECTUSDT": 0.03963,
  "SNXUSDT": 0.332,
  "ZKPUSDT": 0.08905,
  "TRBUSDT": 15.076,
  "KAVAUSDT": 0.0592,
  "LPTUSDT": 2.397,
  "TAGUSDT": 0.0004218,
  "RAVEUSDT": 0.36454,
  "AGLDUSDT": 0.2341,
  "ARUSDT": 1.704,
  "USELESSUSDT": 0.04672,
  "BANKUSDT": 0.04159,
  "GRASSUSDT": 0.2922,
  "ORCAUSDT": 0.901,
  "WETUSDT": 0.1164,
  "AUCTIONUSDT": 4.839,
  "SKRUSDT": 0.022367,
  "4USDT": 0.00954,
  "JASMYUSDT": 0.005861,
  "EULUSDT": 1.156,
  "STXUSDT": 0.2691,
  "PLUMEUSDT": 0.00972,
  "TRIAUSDT": 0.01802,
  "MANAUSDT": 0.1002,
  "WUSDT": 0.01911,
  "CFXUSDT": 0.05117,
  "AGTUSDT": 0.006029,
  "IOTAUSDT": 0.0691,
  "IMXUSDT": 0.1607,
  "DEXEUSDT": 3.585,
  "MOODENGUSDT": 0.05252,
  "DENTUSDT": 0.000257,
  "MEUSDT": 0.1158,
  "JSTUSDT": 0.046017,
  "RESOLVUSDT": 0.05943,
  "COAIUSDT": 0.3267,
  "PEOPLEUSDT": 0.00721,
  "CYBERUSDT": 0.5581,
  "FLOWUSDT": 0.03478,
  "SOMIUSDT": 0.1952,
  "RUNEUSDT": 0.4395,
  "YGGUSDT": 0.03972,
  "GRTUSDT": 0.02679,
  "WCTUSDT": 0.06045,
  "EDUUSDT": 0.1037,
  "NMRUSDT": 7.85,
  "SFPUSDT": 0.2784,
  "PTBUSDT": 0.001187,
  "AWEUSDT": 0.05149,
  "THETAUSDT": 0.1995,
  "KGENUSDT": 0.22134,
  "KASUSDT": 0.03191,
  "MERLUSDT": 0.04191,
  "QNTUSDT": 65.34,
  "SPKUSDT": 0.02002,
  "NEIROUSDT": 7.156e-05,
  "API3USDT": 0.2883,
  "MMTUSDT": 0.1177,
  "LIGHTUSDT": 0.1876,
  "INITUSDT": 0.07905,
  "2ZUSDT": 0.07379,
  "1INCHUSDT": 0.1007,
  "MEMEUSDT": 0.000639,
  "AXLUSDT": 0.05513,
  "LAYERUSDT": 0.0883,
  "NAORISUSDT": 0.0315,
  "ZRXUSDT": 0.1077,
  "COWUSDT": 0.244,
  "CLOUSDT": 0.07145,
  "ARKMUSDT": 0.1115,
  "SPACEUSDT": 0.007466,
  "BIRBUSDT": 0.14839,
  "EGLDUSDT": 4.291,
  "FOLKSUSDT": 1.204,
  "BREVUSDT": 0.1465,
  "USUALUSDT": 0.01611,
  "VANAUSDT": 1.463,
  "IOUSDT": 0.1143,
  "ZORAUSDT": 0.01746,
  "POPCATUSDT": 0.05232,
  "AKEUSDT": 0.0002524,
  "KAIAUSDT": 0.05479,
  "PROVEUSDT": 0.2822,
  "BOMEUSDT": 0.000425,
  "YFIUSDT": 2756.0,
  "TSTUSDT": 0.01007,
  "SWARMSUSDT": 0.007364,
  "STEEMUSDT": 0.05876,
  "TWTUSDT": 0.5063,
  "GMTUSDT": 0.01187,
  "SOPHUSDT": 0.008714,
  "SUSHIUSDT": 0.2103,
  "LRCUSDT": 0.0318,
  "SUNUSDT": 0.015995,
  "TURBOUSDT": 0.0010219,
  "AVAAIUSDT": 0.007916,
  "AUSDT": 0.0798,
  "AIAUSDT": 0.08613,
  "ACTUSDT": 0.01397,
  "HIPPOUSDT": 0.0008258,
  "MEGAUSDT": 0.13752,
  "COOKIEUSDT": 0.02237,
  "LUNA2USDT": 0.06593,
  "ANIMEUSDT": 0.004803,
  "VELVETUSDT": 0.08594,
  "VELODROMEUSDT": 0.01681,
  "OPENUSDT": 0.1459,
  "NILUSDT": 0.05231,
  "MIRAUSDT": 0.0904,
  "OGUSDT": 2.841,
  "MUBARAKUSDT": 0.01472,
  "BATUSDT": 0.1049,
  "CATIUSDT": 0.03992,
  "KNCUSDT": 0.1404,
  "TUTUSDT": 0.01077,
  "GASUSDT": 1.654,
  "BLUAIUSDT": 0.00447,
  "STOUSDT": 0.06006,
  "FHEUSDT": 0.02878,
  "MANTAUSDT": 0.06641,
  "DAMUSDT": 0.03018,
  "BABYUSDT": 0.01155,
  "AIOUSDT": 0.08147,
  "BSVUSDT": 15.55,
  "SUPERUSDT": 0.1196,
  "TNSRUSDT": 0.0457,
  "AKTUSDT": 0.3384,
  "SOONUSDT": 0.1637,
  "ZBTUSDT": 0.07448,
  "MASKUSDT": 0.4663,
  "ALICEUSDT": 0.13,
  "MAGICUSDT": 0.06255,
  "MINAUSDT": 0.05832,
  "RPLUSDT": 1.993,
  "UMAUSDT": 0.4394,
  "FIOUSDT": 0.00977,
  "KSMUSDT": 4.861,
  "KERNELUSDT": 0.07555,
  "FUSDT": 0.005644,
  "XVGUSDT": 0.005685,
  "SAPIENUSDT": 0.08428,
  "KMNOUSDT": 0.02378,
  "ALTUSDT": 0.007435,
  "FIGHTUSDT": 0.00606,
  "BLURUSDT": 0.0201,
  "ASRUSDT": 1.328,
  "NOMUSDT": 0.003586,
  "INUSDT": 0.07222,
  "ONTUSDT": 0.0443,
  "CELOUSDT": 0.08,
  "GMXUSDT": 7.478,
  "ZEREBROUSDT": 0.007437,
  "REDUSDT": 0.1424,
  "ENJUSDT": 0.01946,
  "AINUSDT": 0.03897,
  "ANKRUSDT": 0.004312,
  "IOTXUSDT": 0.00533,
  "YBUSDT": 0.171,
  "STBLUSDT": 0.04081,
  "1000SATSUSDT": 1.16e-05,
  "KOMAUSDT": 0.008149,
  "EDENUSDT": 0.0341,
  "POLYXUSDT": 0.04259,
  "RSRUSDT": 0.001635,
  "XNYUSDT": 0.005775,
  "TRUTHUSDT": 0.009538,
  "WALUSDT": 0.08083,
  "SKLUSDT": 0.00688,
  "GLMUSDT": 0.13288,
  "RAYSOLUSDT": 0.6298,
  "XPTUSDT": 2163.65,
  "NEWTUSDT": 0.06913,
  "TAKEUSDT": 0.01895,
  "DRIFTUSDT": 0.0883,
  "QTUMUSDT": 0.947,
  "ERAUSDT": 0.1436,
  "HOLOUSDT": 0.06057,
  "UAIUSDT": 0.1997,