{
  "BTCUSDT": 68066.0,
  "ETHUSDT": 1973.39,
  "SOLUSDT": 86.83,
  "XRPUSDT": 1.3567,
  "BNBUSDT": 631.5,
  "XAUUSDT": 5174.99,
  "DOGEUSDT": 0.08966,
  "PAXGUSDT": 5186.98,
  "BCHUSDT": 441.87,
  "HYPEUSDT": 31.137,
  "XAGUSDT": 84.72,
  "WLFIUSDT": 0.1039,
  "TRXUSDT": 0.27898,
  "ZECUSDT": 220.21,
  "UNIUSDT": 3.917,
  "SUIUSDT": 0.9056,
  "ASTERUSDT": 0.6967,
  "ADAUSDT": 0.2626,
  "1000PEPEUSDT": 0.0034591,
  "AVAXUSDT": 9.164,
  "LINKUSDT": 8.786,
  "LTCUSDT": 54.71,
  "NEARUSDT": 1.383,
  "PUMPUSDT": 0.001899,
  "ENAUSDT": 0.1114,
  "DOTUSDT": 1.529,
  "AAVEUSDT": 109.8,
  "XPLUSDT": 0.1168,
  "WLDUSDT": 0.3888,
  "FILUSDT": 0.998,
  "1000SHIBUSDT": 0.005463,
  "RIVERUSDT": 19.081,
  "PIPPINUSDT": 0.34701,
  "LITUSDT": 1.272,
  "TRUMPUSDT": 3.373,
  "TAOUSDT": 180.38,
  "ZROUSDT": 1.8476,
  "KITEUSDT": 0.23551,
  "APTUSDT": 1.0049,
  "TONUSDT": 1.2457,
  "HBARUSDT": 0.09795,
  "ATOMUSDT": 1.815,
  "HUSDT": 0.12485,
  "XMRUSDT": 339.77,
  "ARBUSDT": 0.1024,
  "XLMUSDT": 0.15117,
  "ICPUSDT": 2.525,
  "CRVUSDT": 0.252,
  "BERAUSDT": 0.5526,
  "WIFUSDT": 0.2026,
  "MONUSDT": 0.0204,
  "VIRTUALUSDT": 0.7451,
  "FETUSDT": 0.1477,
  "AXSUSDT": 1.197,
  "OPUSDT": 0.1267,
  "FFUSDT": 0.07321,
  "ARCUSDT": 0.03748,
  "SAHARAUSDT": 0.03098,
  "PENGUUSDT": 0.006956,
  "CCUSDT": 0.15738,
  "ETCUSDT": 8.466,
  "VVVUSDT": 5.725,
  "BARDUSDT": 1.081,
  "POLUSDT": 0.10113,
  "BTCDOMUSDT": 5188.1,
  "FARTCOINUSDT": 0.1639,
  "PARTIUSDT": 0.08642,
  "ETHFIUSDT": 0.5137,
  "CHZUSDT": 0.03665,
  "ONDOUSDT": 0.2558,
  "DASHUSDT": 34.2,
  "SIRENUSDT": 0.38814,
  "1000BONKUSDT": 0.005965,
  "TIAUSDT": 0.3296,
  "BANUSDT": 0.10993,
  "IPUSDT": 0.822,
  "SEIUSDT": 0.06768,
  "POWERUSDT": 0.16539,
  "\u5e01\u5b89\u4eba\u751fUSDT": 0.05907,
  "KAITOUSDT": 0.3769,
  "SENTUSDT": 0.02075,
  "FORMUSDT": 0.3356,
  "ENSOUSDT": 1.3001,
  "JUPUSDT": 0.1799,
  "INJUSDT": 2.999,
  "ESPUSDT": 0.11809,
  "BANANAS31USDT": 0.005766,
  "0GUSDT": 0.6056,
  "SKYAIUSDT": 0.04951,
  "STABLEUSDT": 0.029284,
  "LDOUSDT": 0.3031,
  "BUSDT": 0.1964,
  "RENDERUSDT": 1.335,
  "GUAUSDT": 0.24082,
  "ZAMAUSDT": 0.0206,
  "ALCHUSDT": 0.07783,
  "ROBOUSDT": 0.05252,
  "PENDLEUSDT": 1.2564,
  "ZKUSDT": 0.01829,
  "MORPHOUSDT": 1.9614,
  "1000RATSUSDT": 0.04683,
  "JELLYJELLYUSDT": 0.08354,
  "QUSDT": 0.025369,
  "PHAUSDT": 0.03727,
  "GWEIUSDT": 0.043045,
  "BIOUSDT": 0.02145,
  "ATUSDT": 0.15574,
  "HOMEUSDT": 0.029448,
  "PIEVERSEUSDT": 0.5203,
  "SIGNUSDT": 0.02757,
  "ZENUSDT": 5.47,
  "CAKEUSDT": 1.3398,
  "NIGHTUSDT": 0.06029,
  "LYNUSDT": 0.30649,
  "BULLAUSDT": 0.0248,
  "SANDUSDT": 0.08384,
  "GPSUSDT": 0.009607,
  "GIGGLEUSDT": 27.61,
  "GALAUSDT": 0.0035,
  "CRCLUSDT": 98.44,
  "BTRUSDT": 0.19263,
  "ALGOUSDT": 0.0858,
  "STRKUSDT": 0.03976,
  "MUSDT": 1.4172,
  "SKYUSDT": 0.07139,
  "TSLAUSDT": 389.52,
  "HANAUSDT": 0.03406,
  "STGUSDT": 0.1645,
  "USDCUSDT": 0.999421,
  "ALLOUSDT": 0.10136,
  "MSTRUSDT": 132.93,
  "EIGENUSDT": 0.1905,
  "APEUSDT": 0.1001,
  "MYXUSDT": 0.29,
  "DUSKUSDT": 0.08673,
  "TRADOORUSDT": 1.463,
  "AEROUSDT": 0.3455,
  "B2USDT": 0.7287,
  "HUMAUSDT": 0.012844,
  "SYRUPUSDT": 0.22783,
  "JTOUSDT": 0.2721,
  "GUNUSDT": 0.01994,
  "OPNUSDT": 0.4534,
  "XPINUSDT": 0.00137,
  "BEAMXUSDT": 0.001908,
  "ATHUSDT": 0.006123,
  "AZTECUSDT": 0.02052,
  "1000LUNCUSDT": 0.04269,
  "ZILUSDT": 0.00404,
  "PYTHUSDT": 0.0482,
  "NEOUSDT": 2.565,
  "UBUSDT": 0.03287,
  "XTZUSDT": 0.373,
  "ORDIUSDT": 2.482,
  "ROSEUSDT": 0.01223,
  "VETUSDT": 0.007078,
  "METUSDT": 0.1725,
  "AVNTUSDT": 0.1688,
  "FOGOUSDT": 0.02339,
  "COMPUSDT": 17.35,
  "LAUSDT": 0.2062,
  "MOVEUSDT": 0.02185,
  "DYDXUSDT": 0.094,
  "BEATUSDT": 0.2619,
  "NXPCUSDT": 0.269,
  "LINEAUSDT": 0.003123,
  "TAUSDT": 0.0476,
  "\u6211\u8e0f\u9a6c\u6765\u4e86USDT": 0.010661,
  "AIXBTUSDT": 0.02858,
  "ESPORTSUSDT": 0.30434,
  "COLLECTUSDT": 0.04124,
  "PNUTUSDT": 0.04553,
  "GRASSUSDT": 0.2932,
  "SUSDT": 0.04055,
  "ZKPUSDT": 0.08726,
  "SKRUSDT": 0.022989,
  "ENSUSDT": 5.92,
  "TRBUSDT": 14.436,
  "1000FLOKIUSDT": 0.02818,
  "ARUSDT": 1.63,
  "KAVAUSDT": 0.0593,
  "TAGUSDT": 0.0004036,
  "DENTUSDT": 0.000269,
  "SNXUSDT": 0.309,
  "AUCTIONUSDT": 4.679,
  "SPXUSDT": 0.3267,
  "LPTUSDT": 2.276,
  "4USDT": 0.00948,
  "AGLDUSDT": 0.2145,
  "ORCAUSDT": 0.859,
  "EULUSDT": 1.147,
  "RAVEUSDT": 0.32843,
  "JASMYUSDT": 0.005493,
  "MANAUSDT": 0.0958,
  "STXUSDT": 0.2553,
  "PLUMEUSDT": 0.00917,
  "WETUSDT": 0.10999,
  "WUSDT": 0.01843,
  "MEUSDT": 0.1136,
  "TRIAUSDT": 0.01786,
  "MEMEUSDT": 0.0006777,
  "SOMIUSDT": 0.1919,
  "BANKUSDT": 0.0364,
  "DEXEUSDT": 3.55,
  "CYBERUSDT": 0.5348,
  "RESOLVUSDT": 0.05863,
  "JSTUSDT": 0.047969,
  "USELESSUSDT": 0.04367,
  "AGTUSDT": 0.005519,
  "IOTAUSDT": 0.0651,
  "IMXUSDT": 0.1592,
  "GRTUSDT": 0.02585,
  "COAIUSDT": 0.314,
  "CFXUSDT": 0.04787,
  "YGGUSDT": 0.03885,
  "EDUUSDT": 0.1027,
  "WCTUSDT": 0.05835,
  "API3USDT": 0.2779,
  "INITUSDT": 0.08307,
  "CYSUSDT": 0.3189,
  "AWEUSDT": 0.0503,
  "SFPUSDT": 0.2711,
  "MOODENGUSDT": 0.04796,
  "QNTUSDT": 62.18,
  "FLOWUSDT": 0.03502,
  "NMRUSDT": 7.473,
  "LAYERUSDT": 0.085,
  "KGENUSDT": 0.21463,
  "2ZUSDT": 0.07179,
  "MERLUSDT": 0.0403,
  "AXLUSDT": 0.05257,
  "PTBUSDT": 0.001126,
  "RUNEUSDT": 0.407,
  "1INCHUSDT": 0.0949,
  "NEIROUSDT": 6.809e-05,
  "LIGHTUSDT": 0.1822,
  "MMTUSDT": 0.1151,
  "SPKUSDT": 0.01893,
  "KASUSDT": 0.03071,
  "ARKMUSDT": 0.1069,
  "USUALUSDT": 0.0155,
  "THETAUSDT": 0.1905,
  "CLOUSDT": 0.0696,
  "NAORISUSDT": 0.02999,
  "BREVUSDT": 0.1438,
  "BIRBUSDT": 0.14361,
  "AIOUSDT": 0.08532,
  "VANAUSDT": 1.42,
  "ZRXUSDT": 0.1022,
  "EGLDUSDT": 4.197,
  "SUNUSDT": 0.015772,
  "FOLKSUSDT": 1.163,
  "IOUSDT": 0.1125,
  "MUBARAKUSDT": 0.01516,
  "ZORAUSDT": 0.01708,
  "MEGAUSDT": 0.13715,
  "PEOPLEUSDT": 0.00658,
  "MIRAUSDT": 0.0878,
  "SWARMSUSDT": 0.007404,
  "YFIUSDT": 2613.0,
  "KAIAUSDT": 0.05361,
  "KNCUSDT": 0.1389,
  "GMTUSDT": 0.01117,
  "COWUSDT": 0.2204,
  "POPCATUSDT": 0.0478,
  "SPACEUSDT": 0.007147,
  "LRCUSDT": 0.03039,
  "TSTUSDT": 0.00954,
  "AKEUSDT": 0.0002349,
  "AVAAIUSDT": 0.007646,
  "SOPHUSDT": 0.008467,
  "AIAUSDT": 0.08425,
  "TWTUSDT": 0.4844,
  "BOMEUSDT": 0.0003992,
  "AUSDT": 0.0765,
  "VELVETUSDT": 0.08203,
  "PROVEUSDT": 0.2782,
  "ANIMEUSDT": 0.004622,
  "BATUSDT": 0.1034,
  "OPENUSDT": 0.1439,
  "SUSHIUSDT": 0.2032,
  "ACTUSDT": 0.01374,
  "STEEMUSDT": 0.05563,
  "OGUSDT": 2.791,
  "NILUSDT": 0.04948,
  "TURBOUSDT": 0.0009664,
  "STOUSDT": 0.05902,
  "LUNA2USDT": 0.06255,
  "TUTUSDT": 0.01048,
  "GASUSDT": 1.58,
  "AKTUSDT": 0.3483,
  "VELODROMEUSDT": 0.01559,
  "CATIUSDT": 0.03896,
  "HIPPOUSDT": 0.0007365,
  "FIOUSDT": 0.00982,
  "MANTAUSDT": 0.06306,
  "BSVUSDT": 14.76,
  "SUPERUSDT": 0.1156,
  "ALICEUSDT": 0.129,
  "BABYUSDT": 0.01133,
  "SOONUSDT": 0.1607,
  "FHEUSDT": 0.02654,
  "BLUAIUSDT": 0.004128,
  "TNSRUSDT": 0.04391,
  "KSMUSDT": 4.578,
  "MINAUSDT": 0.05615,
  "KMNOUSDT": 0.02416,
  "DAMUSDT": 0.02651,
  "MAGICUSDT": 0.06066,
  "ZBTUSDT": 0.07174,
  "UMAUSDT": 0.4293,
  "KERNELUSDT": 0.07409,
  "ALTUSDT": 0.007154,
  "FUSDT": 0.005481,
  "UAIUSDT": 0.2091,
  "XPTUSDT": 2155.17,
  "XNYUSDT": 0.005567,
  "MASKUSDT": 0.4271,
  "KATUSDT": 0.01689,
  "FIGHTUSDT": 0.006035,
  "XVGUSDT": 0.005451,
  "NOMUSDT": 0.003458,
  "ASRUSDT": 1.297,
  "IOTXUSDT": 0.00505,
  "BLURUSDT": 0.01958,
  "YBUSDT": 0.1659,
  "CELOUSDT": 0.076,
  "ZEREBROUSDT": 0.007384,
  "RPLUSDT": 1.855,
  "INUSDT": 0.0662,
  "AINUSDT": 0.03845,
  "ENJUSDT": 0.01861,
  "NEWTUSDT": 0.06612,
  "ONTUSDT": 0.0419,
  "WALUSDT": 0.07768,
  "ANKRUSDT": 0.00405,
  "COOKIEUSDT": 0.02068,
  "SANTOSUSDT": 1.294,
  "TRUTHUSDT": 0.00932,
  "STBLUSDT": 0.03965,
  "GMXUSDT": 7.181,
  "SAPIENUSDT": 0.0798,
  "ERAUSDT": 0.1396,
  "KOMAUSDT": 0.007768,
  "C98USDT": 0.0258,
  "ZKCUSDT": 0.0812,
  "QTUMUSDT": 0.907,
  "SKLUSDT": 0.0065,
  "REDUSDT": 0.1395,
  "GLMUSDT": 0.12788,
  "RSRUSDT": 0.001539,
  "POLYXUSDT": 0.04124,
  "SAGAUSDT": 0.03229,
  "ACHUSDT": 0.006698,
  "SONICUSDT": 0.04467,