{
  "BTCUSDT": 68278.3,
  "ETHUSDT": 2001.41,
  "SOLUSDT": 86.17,
  "XRPUSDT": 1.3714,
  "BNBUSDT": 636.9,
  "XAUUSDT": 5347.1,
  "DOGEUSDT": 0.0918,
  "HYPEUSDT": 33.234,
  "BCHUSDT": 441.71,
  "PAXGUSDT": 5357.39,
  "XAGUSDT": 89.27,
  "WLFIUSDT": 0.1057,
  "TRXUSDT": 0.28267,
  "ZECUSDT": 221.17,
  "UNIUSDT": 3.883,
  "SUIUSDT": 0.92,
  "ADAUSDT": 0.2717,
  "ASTERUSDT": 0.6989,
  "1000PEPEUSDT": 0.0034896,
  "LINKUSDT": 8.866,
  "AVAXUSDT": 9.137,
  "NEARUSDT": 1.433,
  "LTCUSDT": 54.14,
  "PUMPUSDT": 0.001991,
  "ENAUSDT": 0.1137,
  "AAVEUSDT": 119.48,
  "DOTUSDT": 1.499,
  "PIPPINUSDT": 0.54511,
  "WLDUSDT": 0.4017,
  "XPLUSDT": 0.1089,
  "FILUSDT": 0.99,
  "LITUSDT": 1.357,
  "TRUMPUSDT": 3.464,
  "TAOUSDT": 182.99,
  "1000SHIBUSDT": 0.005423,
  "ZROUSDT": 1.8648,
  "TONUSDT": 1.2452,
  "APTUSDT": 0.982,
  "ATOMUSDT": 1.842,
  "ARCUSDT": 0.05075,
  "RIVERUSDT": 14.593,
  "POWERUSDT": 1.8266,
  "HBARUSDT": 0.09673,
  "HUSDT": 0.12494,
  "XMRUSDT": 338.96,
  "KITEUSDT": 0.20313,
  "XLMUSDT": 0.15271,
  "BERAUSDT": 0.5847,
  "ARBUSDT": 0.1016,
  "WIFUSDT": 0.1993,
  "ICPUSDT": 2.411,
  "VIRTUALUSDT": 0.7655,
  "CRVUSDT": 0.249,
  "MONUSDT": 0.02097,
  "VVVUSDT": 6.825,
  "OPUSDT": 0.1275,
  "FETUSDT": 0.1489,
  "PENGUUSDT": 0.006985,
  "FFUSDT": 0.07452,
  "AXSUSDT": 1.241,
  "SIRENUSDT": 0.40343,
  "CCUSDT": 0.15851,
  "ETCUSDT": 8.58,
  "BARDUSDT": 1.0864,
  "SAHARAUSDT": 0.02919,
  "POLUSDT": 0.10017,
  "BTCDOMUSDT": 5152.0,
  "PARTIUSDT": 0.08881,
  "FARTCOINUSDT": 0.1634,
  "IPUSDT": 0.871,
  "BANUSDT": 0.11739,
  "DASHUSDT": 34.21,
  "CHZUSDT": 0.0352,
  "1000BONKUSDT": 0.005931,
  "ONDOUSDT": 0.2555,
  "ETHFIUSDT": 0.5032,
  "TIAUSDT": 0.3225,
  "ESPUSDT": 0.11833,
  "\u5e01\u5b89\u4eba\u751fUSDT": 0.0613,
  "ENSOUSDT": 1.3392,
  "SENTUSDT": 0.02125,
  "INJUSDT": 3.067,
  "0GUSDT": 0.6246,
  "SEIUSDT": 0.06846,
  "JUPUSDT": 0.1751,
  "STABLEUSDT": 0.030749,
  "KAITOUSDT": 0.3459,
  "SKYAIUSDT": 0.04511,
  "FORMUSDT": 0.2781,
  "ZAMAUSDT": 0.01945,
  "ALCHUSDT": 0.08006,
  "LYNUSDT": 0.33895,
  "PENDLEUSDT": 1.2914,
  "ZKUSDT": 0.01852,
  "LDOUSDT": 0.3035,
  "GUAUSDT": 0.23991,
  "BUSDT": 0.1879,
  "BANANAS31USDT": 0.005022,
  "ROBOUSDT": 0.04886,
  "RENDERUSDT": 1.338,
  "MORPHOUSDT": 1.921,
  "QUSDT": 0.024533,
  "ATUSDT": 0.15947,
  "HOMEUSDT": 0.029613,
  "BIOUSDT": 0.02089,
  "SIGNUSDT": 0.02796,
  "PIEVERSEUSDT": 0.5112,
  "GWEIUSDT": 0.040135,
  "MYXUSDT": 0.372,
  "1000RATSUSDT": 0.04041,
  "NIGHTUSDT": 0.05957,
  "CAKEUSDT": 1.3461,
  "BULLAUSDT": 0.02491,
  "ZENUSDT": 5.564,
  "SANDUSDT": 0.08467,
  "MUSDT": 1.4525,
  "GALAUSDT": 0.0035,
  "GIGGLEUSDT": 26.36,
  "USDCUSDT": 0.999638,
  "STRKUSDT": 0.04049,
  "SKYUSDT": 0.06966,
  "ALGOUSDT": 0.0864,
  "HANAUSDT": 0.03458,
  "JELLYJELLYUSDT": 0.07514,
  "STGUSDT": 0.1658,
  "GPSUSDT": 0.008778,
  "ALLOUSDT": 0.1053,
  "APEUSDT": 0.1023,
  "BTRUSDT": 0.17139,
  "OPNUSDT": 0.5338,
  "GUNUSDT": 0.02848,
  "MSTRUSDT": 135.71,
  "EIGENUSDT": 0.184,
  "TSLAUSDT": 399.58,
  "CRCLUSDT": 94.38,
  "DUSKUSDT": 0.08124,
  "JTOUSDT": 0.2764,
  "TRADOORUSDT": 1.47,
  "AEROUSDT": 0.3413,
  "ATHUSDT": 0.006302,
  "AZTECUSDT": 0.02104,
  "B2USDT": 0.7234,
  "SYRUPUSDT": 0.2337,
  "HUMAUSDT": 0.012975,
  "XPINUSDT": 0.001429,
  "1000LUNCUSDT": 0.04344,
  "ZILUSDT": 0.00426,
  "BEAMXUSDT": 0.001904,
  "UBUSDT": 0.03353,
  "NEOUSDT": 2.619,
  "LAUSDT": 0.2182,
  "ROSEUSDT": 0.01171,
  "ORDIUSDT": 2.462,
  "PYTHUSDT": 0.04835,
  "AVNTUSDT": 0.171,
  "GRASSUSDT": 0.3046,
  "DYDXUSDT": 0.096,
  "VETUSDT": 0.007141,
  "MOVEUSDT": 0.02215,
  "METUSDT": 0.1751,
  "DENTUSDT": 0.00029,
  "BEATUSDT": 0.2742,
  "\u6211\u8e0f\u9a6c\u6765\u4e86USDT": 0.010883,
  "COMPUSDT": 17.32,
  "FOGOUSDT": 0.02374,
  "NXPCUSDT": 0.2735,
  "XTZUSDT": 0.369,
  "RAVEUSDT": 0.36038,
  "LINEAUSDT": 0.003178,
  "4USDT": 0.00998,
  "ESPORTSUSDT": 0.3053,
  "COLLECTUSDT": 0.0381,
  "ZKPUSDT": 0.08773,
  "SUSDT": 0.04032,
  "ARUSDT": 1.626,
  "PNUTUSDT": 0.04526,
  "1000FLOKIUSDT": 0.02776,
  "ENSUSDT": 6.021,
  "TRBUSDT": 14.397,
  "ORCAUSDT": 0.855,
  "SNXUSDT": 0.31,
  "AGLDUSDT": 0.2174,
  "SPXUSDT": 0.3233,
  "SKRUSDT": 0.021285,
  "JASMYUSDT": 0.005659,
  "TRIAUSDT": 0.01947,
  "AUCTIONUSDT": 4.77,
  "EULUSDT": 1.163,
  "AGTUSDT": 0.006113,
  "AIXBTUSDT": 0.0252,
  "LPTUSDT": 2.325,
  "KAVAUSDT": 0.0526,
  "STXUSDT": 0.2583,
  "MEUSDT": 0.1148,
  "TAUSDT": 0.04117,
  "WUSDT": 0.01871,
  "CYBERUSDT": 0.5529,
  "PLUMEUSDT": 0.00936,
  "DEXEUSDT": 3.569,
  "WETUSDT": 0.10637,
  "SOMIUSDT": 0.1864,
  "MANAUSDT": 0.0965,
  "JSTUSDT": 0.047647,
  "RESOLVUSDT": 0.05797,
  "BANKUSDT": 0.03543,
  "IMXUSDT": 0.1606,
  "COAIUSDT": 0.3261,
  "USELESSUSDT": 0.04158,
  "IOTAUSDT": 0.066,
  "LAYERUSDT": 0.0883,
  "EDUUSDT": 0.1046,
  "INITUSDT": 0.08109,
  "CFXUSDT": 0.04819,
  "GRTUSDT": 0.02586,
  "API3USDT": 0.2823,
  "FLOWUSDT": 0.03505,
  "MERLUSDT": 0.04105,
  "WCTUSDT": 0.05923,
  "YGGUSDT": 0.03888,
  "AWEUSDT": 0.05099,
  "KNCUSDT": 0.1422,
  "PTBUSDT": 0.001212,
  "QNTUSDT": 63.7,
  "2ZUSDT": 0.07295,
  "NMRUSDT": 7.498,
  "BIRBUSDT": 0.14681,
  "SFPUSDT": 0.2682,
  "CYSUSDT": 0.3026,
  "CLOUSDT": 0.06973,
  "MOODENGUSDT": 0.04829,
  "AXLUSDT": 0.05418,
  "SPKUSDT": 0.01951,
  "LIGHTUSDT": 0.189,
  "RUNEUSDT": 0.4073,
  "MMTUSDT": 0.1185,
  "EGLDUSDT": 4.241,
  "TAGUSDT": 0.0003447,
  "NEIROUSDT": 6.806e-05,
  "BREVUSDT": 0.1454,
  "THETAUSDT": 0.1955,
  "NAORISUSDT": 0.03054,
  "VANAUSDT": 1.445,
  "SUNUSDT": 0.015831,
  "1INCHUSDT": 0.095,
  "KGENUSDT": 0.19965,
  "FOLKSUSDT": 1.223,
  "ARKMUSDT": 0.1074,
  "ZRXUSDT": 0.104,
  "KASUSDT": 0.03016,
  "MIRAUSDT": 0.089,
  "ALICEUSDT": 0.138,
  "FIOUSDT": 0.01108,
  "MEGAUSDT": 0.13657,
  "ZORAUSDT": 0.01743,
  "SPACEUSDT": 0.007129,
  "SOPHUSDT": 0.008824,
  "STEEMUSDT": 0.05934,
  "IOUSDT": 0.1093,
  "AIAUSDT": 0.08682,
  "KAIAUSDT": 0.05498,
  "ANIMEUSDT": 0.004739,
  "YFIUSDT": 2666.0,
  "NILUSDT": 0.05128,
  "POPCATUSDT": 0.04761,
  "AKEUSDT": 0.0002415,
  "PEOPLEUSDT": 0.00636,
  "AIOUSDT": 0.08449,
  "TSTUSDT": 0.00949,
  "HIPPOUSDT": 0.0007588,
  "COWUSDT": 0.2213,
  "GMTUSDT": 0.01153,
  "LRCUSDT": 0.03072,
  "PROVEUSDT": 0.2956,
  "AVAAIUSDT": 0.007595,
  "BLUAIUSDT": 0.004798,
  "VELVETUSDT": 0.08269,
  "OPENUSDT": 0.1429,
  "OGUSDT": 2.822,
  "LUNA2USDT": 0.06352,
  "SWARMSUSDT": 0.00707,
  "AUSDT": 0.0782,
  "BATUSDT": 0.1027,
  "ACTUSDT": 0.01402,
  "TWTUSDT": 0.4877,
  "STOUSDT": 0.06098,
  "TURBOUSDT": 0.0009678,
  "SUSHIUSDT": 0.2036,
  "BSVUSDT": 15.17,
  "PHAUSDT": 0.02789,
  "BOMEUSDT": 0.0003915,
  "CATIUSDT": 0.03971,
  "TUTUSDT": 0.01053,
  "XPTUSDT": 2294.46,
  "VELODROMEUSDT": 0.01566,
  "GASUSDT": 1.608,
  "BABYUSDT": 0.0117,
  "SOONUSDT": 0.1642,
  "SUPERUSDT": 0.1153,
  "FHEUSDT": 0.02766,
  "KERNELUSDT": 0.07448,
  "MUBARAKUSDT": 0.01401,
  "MANTAUSDT": 0.06221,
  "UAIUSDT": 0.2087,
  "ZBTUSDT": 0.07581,
  "UMAUSDT": 0.4329,
  "TNSRUSDT": 0.04444,
  "FIGHTUSDT": 0.006175,
  "KSMUSDT": 4.656,
  "USUALUSDT": 0.01384,
  "NEWTUSDT": 0.07288,
  "MEMEUSDT": 0.0005779,
  "NOMUSDT": 0.003552,
  "XNYUSDT": 0.005738,
  "MINAUSDT": 0.05646,
  "ALTUSDT": 0.007221,
  "MAGICUSDT": 0.06027,
  "RPLUSDT": 1.88,
  "YBUSDT": 0.1777,
  "TAKEUSDT": 0.02012,
  "MASKUSDT": 0.4331,
  "DAMUSDT": 0.02533,
  "FUSDT": 0.005536,
  "XVGUSDT": 0.005518,
  "KATUSDT": 0.02368,
  "CELOUSDT": 0.077,
  "IOTXUSDT": 0.00479,
  "BLURUSDT": 0.01985,
  "ASRUSDT": 1.295,
  "AINUSDT": 0.04026,
  "SAPIENUSDT": 0.08307,
  "HOLOUSDT": 0.06152,
  "ONTUSDT": 0.0433,
  "ACHUSDT": 0.006758,
  "STBLUSDT": 0.03994,
  "RAYSOLUSDT": 0.6007,
  "SONICUSDT": 0.04508,
  "TRUTHUSDT": 0.009726,
  "INUSDT": 0.06585,
  "ANKRUSDT": 0.004194,
  "ERAUSDT": 0.1421,
  "ENJUSDT": 0.0193,
  "KOMAUSDT": 0.007957,
  "1000SATSUSDT": 1.13e-05,
  "REDUSDT": 0.1523,
  "POLYXUSDT": 0.04215,
  "WALUSDT": 0.07839,
  "KMNOUSDT": 0.02221,
  "TRUUSDT": 0.005286,
  "RSRUSDT": 0.001508,
  "ZKCUSDT": 0.0835,
  "GLMUSDT": 0.13146,
  "QTUMUSDT": 0.918,
  "C98USDT": 0.0261,
  "EDENUSDT": 0.03182,
  "SKLUSDT": 0.00655,
  "GMXUSDT": 7.03,