{
  "BTCUSDT": 64071.6,
  "ETHUSDT": 1851.77,
  "SOLUSDT": 78.0,
  "XRPUSDT": 1.353,
  "BNBUSDT": 591.2,
  "DOGEUSDT": 0.09267,
  "XAGUSDT": 88.21,
  "BCHUSDT": 492.44,
  "PAXGUSDT": 5240.99,
  "HYPEUSDT": 26.382,
  "XAUUSDT": 5228.77,
  "WLFIUSDT": 0.1109,
  "ZECUSDT": 237.07,
  "TRXUSDT": 0.28079,
  "PIPPINUSDT": 0.73343,
  "SUIUSDT": 0.8688,
  "ASTERUSDT": 0.6933,
  "ADAUSDT": 0.2612,
  "AVAXUSDT": 8.303,
  "LINKUSDT": 8.226,
  "LTCUSDT": 51.11,
  "UNIUSDT": 3.323,
  "1000PEPEUSDT": 0.0039776,
  "PUMPUSDT": 0.001814,
  "ENAUSDT": 0.0974,
  "KITEUSDT": 0.23506,
  "ARCUSDT": 0.09321,
  "NEARUSDT": 0.965,
  "AAVEUSDT": 113.63,
  "WLDUSDT": 0.3686,
  "LITUSDT": 1.367,
  "TRUMPUSDT": 3.292,
  "FILUSDT": 0.881,
  "DOTUSDT": 1.255,
  "TAOUSDT": 168.04,
  "XPLUSDT": 0.0864,
  "ATOMUSDT": 2.116,
  "TONUSDT": 1.3457,
  "ZROUSDT": 1.4844,
  "APTUSDT": 0.809,
  "HBARUSDT": 0.09418,
  "XLMUSDT": 0.15047,
  "BERAUSDT": 0.5506,
  "1000SHIBUSDT": 0.005983,
  "ENSOUSDT": 1.9499,
  "ARBUSDT": 0.0919,
  "ICPUSDT": 2.029,
  "AXSUSDT": 1.214,
  "RIVERUSDT": 7.818,
  "OPUSDT": 0.1167,
  "XMRUSDT": 306.02,
  "MONUSDT": 0.01995,
  "CRVUSDT": 0.22,
  "WIFUSDT": 0.2001,
  "FFUSDT": 0.07665,
  "PENGUUSDT": 0.006268,
  "FETUSDT": 0.1524,
  "BARDUSDT": 0.7601,
  "ETCUSDT": 8.289,
  "BANUSDT": 0.13006,
  "SENTUSDT": 0.02563,
  "1000BONKUSDT": 0.005827,
  "PARTIUSDT": 0.10628,
  "POLUSDT": 0.10594,
  "ESPUSDT": 0.10399,
  "HUSDT": 0.13656,
  "IPUSDT": 1.01,
  "FARTCOINUSDT": 0.1483,
  "INJUSDT": 3.339,
  "BTCDOMUSDT": 5114.6,
  "BULLAUSDT": 0.04603,
  "CHZUSDT": 0.03352,
  "DASHUSDT": 31.88,
  "ETHFIUSDT": 0.4428,
  "TIAUSDT": 0.2957,
  "\u5e01\u5b89\u4eba\u751fUSDT": 0.05629,
  "ONDOUSDT": 0.2462,
  "VIRTUALUSDT": 0.5819,
  "SIRENUSDT": 0.29462,
  "ZKUSDT": 0.01949,
  "POWERUSDT": 0.44102,
  "0GUSDT": 0.6136,
  "SEIUSDT": 0.0661,
  "LYNUSDT": 0.31528,
  "JUPUSDT": 0.1439,
  "ZAMAUSDT": 0.02118,
  "STABLEUSDT": 0.028259,
  "CCUSDT": 0.15851,
  "1000RATSUSDT": 0.04932,
  "ALCHUSDT": 0.07582,
  "KAITOUSDT": 0.2868,
  "LDOUSDT": 0.2967,
  "BANANAS31USDT": 0.004762,
  "RENDERUSDT": 1.357,
  "HOMEUSDT": 0.029906,
  "PENDLEUSDT": 1.1736,
  "AZTECUSDT": 0.02648,
  "QUSDT": 0.020674,
  "NIGHTUSDT": 0.05738,
  "DUSKUSDT": 0.07784,
  "BIOUSDT": 0.0248,
  "ATUSDT": 0.16078,
  "MYXUSDT": 0.585,
  "VVVUSDT": 3.812,
  "SKYAIUSDT": 0.03797,
  "OPNUSDT": 0.6062,
  "ZENUSDT": 5.353,
  "STRKUSDT": 0.04014,
  "AGLDUSDT": 0.3017,
  "BTRUSDT": 0.18026,
  "SANDUSDT": 0.078,
  "UBUSDT": 0.03703,
  "LAUSDT": 0.2291,
  "ALGOUSDT": 0.0829,
  "CAKEUSDT": 1.2086,
  "RAVEUSDT": 0.29863,
  "MUSDT": 1.3989,
  "HANAUSDT": 0.03316,
  "TRADOORUSDT": 1.524,
  "MORPHOUSDT": 1.5732,
  "GPSUSDT": 0.01336,
  "PIEVERSEUSDT": 0.4085,
  "JTOUSDT": 0.273,
  "GUNUSDT": 0.02815,
  "USDCUSDT": 0.999561,
  "ZILUSDT": 0.00402,
  "GALAUSDT": 0.00346,
  "APEUSDT": 0.1015,
  "SNXUSDT": 0.389,
  "SKYUSDT": 0.06201,
  "ROSEUSDT": 0.01206,
  "ALLOUSDT": 0.10175,
  "ORCAUSDT": 0.952,
  "TSLAUSDT": 395.47,
  "B2USDT": 0.7385,
  "XPINUSDT": 0.001668,
  "GUAUSDT": 0.16141,
  "GIGGLEUSDT": 24.76,
  "EIGENUSDT": 0.1805,
  "PYTHUSDT": 0.04991,
  "HUMAUSDT": 0.011999,
  "BUSDT": 0.1306,
  "BEAMXUSDT": 0.001942,
  "METUSDT": 0.1867,
  "\u6211\u8e0f\u9a6c\u6765\u4e86USDT": 0.011352,
  "AWEUSDT": 0.05255,
  "MSTRUSDT": 123.89,
  "JELLYJELLYUSDT": 0.06086,
  "SYRUPUSDT": 0.20505,
  "AVNTUSDT": 0.1703,
  "VETUSDT": 0.007204,
  "ESPORTSUSDT": 0.33489,
  "ZKPUSDT": 0.08451,
  "CYSUSDT": 0.3855,
  "XTZUSDT": 0.366,
  "AEROUSDT": 0.2952,
  "ORDIUSDT": 2.317,
  "COLLECTUSDT": 0.04222,
  "DYDXUSDT": 0.088,
  "NXPCUSDT": 0.2615,
  "NEOUSDT": 2.617,
  "FOGOUSDT": 0.02672,
  "MOVEUSDT": 0.02149,
  "CYBERUSDT": 0.5427,
  "FORMUSDT": 0.1914,
  "SUSDT": 0.03895,
  "COMPUSDT": 17.14,
  "MEUSDT": 0.1161,
  "AUCTIONUSDT": 4.79,
  "PNUTUSDT": 0.04364,
  "YGGUSDT": 0.04386,
  "GWEIUSDT": 0.030637,
  "ENSUSDT": 5.998,
  "SOMIUSDT": 0.1915,
  "RESOLVUSDT": 0.06516,
  "STGUSDT": 0.13,
  "1000FLOKIUSDT": 0.02786,
  "TRIAUSDT": 0.01723,
  "1000LUNCUSDT": 0.03445,
  "STXUSDT": 0.2325,
  "NAORISUSDT": 0.03811,
  "INITUSDT": 0.08397,
  "LINEAUSDT": 0.003123,
  "BEATUSDT": 0.203,
  "PLUMEUSDT": 0.00912,
  "AGTUSDT": 0.005626,
  "LPTUSDT": 2.17,
  "VANAUSDT": 1.415,
  "SPACEUSDT": 0.008406,
  "JASMYUSDT": 0.005676,
  "EDUUSDT": 0.1195,
  "TRBUSDT": 14.0,
  "WUSDT": 0.01815,
  "CLOUSDT": 0.08859,
  "MERLUSDT": 0.04577,
  "BANKUSDT": 0.03705,
  "USELESSUSDT": 0.03655,
  "MANAUSDT": 0.0909,
  "OGUSDT": 3.075,
  "TAUSDT": 0.03921,
  "TAGUSDT": 0.0003904,
  "EULUSDT": 0.901,
  "NMRUSDT": 7.62,
  "2ZUSDT": 0.06692,
  "SPXUSDT": 0.2707,
  "ATHUSDT": 0.004951,
  "JSTUSDT": 0.04475,
  "GRTUSDT": 0.02567,
  "ARUSDT": 1.836,
  "UAIUSDT": 0.2229,
  "BIRBUSDT": 0.15137,
  "COWUSDT": 0.2166,
  "WCTUSDT": 0.05732,
  "API3USDT": 0.2806,
  "DEXEUSDT": 2.855,
  "CFXUSDT": 0.04784,
  "MOODENGUSDT": 0.05129,
  "ZORAUSDT": 0.01933,
  "MMTUSDT": 0.1179,
  "IOTAUSDT": 0.0658,
  "1INCHUSDT": 0.0875,
  "IMXUSDT": 0.1538,
  "IDOLUSDT": 0.02516,
  "FLOWUSDT": 0.03522,
  "QNTUSDT": 62.11,
  "FHEUSDT": 0.02961,
  "SPKUSDT": 0.01996,
  "SFPUSDT": 0.259,
  "LUNA2USDT": 0.05855,
  "ZRXUSDT": 0.0996,
  "COAIUSDT": 0.2939,
  "LRCUSDT": 0.03224,
  "LIGHTUSDT": 0.2292,
  "AKEUSDT": 0.0003167,
  "KAIAUSDT": 0.0528,
  "4USDT": 0.00759,
  "ARKMUSDT": 0.1039,
  "THETAUSDT": 0.183,
  "PTBUSDT": 0.001249,
  "IOUSDT": 0.1079,
  "AXLUSDT": 0.05121,
  "RUNEUSDT": 0.384,
  "BREVUSDT": 0.1249,
  "RPLUSDT": 1.988,
  "XPTUSDT": 2165.64,
  "SIGNUSDT": 0.02359,
  "NEIROUSDT": 6.65e-05,
  "SKRUSDT": 0.018345,
  "SAHARAUSDT": 0.01434,
  "YFIUSDT": 2680.0,
  "EGLDUSDT": 4.27,
  "BLUAIUSDT": 0.005148,
  "AIAUSDT": 0.08511,
  "KGENUSDT": 0.1715,
  "BOMEUSDT": 0.0003721,
  "ANIMEUSDT": 0.004667,
  "GMTUSDT": 0.01081,
  "VELVETUSDT": 0.08135,
  "PROVEUSDT": 0.2739,
  "PROMPTUSDT": 0.05054,
  "TWTUSDT": 0.4895,
  "SAPIENUSDT": 0.09426,
  "FIGHTUSDT": 0.006783,
  "XNYUSDT": 0.004827,
  "MAGICUSDT": 0.063,
  "PEOPLEUSDT": 0.00619,
  "TSTUSDT": 0.00953,
  "MINAUSDT": 0.05629,
  "ACTUSDT": 0.01344,
  "AIOUSDT": 0.0751,
  "FOLKSUSDT": 1.153,
  "AUSDT": 0.0775,
  "KASUSDT": 0.02961,
  "AVAAIUSDT": 0.00709,
  "OPENUSDT": 0.1426,
  "NOMUSDT": 0.004621,
  "GASUSDT": 1.479,
  "GRASSUSDT": 0.1696,
  "TNSRUSDT": 0.04615,
  "FLOCKUSDT": 0.06887,
  "BATUSDT": 0.1145,
  "MEGAUSDT": 0.12284,
  "TURBOUSDT": 0.0009598,
  "SOPHUSDT": 0.008639,
  "POPCATUSDT": 0.04609,
  "SUSHIUSDT": 0.1914,
  "BELUSDT": 0.0993,
  "BSVUSDT": 15.08,
  "MANTAUSDT": 0.06235,
  "ZKCUSDT": 0.0828,
  "CATIUSDT": 0.0365,
  "YBUSDT": 0.1496,
  "ACHUSDT": 0.007144,
  "FUSDT": 0.005494,
  "TUTUSDT": 0.00961,
  "ICNTUSDT": 0.3999,
  "ZBTUSDT": 0.06782,
  "KERNELUSDT": 0.07139,
  "SUPERUSDT": 0.1049,
  "STOUSDT": 0.0546,
  "SWARMSUSDT": 0.00636,
  "ARPAUSDT": 0.00965,
  "BABYUSDT": 0.01178,
  "LAYERUSDT": 0.0798,
  "VELODROMEUSDT": 0.01369,
  "MASKUSDT": 0.4046,
  "GLMUSDT": 0.15345,
  "BLURUSDT": 0.0191,
  "XVGUSDT": 0.005776,
  "NILUSDT": 0.0468,
  "ASRUSDT": 1.354,
  "KSMUSDT": 4.55,
  "TRUTHUSDT": 0.0099,
  "C98USDT": 0.0253,
  "TAKEUSDT": 0.0224,
  "SOONUSDT": 0.1574,
  "CVXUSDT": 1.742,
  "CTSIUSDT": 0.0246,
  "DAMUSDT": 0.02079,
  "SANTOSUSDT": 1.617,
  "ONTUSDT": 0.0397,
  "MUBARAKUSDT": 0.01382,
  "AIXBTUSDT": 0.01816,
  "DRIFTUSDT": 0.0797,
  "AINUSDT": 0.03615,
  "SOLVUSDT": 0.00414,
  "INUSDT": 0.06658,
  "ALTUSDT": 0.0073,
  "MEMEUSDT": 0.0006377,
  "ANKRUSDT": 0.004152,
  "RAREUSDT": 0.0176,
  "EDENUSDT": 0.03094,
  "RAYSOLUSDT": 0.5683,
  "FRAXUSDT": 0.6023,
  "CELOUSDT": 0.073,
  "SUNUSDT": 0.016512,
  "WETUSDT": 0.0816,
  "THEUSDT": 0.2383,
  "SONICUSDT": 0.04217,
  "CRCLUSDT": 60.28,
  "ERAUSDT": 0.1434,
  "STORJUSDT": 0.0874,
  "MELANIAUSDT": 0.1072,
  "COTIUSDT": 0.01148,
  "AKTUSDT": 0.2994,
  "PROMUSDT": 1.248,
  "DEGOUSDT": 0.3165,
  "BASUSDT": 0.005542,
  "UMAUSDT": 0.4314,
  "IDUSDT": 0.04289,
  "ARIAUSDT": 0.07084,
  "KOMAUSDT": 0.00705,
  "SPORTFUNUSDT": 0.047,
  "HYPERUSDT": 0.0899,
  "POLYXUSDT": 0.04049,
  "WALUSDT": 0.0725,