{
  "BTCUSDT": 72487.8,
  "ETHUSDT": 2119.8,
  "SOLUSDT": 90.89,
  "XRPUSDT": 1.4266,
  "BNBUSDT": 657.08,
  "DOGEUSDT": 0.09527,
  "XAUUSDT": 5119.0,
  "BCHUSDT": 459.59,
  "PAXGUSDT": 5128.48,
  "HYPEUSDT": 31.297,
  "XAGUSDT": 82.78,
  "WLFIUSDT": 0.1042,
  "ZECUSDT": 232.08,
  "UNIUSDT": 4.043,
  "SUIUSDT": 0.9626,
  "TRXUSDT": 0.28268,
  "ASTERUSDT": 0.7353,
  "ADAUSDT": 0.2747,
  "AVAXUSDT": 9.438,
  "LINKUSDT": 9.38,
  "1000PEPEUSDT": 0.0035144,
  "LTCUSDT": 56.04,
  "PUMPUSDT": 0.002064,
  "ENAUSDT": 0.1158,
  "NEARUSDT": 1.285,
  "AAVEUSDT": 117.77,
  "WLDUSDT": 0.4131,
  "DOTUSDT": 1.523,
  "XPLUSDT": 0.1213,
  "FILUSDT": 1.03,
  "KITEUSDT": 0.26716,
  "TAOUSDT": 192.99,
  "1000SHIBUSDT": 0.005624,
  "TRUMPUSDT": 3.333,
  "LITUSDT": 1.316,
  "ZROUSDT": 1.9237,
  "HUSDT": 0.14098,
  "PIPPINUSDT": 0.35624,
  "APTUSDT": 1.0042,
  "TONUSDT": 1.3853,
  "BARDUSDT": 1.4549,
  "ATOMUSDT": 1.875,
  "HBARUSDT": 0.10021,
  "XMRUSDT": 369.84,
  "RIVERUSDT": 15.266,
  "ARBUSDT": 0.1043,
  "XLMUSDT": 0.15904,
  "WIFUSDT": 0.2155,
  "ICPUSDT": 2.548,
  "BERAUSDT": 0.5446,
  "MONUSDT": 0.02266,
  "CRVUSDT": 0.254,
  "SIRENUSDT": 0.49055,
  "FFUSDT": 0.0734,
  "PENGUUSDT": 0.007309,
  "AXSUSDT": 1.196,
  "FETUSDT": 0.1551,
  "VIRTUALUSDT": 0.7405,
  "OPUSDT": 0.1281,
  "CCUSDT": 0.15344,
  "VVVUSDT": 6.728,
  "ARCUSDT": 0.03726,
  "ETCUSDT": 8.778,
  "POLUSDT": 0.10309,
  "POWERUSDT": 0.14591,
  "ETHFIUSDT": 0.5558,
  "BTCDOMUSDT": 5229.7,
  "FARTCOINUSDT": 0.1775,
  "1000BONKUSDT": 0.006192,
  "IPUSDT": 0.855,
  "ONDOUSDT": 0.268,
  "PARTIUSDT": 0.08736,
  "TIAUSDT": 0.3409,
  "SEIUSDT": 0.06855,
  "CHZUSDT": 0.03823,
  "\u5e01\u5b89\u4eba\u751fUSDT": 0.06144,
  "ENSOUSDT": 1.3689,
  "SAHARAUSDT": 0.02681,
  "JUPUSDT": 0.1934,
  "BANUSDT": 0.10329,
  "DASHUSDT": 34.85,
  "SENTUSDT": 0.02129,
  "BUSDT": 0.2365,
  "INJUSDT": 3.081,
  "ESPUSDT": 0.1236,
  "PHAUSDT": 0.04733,
  "0GUSDT": 0.6111,
  "SIGNUSDT": 0.03244,
  "KAITOUSDT": 0.3547,
  "LDOUSDT": 0.3159,
  "STABLEUSDT": 0.028461,
  "GUAUSDT": 0.27084,
  "ROBOUSDT": 0.04087,
  "FORMUSDT": 0.3315,
  "RENDERUSDT": 1.398,
  "BANANAS31USDT": 0.005203,
  "GWEIUSDT": 0.04992,
  "1000RATSUSDT": 0.05009,
  "ZAMAUSDT": 0.01932,
  "ALCHUSDT": 0.07964,
  "PENDLEUSDT": 1.3104,
  "ZKUSDT": 0.01924,
  "JELLYJELLYUSDT": 0.09117,
  "MANTRAUSDT": 0.02053,
  "OPNUSDT": 0.432,
  "MORPHOUSDT": 1.9508,
  "HUMAUSDT": 0.016627,
  "SKYAIUSDT": 0.0411,
  "CRCLUSDT": 104.16,
  "PIEVERSEUSDT": 0.5455,
  "ATUSDT": 0.15583,
  "GIGGLEUSDT": 29.48,
  "SKYUSDT": 0.0781,
  "SANDUSDT": 0.08589,
  "ZENUSDT": 5.865,
  "BIOUSDT": 0.02101,
  "CAKEUSDT": 1.3985,
  "HOMEUSDT": 0.028289,
  "ALLOUSDT": 0.11896,
  "BULLAUSDT": 0.02595,
  "ORCAUSDT": 1.051,
  "GALAUSDT": 0.00357,
  "STRKUSDT": 0.04112,
  "NIGHTUSDT": 0.06124,
  "MSTRUSDT": 146.01,
  "ALGOUSDT": 0.0885,
  "LYNUSDT": 0.31677,
  "MUSDT": 1.4271,
  "STGUSDT": 0.1707,
  "HANAUSDT": 0.03475,
  "EIGENUSDT": 0.1976,
  "MYXUSDT": 0.2963,
  "TRADOORUSDT": 1.607,
  "TSLAUSDT": 401.96,
  "BTRUSDT": 0.18093,
  "APEUSDT": 0.1023,
  "AEROUSDT": 0.3637,
  "USDCUSDT": 0.999357,
  "GPSUSDT": 0.008516,
  "GUNUSDT": 0.02025,
  "ATHUSDT": 0.006741,
  "SYRUPUSDT": 0.24125,
  "JTOUSDT": 0.2773,
  "XPINUSDT": 0.00141,
  "BEAMXUSDT": 0.001953,
  "DUSKUSDT": 0.08814,
  "UBUSDT": 0.03705,
  "B2USDT": 0.7017,
  "ZILUSDT": 0.00429,
  "NEOUSDT": 2.623,
  "AZTECUSDT": 0.02202,
  "CYSUSDT": 0.4189,
  "ORDIUSDT": 2.538,
  "QUSDT": 0.012919,
  "XTZUSDT": 0.389,
  "PYTHUSDT": 0.0504,
  "1000LUNCUSDT": 0.04343,
  "DYDXUSDT": 0.096,
  "METUSDT": 0.1743,
  "VETUSDT": 0.007415,
  "NXPCUSDT": 0.2822,
  "AVNTUSDT": 0.1717,
  "MOVEUSDT": 0.02273,
  "BEATUSDT": 0.2759,
  "AGLDUSDT": 0.2539,
  "PNUTUSDT": 0.04842,
  "FOGOUSDT": 0.02245,
  "LAUSDT": 0.2147,
  "1000FLOKIUSDT": 0.02924,
  "ROSEUSDT": 0.01225,
  "COMPUSDT": 18.08,
  "TAGUSDT": 0.0004612,
  "SUSDT": 0.04225,
  "COLLECTUSDT": 0.0374,
  "LINEAUSDT": 0.003275,
  "ESPORTSUSDT": 0.30618,
  "\u6211\u8e0f\u9a6c\u6765\u4e86USDT": 0.010273,
  "ENSUSDT": 6.27,
  "AGTUSDT": 0.006875,
  "TRBUSDT": 15.073,
  "SPXUSDT": 0.3562,
  "ZKPUSDT": 0.09087,
  "AIXBTUSDT": 0.02917,
  "RESOLVUSDT": 0.0671,
  "SNXUSDT": 0.332,
  "TAUSDT": 0.03858,
  "KAVAUSDT": 0.06,
  "ARUSDT": 1.703,
  "LPTUSDT": 2.364,
  "SKRUSDT": 0.024121,
  "STXUSDT": 0.2686,
  "USELESSUSDT": 0.04681,
  "RAVEUSDT": 0.3579,
  "AUCTIONUSDT": 4.806,
  "GRASSUSDT": 0.288,
  "PLUMEUSDT": 0.00993,
  "BANKUSDT": 0.04052,
  "EULUSDT": 1.123,
  "JASMYUSDT": 0.005714,
  "WUSDT": 0.01892,
  "CFXUSDT": 0.05013,
  "DEXEUSDT": 3.589,
  "4USDT": 0.009049,
  "TRIAUSDT": 0.01797,
  "JSTUSDT": 0.048228,
  "IMXUSDT": 0.1589,
  "MANAUSDT": 0.0988,
  "KGENUSDT": 0.2385,
  "IOTAUSDT": 0.0672,
  "FLOWUSDT": 0.03485,
  "MEUSDT": 0.1176,
  "COAIUSDT": 0.3228,
  "SOMIUSDT": 0.2009,
  "MOODENGUSDT": 0.05117,
  "YGGUSDT": 0.04074,
  "WETUSDT": 0.10798,
  "CYBERUSDT": 0.556,
  "EDUUSDT": 0.1041,
  "GRTUSDT": 0.02669,
  "PEOPLEUSDT": 0.00728,
  "NMRUSDT": 7.965,
  "WCTUSDT": 0.06051,
  "COWUSDT": 0.2535,
  "RUNEUSDT": 0.4382,
  "BREVUSDT": 0.1517,
  "DENTUSDT": 0.000232,
  "INITUSDT": 0.07884,
  "THETAUSDT": 0.1975,
  "AWEUSDT": 0.05079,
  "SFPUSDT": 0.2758,
  "PTBUSDT": 0.001167,
  "SPKUSDT": 0.01995,
  "QNTUSDT": 66.29,
  "LIGHTUSDT": 0.18,
  "EGLDUSDT": 4.249,
  "VELVETUSDT": 0.10016,
  "2ZUSDT": 0.07363,
  "API3USDT": 0.2865,
  "MMTUSDT": 0.1181,
  "MERLUSDT": 0.04056,
  "DAMUSDT": 0.03471,
  "1INCHUSDT": 0.0987,
  "NEIROUSDT": 7.053e-05,
  "NAORISUSDT": 0.03201,
  "LAYERUSDT": 0.08714,
  "ARKMUSDT": 0.1093,
  "ZRXUSDT": 0.1089,
  "CLOUSDT": 0.0706,
  "BIRBUSDT": 0.14947,
  "FOLKSUSDT": 1.256,
  "AIOTUSDT": 0.02877,
  "AKEUSDT": 0.0002587,
  "HOLOUSDT": 0.06684,
  "AXLUSDT": 0.05432,
  "SPACEUSDT": 0.007218,
  "VANAUSDT": 1.445,
  "KASUSDT": 0.03119,
  "MEMEUSDT": 0.0006343,
  "ZORAUSDT": 0.01733,
  "IOUSDT": 0.1121,
  "AVAAIUSDT": 0.008151,
  "TWTUSDT": 0.5083,
  "SWARMSUSDT": 0.007371,
  "PROVEUSDT": 0.2775,
  "KAIAUSDT": 0.05448,
  "YFIUSDT": 2679.0,
  "LRCUSDT": 0.03185,
  "BOMEUSDT": 0.0004185,
  "POPCATUSDT": 0.05175,
  "USUALUSDT": 0.0155,
  "TSTUSDT": 0.00986,
  "AUSDT": 0.0787,
  "SOPHUSDT": 0.008673,
  "SUSHIUSDT": 0.2094,
  "SUNUSDT": 0.015884,
  "VELODROMEUSDT": 0.01734,
  "ACTUSDT": 0.01382,
  "TURBOUSDT": 0.0010083,
  "STOUSDT": 0.06133,
  "OPENUSDT": 0.1489,
  "GMTUSDT": 0.01176,
  "NILUSDT": 0.05281,
  "FHEUSDT": 0.03013,
  "AIAUSDT": 0.0825,
  "LUNA2USDT": 0.0661,
  "BLUAIUSDT": 0.004668,
  "BATUSDT": 0.1041,
  "STEEMUSDT": 0.05751,
  "CATIUSDT": 0.03993,
  "ANIMEUSDT": 0.004739,
  "SUPERUSDT": 0.1216,
  "EDENUSDT": 0.03593,
  "MIRAUSDT": 0.08936,
  "BABYUSDT": 0.01166,
  "AKTUSDT": 0.345,
  "KERNELUSDT": 0.08188,
  "MEGAUSDT": 0.13128,
  "TNSRUSDT": 0.04607,
  "SOONUSDT": 0.1688,
  "GASUSDT": 1.622,
  "OGUSDT": 2.807,
  "TUTUSDT": 0.01055,
  "MANTAUSDT": 0.0655,
  "HIPPOUSDT": 0.0007876,
  "AIOUSDT": 0.08073,
  "BSVUSDT": 15.13,
  "ZBTUSDT": 0.07419,
  "MUBARAKUSDT": 0.01463,
  "RPLUSDT": 1.984,
  "COINUSDT": 208.84,
  "MASKUSDT": 0.4549,
  "MAGICUSDT": 0.06311,
  "KNCUSDT": 0.1343,
  "IRYSUSDT": 0.0191,
  "IOTXUSDT": 0.00549,
  "ALICEUSDT": 0.128,
  "COOKIEUSDT": 0.02132,
  "MINAUSDT": 0.05726,
  "AINUSDT": 0.04121,
  "SAPIENUSDT": 0.08291,
  "ASRUSDT": 1.341,
  "ALTUSDT": 0.007396,
  "XVGUSDT": 0.005501,
  "KSMUSDT": 4.839,
  "FIOUSDT": 0.00876,
  "FUSDT": 0.005556,
  "UMAUSDT": 0.4316,
  "XPTUSDT": 2158.32,
  "FIGHTUSDT": 0.005695,
  "BLURUSDT": 0.01974,
  "ZEREBROUSDT": 0.007275,
  "KMNOUSDT": 0.02375,
  "INUSDT": 0.06914,
  "SKLUSDT": 0.00664,
  "ENJUSDT": 0.01919,
  "UAIUSDT": 0.2143,
  "RAYSOLUSDT": 0.6216,
  "1000SATSUSDT": 1.17e-05,
  "KATUSDT": 0.01563,
  "CELOUSDT": 0.079,
  "TRUTHUSDT": 0.009574,
  "NOMUSDT": 0.003594,
  "GLMUSDT": 0.13302,
  "ANKRUSDT": 0.004248,
  "ONTUSDT": 0.0434,
  "YBUSDT": 0.1701,
  "REDUSDT": 0.1398,
  "GMXUSDT": 7.343,
  "TAKEUSDT": 0.01943,
  "XNYUSDT": 0.006121,
  "KOMAUSDT": 0.008089,
  "ACHUSDT": 0.007272,
  "ERAUSDT": 0.1468,
  "POLYXUSDT": 0.04186,
  "SOLVUSDT": 0.003929,