{
  "BTCUSDT": 69276.8,
  "ETHUSDT": 2006.41,
  "SOLUSDT": 87.21,
  "XRPUSDT": 1.3729,
  "BNBUSDT": 640.71,
  "DOGEUSDT": 0.08994,
  "XAUUSDT": 5153.4,
  "PAXGUSDT": 5166.01,
  "BCHUSDT": 451.98,
  "HYPEUSDT": 32.075,
  "XAGUSDT": 84.75,
  "WLFIUSDT": 0.1046,
  "TRXUSDT": 0.28303,
  "ZECUSDT": 219.5,
  "UNIUSDT": 3.943,
  "SUIUSDT": 0.9173,
  "ADAUSDT": 0.2645,
  "ASTERUSDT": 0.6998,
  "1000PEPEUSDT": 0.0034711,
  "AVAXUSDT": 9.192,
  "LINKUSDT": 8.927,
  "LTCUSDT": 55.29,
  "NEARUSDT": 1.364,
  "PUMPUSDT": 0.001942,
  "ENAUSDT": 0.1124,
  "AAVEUSDT": 112.75,
  "DOTUSDT": 1.528,
  "WLDUSDT": 0.3947,
  "XPLUSDT": 0.1123,
  "FILUSDT": 1.008,
  "RIVERUSDT": 18.955,
  "1000SHIBUSDT": 0.005486,
  "LITUSDT": 1.297,
  "TAOUSDT": 186.75,
  "TRUMPUSDT": 3.346,
  "PIPPINUSDT": 0.33003,
  "ZROUSDT": 1.8589,
  "KITEUSDT": 0.22326,
  "TONUSDT": 1.2805,
  "APTUSDT": 0.9981,
  "HBARUSDT": 0.09923,
  "ATOMUSDT": 1.856,
  "HUSDT": 0.12499,
  "XMRUSDT": 344.09,
  "XLMUSDT": 0.1521,
  "ARBUSDT": 0.103,
  "ICPUSDT": 2.54,
  "CRVUSDT": 0.255,
  "WIFUSDT": 0.2046,
  "BERAUSDT": 0.5409,
  "MONUSDT": 0.0211,
  "VIRTUALUSDT": 0.7392,
  "FETUSDT": 0.1495,
  "AXSUSDT": 1.185,
  "OPUSDT": 0.127,
  "FFUSDT": 0.07275,
  "PENGUUSDT": 0.006992,
  "VVVUSDT": 6.168,
  "ETCUSDT": 8.469,
  "BARDUSDT": 1.0749,
  "CCUSDT": 0.15153,
  "ARCUSDT": 0.0356,
  "POLUSDT": 0.10256,
  "BTCDOMUSDT": 5207.2,
  "SAHARAUSDT": 0.02766,
  "FORMUSDT": 0.3633,
  "ETHFIUSDT": 0.531,
  "POWERUSDT": 0.18809,
  "ONDOUSDT": 0.26,
  "SIRENUSDT": 0.41098,
  "FARTCOINUSDT": 0.1668,
  "DASHUSDT": 34.42,
  "PARTIUSDT": 0.08324,
  "TIAUSDT": 0.3348,
  "IPUSDT": 0.835,
  "1000BONKUSDT": 0.005972,
  "CHZUSDT": 0.0362,
  "BANANAS31USDT": 0.006068,
  "SEIUSDT": 0.0675,
  "\u5e01\u5b89\u4eba\u751fUSDT": 0.05988,
  "BANUSDT": 0.10389,
  "SENTUSDT": 0.02085,
  "ENSOUSDT": 1.2896,
  "JUPUSDT": 0.1824,
  "INJUSDT": 3.042,
  "ESPUSDT": 0.11897,
  "0GUSDT": 0.6102,
  "KAITOUSDT": 0.364,
  "STABLEUSDT": 0.030138,
  "SKYAIUSDT": 0.04868,
  "BUSDT": 0.2157,
  "1000RATSUSDT": 0.05127,
  "LDOUSDT": 0.3071,
  "RENDERUSDT": 1.363,
  "GUAUSDT": 0.24491,
  "PENDLEUSDT": 1.2773,
  "ALCHUSDT": 0.07805,
  "ZKUSDT": 0.0185,
  "ZAMAUSDT": 0.02007,
  "MORPHOUSDT": 1.9458,
  "CRCLUSDT": 104.35,
  "QUSDT": 0.025022,
  "GWEIUSDT": 0.043515,
  "JELLYJELLYUSDT": 0.08229,
  "SIGNUSDT": 0.02945,
  "BIOUSDT": 0.0214,
  "ATUSDT": 0.15599,
  "ROBOUSDT": 0.04765,
  "GIGGLEUSDT": 29.68,
  "PHAUSDT": 0.03885,
  "HOMEUSDT": 0.029077,
  "PIEVERSEUSDT": 0.5128,
  "ZENUSDT": 5.642,
  "CAKEUSDT": 1.3607,
  "SANDUSDT": 0.08453,
  "NIGHTUSDT": 0.06034,
  "LYNUSDT": 0.3039,
  "BULLAUSDT": 0.02503,
  "GALAUSDT": 0.00355,
  "STRKUSDT": 0.04023,
  "SKYUSDT": 0.0716,
  "TSLAUSDT": 390.6,
  "MUSDT": 1.4093,
  "BTRUSDT": 0.18586,
  "HANAUSDT": 0.03487,
  "ALGOUSDT": 0.0864,
  "STGUSDT": 0.1647,
  "GPSUSDT": 0.009432,
  "ALLOUSDT": 0.10477,
  "MSTRUSDT": 135.42,
  "EIGENUSDT": 0.1905,
  "MYXUSDT": 0.294,
  "APEUSDT": 0.1013,
  "USDCUSDT": 0.999421,
  "DUSKUSDT": 0.08949,
  "AEROUSDT": 0.3549,
  "OPNUSDT": 0.4747,
  "GUNUSDT": 0.02083,
  "TRADOORUSDT": 1.462,
  "SYRUPUSDT": 0.23161,
  "AZTECUSDT": 0.02151,
  "HUMAUSDT": 0.012758,
  "XPINUSDT": 0.001383,
  "BEAMXUSDT": 0.001917,
  "B2USDT": 0.7054,
  "JTOUSDT": 0.2697,
  "ATHUSDT": 0.00601,
  "UBUSDT": 0.03399,
  "PYTHUSDT": 0.04892,
  "1000LUNCUSDT": 0.04251,
  "ZILUSDT": 0.00405,
  "NEOUSDT": 2.543,
  "ORDIUSDT": 2.491,
  "XTZUSDT": 0.373,
  "TAUSDT": 0.04821,
  "ROSEUSDT": 0.01208,
  "METUSDT": 0.1714,
  "VETUSDT": 0.007148,
  "BEATUSDT": 0.2708,
  "DYDXUSDT": 0.095,
  "AVNTUSDT": 0.1697,
  "LAUSDT": 0.2107,
  "AIXBTUSDT": 0.02938,
  "MOVEUSDT": 0.02197,
  "COMPUSDT": 17.62,
  "NXPCUSDT": 0.2701,
  "LINEAUSDT": 0.003168,
  "\u6211\u8e0f\u9a6c\u6765\u4e86USDT": 0.010785,
  "FOGOUSDT": 0.02312,
  "ESPORTSUSDT": 0.30905,
  "COLLECTUSDT": 0.04199,
  "PNUTUSDT": 0.04621,
  "SUSDT": 0.0418,
  "SPXUSDT": 0.339,
  "KAVAUSDT": 0.0582,
  "ENSUSDT": 5.975,
  "TAGUSDT": 0.0004172,
  "GRASSUSDT": 0.2879,
  "1000FLOKIUSDT": 0.02826,
  "ZKPUSDT": 0.0867,
  "SNXUSDT": 0.321,
  "SKRUSDT": 0.022177,
  "TRBUSDT": 14.571,
  "4USDT": 0.00975,
  "AUCTIONUSDT": 4.697,
  "ARUSDT": 1.647,
  "LPTUSDT": 2.287,
  "AGLDUSDT": 0.2168,
  "WETUSDT": 0.11552,
  "ORCAUSDT": 0.862,
  "EULUSDT": 1.14,
  "DENTUSDT": 0.000263,
  "PLUMEUSDT": 0.00941,
  "SOMIUSDT": 0.1981,
  "JASMYUSDT": 0.005526,
  "STXUSDT": 0.2578,
  "RAVEUSDT": 0.32728,
  "JSTUSDT": 0.048856,
  "WUSDT": 0.01856,
  "MEUSDT": 0.1132,
  "MANAUSDT": 0.0961,
  "USELESSUSDT": 0.04503,
  "TRIAUSDT": 0.0175,
  "AGTUSDT": 0.005741,
  "BANKUSDT": 0.03607,
  "CYBERUSDT": 0.5346,
  "DEXEUSDT": 3.53,
  "RESOLVUSDT": 0.05899,
  "IOTAUSDT": 0.0659,
  "GRTUSDT": 0.02602,
  "CFXUSDT": 0.04841,
  "COAIUSDT": 0.3167,
  "CYSUSDT": 0.3337,
  "IMXUSDT": 0.1592,
  "MEMEUSDT": 0.000627,
  "WCTUSDT": 0.05895,
  "YGGUSDT": 0.03888,
  "EDUUSDT": 0.1029,
  "API3USDT": 0.2803,
  "MOODENGUSDT": 0.04854,
  "AWEUSDT": 0.05075,
  "PTBUSDT": 0.001172,
  "SFPUSDT": 0.2736,
  "MERLUSDT": 0.04118,
  "QNTUSDT": 62.69,
  "NMRUSDT": 7.536,
  "FLOWUSDT": 0.03422,
  "SPKUSDT": 0.01965,
  "LAYERUSDT": 0.0853,
  "LIGHTUSDT": 0.1864,
  "RUNEUSDT": 0.4143,
  "2ZUSDT": 0.07143,
  "KGENUSDT": 0.21069,
  "1INCHUSDT": 0.095,
  "INITUSDT": 0.08159,
  "MMTUSDT": 0.1148,
  "AXLUSDT": 0.05278,
  "CLOUSDT": 0.07132,
  "KASUSDT": 0.03093,
  "NEIROUSDT": 6.885e-05,
  "ARKMUSDT": 0.1083,
  "PEOPLEUSDT": 0.00675,
  "MUBARAKUSDT": 0.0157,
  "NAORISUSDT": 0.0303,
  "THETAUSDT": 0.1914,
  "BREVUSDT": 0.1414,
  "EGLDUSDT": 4.137,
  "VANAUSDT": 1.425,
  "USUALUSDT": 0.01551,
  "ZRXUSDT": 0.102,
  "FOLKSUSDT": 1.18,
  "IOUSDT": 0.1131,
  "SUNUSDT": 0.015926,
  "BIRBUSDT": 0.14011,
  "ZORAUSDT": 0.0171,
  "SWARMSUSDT": 0.007621,
  "SPACEUSDT": 0.007264,
  "TSTUSDT": 0.0099,
  "COWUSDT": 0.2257,
  "KAIAUSDT": 0.05373,
  "GMTUSDT": 0.01121,
  "AKEUSDT": 0.0002409,
  "POPCATUSDT": 0.04829,
  "YFIUSDT": 2631.0,
  "MEGAUSDT": 0.1338,
  "LRCUSDT": 0.03064,
  "SOPHUSDT": 0.008392,
  "AVAAIUSDT": 0.007752,
  "AIAUSDT": 0.08466,
  "MIRAUSDT": 0.0901,
  "KNCUSDT": 0.1436,
  "AUSDT": 0.0771,
  "TWTUSDT": 0.4966,
  "BOMEUSDT": 0.0004008,
  "PROVEUSDT": 0.2753,
  "ANIMEUSDT": 0.004648,
  "ACTUSDT": 0.01386,
  "SUSHIUSDT": 0.2051,
  "VELVETUSDT": 0.08229,
  "TURBOUSDT": 0.0009711,
  "LUNA2USDT": 0.06312,
  "OGUSDT": 2.803,
  "STEEMUSDT": 0.05547,
  "OPENUSDT": 0.1436,
  "BATUSDT": 0.1037,
  "NILUSDT": 0.05014,
  "STOUSDT": 0.05896,
  "MANTAUSDT": 0.06513,
  "AKTUSDT": 0.338,
  "CATIUSDT": 0.03932,
  "VELODROMEUSDT": 0.01575,
  "GASUSDT": 1.579,
  "TUTUSDT": 0.01064,
  "ALICEUSDT": 0.131,
  "BLUAIUSDT": 0.004292,
  "AIOUSDT": 0.07679,
  "BSVUSDT": 14.82,
  "FHEUSDT": 0.02704,
  "FIOUSDT": 0.00989,
  "BABYUSDT": 0.01144,
  "SUPERUSDT": 0.1158,
  "HIPPOUSDT": 0.0007184,
  "DAMUSDT": 0.02782,
  "SOONUSDT": 0.1593,
  "TNSRUSDT": 0.04485,
  "KSMUSDT": 4.598,
  "MAGICUSDT": 0.06117,
  "KMNOUSDT": 0.02419,
  "XNYUSDT": 0.006003,
  "MINAUSDT": 0.05646,
  "ZBTUSDT": 0.07181,
  "UMAUSDT": 0.4326,
  "KERNELUSDT": 0.07498,
  "FUSDT": 0.005456,
  "FIGHTUSDT": 0.006062,
  "MASKUSDT": 0.4291,
  "ASRUSDT": 1.309,
  "XVGUSDT": 0.005445,
  "BLURUSDT": 0.01954,
  "NOMUSDT": 0.003508,
  "RPLUSDT": 1.884,
  "ALTUSDT": 0.007164,
  "XPTUSDT": 2151.23,
  "AINUSDT": 0.03881,
  "CELOUSDT": 0.077,
  "UAIUSDT": 0.2068,
  "IOTXUSDT": 0.00512,
  "INUSDT": 0.06857,
  "ZEREBROUSDT": 0.007298,
  "NEWTUSDT": 0.06573,
  "ANKRUSDT": 0.004121,
  "YBUSDT": 0.1654,
  "1000SATSUSDT": 1.18e-05,
  "REDUSDT": 0.138,
  "GMXUSDT": 7.363,
  "ENJUSDT": 0.01878,
  "ONTUSDT": 0.0423,
  "KATUSDT": 0.01659,
  "SANTOSUSDT": 1.295,
  "WALUSDT": 0.07807,
  "SAPIENUSDT": 0.08029,
  "TRUTHUSDT": 0.009382,
  "TAKEUSDT": 0.01853,
  "ERAUSDT": 0.1405,
  "SAGAUSDT": 0.03235,
  "RSRUSDT": 0.001545,
  "QTUMUSDT": 0.908,
  "ZKCUSDT": 0.0817,
  "RAYSOLUSDT": 0.6017,
  "SKLUSDT": 0.00674,
  "KOMAUSDT": 0.00777,
  "EDENUSDT": 0.03237,
  "POLYXUSDT": 0.041,
  "STBLUSDT": 0.03872,
  "1000CHEEMSUSDT": 0.0005491,