{
  "BTCUSDT": 67759.5,
  "ETHUSDT": 1961.92,
  "ETH/USDCUSDT": 1942.06,
  "BTC/USDCUSDT": 66830.3,
  "SOLUSDT": 82.19,
  "XAGUSDT": 78.39,
  "XRPUSDT": 1.3996,
  "XAUUSDT": 5004.26,
  "BTC/USDUSDT": 67659.9,
  "ETH/USDUSDT": 1958.88,
  "DOGEUSDT": 0.098,
  "BNBUSDT": 605.87,
  "RIVERUSDT": 8.132,
  "ZECUSDT": 262.23,
  "ESPUSDT": 0.07131,
  "PIPPINUSDT": 0.48179,
  "SOL/USDCUSDT": 82.16,
  "INJUSDT": 3.277,
  "ENSOUSDT": 1.6284,
  "ORCAUSDT": 1.221,
  "HYPEUSDT": 28.893,
  "WLFIUSDT": 0.1161,
  "1000PEPEUSDT": 0.0042128,
  "OPUSDT": 0.1376,
  "SPACEUSDT": 0.009421,
  "SUIUSDT": 0.9182,
  "NAORISUSDT": 0.0428,
  "BCHUSDT": 561.08,
  "ADAUSDT": 0.2718,
  "RAVEUSDT": 0.50157,
  "XRP/USDCUSDT": 1.3989,
  "PAXGUSDT": 5007.25,
  "AVAXUSDT": 8.882,
  "AWEUSDT": 0.06296,
  "ASTERUSDT": 0.7133,
  "LINKUSDT": 8.51,
  "TAOUSDT": 177.25,
  "SIRENUSDT": 0.21913,
  "POWERUSDT": 0.37713,
  "FILUSDT": 0.909,
  "OMUSDT": 0.06619,
  "LTCUSDT": 52.51,
  "VVVUSDT": 3.582,
  "ENAUSDT": 0.1104,
  "ARBUSDT": 0.0974,
  "MYXUSDT": 0.896,
  "DOTUSDT": 1.28,
  "KITEUSDT": 0.24289,
  "SNXUSDT": 0.336,
  "SOL/USDUSDT": 81.34,
  "UNIUSDT": 3.355,
  "NEARUSDT": 1.001,
  "ZAMAUSDT": 0.02012,
  "PUMPUSDT": 0.002073,
  "RECALLUSDT": 0.05238,
  "AAVEUSDT": 123.11,
  "AXSUSDT": 1.236,
  "TRXUSDT": 0.2847,
  "CYBERUSDT": 0.5713,
  "IRUSDT": 0.08412,
  "ZROUSDT": 1.4667,
  "BNB/USDCUSDT": 606.19,
  "PENGUUSDT": 0.006559,
  "RPLUSDT": 2.209,
  "WIFUSDT": 0.216,
  "XRP/USDUSDT": 1.4068,
  "1000SHIBUSDT": 0.006185,
  "WLDUSDT": 0.3706,
  "TRUMPUSDT": 3.4,
  "BERAUSDT": 0.579,
  "APTUSDT": 0.8573,
  "DOGE/USDUSDT": 0.09795,
  "FARTCOINUSDT": 0.1804,
  "DUSKUSDT": 0.08641,
  "STABLEUSDT": 0.029328,
  "ATOMUSDT": 2.284,
  "VIRTUALUSDT": 0.6206,
  "BEATUSDT": 0.2491,
  "\u5e01\u5b89\u4eba\u751fUSDT": 0.08443,
  "BNB/USDUSDT": 610.83,
  "CRVUSDT": 0.239,
  "XLMUSDT": 0.15801,
  "HBARUSDT": 0.09737,
  "DOGE/USDCUSDT": 0.09794,
  "TSLAUSDT": 411.45,
  "ALLOUSDT": 0.10698,
  "JTOUSDT": 0.2815,
  "ICPUSDT": 2.157,
  "XMRUSDT": 335.48,
  "\u6211\u8e0f\u9a6c\u6765\u4e86USDT": 0.015681,
  "INITUSDT": 0.10057,
  "TONUSDT": 1.3682,
  "LITUSDT": 1.475,
  "DASHUSDT": 34.44,
  "RENDERUSDT": 1.395,
  "XPLUSDT": 0.0934,
  "ETCUSDT": 8.233,
  "SENTUSDT": 0.02074,
  "LYNUSDT": 0.29062,
  "PROMUSDT": 1.344,
  "IPUSDT": 1.1,
  "1000BONKUSDT": 0.006109,
  "ETH/BTCUSDT": 1942.4196634,
  "TRIAUSDT": 0.01581,
  "USELESSUSDT": 0.04038,
  "LIGHTUSDT": 0.2552,
  "ZEC/USDCUSDT": 261.99,
  "MOODENGUSDT": 0.05483,
  "APEUSDT": 0.1089,
  "POLUSDT": 0.10481,
  "GUNUSDT": 0.0283,
  "GALAUSDT": 0.00376,
  "SEIUSDT": 0.0699,
  "MONUSDT": 0.02037,
  "JELLYJELLYUSDT": 0.07293,
  "GPSUSDT": 0.012947,
  "JUPUSDT": 0.1507,
  "ONDOUSDT": 0.2595,
  "HUSDT": 0.16601,
  "TIAUSDT": 0.3166,
  "DUSDT": 0.0086,
  "CLOUSDT": 0.08771,
  "BCH/USDCUSDT": 560.85,
  "MUBARAKUSDT": 0.01638,
  "ARCUSDT": 0.07704,
  "SOMIUSDT": 0.2123,
  "FETUSDT": 0.1611,
  "ROSEUSDT": 0.01226,
  "TAKEUSDT": 0.02596,
  "SPXUSDT": 0.3219,
  "0GUSDT": 0.6048,
  "AZTECUSDT": 0.01923,
  "ADA/USDUSDT": 0.2717,
  "SUI/USDCUSDT": 0.9175,
  "BASUSDT": 0.005936,
  "DYDXUSDT": 0.097,
  "1000PEPE/USDCUSDT": 0.0042099,
  "ALGOUSDT": 0.0886,
  "HOODUSDT": 75.35,
  "TRUTHUSDT": 0.009789,
  "ZILUSDT": 0.00396,
  "MUSDT": 1.3512,
  "SONICUSDT": 0.05167,
  "APRUSDT": 0.10278,
  "SANDUSDT": 0.08157,
  "LUNA2USDT": 0.0656,
  "BIRBUSDT": 0.17657,
  "PENDLEUSDT": 1.1815,
  "BANUSDT": 0.12053,
  "CHZUSDT": 0.03812,
  "LDOUSDT": 0.3212,
  "FOGOUSDT": 0.02351,
  "BTRUSDT": 0.177,
  "1000LUNCUSDT": 0.03691,
  "ETHFIUSDT": 0.4557,
  "CAKEUSDT": 1.2474,
  "MERLUSDT": 0.05445,
  "ZENUSDT": 5.784,
  "ZKPUSDT": 0.09257,
  "ADA/USDCUSDT": 0.2717,
  "CCUSDT": 0.15791,
  "NEIROUSDT": 7.21e-05,
  "COMPUSDT": 17.77,
  "SUI/USDUSDT": 0.9175,
  "STEEMUSDT": 0.05068,
  "LINEAUSDT": 0.003256,
  "STRKUSDT": 0.04433,
  "ENSUSDT": 6.434,
  "NIGHTUSDT": 0.06228,
  "ARB/USDCUSDT": 0.0974,
  "NILUSDT": 0.05328,
  "STGUSDT": 0.1269,
  "SKRUSDT": 0.019013,
  "MEUSDT": 0.1274,
  "GIGGLEUSDT": 29.27,
  "WLFI/USDCUSDT": 0.1162,
  "ZKUSDT": 0.01987,
  "EIGENUSDT": 0.1921,
  "FIL/USDCUSDT": 0.91,
  "MSTRUSDT": 128.6,
  "1000FLOKIUSDT": 0.02978,
  "ENA/USDCUSDT": 0.1104,
  "AEROUSDT": 0.3105,
  "SUSDT": 0.04264,
  "MOVEUSDT": 0.02345,
  "LAUSDT": 0.2013,
  "VELVETUSDT": 0.0787,
  "MORPHOUSDT": 1.3781,
  "EULUSDT": 0.891,
  "ORDIUSDT": 2.564,
  "BIOUSDT": 0.02229,
  "LINK/USDCUSDT": 8.503,
  "XNYUSDT": 0.005044,
  "VANAUSDT": 1.401,
  "SKYUSDT": 0.06385,
  "FIGHTUSDT": 0.006388,
  "AVNTUSDT": 0.1856,
  "LINK/USDUSDT": 8.503,
  "VETUSDT": 0.007675,
  "CYSUSDT": 0.4125,
  "XPTUSDT": 2083.86,
  "KGENUSDT": 0.18444,
  "AVAX/USDCUSDT": 8.878,
  "C98USDT": 0.0271,
  "CRCLUSDT": 61.63,
  "XTZUSDT": 0.38,
  "PYTHUSDT": 0.05222,
  "KSMUSDT": 4.53,
  "DOLOUSDT": 0.03962,
  "OP/USDUSDT": 0.1371,
  "XPDUSDT": 1688.04,
  "TNSRUSDT": 0.04896,
  "MITOUSDT": 0.0413,
  "HUMAUSDT": 0.012591,
  "PLAYUSDT": 0.01914,
  "COLLECTUSDT": 0.06363,
  "TRBUSDT": 14.91,
  "ARUSDT": 1.931,
  "STXUSDT": 0.2485,
  "SYRUPUSDT": 0.22746,
  "COINUSDT": 165.5,
  "LSKUSDT": 0.1515,
  "IOTAUSDT": 0.0678,
  "INTCUSDT": 44.54,
  "UAIUSDT": 0.2407,
  "JASMYUSDT": 0.005578,
  "IRYSUSDT": 0.02433,
  "PNUTUSDT": 0.04727,
  "BCH/USDUSDT": 560.71,
  "FHEUSDT": 0.04052,
  "JCTUSDT": 0.001761,
  "FOLKSUSDT": 1.413,
  "ZKCUSDT": 0.0893,
  "BULLAUSDT": 0.02683,
  "BREVUSDT": 0.1253,
  "FLOWUSDT": 0.03503,
  "ZORAUSDT": 0.02091,
  "TURBOUSDT": 0.0010271,
  "OGUSDT": 3.364,
  "WUSDT": 0.01936,
  "RAYSOLUSDT": 0.6335,
  "AUCTIONUSDT": 4.975,
  "NOMUSDT": 0.005207,
  "MANAUSDT": 0.0954,
  "LTC/USDCUSDT": 52.49,
  "THETAUSDT": 0.1915,
  "MMTUSDT": 0.1259,
  "LPTUSDT": 2.305,
  "RESOLVUSDT": 0.05886,
  "XPINUSDT": 0.001891,
  "ARKMUSDT": 0.1085,
  "KAITOUSDT": 0.2944,
  "LABUSDT": 0.15727,
  "PTBUSDT": 0.001313,
  "METUSDT": 0.2138,
  "COWUSDT": 0.1955,
  "CFXUSDT": 0.05054,
  "QNTUSDT": 66.56,
  "CRV/USDCUSDT": 0.2387,
  "GRTUSDT": 0.02622,
  "KASUSDT": 0.03017,
  "ICNTUSDT": 0.3933,
  "PLTRUSDT": 134.65,
  "RUNEUSDT": 0.3947,
  "ARPAUSDT": 0.00969,
  "GWEIUSDT": 0.027578,
  "BLESSUSDT": 0.005616,
  "DEEPUSDT": 0.02676,
  "FUSDT": 0.005892,
  "PEOPLEUSDT": 0.00667,
  "ACEUSDT": 0.1573,
  "MAGICUSDT": 0.0693,
  "ZBTUSDT": 0.07269,
  "VANRYUSDT": 0.005886,
  "IMXUSDT": 0.1565,
  "ACUUSDT": 0.10535,
  "PLUMEUSDT": 0.01007,
  "ONTUSDT": 0.044,
  "WETUSDT": 0.07448,
  "BOMEUSDT": 0.0004091,
  "LQTYUSDT": 0.2824,
  "CELOUSDT": 0.076,
  "GMTUSDT": 0.01181,
  "FFUSDT": 0.07941,
  "CLANKERUSDT": 32.0,
  "AIAUSDT": 0.10483,
  "AXLUSDT": 0.05458,
  "MAVUSDT": 0.01572,
  "TOSHIUSDT": 0.0002077,
  "SPORTFUNUSDT": 0.03317,
  "SWARMSUSDT": 0.00694,
  "NEAR/USDCUSDT": 1.001,
  "OPENUSDT": 0.1539,
  "BARDUSDT": 0.7609,
  "2ZUSDT": 0.0697,
  "AVAX/USDUSDT": 8.87,
  "BANANAS31USDT": 0.004431,
  "AIXBTUSDT": 0.01984,
  "YFIUSDT": 2781.0,
  "MEMEUSDT": 0.0006697,
  "ELSAUSDT": 0.07276,
  "POPCATUSDT": 0.04932,
  "SUPERUSDT": 0.121,
  "RVNUSDT": 0.00607,
  "MIRAUSDT": 0.0843,
  "ACHUSDT": 0.007447,
  "LTC/USDUSDT": 52.49,
  "PENGU/USDCUSDT": 0.006554,
  "BANKUSDT": 0.04175,
  "AAVE/USDCUSDT": 122.97,
  "IOUSDT": 0.1084,
  "FRAXUSDT": 0.6679,
  "TRADOORUSDT": 1.445,
  "WIF/USDCUSDT": 0.2158,
  "FIL/USDUSDT": 0.909,
  "EGLDUSDT": 4.49,
  "MASKUSDT": 0.4439,
  "BOBUSDT": 0.005466,
  "LRCUSDT": 0.03221,
  "WCTUSDT": 0.05948,
  "BTCDOMUSDT": 5116.0,
  "AUSDT": 0.08,
  "MINAUSDT": 0.06187,
  "XVGUSDT": 0.006007,
  "KAIAUSDT": 0.05555,
  "API3USDT": 0.2988,
  "IP/USDCUSDT": 1.099,
  "PIEVERSEUSDT": 0.411,
  "FIDAUSDT": 0.01715,
  "PARTIUSDT": 0.10031,
  "NEOUSDT": 2.667,
  "ATUSDT": 0.16089,
  "GLMUSDT": 0.16853,
  "BROCCOLI714USDT": 0.01377,
  "CVXUSDT": 1.964,
  "TURTLEUSDT": 0.04223,
  "STORJUSDT": 0.0948,
  "NXPCUSDT": 0.2549,
  "FUNUSDT": 0.001307,
  "WOOUSDT": 0.01669,
  "SAGAUSDT": 0.03161,
  "1INCHUSDT": 0.0913,
  "COAIUSDT": 0.3209,
  "HOMEUSDT": 0.027019,
  "OGNUSDT": 0.0216,
  "TOWNSUSDT": 0.003625,
  "ACTUSDT": 0.01476,
  "SUSHIUSDT": 0.1986,
  "LAYERUSDT": 0.0837,