{
  "BTCUSDT": 69645.9,
  "ETHUSDT": 2076.01,
  "SOLUSDT": 85.76,
  "XRPUSDT": 1.4461,
  "BNBUSDT": 627.51,
  "BCHUSDT": 566.8,
  "DOGEUSDT": 0.09802,
  "HYPEUSDT": 31.786,
  "PAXGUSDT": 5024.16,
  "ZECUSDT": 282.85,
  "XAGUSDT": 77.48,
  "XAUUSDT": 5035.89,
  "TRXUSDT": 0.28289,
  "SUIUSDT": 0.984,
  "ASTERUSDT": 0.7161,
  "LINKUSDT": 8.927,
  "LTCUSDT": 55.31,
  "AVAXUSDT": 9.241,
  "UNIUSDT": 3.468,
  "ADAUSDT": 0.2784,
  "ENAUSDT": 0.1233,
  "1000PEPEUSDT": 0.0038367,
  "PIPPINUSDT": 0.62906,
  "PUMPUSDT": 0.002132,
  "AAVEUSDT": 127.64,
  "WLFIUSDT": 0.104,
  "NEARUSDT": 1.04,
  "KITEUSDT": 0.20302,
  "LITUSDT": 1.613,
  "WLDUSDT": 0.4072,
  "FILUSDT": 0.964,
  "TRUMPUSDT": 3.437,
  "TAOUSDT": 196.19,
  "ARCUSDT": 0.0776,
  "XPLUSDT": 0.0978,
  "HUSDT": 0.20898,
  "ZROUSDT": 1.9272,
  "DOTUSDT": 1.358,
  "TONUSDT": 1.4899,
  "HBARUSDT": 0.10264,
  "1000SHIBUSDT": 0.006427,
  "APTUSDT": 0.9561,
  "BERAUSDT": 0.6955,
  "MONUSDT": 0.02392,
  "AXSUSDT": 1.47,
  "XLMUSDT": 0.17014,
  "ATOMUSDT": 2.123,
  "RIVERUSDT": 13.915,
  "XMRUSDT": 353.95,
  "ARBUSDT": 0.1174,
  "ICPUSDT": 2.416,
  "WIFUSDT": 0.2281,
  "DASHUSDT": 38.81,
  "FARTCOINUSDT": 0.1928,
  "CRVUSDT": 0.251,
  "PENGUUSDT": 0.006891,
  "IPUSDT": 1.153,
  "FFUSDT": 0.08083,
  "FETUSDT": 0.1701,
  "ETCUSDT": 8.693,
  "CHZUSDT": 0.04297,
  "BARDUSDT": 0.7999,
  "1000BONKUSDT": 0.006399,
  "PARTIUSDT": 0.11322,
  "OPUSDT": 0.1921,
  "POLUSDT": 0.10332,
  "\u5e01\u5b89\u4eba\u751fUSDT": 0.10258,
  "VIRTUALUSDT": 0.6793,
  "TIAUSDT": 0.3416,
  "BTCDOMUSDT": 5083.3,
  "SENTUSDT": 0.02251,
  "ONDOUSDT": 0.2779,
  "JUPUSDT": 0.1554,
  "ZKUSDT": 0.02284,
  "SEIUSDT": 0.0758,
  "ZAMAUSDT": 0.01943,
  "0GUSDT": 0.6244,
  "ETHFIUSDT": 0.4782,
  "BANUSDT": 0.09568,
  "OMUSDT": 0.06357,
  "CCUSDT": 0.1642,
  "BTRUSDT": 0.1673,
  "LDOUSDT": 0.3512,
  "ALCHUSDT": 0.08424,
  "ZENUSDT": 6.502,
  "PENDLEUSDT": 1.27,
  "RENDERUSDT": 1.444,
  "UBUSDT": 0.04655,
  "SKYUSDT": 0.06868,
  "KAITOUSDT": 0.3293,
  "INJUSDT": 3.172,
  "ATUSDT": 0.15984,
  "1000RATSUSDT": 0.04922,
  "TAKEUSDT": 0.05563,
  "BANANAS31USDT": 0.004819,
  "ENSOUSDT": 1.1567,
  "OGUSDT": 5.013,
  "POWERUSDT": 0.2768,
  "SANDUSDT": 0.08891,
  "STABLEUSDT": 0.023872,
  "AWEUSDT": 0.09559,
  "\u6211\u8e0f\u9a6c\u6765\u4e86USDT": 0.025386,
  "CYSUSDT": 0.4601,
  "STRKUSDT": 0.05011,
  "GIGGLEUSDT": 32.13,
  "DUSKUSDT": 0.10903,
  "MSTRUSDT": 135.51,
  "NIGHTUSDT": 0.05689,
  "ROSEUSDT": 0.01278,
  "QUSDT": 0.020006,
  "COMPUSDT": 19.87,
  "SKYAIUSDT": 0.03996,
  "HANAUSDT": 0.0357,
  "HOMEUSDT": 0.027182,
  "CAKEUSDT": 1.3203,
  "PIEVERSEUSDT": 0.4238,
  "TRADOORUSDT": 1.352,
  "ALGOUSDT": 0.0972,
  "USDCUSDT": 0.999968,
  "METUSDT": 0.2222,
  "MYXUSDT": 2.411,
  "ZILUSDT": 0.00452,
  "LYNUSDT": 0.21292,
  "GPSUSDT": 0.011041,
  "SPACEUSDT": 0.009122,
  "GALAUSDT": 0.00417,
  "AVNTUSDT": 0.2049,
  "ENSUSDT": 6.921,
  "COLLECTUSDT": 0.08053,
  "AUCTIONUSDT": 5.382,
  "MUSDT": 1.3774,
  "PYTHUSDT": 0.05263,
  "LINEAUSDT": 0.003802,
  "VVVUSDT": 2.926,
  "GUNUSDT": 0.02537,
  "MEUSDT": 0.1541,
  "MORPHOUSDT": 1.2945,
  "BUSDT": 0.1452,
  "EIGENUSDT": 0.2115,
  "SUSDT": 0.04983,
  "B2USDT": 0.6982,
  "BIRBUSDT": 0.20364,
  "XTZUSDT": 0.412,
  "VETUSDT": 0.008333,
  "LPTUSDT": 2.478,
  "BEAMXUSDT": 0.002431,
  "AEROUSDT": 0.3175,
  "TSLAUSDT": 417.53,
  "LAUSDT": 0.2173,
  "SYRUPUSDT": 0.27609,
  "XPINUSDT": 0.001511,
  "BIOUSDT": 0.02493,
  "BEATUSDT": 0.2779,
  "ESPUSDT": 0.06201,
  "ZKPUSDT": 0.09154,
  "DYDXUSDT": 0.107,
  "COAIUSDT": 0.4401,
  "HUMAUSDT": 0.013003,
  "RESOLVUSDT": 0.06311,
  "MOVEUSDT": 0.02404,
  "AIAUSDT": 0.131,
  "1000LUNCUSDT": 0.03373,
  "NEOUSDT": 2.874,
  "BULLAUSDT": 0.02436,
  "FORMUSDT": 0.2193,
  "BANKUSDT": 0.04464,
  "PNUTUSDT": 0.04963,
  "CLOUSDT": 0.08761,
  "JELLYJELLYUSDT": 0.05576,
  "ORDIUSDT": 2.869,
  "RAVEUSDT": 0.36372,
  "FOGOUSDT": 0.02273,
  "MOODENGUSDT": 0.05497,
  "LRCUSDT": 0.03352,
  "NXPCUSDT": 0.2866,
  "GUAUSDT": 0.14114,
  "SIRENUSDT": 0.13031,
  "STXUSDT": 0.2715,
  "SOMIUSDT": 0.1948,
  "XNYUSDT": 0.00669,
  "VANAUSDT": 1.64,
  "ATHUSDT": 0.006494,
  "ESPORTSUSDT": 0.35386,
  "STGUSDT": 0.1669,
  "FHEUSDT": 0.04116,
  "MERLUSDT": 0.05557,
  "ALLOUSDT": 0.08227,
  "PLUMEUSDT": 0.01173,
  "WCTUSDT": 0.06652,
  "1000FLOKIUSDT": 0.03104,
  "JTOUSDT": 0.2713,
  "ARUSDT": 2.057,
  "TRBUSDT": 15.663,
  "API3USDT": 0.32,
  "NMRUSDT": 8.643,
  "CFXUSDT": 0.05511,
  "EDUUSDT": 0.1278,
  "FLOWUSDT": 0.0442,
  "QNTUSDT": 73.46,
  "2ZUSDT": 0.0794,
  "XVGUSDT": 0.006562,
  "MANAUSDT": 0.1034,
  "JASMYUSDT": 0.006125,
  "WUSDT": 0.02096,
  "TRIAUSDT": 0.01817,
  "4USDT": 0.01051,
  "ZKCUSDT": 0.1016,
  "SPXUSDT": 0.3147,
  "EULUSDT": 0.999,
  "AZTECUSDT": 0.02173,
  "TNSRUSDT": 0.05712,
  "IRYSUSDT": 0.04309,
  "GWEIUSDT": 0.026003,
  "BREVUSDT": 0.1472,
  "C98USDT": 0.0329,
  "UAIUSDT": 0.2423,
  "LIGHTUSDT": 0.2442,
  "KAIAUSDT": 0.05835,
  "ZORAUSDT": 0.02178,
  "TAGUSDT": 0.0003779,
  "GRTUSDT": 0.02808,
  "TAUSDT": 0.0366,
  "THETAUSDT": 0.2172,
  "1INCHUSDT": 0.0977,
  "APEUSDT": 0.1307,
  "NAORISUSDT": 0.03035,
  "JSTUSDT": 0.042411,
  "SPKUSDT": 0.02267,
  "EGLDUSDT": 5.124,
  "ZRXUSDT": 0.1126,
  "IMXUSDT": 0.1685,
  "MMTUSDT": 0.1366,
  "IOTAUSDT": 0.0698,
  "RUNEUSDT": 0.4185,
  "MANTAUSDT": 0.08066,
  "SFPUSDT": 0.2543,
  "SKRUSDT": 0.023427,
  "FRAXUSDT": 0.6395,
  "AGTUSDT": 0.004688,
  "ACTUSDT": 0.015,
  "ANIMEUSDT": 0.005766,
  "MUBARAKUSDT": 0.01855,
  "NILUSDT": 0.05668,
  "AXLUSDT": 0.06165,
  "BOMEUSDT": 0.0004186,
  "FUSDT": 0.006417,
  "MEGAUSDT": 0.12951,
  "PROVEUSDT": 0.3333,
  "BSVUSDT": 16.66,
  "NEIROUSDT": 7.68e-05,
  "GRASSUSDT": 0.2037,
  "SNXUSDT": 0.299,
  "FOLKSUSDT": 1.409,
  "PTBUSDT": 0.00139,
  "ARKMUSDT": 0.1234,
  "TSTUSDT": 0.01118,
  "NOMUSDT": 0.005481,
  "KASUSDT": 0.03301,
  "GASUSDT": 1.691,
  "TWTUSDT": 0.5243,
  "ICNTUSDT": 0.4616,
  "AUSDT": 0.0885,
  "MINAUSDT": 0.06782,
  "YFIUSDT": 2876.0,
  "BATUSDT": 0.1333,
  "SOPHUSDT": 0.009997,
  "KGENUSDT": 0.17686,
  "SIGNUSDT": 0.02845,
  "TUTUSDT": 0.01192,
  "PEOPLEUSDT": 0.00687,
  "DEEPUSDT": 0.0294,
  "BLUAIUSDT": 0.00576,
  "FIGHTUSDT": 0.006334,
  "GMTUSDT": 0.01289,
  "POPCATUSDT": 0.05191,
  "AVAAIUSDT": 0.00789,
  "YBUSDT": 0.1737,
  "SAHARAUSDT": 0.01646,
  "ACHUSDT": 0.007899,
  "CYBERUSDT": 0.5809,
  "TURBOUSDT": 0.0011154,
  "LAYERUSDT": 0.0943,
  "MAGICUSDT": 0.07005,
  "SONICUSDT": 0.05026,
  "ZBTUSDT": 0.07562,
  "OPENUSDT": 0.1717,
  "IDOLUSDT": 0.02233,
  "SWARMSUSDT": 0.00751,
  "BABYUSDT": 0.01394,
  "SOONUSDT": 0.1883,
  "BLURUSDT": 0.0218,
  "TRUTHUSDT": 0.015097,
  "CATIUSDT": 0.04184,
  "SANTOSUSDT": 1.936,
  "LUNA2USDT": 0.06312,
  "AKEUSDT": 0.0002787,
  "SUSHIUSDT": 0.213,
  "THEUSDT": 0.2773,
  "AIOUSDT": 0.07851,
  "SUPERUSDT": 0.1298,
  "ONTUSDT": 0.0473,
  "TOSHIUSDT": 0.0002413,
  "YGGUSDT": 0.04259,
  "BASUSDT": 0.005799,
  "MEMEUSDT": 0.0007103,
  "INUSDT": 0.06785,
  "CELOUSDT": 0.087,
  "IOUSDT": 0.1086,
  "COWUSDT": 0.213,
  "XPTUSDT": 2069.67,
  "GLMUSDT": 0.19845,
  "SKLUSDT": 0.00713,
  "ALTUSDT": 0.00891,
  "STOUSDT": 0.0552,
  "VELODROMEUSDT": 0.01493,
  "SUNUSDT": 0.017105,
  "CTSIUSDT": 0.0273,
  "DYMUSDT": 0.0468,
  "SYNUSDT": 0.04816,
  "SOLVUSDT": 0.00494,
  "KERNELUSDT": 0.06894,
  "AIXBTUSDT": 0.02175,
  "ERAUSDT": 0.1652,
  "IDUSDT": 0.05467,
  "HYPERUSDT": 0.1073,
  "ASRUSDT": 1.451,
  "MASKUSDT": 0.4711,
  "QTUMUSDT": 1.009,
  "STBLUSDT": 0.04145,
  "ANKRUSDT": 0.004685,
  "WALUSDT": 0.0845,
  "RAREUSDT": 0.02011,
  "EDENUSDT": 0.03434,
  "GUSDT": 0.004115,
  "CVXUSDT": 1.968,
  "AINUSDT": 0.03521,
  "INITUSDT": 0.06918,
  "DEXEUSDT": 2.448,
  "KAVAUSDT": 0.0571,
  "BANANAUSDT": 4.791,
  "MELANIAUSDT": 0.1201,
  "ZEREBROUSDT": 0.00832,
  "ARPAUSDT": 0.01023,
  "ORCAUSDT": 0.8,
  "KMNOUSDT": 0.02962,
  "SAPIENUSDT": 0.09192,
  "VELVETUSDT": 0.07559,
  "KOMAUSDT": 0.00791,
  "HEMIUSDT": 0.01015,
  "BROCCOLI714USDT": 0.01482,
  "POLYXUSDT": 0.04669,
  "ONUSDT": 0.08585,
  "ELSAUSDT": 0.08325,
  "XVSUSDT": 2.958,
  "PLAYUSDT": 0.03945,
  "KSMUSDT": 4.654,