{
  "BTCUSDT": 67571.2,
  "ETHUSDT": 1949.51,
  "SOLUSDT": 83.46,
  "XRPUSDT": 1.3898,
  "BNBUSDT": 613.78,
  "BCHUSDT": 570.3,
  "DOGEUSDT": 0.09526,
  "XAGUSDT": 85.23,
  "HYPEUSDT": 28.937,
  "XAUUSDT": 5129.69,
  "PAXGUSDT": 5151.45,
  "WLFIUSDT": 0.112,
  "ZECUSDT": 245.17,
  "TRXUSDT": 0.29097,
  "SUIUSDT": 0.9198,
  "ASTERUSDT": 0.6941,
  "LINKUSDT": 8.658,
  "ADAUSDT": 0.2701,
  "UNIUSDT": 3.456,
  "LTCUSDT": 53.32,
  "AVAXUSDT": 8.821,
  "1000PEPEUSDT": 0.0040243,
  "PUMPUSDT": 0.002035,
  "PIPPINUSDT": 0.61403,
  "ENAUSDT": 0.1001,
  "KITEUSDT": 0.25459,
  "AAVEUSDT": 117.8,
  "NEARUSDT": 1.009,
  "ARCUSDT": 0.09103,
  "WLDUSDT": 0.3818,
  "TRUMPUSDT": 3.372,
  "LITUSDT": 1.439,
  "FILUSDT": 0.925,
  "TAOUSDT": 173.33,
  "XPLUSDT": 0.0893,
  "DOTUSDT": 1.309,
  "ATOMUSDT": 2.247,
  "ZROUSDT": 1.6129,
  "TONUSDT": 1.338,
  "APTUSDT": 0.8341,
  "ENSOUSDT": 1.9269,
  "HBARUSDT": 0.0972,
  "1000SHIBUSDT": 0.006167,
  "XLMUSDT": 0.15475,
  "AXSUSDT": 1.284,
  "ARBUSDT": 0.0939,
  "ICPUSDT": 2.133,
  "BERAUSDT": 0.5758,
  "OPUSDT": 0.1219,
  "RIVERUSDT": 7.936,
  "HUSDT": 0.16404,
  "XMRUSDT": 324.1,
  "MONUSDT": 0.0198,
  "POWERUSDT": 0.45275,
  "WIFUSDT": 0.211,
  "RAVEUSDT": 0.6792,
  "ETCUSDT": 8.486,
  "BARDUSDT": 0.7853,
  "PENGUUSDT": 0.006544,
  "FFUSDT": 0.07848,
  "FETUSDT": 0.1585,
  "CRVUSDT": 0.228,
  "1000BONKUSDT": 0.006079,
  "FARTCOINUSDT": 0.1756,
  "BANUSDT": 0.13105,
  "PARTIUSDT": 0.10862,
  "INJUSDT": 3.535,
  "IPUSDT": 1.065,
  "AGLDUSDT": 0.378,
  "POLUSDT": 0.10542,
  "BTCDOMUSDT": 5153.5,
  "DASHUSDT": 32.98,
  "CHZUSDT": 0.03432,
  "\u5e01\u5b89\u4eba\u751fUSDT": 0.06577,
  "OPNUSDT": 0.6512,
  "SENTUSDT": 0.02123,
  "ONDOUSDT": 0.2606,
  "TIAUSDT": 0.3116,
  "0GUSDT": 0.6369,
  "ETHFIUSDT": 0.4434,
  "SIRENUSDT": 0.2613,
  "VIRTUALUSDT": 0.6187,
  "SEIUSDT": 0.0686,
  "AZTECUSDT": 0.03059,
  "ZKUSDT": 0.01913,
  "MYXUSDT": 0.863,
  "JUPUSDT": 0.1498,
  "LYNUSDT": 0.29946,
  "STABLEUSDT": 0.029203,
  "ZAMAUSDT": 0.02115,
  "VVVUSDT": 3.893,
  "ALCHUSDT": 0.08001,
  "CCUSDT": 0.15954,
  "DUSKUSDT": 0.08646,
  "1000RATSUSDT": 0.04872,
  "PENDLEUSDT": 1.1883,
  "KAITOUSDT": 0.2961,
  "ATUSDT": 0.17384,
  "QUSDT": 0.021828,
  "BTRUSDT": 0.19852,
  "RENDERUSDT": 1.399,
  "HOMEUSDT": 0.029716,
  "LDOUSDT": 0.3064,
  "BIOUSDT": 0.02621,
  "BANANAS31USDT": 0.004636,
  "NIGHTUSDT": 0.05811,
  "ALGOUSDT": 0.0863,
  "HANAUSDT": 0.03679,
  "SKYAIUSDT": 0.03925,
  "ZENUSDT": 5.664,
  "SANDUSDT": 0.08073,
  "JTOUSDT": 0.3003,
  "ESPUSDT": 0.07382,
  "STRKUSDT": 0.04325,
  "MORPHOUSDT": 1.5931,
  "TRADOORUSDT": 1.501,
  "GUNUSDT": 0.02869,
  "CAKEUSDT": 1.282,
  "MUSDT": 1.3543,
  "GPSUSDT": 0.012919,
  "ZILUSDT": 0.00403,
  "PIEVERSEUSDT": 0.4114,
  "GALAUSDT": 0.00362,
  "USDCUSDT": 0.999809,
  "UBUSDT": 0.03402,
  "OMUSDT": 0.06611,
  "SNXUSDT": 0.413,
  "SKYUSDT": 0.06413,
  "ALLOUSDT": 0.1083,
  "APEUSDT": 0.1061,
  "ORCAUSDT": 1.003,
  "B2USDT": 0.7197,
  "\u6211\u8e0f\u9a6c\u6765\u4e86USDT": 0.014486,
  "BULLAUSDT": 0.02753,
  "GIGGLEUSDT": 27.25,
  "PYTHUSDT": 0.05182,
  "AWEUSDT": 0.05252,
  "XPINUSDT": 0.001685,
  "GUAUSDT": 0.16509,
  "ROSEUSDT": 0.01267,
  "CYSUSDT": 0.4015,
  "METUSDT": 0.1986,
  "BEAMXUSDT": 0.002103,
  "BUSDT": 0.1322,
  "AVNTUSDT": 0.1808,
  "CYBERUSDT": 0.5891,
  "JELLYJELLYUSDT": 0.06491,
  "HUMAUSDT": 0.011987,
  "MSTRUSDT": 131.06,
  "TSLAUSDT": 411.24,
  "NAORISUSDT": 0.04428,
  "SYRUPUSDT": 0.2206,
  "EIGENUSDT": 0.1796,
  "AEROUSDT": 0.3149,
  "DYDXUSDT": 0.094,
  "VETUSDT": 0.007452,
  "ESPORTSUSDT": 0.34266,
  "XTZUSDT": 0.376,
  "NXPCUSDT": 0.2713,
  "NEOUSDT": 2.676,
  "YGGUSDT": 0.04671,
  "FORMUSDT": 0.2051,
  "MOVEUSDT": 0.02259,
  "ORDIUSDT": 2.462,
  "COMPUSDT": 17.48,
  "ZKPUSDT": 0.08463,
  "MEUSDT": 0.1229,
  "INITUSDT": 0.08826,
  "AUCTIONUSDT": 4.919,
  "FOGOUSDT": 0.02565,
  "LAUSDT": 0.2085,
  "SUSDT": 0.0413,
  "COLLECTUSDT": 0.04293,
  "PNUTUSDT": 0.04596,
  "LINEAUSDT": 0.003354,
  "SOMIUSDT": 0.2088,
  "ENSUSDT": 6.321,
  "RESOLVUSDT": 0.06487,
  "SPACEUSDT": 0.009784,
  "1000LUNCUSDT": 0.03529,
  "1000FLOKIUSDT": 0.02904,
  "GWEIUSDT": 0.030305,
  "STXUSDT": 0.242,
  "OGUSDT": 3.227,
  "BEATUSDT": 0.2301,
  "MERLUSDT": 0.0498,
  "STGUSDT": 0.1395,
  "VANAUSDT": 1.495,
  "PLUMEUSDT": 0.00958,
  "AGTUSDT": 0.00559,
  "LPTUSDT": 2.256,
  "FHEUSDT": 0.03817,
  "TRIAUSDT": 0.01502,
  "EDUUSDT": 0.1226,
  "TRBUSDT": 14.58,
  "WUSDT": 0.01883,
  "CLOUSDT": 0.08596,
  "BIRBUSDT": 0.16184,
  "EULUSDT": 0.957,
  "TAGUSDT": 0.0004061,
  "USELESSUSDT": 0.03772,
  "TAUSDT": 0.04009,
  "UAIUSDT": 0.2407,
  "ATHUSDT": 0.005301,
  "ARUSDT": 1.961,
  "BANKUSDT": 0.03796,
  "WCTUSDT": 0.05974,
  "NMRUSDT": 7.967,
  "JASMYUSDT": 0.005572,
  "LRCUSDT": 0.03279,
  "MANAUSDT": 0.0937,
  "GRTUSDT": 0.0266,
  "COWUSDT": 0.2189,
  "2ZUSDT": 0.0693,
  "IOTAUSDT": 0.0679,
  "CFXUSDT": 0.05068,
  "LIGHTUSDT": 0.2396,
  "API3USDT": 0.2908,
  "IDOLUSDT": 0.02512,
  "MMTUSDT": 0.1238,
  "ZORAUSDT": 0.02005,
  "MOODENGUSDT": 0.05378,
  "BELUSDT": 0.1174,
  "SPXUSDT": 0.305,
  "COAIUSDT": 0.3122,
  "QNTUSDT": 63.67,
  "IMXUSDT": 0.1585,
  "1INCHUSDT": 0.091,
  "SPKUSDT": 0.02061,
  "LUNA2USDT": 0.06135,
  "SFPUSDT": 0.2579,
  "AIAUSDT": 0.09893,
  "RPLUSDT": 2.192,
  "FLOWUSDT": 0.03706,
  "THETAUSDT": 0.1916,
  "AXLUSDT": 0.05312,
  "ZRXUSDT": 0.1059,
  "JSTUSDT": 0.042697,
  "4USDT": 0.00819,
  "SAPIENUSDT": 0.09711,
  "KAIAUSDT": 0.0551,
  "PTBUSDT": 0.001314,
  "BREVUSDT": 0.1288,
  "IOUSDT": 0.111,
  "NEIROUSDT": 6.94e-05,
  "ARKMUSDT": 0.1077,
  "ARPAUSDT": 0.01062,
  "YFIUSDT": 2782.0,
  "SKRUSDT": 0.019019,
  "EGLDUSDT": 4.427,
  "RUNEUSDT": 0.4006,
  "KGENUSDT": 0.17787,
  "FOLKSUSDT": 1.251,
  "AIOUSDT": 0.08332,
  "ANIMEUSDT": 0.004891,
  "MEGAUSDT": 0.12928,
  "TWTUSDT": 0.5134,
  "NOMUSDT": 0.004775,
  "PROVEUSDT": 0.2916,
  "BOMEUSDT": 0.0003886,
  "SIGNUSDT": 0.0241,
  "PEOPLEUSDT": 0.00643,
  "MAGICUSDT": 0.06665,
  "TAKEUSDT": 0.02635,
  "BLUAIUSDT": 0.005108,
  "SAHARAUSDT": 0.01493,
  "MANTAUSDT": 0.06673,
  "TSTUSDT": 0.0101,
  "MINAUSDT": 0.06011,
  "ACTUSDT": 0.01403,
  "OPENUSDT": 0.149,
  "AUSDT": 0.0799,
  "GMTUSDT": 0.0115,
  "AKEUSDT": 0.0002796,
  "AVAAIUSDT": 0.00733,
  "GASUSDT": 1.535,
  "KASUSDT": 0.03015,
  "DEXEUSDT": 2.597,
  "ZKCUSDT": 0.0853,
  "TURBOUSDT": 0.0010065,
  "TNSRUSDT": 0.04652,
  "VELVETUSDT": 0.07963,
  "TUTUSDT": 0.01057,
  "SANTOSUSDT": 1.882,
  "BATUSDT": 0.1165,
  "XPTUSDT": 2174.07,
  "SOPHUSDT": 0.009001,
  "SUPERUSDT": 0.1132,
  "CATIUSDT": 0.03894,
  "FIGHTUSDT": 0.006686,
  "BSVUSDT": 15.58,
  "GRASSUSDT": 0.1766,
  "SWARMSUSDT": 0.00679,
  "STOUSDT": 0.05848,
  "ZBTUSDT": 0.07095,
  "YBUSDT": 0.153,
  "FUSDT": 0.005733,
  "POPCATUSDT": 0.04884,
  "C98USDT": 0.0271,
  "ICNTUSDT": 0.4083,
  "SUSHIUSDT": 0.1991,
  "NILUSDT": 0.04911,
  "MUBARAKUSDT": 0.01459,
  "CVXUSDT": 1.893,
  "BABYUSDT": 0.01242,
  "ACHUSDT": 0.007313,
  "VELODROMEUSDT": 0.01452,
  "LAYERUSDT": 0.0836,
  "XNYUSDT": 0.004278,
  "ASRUSDT": 1.43,
  "BLURUSDT": 0.01985,
  "VTHOUSDT": 0.0006147,
  "TRUTHUSDT": 0.009429,
  "XVGUSDT": 0.005937,
  "CTSIUSDT": 0.0242,
  "KSMUSDT": 4.752,
  "SOONUSDT": 0.1636,
  "MEMEUSDT": 0.0006608,
  "MASKUSDT": 0.429,
  "ALTUSDT": 0.00763,
  "RAREUSDT": 0.0185,
  "GLMUSDT": 0.16178,
  "AIXBTUSDT": 0.01903,
  "SOLVUSDT": 0.00423,
  "RAYSOLUSDT": 0.6165,
  "ANKRUSDT": 0.004341,
  "PLAYUSDT": 0.02148,
  "DRIFTUSDT": 0.0859,
  "ONTUSDT": 0.0414,
  "SONICUSDT": 0.0463,
  "EDENUSDT": 0.03281,
  "IRUSDT": 0.09308,
  "CELOUSDT": 0.074,
  "THEUSDT": 0.2494,
  "KERNELUSDT": 0.06725,
  "FRAXUSDT": 0.6295,
  "DOLOUSDT": 0.0399,
  "DEGOUSDT": 0.3327,
  "SUNUSDT": 0.017007,
  "MELANIAUSDT": 0.1123,
  "UMAUSDT": 0.441,
  "ZEREBROUSDT": 0.00724,
  "ERAUSDT": 0.1492,
  "RSRUSDT": 0.001435,
  "IDUSDT": 0.04634,
  "STORJUSDT": 0.092,
  "INUSDT": 0.06166,
  "WALUSDT": 0.0765,
  "PROMUSDT": 1.278,
  "APRUSDT": 0.10214,
  "AKTUSDT": 0.3076,
  "KAVAUSDT": 0.05,
  "POLYXUSDT": 0.04177,
  "QTUMUSDT": 0.91,
  "WOOUSDT": 0.0174,
  "ONUSDT": 0.09246,
  "HYPERUSDT": 0.0939,