{
  "BTCUSDT": 68028.5,
  "ETHUSDT": 2057.11,
  "SOLUSDT": 87.38,
  "XRPUSDT": 1.434,
  "BNBUSDT": 627.15,
  "DOGEUSDT": 0.09974,
  "BCHUSDT": 501.34,
  "XAGUSDT": 88.5,
  "XAUUSDT": 5187.36,
  "HYPEUSDT": 28.242,
  "PAXGUSDT": 5194.95,
  "WLFIUSDT": 0.1142,
  "ADAUSDT": 0.2929,
  "UNIUSDT": 3.984,
  "ZECUSDT": 249.02,
  "SUIUSDT": 0.9524,
  "TRXUSDT": 0.28662,
  "AVAXUSDT": 9.343,
  "LINKUSDT": 9.216,
  "ASTERUSDT": 0.7059,
  "LTCUSDT": 56.27,
  "PIPPINUSDT": 0.76645,
  "1000PEPEUSDT": 0.0040288,
  "ENAUSDT": 0.1106,
  "PUMPUSDT": 0.001826,
  "KITEUSDT": 0.28994,
  "DOTUSDT": 1.594,
  "NEARUSDT": 1.132,
  "AAVEUSDT": 114.62,
  "WLDUSDT": 0.4068,
  "FILUSDT": 1.005,
  "LITUSDT": 1.503,
  "TRUMPUSDT": 3.487,
  "XPLUSDT": 0.0978,
  "TAOUSDT": 184.79,
  "POWERUSDT": 1.04997,
  "ZROUSDT": 1.5782,
  "APTUSDT": 0.9604,
  "TONUSDT": 1.2848,
  "1000SHIBUSDT": 0.006122,
  "HBARUSDT": 0.1016,
  "XLMUSDT": 0.16245,
  "BERAUSDT": 0.6219,
  "ATOMUSDT": 1.926,
  "ARBUSDT": 0.0997,
  "RIVERUSDT": 10.142,
  "MONUSDT": 0.02239,
  "ICPUSDT": 2.401,
  "XMRUSDT": 347.67,
  "AXSUSDT": 1.33,
  "WIFUSDT": 0.212,
  "OPUSDT": 0.1228,
  "CRVUSDT": 0.251,
  "FETUSDT": 0.1652,
  "PENGUUSDT": 0.007122,
  "SIRENUSDT": 0.43403,
  "VIRTUALUSDT": 0.6978,
  "ETCUSDT": 8.977,
  "FFUSDT": 0.07861,
  "ARCUSDT": 0.03095,
  "ESPUSDT": 0.14148,
  "1000BONKUSDT": 0.006302,
  "FARTCOINUSDT": 0.1712,
  "POLUSDT": 0.11125,
  "PARTIUSDT": 0.09968,
  "ENSOUSDT": 1.5448,
  "ETHFIUSDT": 0.52,
  "IPUSDT": 1.034,
  "ONDOUSDT": 0.2697,
  "TIAUSDT": 0.342,
  "CHZUSDT": 0.03433,
  "BARDUSDT": 0.8327,
  "BTCDOMUSDT": 4990.8,
  "\u5e01\u5b89\u4eba\u751fUSDT": 0.06318,
  "BANUSDT": 0.11019,
  "HUSDT": 0.13398,
  "DASHUSDT": 35.12,
  "SENTUSDT": 0.02317,
  "INJUSDT": 3.206,
  "STABLEUSDT": 0.033684,
  "CCUSDT": 0.17444,
  "0GUSDT": 0.6468,
  "SEIUSDT": 0.0705,
  "ZKUSDT": 0.02007,
  "JUPUSDT": 0.1592,
  "ZAMAUSDT": 0.02432,
  "KAITOUSDT": 0.3222,
  "PENDLEUSDT": 1.2922,
  "ALCHUSDT": 0.08,
  "LDOUSDT": 0.3209,
  "GUAUSDT": 0.22606,
  "MORPHOUSDT": 1.8422,
  "RENDERUSDT": 1.455,
  "LYNUSDT": 0.32413,
  "SKYAIUSDT": 0.04344,
  "PIEVERSEUSDT": 0.5337,
  "UBUSDT": 0.04618,
  "BANANAS31USDT": 0.00472,
  "ATUSDT": 0.15742,
  "SANDUSDT": 0.08599,
  "HOMEUSDT": 0.029145,
  "QUSDT": 0.020949,
  "NIGHTUSDT": 0.0594,
  "VVVUSDT": 4.163,
  "CAKEUSDT": 1.3151,
  "BIOUSDT": 0.02446,
  "1000RATSUSDT": 0.04119,
  "ZENUSDT": 5.649,
  "GPSUSDT": 0.009182,
  "DUSKUSDT": 0.09173,
  "ALGOUSDT": 0.0904,
  "MYXUSDT": 0.378,
  "STRKUSDT": 0.04431,
  "GUNUSDT": 0.03059,
  "DENTUSDT": 0.000266,
  "BULLAUSDT": 0.01707,
  "HANAUSDT": 0.03506,
  "GIGGLEUSDT": 26.25,
  "AEROUSDT": 0.3789,
  "ALLOUSDT": 0.10972,
  "USDCUSDT": 0.999405,
  "GALAUSDT": 0.00378,
  "MUSDT": 1.3565,
  "AZTECUSDT": 0.02478,
  "BTRUSDT": 0.18256,
  "APEUSDT": 0.1062,
  "SKYUSDT": 0.07017,
  "JTOUSDT": 0.2863,
  "OPNUSDT": 0.5538,
  "BUSDT": 0.1366,
  "LAUSDT": 0.2391,
  "COLLECTUSDT": 0.05426,
  "TRADOORUSDT": 1.447,
  "ZILUSDT": 0.00422,
  "MSTRUSDT": 134.7,
  "XPINUSDT": 0.001587,
  "METUSDT": 0.1812,
  "SYRUPUSDT": 0.23553,
  "EIGENUSDT": 0.2004,
  "FOGOUSDT": 0.02809,
  "B2USDT": 0.7403,
  "BEAMXUSDT": 0.001993,
  "\u6211\u8e0f\u9a6c\u6765\u4e86USDT": 0.012725,
  "ROSEUSDT": 0.01277,
  "VETUSDT": 0.007685,
  "PYTHUSDT": 0.05268,
  "HUMAUSDT": 0.011724,
  "ORCAUSDT": 0.919,
  "GWEIUSDT": 0.030497,
  "AVNTUSDT": 0.1797,
  "SKRUSDT": 0.020965,
  "TSLAUSDT": 415.22,
  "ORDIUSDT": 2.493,
  "JELLYJELLYUSDT": 0.06283,
  "NEOUSDT": 2.794,
  "SNXUSDT": 0.36,
  "LINEAUSDT": 0.003185,
  "MOVEUSDT": 0.02215,
  "ZKPUSDT": 0.08688,
  "DYDXUSDT": 0.099,
  "CRCLUSDT": 83.53,
  "NXPCUSDT": 0.2711,
  "AWEUSDT": 0.05254,
  "ESPORTSUSDT": 0.32627,
  "SUSDT": 0.04173,
  "SOMIUSDT": 0.2115,
  "FORMUSDT": 0.1966,
  "XTZUSDT": 0.394,
  "COMPUSDT": 18.55,
  "AXLUSDT": 0.05628,
  "CYBERUSDT": 0.5463,
  "PNUTUSDT": 0.04705,
  "LPTUSDT": 2.347,
  "AUCTIONUSDT": 4.956,
  "STXUSDT": 0.2603,
  "RAVEUSDT": 0.29596,
  "1000FLOKIUSDT": 0.0298,
  "ARUSDT": 1.715,
  "MEUSDT": 0.1204,
  "ENSUSDT": 6.417,
  "AGLDUSDT": 0.276,
  "STGUSDT": 0.1374,
  "TRIAUSDT": 0.02117,
  "1000LUNCUSDT": 0.03611,
  "CYSUSDT": 0.3664,
  "API3USDT": 0.3017,
  "JASMYUSDT": 0.006025,
  "YGGUSDT": 0.04049,
  "SPXUSDT": 0.3243,
  "BEATUSDT": 0.2053,
  "TRBUSDT": 14.785,
  "WUSDT": 0.0195,
  "DEXEUSDT": 3.512,
  "PLUMEUSDT": 0.00948,
  "IMXUSDT": 0.1698,
  "RESOLVUSDT": 0.06276,
  "WETUSDT": 0.10714,
  "VANAUSDT": 1.473,
  "USELESSUSDT": 0.04241,
  "EULUSDT": 1.056,
  "UAIUSDT": 0.2456,
  "2ZUSDT": 0.07796,
  "BANKUSDT": 0.03862,
  "CLOUSDT": 0.09184,
  "EDUUSDT": 0.1121,
  "ATHUSDT": 0.005198,
  "MERLUSDT": 0.04488,
  "INITUSDT": 0.07799,
  "AKEUSDT": 0.0003163,
  "MANAUSDT": 0.0982,
  "CFXUSDT": 0.0508,
  "STEEMUSDT": 0.06281,
  "NMRUSDT": 8.01,
  "IOTAUSDT": 0.0702,
  "FLOWUSDT": 0.03677,
  "GRTUSDT": 0.02718,
  "OGUSDT": 3.021,
  "SPACEUSDT": 0.008731,
  "JSTUSDT": 0.046581,
  "WCTUSDT": 0.05949,
  "TAUSDT": 0.03782,
  "MMTUSDT": 0.1222,
  "COAIUSDT": 0.3176,
  "QNTUSDT": 63.82,
  "AGTUSDT": 0.005007,
  "KASUSDT": 0.0315,
  "MOODENGUSDT": 0.05222,
  "LRCUSDT": 0.03475,
  "LIGHTUSDT": 0.2138,
  "SPKUSDT": 0.02103,
  "RUNEUSDT": 0.4143,
  "ZRXUSDT": 0.1114,
  "SFPUSDT": 0.2622,
  "TAGUSDT": 0.0003512,
  "NAORISUSDT": 0.03022,
  "KERNELUSDT": 0.08831,
  "1INCHUSDT": 0.0951,
  "4USDT": 0.0081,
  "THETAUSDT": 0.196,
  "ARKMUSDT": 0.1124,
  "ZORAUSDT": 0.01935,
  "KAIAUSDT": 0.05636,
  "COWUSDT": 0.2194,
  "NEIROUSDT": 7.12e-05,
  "IOUSDT": 0.1153,
  "GRASSUSDT": 0.2026,
  "BREVUSDT": 0.1414,
  "RPLUSDT": 1.978,
  "FIGHTUSDT": 0.007566,
  "LUNA2USDT": 0.06346,
  "KSMUSDT": 5.179,
  "EGLDUSDT": 4.533,
  "SIGNUSDT": 0.02328,
  "YFIUSDT": 2767.0,
  "BIRBUSDT": 0.1571,
  "BATUSDT": 0.1163,
  "PTBUSDT": 0.001196,
  "AIAUSDT": 0.08964,
  "XPTUSDT": 2304.9,
  "KGENUSDT": 0.18482,
  "FHEUSDT": 0.02818,
  "XNYUSDT": 0.005617,
  "PEOPLEUSDT": 0.00671,
  "AUSDT": 0.0821,
  "POPCATUSDT": 0.04995,
  "GASUSDT": 1.597,
  "BSVUSDT": 16.26,
  "MEGAUSDT": 0.13162,
  "HOLOUSDT": 0.05829,
  "IDOLUSDT": 0.02224,
  "ANIMEUSDT": 0.004856,
  "OPENUSDT": 0.1494,
  "SUSHIUSDT": 0.2104,
  "TWTUSDT": 0.5001,
  "VELVETUSDT": 0.0865,
  "BOMEUSDT": 0.0003997,
  "SAHARAUSDT": 0.01503,
  "BLUAIUSDT": 0.005193,
  "ACTUSDT": 0.01415,
  "TSTUSDT": 0.00991,
  "AINUSDT": 0.0469,
  "GMTUSDT": 0.01173,
  "AVAAIUSDT": 0.00766,
  "SWARMSUSDT": 0.00715,
  "PROVEUSDT": 0.2873,
  "MAGICUSDT": 0.06411,
  "VELODROMEUSDT": 0.01664,
  "MINAUSDT": 0.05943,
  "FOLKSUSDT": 1.168,
  "AIXBTUSDT": 0.02026,
  "TURBOUSDT": 0.0010369,
  "TNSRUSDT": 0.04878,
  "YBUSDT": 0.1576,
  "BABYUSDT": 0.01244,
  "SOPHUSDT": 0.009463,
  "ACHUSDT": 0.007246,
  "SAPIENUSDT": 0.09518,
  "TUTUSDT": 0.01035,
  "MANTAUSDT": 0.06462,
  "AIOUSDT": 0.07613,
  "MEMEUSDT": 0.0006365,
  "ZBTUSDT": 0.07129,
  "CATIUSDT": 0.03853,
  "STOUSDT": 0.05736,
  "NOMUSDT": 0.004117,
  "GRIFFAINUSDT": 0.00931,
  "UMAUSDT": 0.456,
  "LAYERUSDT": 0.0853,
  "BLURUSDT": 0.02064,
  "SUPERUSDT": 0.1136,
  "SOONUSDT": 0.1665,
  "NILUSDT": 0.04829,
  "FUSDT": 0.005675,
  "TRUTHUSDT": 0.009744,
  "CVXUSDT": 1.886,
  "MASKUSDT": 0.4358,
  "SONICUSDT": 0.0487,
  "ICNTUSDT": 0.3942,
  "XVGUSDT": 0.005898,
  "STBLUSDT": 0.03973,
  "ASRUSDT": 1.378,
  "MUBARAKUSDT": 0.01403,
  "SUNUSDT": 0.016194,
  "KOMAUSDT": 0.00827,
  "TAKEUSDT": 0.01951,
  "ALTUSDT": 0.00763,
  "RAREUSDT": 0.01874,
  "CELOUSDT": 0.079,
  "DAMUSDT": 0.02468,
  "EDENUSDT": 0.03328,
  "SOLVUSDT": 0.00438,
  "INUSDT": 0.06783,
  "KMNOUSDT": 0.02266,
  "MELANIAUSDT": 0.1126,
  "GLMUSDT": 0.14756,
  "C98USDT": 0.0242,
  "ERAUSDT": 0.1446,
  "ANKRUSDT": 0.004355,
  "CTSIUSDT": 0.0245,
  "BELUSDT": 0.0973,
  "SANTOSUSDT": 1.485,
  "ONTUSDT": 0.0424,
  "DRIFTUSDT": 0.0839,
  "RAYSOLUSDT": 0.6212,
  "GMXUSDT": 7.05,
  "ARPAUSDT": 0.00968,
  "FRAXUSDT": 0.674,
  "ZKCUSDT": 0.0843,
  "STORJUSDT": 0.0958,
  "DEGOUSDT": 0.3196,
  "BASUSDT": 0.006373,
  "WOOUSDT": 0.01724,
  "WALUSDT": 0.0791,
  "ELSAUSDT": 0.09039,
  "ARIAUSDT": 0.07693,
  "POLYXUSDT": 0.04276,