{
  "BTCUSDT": 66971.2,
  "ETHUSDT": 1936.59,
  "ETH/USDCUSDT": 1916.57,
  "BTC/USDCUSDT": 66103.4,
  "SOLUSDT": 80.09,
  "XAGUSDT": 77.98,
  "XRPUSDT": 1.3869,
  "XAUUSDT": 4998.46,
  "BTC/USDUSDT": 66918.1,
  "ETH/USDUSDT": 1936.82,
  "DOGEUSDT": 0.09623,
  "RIVERUSDT": 8.206,
  "ESPUSDT": 0.07374,
  "BNBUSDT": 598.21,
  "ZECUSDT": 259.01,
  "WLFIUSDT": 0.1166,
  "PIPPINUSDT": 0.50164,
  "1000PEPEUSDT": 0.0041582,
  "SOL/USDCUSDT": 80.08,
  "NAORISUSDT": 0.04479,
  "HYPEUSDT": 28.38,
  "ORCAUSDT": 1.109,
  "OPUSDT": 0.1389,
  "INJUSDT": 3.105,
  "SUIUSDT": 0.9029,
  "SPACEUSDT": 0.010127,
  "BCHUSDT": 549.61,
  "ADAUSDT": 0.2685,
  "XRP/USDCUSDT": 1.3864,
  "PAXGUSDT": 5001.91,
  "AVAXUSDT": 8.783,
  "ASTERUSDT": 0.6845,
  "TAOUSDT": 174.87,
  "LINKUSDT": 8.398,
  "FILUSDT": 0.9,
  "AWEUSDT": 0.06547,
  "ENSOUSDT": 1.5413,
  "SIRENUSDT": 0.22182,
  "RAVEUSDT": 0.51344,
  "VVVUSDT": 3.619,
  "POWERUSDT": 0.37761,
  "LTCUSDT": 51.74,
  "UNIUSDT": 3.326,
  "MYXUSDT": 0.827,
  "SOL/USDUSDT": 79.56,
  "OMUSDT": 0.06302,
  "DOTUSDT": 1.267,
  "CYBERUSDT": 0.57,
  "PUMPUSDT": 0.002028,
  "AAVEUSDT": 121.96,
  "KITEUSDT": 0.23506,
  "NEARUSDT": 0.988,
  "ARBUSDT": 0.0987,
  "ENAUSDT": 0.1074,
  "ZAMAUSDT": 0.01956,
  "AXSUSDT": 1.199,
  "ATOMUSDT": 2.297,
  "WIFUSDT": 0.2146,
  "BNB/USDCUSDT": 598.7,
  "WLDUSDT": 0.3689,
  "SNXUSDT": 0.33,
  "APTUSDT": 0.845,
  "XRP/USDUSDT": 1.3978,
  "TRUMPUSDT": 3.388,
  "TRXUSDT": 0.28146,
  "1000SHIBUSDT": 0.006153,
  "BERAUSDT": 0.5643,
  "PENGUUSDT": 0.006542,
  "DOGE/USDUSDT": 0.0962,
  "RPLUSDT": 2.273,
  "RECALLUSDT": 0.05665,
  "IRUSDT": 0.09639,
  "FARTCOINUSDT": 0.1785,
  "INITUSDT": 0.09879,
  "JTOUSDT": 0.2836,
  "ZROUSDT": 1.403,
  "BNB/USDUSDT": 600.76,
  "CRVUSDT": 0.235,
  "STABLEUSDT": 0.02896,
  "XLMUSDT": 0.15792,
  "DOGE/USDCUSDT": 0.0962,
  "\u5e01\u5b89\u4eba\u751fUSDT": 0.0836,
  "VIRTUALUSDT": 0.6053,
  "ICPUSDT": 2.151,
  "HBARUSDT": 0.09658,
  "XMRUSDT": 327.59,
  "DUSKUSDT": 0.08349,
  "DASHUSDT": 34.28,
  "BEATUSDT": 0.2519,
  "LITUSDT": 1.484,
  "GUNUSDT": 0.02841,
  "SENTUSDT": 0.02057,
  "MUBARAKUSDT": 0.01623,
  "RENDERUSDT": 1.366,
  "TSLAUSDT": 414.23,
  "GPSUSDT": 0.013379,
  "TONUSDT": 1.3626,
  "1000BONKUSDT": 0.006059,
  "\u6211\u8e0f\u9a6c\u6765\u4e86USDT": 0.014747,
  "ETCUSDT": 8.183,
  "XPLUSDT": 0.0898,
  "JELLYJELLYUSDT": 0.07376,
  "IPUSDT": 1.077,
  "ETH/BTCUSDT": 1917.41388,
  "ZEC/USDCUSDT": 258.85,
  "PROMUSDT": 1.336,
  "LYNUSDT": 0.28012,
  "USELESSUSDT": 0.03876,
  "LIGHTUSDT": 0.2546,
  "MOODENGUSDT": 0.0547,
  "POLUSDT": 0.10433,
  "JUPUSDT": 0.1498,
  "MONUSDT": 0.02037,
  "APEUSDT": 0.1092,
  "TIAUSDT": 0.3134,
  "SEIUSDT": 0.0697,
  "ONDOUSDT": 0.2562,
  "GALAUSDT": 0.00372,
  "HUSDT": 0.15971,
  "FETUSDT": 0.1592,
  "ROSEUSDT": 0.01244,
  "LUNA2USDT": 0.06298,
  "SUI/USDCUSDT": 0.9026,
  "0GUSDT": 0.5957,
  "ALLOUSDT": 0.10727,
  "ARCUSDT": 0.07838,
  "DYDXUSDT": 0.096,
  "BASUSDT": 0.005933,
  "1000PEPE/USDCUSDT": 0.004157,
  "CLOUSDT": 0.08312,
  "BCH/USDCUSDT": 549.44,
  "SPXUSDT": 0.3162,
  "MITOUSDT": 0.04068,
  "AZTECUSDT": 0.01916,
  "TRIAUSDT": 0.01551,
  "MUSDT": 1.3694,
  "ZILUSDT": 0.00393,
  "ALGOUSDT": 0.0879,
  "PENDLEUSDT": 1.1549,
  "FOGOUSDT": 0.02358,
  "ADA/USDUSDT": 0.2684,
  "ACEUSDT": 0.1572,
  "TRUTHUSDT": 0.010272,
  "BANUSDT": 0.12174,
  "WLFI/USDCUSDT": 0.1166,
  "SANDUSDT": 0.07984,
  "SONICUSDT": 0.05091,
  "LDOUSDT": 0.3168,
  "HOODUSDT": 74.74,
  "SOMIUSDT": 0.1943,
  "STEEMUSDT": 0.05013,
  "SPORTFUNUSDT": 0.03329,
  "CHZUSDT": 0.03773,
  "CAKEUSDT": 1.2485,
  "MERLUSDT": 0.05115,
  "BIRBUSDT": 0.16384,
  "XNYUSDT": 0.005077,
  "ZENUSDT": 5.662,
  "NEIROUSDT": 7.13e-05,
  "ETHFIUSDT": 0.4539,
  "BTRUSDT": 0.18206,
  "COMPUSDT": 17.76,
  "ADA/USDCUSDT": 0.2685,
  "MEUSDT": 0.1228,
  "LINEAUSDT": 0.003268,
  "SUI/USDUSDT": 0.9025,
  "CCUSDT": 0.15671,
  "ENSUSDT": 6.345,
  "ZKPUSDT": 0.09077,
  "ZKUSDT": 0.01959,
  "EIGENUSDT": 0.1893,
  "EULUSDT": 0.876,
  "1000LUNCUSDT": 0.03438,
  "MORPHOUSDT": 1.3586,
  "NILUSDT": 0.05244,
  "GIGGLEUSDT": 28.6,
  "TAKEUSDT": 0.02535,
  "MOVEUSDT": 0.02283,
  "ORDIUSDT": 2.55,
  "STRKUSDT": 0.04423,
  "SUSDT": 0.04158,
  "PYTHUSDT": 0.05162,
  "1000FLOKIUSDT": 0.02957,
  "LAUSDT": 0.1986,
  "AVNTUSDT": 0.1777,
  "FIL/USDCUSDT": 0.901,
  "SKRUSDT": 0.018379,
  "FIGHTUSDT": 0.006278,
  "APRUSDT": 0.10811,
  "ARB/USDCUSDT": 0.0988,
  "NIGHTUSDT": 0.06031,
  "HUMAUSDT": 0.012965,
  "SKYUSDT": 0.06257,
  "STGUSDT": 0.1212,
  "C98USDT": 0.0272,
  "LINK/USDCUSDT": 8.396,
  "AVAX/USDCUSDT": 8.781,
  "FHEUSDT": 0.03928,
  "VANAUSDT": 1.38,
  "ENA/USDCUSDT": 0.1074,
  "BIOUSDT": 0.02213,
  "VETUSDT": 0.007637,
  "AEROUSDT": 0.309,
  "LINK/USDUSDT": 8.395,
  "PLAYUSDT": 0.01885,
  "CRCLUSDT": 60.49,
  "VELVETUSDT": 0.07915,
  "TRBUSDT": 14.745,
  "KSMUSDT": 4.479,
  "MSTRUSDT": 124.1,
  "OP/USDUSDT": 0.1388,
  "XTZUSDT": 0.374,
  "XPTUSDT": 2079.0,
  "OGUSDT": 3.363,
  "STXUSDT": 0.2454,
  "CYSUSDT": 0.4514,
  "BULLAUSDT": 0.02601,
  "COLLECTUSDT": 0.06385,
  "SYRUPUSDT": 0.22645,
  "IRYSUSDT": 0.02584,
  "TURBOUSDT": 0.0010094,
  "JASMYUSDT": 0.005539,
  "ARUSDT": 1.882,
  "TNSRUSDT": 0.04778,
  "FLOWUSDT": 0.03507,
  "KGENUSDT": 0.18382,
  "PTBUSDT": 0.001356,
  "PNUTUSDT": 0.04669,
  "BREVUSDT": 0.123,
  "COINUSDT": 162.5,
  "RAYSOLUSDT": 0.6176,
  "WUSDT": 0.01902,
  "LABUSDT": 0.15718,
  "AUCTIONUSDT": 4.836,
  "BCH/USDUSDT": 549.49,
  "ZORAUSDT": 0.02052,
  "IOTAUSDT": 0.0675,
  "ZKCUSDT": 0.0884,
  "LSKUSDT": 0.1495,
  "MMTUSDT": 0.1268,
  "ARKMUSDT": 0.1071,
  "PEOPLEUSDT": 0.00666,
  "INTCUSDT": 44.71,
  "MANAUSDT": 0.0945,
  "CFXUSDT": 0.05007,
  "LTC/USDCUSDT": 51.73,
  "XPDUSDT": 1686.96,
  "NOMUSDT": 0.00514,
  "LPTUSDT": 2.29,
  "QNTUSDT": 65.64,
  "MAVUSDT": 0.01569,
  "UAIUSDT": 0.2374,
  "JCTUSDT": 0.001636,
  "MAGICUSDT": 0.0675,
  "ICNTUSDT": 0.3807,
  "THETAUSDT": 0.1898,
  "BOMEUSDT": 0.0004068,
  "AIAUSDT": 0.1032,
  "GRTUSDT": 0.02612,
  "KAITOUSDT": 0.2944,
  "COWUSDT": 0.1853,
  "METUSDT": 0.209,
  "RUNEUSDT": 0.3924,
  "FUSDT": 0.005801,
  "BARDUSDT": 0.7662,
  "RESOLVUSDT": 0.05763,
  "GWEIUSDT": 0.026492,
  "ACUUSDT": 0.10356,
  "GMTUSDT": 0.01164,
  "PLTRUSDT": 134.56,
  "WIF/USDCUSDT": 0.2145,
  "LQTYUSDT": 0.2812,
  "CRV/USDCUSDT": 0.235,
  "KASUSDT": 0.02972,
  "DEEPUSDT": 0.02627,
  "BANANAS31USDT": 0.00439,
  "ONTUSDT": 0.0436,
  "TOWNSUSDT": 0.00365,
  "FFUSDT": 0.07887,
  "TURTLEUSDT": 0.0407,
  "VANRYUSDT": 0.005768,
  "NEAR/USDCUSDT": 0.988,
  "AXLUSDT": 0.0546,
  "MEMEUSDT": 0.0006595,
  "WETUSDT": 0.07456,
  "OPENUSDT": 0.1496,
  "MINAUSDT": 0.06146,
  "XPINUSDT": 0.00197,
  "YFIUSDT": 2766.0,
  "SUPERUSDT": 0.1214,
  "ZBTUSDT": 0.07044,
  "SWARMSUSDT": 0.00696,
  "2ZUSDT": 0.06914,
  "FIL/USDUSDT": 0.901,
  "PLUMEUSDT": 0.00988,
  "TOSHIUSDT": 0.0002048,
  "FOLKSUSDT": 1.368,
  "FRAXUSDT": 0.6602,
  "AIXBTUSDT": 0.01953,
  "AVAX/USDUSDT": 8.78,
  "MIRAUSDT": 0.0837,
  "IMXUSDT": 0.1553,
  "EGLDUSDT": 4.38,
  "CLANKERUSDT": 31.21,
  "AAVE/USDCUSDT": 121.83,
  "IOUSDT": 0.1078,
  "BOBUSDT": 0.005466,
  "ACHUSDT": 0.007308,
  "WCTUSDT": 0.05812,
  "POPCATUSDT": 0.04846,
  "UNI/USDUSDT": 3.324,
  "MASKUSDT": 0.4373,
  "LTC/USDUSDT": 51.73,
  "ELSAUSDT": 0.07056,
  "PENGU/USDCUSDT": 0.00654,
  "LRCUSDT": 0.03191,
  "BANKUSDT": 0.04173,
  "CVXUSDT": 1.937,
  "SAGAUSDT": 0.03099,
  "RLSUSDT": 0.005111,
  "API3USDT": 0.2926,
  "STORJUSDT": 0.094,
  "AUSDT": 0.0792,
  "DOLOUSDT": 0.03449,
  "SUSHIUSDT": 0.1967,
  "SSVUSDT": 3.027,
  "KAIAUSDT": 0.0546,
  "WOOUSDT": 0.01634,
  "TRUMP/USDCUSDT": 3.384,
  "BLESSUSDT": 0.005447,
  "RVNUSDT": 0.00596,
  "NEOUSDT": 2.655,
  "ATUSDT": 0.15984,
  "COAIUSDT": 0.323,
  "TRADOORUSDT": 1.453,
  "BTCDOMUSDT": 5124.1,
  "1INCHUSDT": 0.0903,
  "LAYERUSDT": 0.0823,
  "ALICEUSDT": 0.103,
  "PIEVERSEUSDT": 0.3996,
  "IP/USDCUSDT": 1.076,
  "UMAUSDT": 0.4674,
  "USDCUSDT": 0.999802,
  "TWTUSDT": 0.5197,
  "SOPHUSDT": 0.009097,
  "1000RATSUSDT": 0.04711,
  "ALTUSDT": 0.00783,
  "XVGUSDT": 0.005868,
  "FIDAUSDT": 0.01742,
  "MANTAUSDT": 0.07077,