{
  "WLFIUSDT": 0.1236,
  "SIRENUSDT": 0.22853,
  "NAORISUSDT": 0.04569,
  "XNYUSDT": 0.00629,
  "ESPUSDT": 0.07615,
  "RIVERUSDT": 9.123,
  "WLFI/USDCUSDT": 0.1233,
  "MELANIAUSDT": 0.1244,
  "ATOMUSDT": 2.315,
  "FOGOUSDT": 0.02553,
  "CYBERUSDT": 0.6885,
  "PLAYUSDT": 0.02287,
  "PIEVERSEUSDT": 0.4235,
  "CLOUSDT": 0.08661,
  "CARVUSDT": 0.06445,
  "CRCLUSDT": 62.04,
  "BASUSDT": 0.00643,
  "TURTLEUSDT": 0.04212,
  "1000SATSUSDT": 1.15e-05,
  "AZTECUSDT": 0.01887
}