{
  "BTCUSDT": 73154.9,
  "ETHUSDT": 2154.17,
  "SOLUSDT": 92.35,
  "XRPUSDT": 1.4475,
  "BNBUSDT": 660.68,
  "DOGEUSDT": 0.10253,
  "XAUUSDT": 5142.4,
  "BCHUSDT": 469.02,
  "PAXGUSDT": 5154.37,
  "HYPEUSDT": 31.887,
  "ZECUSDT": 247.61,
  "XAGUSDT": 83.62,
  "WLFIUSDT": 0.1077,
  "TRXUSDT": 0.28766,
  "UNIUSDT": 3.997,
  "SUIUSDT": 0.9736,
  "ADAUSDT": 0.2807,
  "AVAXUSDT": 9.571,
  "1000PEPEUSDT": 0.0037027,
  "LINKUSDT": 9.462,
  "ASTERUSDT": 0.7225,
  "LTCUSDT": 57.26,
  "PUMPUSDT": 0.002095,
  "ENAUSDT": 0.1193,
  "NEARUSDT": 1.319,
  "AAVEUSDT": 117.08,
  "WLDUSDT": 0.4285,
  "DOTUSDT": 1.543,
  "XPLUSDT": 0.1148,
  "FILUSDT": 1.031,
  "1000SHIBUSDT": 0.005754,
  "RIVERUSDT": 20.313,
  "TAOUSDT": 189.42,
  "TRUMPUSDT": 3.466,
  "LITUSDT": 1.359,
  "ZROUSDT": 1.9992,
  "PIPPINUSDT": 0.35424,
  "KITEUSDT": 0.22729,
  "APTUSDT": 1.0194,
  "TONUSDT": 1.3186,
  "HBARUSDT": 0.10187,
  "HUSDT": 0.12481,
  "ATOMUSDT": 1.892,
  "XMRUSDT": 357.29,
  "XLMUSDT": 0.1621,
  "ARBUSDT": 0.1059,
  "WIFUSDT": 0.2169,
  "BERAUSDT": 0.5546,
  "MONUSDT": 0.02298,
  "ICPUSDT": 2.537,
  "CRVUSDT": 0.259,
  "VIRTUALUSDT": 0.7648,
  "PENGUUSDT": 0.007326,
  "FETUSDT": 0.1568,
  "FFUSDT": 0.07346,
  "AXSUSDT": 1.232,
  "OPUSDT": 0.1297,
  "ARCUSDT": 0.03974,
  "ETCUSDT": 8.942,
  "CCUSDT": 0.1549,
  "POLUSDT": 0.10484,
  "VVVUSDT": 6.471,
  "1000BONKUSDT": 0.006348,
  "ONDOUSDT": 0.2723,
  "BTCDOMUSDT": 5193.5,
  "ETHFIUSDT": 0.5435,
  "BARDUSDT": 1.0448,
  "FARTCOINUSDT": 0.176,
  "SAHARAUSDT": 0.02869,
  "IPUSDT": 0.869,
  "PARTIUSDT": 0.08652,
  "TIAUSDT": 0.3404,
  "CHZUSDT": 0.03708,
  "BANUSDT": 0.11156,
  "POWERUSDT": 0.16129,
  "\u5e01\u5b89\u4eba\u751fUSDT": 0.06244,
  "SEIUSDT": 0.07062,
  "DASHUSDT": 35.49,
  "SIRENUSDT": 0.37218,
  "ENSOUSDT": 1.3085,
  "SENTUSDT": 0.02122,
  "JUPUSDT": 0.1922,
  "INJUSDT": 3.147,
  "KAITOUSDT": 0.3618,
  "0GUSDT": 0.6185,
  "BUSDT": 0.2249,
  "PHAUSDT": 0.04868,
  "1000RATSUSDT": 0.05115,
  "ESPUSDT": 0.11863,
  "RENDERUSDT": 1.435,
  "GUAUSDT": 0.27067,
  "STABLEUSDT": 0.028966,
  "FORMUSDT": 0.3167,
  "LDOUSDT": 0.3223,
  "BANANAS31USDT": 0.005162,
  "SIGNUSDT": 0.03073,
  "PENDLEUSDT": 1.3147,
  "ROBOUSDT": 0.04383,
  "ALCHUSDT": 0.07953,
  "ZKUSDT": 0.01912,
  "ZAMAUSDT": 0.01932,
  "MANTRAUSDT": 0.02355,
  "MORPHOUSDT": 1.8975,
  "GIGGLEUSDT": 31.21,
  "JELLYJELLYUSDT": 0.08494,
  "SKYAIUSDT": 0.03826,
  "PIEVERSEUSDT": 0.5445,
  "BIOUSDT": 0.02167,
  "ATUSDT": 0.15637,
  "CAKEUSDT": 1.4194,
  "GWEIUSDT": 0.041662,
  "CRCLUSDT": 105.44,
  "SANDUSDT": 0.08772,
  "HOMEUSDT": 0.029136,
  "ZENUSDT": 5.861,
  "SKYUSDT": 0.07617,
  "BULLAUSDT": 0.02602,
  "ALLOUSDT": 0.11819,
  "NIGHTUSDT": 0.06236,
  "STRKUSDT": 0.04141,
  "GALAUSDT": 0.00365,
  "ALGOUSDT": 0.0897,
  "STGUSDT": 0.1761,
  "MSTRUSDT": 146.07,
  "MUSDT": 1.3804,
  "LYNUSDT": 0.29507,
  "MYXUSDT": 0.323,
  "HANAUSDT": 0.03481,
  "EIGENUSDT": 0.1989,
  "OPNUSDT": 0.5253,
  "AEROUSDT": 0.3672,
  "BTRUSDT": 0.18023,
  "TSLAUSDT": 404.94,
  "APEUSDT": 0.1053,
  "HUMAUSDT": 0.013911,
  "AZTECUSDT": 0.02343,
  "GPSUSDT": 0.00885,
  "USDCUSDT": 0.999211,
  "SYRUPUSDT": 0.24755,
  "TRADOORUSDT": 1.513,
  "GUNUSDT": 0.02017,
  "QUSDT": 0.014155,
  "ATHUSDT": 0.00661,
  "ZILUSDT": 0.00437,
  "BEAMXUSDT": 0.001967,
  "DUSKUSDT": 0.0882,
  "NEOUSDT": 2.703,
  "JTOUSDT": 0.2776,
  "ORDIUSDT": 2.579,
  "1000LUNCUSDT": 0.0451,
  "B2USDT": 0.6987,
  "XPINUSDT": 0.001364,
  "PYTHUSDT": 0.05118,
  "XTZUSDT": 0.391,
  "VETUSDT": 0.00752,
  "DYDXUSDT": 0.099,
  "METUSDT": 0.1777,
  "UBUSDT": 0.03357,
  "TAUSDT": 0.04949,
  "BEATUSDT": 0.2811,
  "AVNTUSDT": 0.1751,
  "NXPCUSDT": 0.2768,
  "MOVEUSDT": 0.02285,
  "1000FLOKIUSDT": 0.02991,
  "COMPUSDT": 18.32,
  "ROSEUSDT": 0.01227,
  "PNUTUSDT": 0.04868,
  "LAUSDT": 0.2139,
  "CYSUSDT": 0.3805,
  "FOGOUSDT": 0.02295,
  "ENSUSDT": 6.354,
  "\u6211\u8e0f\u9a6c\u6765\u4e86USDT": 0.010866,
  "SUSDT": 0.04275,
  "LINEAUSDT": 0.003262,
  "AIXBTUSDT": 0.02997,
  "SPXUSDT": 0.3601,
  "ESPORTSUSDT": 0.29863,
  "COLLECTUSDT": 0.03963,
  "SNXUSDT": 0.333,
  "ZKPUSDT": 0.08898,
  "TRBUSDT": 15.099,
  "KAVAUSDT": 0.0592,
  "RAVEUSDT": 0.37066,
  "TAGUSDT": 0.000424,
  "LPTUSDT": 2.396,
  "USELESSUSDT": 0.04749,
  "ARUSDT": 1.709,
  "AGLDUSDT": 0.2326,
  "BANKUSDT": 0.0415,
  "GRASSUSDT": 0.2922,
  "4USDT": 0.0096,
  "ORCAUSDT": 0.9,
  "AUCTIONUSDT": 4.833,
  "SKRUSDT": 0.022484,
  "WETUSDT": 0.11625,
  "JASMYUSDT": 0.005858,
  "TRIAUSDT": 0.01816,
  "EULUSDT": 1.156,
  "STXUSDT": 0.2692,
  "PLUMEUSDT": 0.00974,
  "RESOLVUSDT": 0.06292,
  "MANAUSDT": 0.1005,
  "CFXUSDT": 0.05134,
  "WUSDT": 0.01915,
  "AGTUSDT": 0.005998,
  "IOTAUSDT": 0.069,
  "IMXUSDT": 0.1612,
  "DEXEUSDT": 3.604,
  "DENTUSDT": 0.000259,
  "MOODENGUSDT": 0.05263,
  "JSTUSDT": 0.046052,
  "MEUSDT": 0.1159,
  "COAIUSDT": 0.3252,
  "PEOPLEUSDT": 0.00719,
  "SOMIUSDT": 0.1962,
  "FLOWUSDT": 0.03487,
  "CYBERUSDT": 0.5588,
  "RUNEUSDT": 0.4399,
  "GRTUSDT": 0.02695,
  "YGGUSDT": 0.03957,
  "EDUUSDT": 0.104,
  "WCTUSDT": 0.06048,
  "NMRUSDT": 7.841,
  "THETAUSDT": 0.2002,
  "PTBUSDT": 0.001185,
  "KGENUSDT": 0.22284,
  "SFPUSDT": 0.2781,
  "AWEUSDT": 0.05155,
  "QNTUSDT": 65.79,
  "KASUSDT": 0.03177,
  "MERLUSDT": 0.04205,
  "NEIROUSDT": 7.17e-05,
  "SPKUSDT": 0.02003,
  "API3USDT": 0.2895,
  "MMTUSDT": 0.1181,
  "2ZUSDT": 0.07402,
  "INITUSDT": 0.07912,
  "1INCHUSDT": 0.1004,
  "LIGHTUSDT": 0.1872,
  "MEMEUSDT": 0.0006401,
  "AXLUSDT": 0.0554,
  "LAYERUSDT": 0.0888,
  "ZRXUSDT": 0.1084,
  "NAORISUSDT": 0.0311,
  "COWUSDT": 0.2443,
  "ARKMUSDT": 0.1119,
  "CLOUSDT": 0.0708,
  "SPACEUSDT": 0.007466,
  "EGLDUSDT": 4.315,
  "FOLKSUSDT": 1.205,
  "BIRBUSDT": 0.14813,
  "BREVUSDT": 0.1465,
  "USUALUSDT": 0.01613,
  "VANAUSDT": 1.461,
  "IOUSDT": 0.1145,
  "ZORAUSDT": 0.01747,
  "KAIAUSDT": 0.05492,
  "POPCATUSDT": 0.05223,
  "AKEUSDT": 0.0002511,
  "PROVEUSDT": 0.2799,
  "BOMEUSDT": 0.0004251,
  "YFIUSDT": 2751.0,
  "TSTUSDT": 0.01007,
  "STEEMUSDT": 0.05894,
  "SWARMSUSDT": 0.007346,
  "TWTUSDT": 0.5061,
  "GMTUSDT": 0.01196,
  "SUSHIUSDT": 0.2108,
  "LRCUSDT": 0.03187,
  "TURBOUSDT": 0.0010258,
  "SOPHUSDT": 0.008703,
  "SUNUSDT": 0.016023,
  "AVAAIUSDT": 0.00795,
  "AUSDT": 0.08,
  "AIAUSDT": 0.0858,
  "HIPPOUSDT": 0.0008344,
  "LUNA2USDT": 0.0658,
  "ACTUSDT": 0.01396,
  "COOKIEUSDT": 0.02255,
  "MEGAUSDT": 0.13716,
  "VELVETUSDT": 0.08602,
  "ANIMEUSDT": 0.004813,
  "OPENUSDT": 0.1461,
  "VELODROMEUSDT": 0.01677,
  "OGUSDT": 2.836,
  "NILUSDT": 0.052,
  "MUBARAKUSDT": 0.01469,
  "CATIUSDT": 0.03993,
  "KNCUSDT": 0.1404,
  "BATUSDT": 0.1048,
  "MIRAUSDT": 0.0895,
  "TUTUSDT": 0.01077,
  "STOUSDT": 0.06022,
  "GASUSDT": 1.655,
  "DAMUSDT": 0.03057,
  "FHEUSDT": 0.02877,
  "MANTAUSDT": 0.06643,
  "BLUAIUSDT": 0.004421,
  "BABYUSDT": 0.01159,
  "SUPERUSDT": 0.1202,
  "AIOUSDT": 0.08136,
  "BSVUSDT": 15.54,
  "TNSRUSDT": 0.04569,
  "AKTUSDT": 0.338,
  "SOONUSDT": 0.1641,
  "ZBTUSDT": 0.07438,
  "MASKUSDT": 0.4714,
  "ALICEUSDT": 0.132,
  "MAGICUSDT": 0.06267,
  "MINAUSDT": 0.05821,
  "RPLUSDT": 1.987,
  "UMAUSDT": 0.4394,
  "KSMUSDT": 4.859,
  "FIOUSDT": 0.00973,
  "FIGHTUSDT": 0.006142,
  "KERNELUSDT": 0.07548,
  "XVGUSDT": 0.005714,
  "FUSDT": 0.005639,
  "SAPIENUSDT": 0.08417,
  "ALTUSDT": 0.007437,
  "KMNOUSDT": 0.02374,
  "BLURUSDT": 0.02017,
  "ASRUSDT": 1.33,
  "INUSDT": 0.0728,
  "NOMUSDT": 0.003593,
  "ONTUSDT": 0.0445,
  "CELOUSDT": 0.08,
  "GMXUSDT": 7.487,
  "1000SATSUSDT": 1.18e-05,
  "ZEREBROUSDT": 0.007415,
  "ENJUSDT": 0.01947,
  "REDUSDT": 0.1426,
  "ANKRUSDT": 0.004312,
  "IOTXUSDT": 0.00534,
  "YBUSDT": 0.1721,
  "STBLUSDT": 0.04071,
  "EDENUSDT": 0.03424,
  "AINUSDT": 0.03815,
  "POLYXUSDT": 0.0426,
  "KOMAUSDT": 0.008133,
  "RSRUSDT": 0.001636,
  "XNYUSDT": 0.00581,
  "TRUTHUSDT": 0.009515,
  "RAYSOLUSDT": 0.6311,
  "SKLUSDT": 0.00689,
  "GLMUSDT": 0.13309,
  "WALUSDT": 0.08081,
  "TAKEUSDT": 0.01919,
  "XPTUSDT": 2165.26,
  "DRIFTUSDT": 0.0888,
  "NEWTUSDT": 0.06905,
  "QTUMUSDT": 0.949,
  "UAIUSDT": 0.2029,
  "ERAUSDT": 0.1435,
  "HOLOUSDT": 0.06058,