{
  "BTCUSDT": 67108.4,
  "ETHUSDT": 2023.8,
  "SOLUSDT": 86.16,
  "XRPUSDT": 1.4147,
  "BNBUSDT": 621.76,
  "DOGEUSDT": 0.09826,
  "BCHUSDT": 487.28,
  "HYPEUSDT": 28.267,
  "XAUUSDT": 5178.08,
  "XAGUSDT": 87.11,
  "PAXGUSDT": 5185.51,
  "WLFIUSDT": 0.1166,
  "ADAUSDT": 0.2898,
  "ZECUSDT": 241.44,
  "TRXUSDT": 0.2858,
  "UNIUSDT": 3.778,
  "SUIUSDT": 0.937,
  "AVAXUSDT": 9.259,
  "PIPPINUSDT": 0.86779,
  "LINKUSDT": 9.071,
  "ASTERUSDT": 0.6979,
  "LTCUSDT": 55.55,
  "1000PEPEUSDT": 0.003877,
  "PUMPUSDT": 0.001785,
  "ENAUSDT": 0.1066,
  "DOTUSDT": 1.582,
  "NEARUSDT": 1.111,
  "AAVEUSDT": 113.86,
  "KITEUSDT": 0.25582,
  "WLDUSDT": 0.3991,
  "FILUSDT": 1.007,
  "TRUMPUSDT": 3.485,
  "LITUSDT": 1.447,
  "XPLUSDT": 0.0963,
  "TAOUSDT": 180.89,
  "POWERUSDT": 1.80721,
  "TONUSDT": 1.2907,
  "1000SHIBUSDT": 0.006004,
  "APTUSDT": 0.9644,
  "ZROUSDT": 1.5446,
  "HBARUSDT": 0.10105,
  "ATOMUSDT": 1.846,
  "RIVERUSDT": 11.67,
  "BERAUSDT": 0.6145,
  "XLMUSDT": 0.1614,
  "ARBUSDT": 0.099,
  "ICPUSDT": 2.403,
  "AXSUSDT": 1.348,
  "XMRUSDT": 337.85,
  "WIFUSDT": 0.2093,
  "MONUSDT": 0.0211,
  "CRVUSDT": 0.252,
  "OPUSDT": 0.1213,
  "ARCUSDT": 0.03335,
  "FETUSDT": 0.1614,
  "PENGUUSDT": 0.006988,
  "ETCUSDT": 8.815,
  "FFUSDT": 0.07884,
  "VIRTUALUSDT": 0.681,
  "1000BONKUSDT": 0.006186,
  "FARTCOINUSDT": 0.1678,
  "ESPUSDT": 0.13668,
  "POLUSDT": 0.11002,
  "ENSOUSDT": 1.5355,
  "PARTIUSDT": 0.09577,
  "IPUSDT": 1.002,
  "ETHFIUSDT": 0.5093,
  "ONDOUSDT": 0.2666,
  "BTCDOMUSDT": 4998.9,
  "TIAUSDT": 0.3403,
  "BANUSDT": 0.11252,
  "BARDUSDT": 0.8223,
  "INJUSDT": 3.163,
  "HUSDT": 0.1334,
  "\u5e01\u5b89\u4eba\u751fUSDT": 0.0625,
  "SENTUSDT": 0.02355,
  "CCUSDT": 0.17146,
  "CHZUSDT": 0.03215,
  "DASHUSDT": 34.38,
  "STABLEUSDT": 0.034086,
  "0GUSDT": 0.6475,
  "SEIUSDT": 0.0703,
  "SIRENUSDT": 0.3686,
  "ZKUSDT": 0.01966,
  "JUPUSDT": 0.1552,
  "ZAMAUSDT": 0.02461,
  "KAITOUSDT": 0.3204,
  "ALCHUSDT": 0.0822,
  "DENTUSDT": 0.000378,
  "GUAUSDT": 0.23848,
  "PENDLEUSDT": 1.2965,
  "LDOUSDT": 0.3146,
  "MORPHOUSDT": 1.8928,
  "LYNUSDT": 0.33097,
  "SKYAIUSDT": 0.0439,
  "PIEVERSEUSDT": 0.5429,
  "1000RATSUSDT": 0.04479,
  "BANANAS31USDT": 0.00473,
  "RENDERUSDT": 1.447,
  "ATUSDT": 0.16001,
  "HOMEUSDT": 0.029397,
  "QUSDT": 0.021592,
  "GPSUSDT": 0.009885,
  "NIGHTUSDT": 0.05951,
  "CRCLUSDT": 89.84,
  "SANDUSDT": 0.08455,
  "BIOUSDT": 0.0225,
  "MYXUSDT": 0.4,
  "CAKEUSDT": 1.3007,
  "UBUSDT": 0.04311,
  "ZENUSDT": 5.522,
  "ALLOUSDT": 0.11329,
  "STRKUSDT": 0.04351,
  "GUNUSDT": 0.03065,
  "DUSKUSDT": 0.09171,
  "GALAUSDT": 0.00375,
  "VVVUSDT": 4.051,
  "BTRUSDT": 0.19405,
  "MUSDT": 1.4047,
  "ALGOUSDT": 0.0886,
  "GIGGLEUSDT": 26.68,
  "HANAUSDT": 0.03483,
  "USDCUSDT": 0.999423,
  "APEUSDT": 0.1066,
  "AZTECUSDT": 0.02355,
  "SKYUSDT": 0.06923,
  "OPNUSDT": 0.5627,
  "JTOUSDT": 0.2772,
  "AEROUSDT": 0.3612,
  "RAVEUSDT": 0.39047,
  "BULLAUSDT": 0.01779,
  "BUSDT": 0.1371,
  "METUSDT": 0.1853,
  "SYRUPUSDT": 0.24429,
  "TRADOORUSDT": 1.449,
  "GWEIUSDT": 0.035833,
  "LAUSDT": 0.2366,
  "MSTRUSDT": 132.78,
  "FOGOUSDT": 0.02993,
  "XPINUSDT": 0.001548,
  "ZILUSDT": 0.00416,
  "B2USDT": 0.7425,
  "EIGENUSDT": 0.1962,
  "BEAMXUSDT": 0.001948,
  "PYTHUSDT": 0.05193,
  "TSLAUSDT": 409.2,
  "HUMAUSDT": 0.011497,
  "ROSEUSDT": 0.01261,
  "VETUSDT": 0.007562,
  "\u6211\u8e0f\u9a6c\u6765\u4e86USDT": 0.012239,
  "ORCAUSDT": 0.899,
  "SKRUSDT": 0.021155,
  "AVNTUSDT": 0.1776,
  "ORDIUSDT": 2.435,
  "COLLECTUSDT": 0.04757,
  "NEOUSDT": 2.759,
  "JELLYJELLYUSDT": 0.0624,
  "DYDXUSDT": 0.098,
  "MOVEUSDT": 0.02164,
  "LINEAUSDT": 0.003125,
  "NXPCUSDT": 0.2706,
  "SUSDT": 0.04101,
  "SOMIUSDT": 0.2204,
  "ESPORTSUSDT": 0.31808,
  "AWEUSDT": 0.05336,
  "ZKPUSDT": 0.08338,
  "COMPUSDT": 18.48,
  "CYBERUSDT": 0.5326,
  "FORMUSDT": 0.1918,
  "SNXUSDT": 0.353,
  "XTZUSDT": 0.389,
  "LPTUSDT": 2.333,
  "PNUTUSDT": 0.04631,
  "AXLUSDT": 0.0563,
  "AUCTIONUSDT": 4.854,
  "MEUSDT": 0.1187,
  "STXUSDT": 0.2614,
  "ARUSDT": 1.67,
  "STGUSDT": 0.1347,
  "TRIAUSDT": 0.02064,
  "1000FLOKIUSDT": 0.02916,
  "ENSUSDT": 6.275,
  "1000LUNCUSDT": 0.03586,
  "JASMYUSDT": 0.005954,
  "AGLDUSDT": 0.2688,
  "CLOUSDT": 0.09407,
  "BEATUSDT": 0.2124,
  "WUSDT": 0.01905,
  "YGGUSDT": 0.03909,
  "TRBUSDT": 14.474,
  "RESOLVUSDT": 0.06311,
  "EULUSDT": 1.034,
  "SPACEUSDT": 0.00957,
  "SPXUSDT": 0.3145,
  "IMXUSDT": 0.1674,
  "PLUMEUSDT": 0.00919,
  "API3USDT": 0.293,
  "CYSUSDT": 0.3488,
  "BANKUSDT": 0.0383,
  "VANAUSDT": 1.447,
  "STEEMUSDT": 0.06455,
  "MERLUSDT": 0.04462,
  "2ZUSDT": 0.07609,
  "USELESSUSDT": 0.04003,
  "INITUSDT": 0.07674,
  "EDUUSDT": 0.1091,
  "JSTUSDT": 0.047021,
  "CFXUSDT": 0.05038,
  "DEXEUSDT": 3.257,
  "GRASSUSDT": 0.224,
  "UAIUSDT": 0.2349,
  "ATHUSDT": 0.00506,
  "IOTAUSDT": 0.0691,
  "TAUSDT": 0.03876,
  "OGUSDT": 3.053,
  "MANAUSDT": 0.0965,
  "NMRUSDT": 7.866,
  "MMTUSDT": 0.1211,
  "WCTUSDT": 0.05909,
  "KASUSDT": 0.03159,
  "AKEUSDT": 0.0003027,
  "GRTUSDT": 0.02666,
  "BIRBUSDT": 0.16855,
  "COAIUSDT": 0.3125,
  "FLOWUSDT": 0.03634,
  "QNTUSDT": 63.55,
  "WETUSDT": 0.10458,
  "MOODENGUSDT": 0.05115,
  "NAORISUSDT": 0.03115,
  "AGTUSDT": 0.004922,
  "SPKUSDT": 0.02078,
  "ZRXUSDT": 0.1066,
  "LRCUSDT": 0.03418,
  "RUNEUSDT": 0.4043,
  "SFPUSDT": 0.2576,
  "KERNELUSDT": 0.08745,
  "TAGUSDT": 0.0003417,
  "LIGHTUSDT": 0.2024,
  "1INCHUSDT": 0.0947,
  "ZORAUSDT": 0.01921,
  "4USDT": 0.00794,
  "THETAUSDT": 0.1924,
  "KAIAUSDT": 0.05629,
  "COWUSDT": 0.2207,
  "NEIROUSDT": 7.01e-05,
  "IOUSDT": 0.1132,
  "RPLUSDT": 1.961,
  "BREVUSDT": 0.1375,
  "EGLDUSDT": 4.517,
  "SIGNUSDT": 0.02343,
  "ARKMUSDT": 0.1091,
  "HOTUSDT": 0.000477,
  "PTBUSDT": 0.001194,
  "KGENUSDT": 0.18695,
  "FHEUSDT": 0.0286,
  "BATUSDT": 0.1131,
  "YFIUSDT": 2738.0,
  "LUNA2USDT": 0.06262,
  "KSMUSDT": 5.12,
  "PEOPLEUSDT": 0.00666,
  "MEGAUSDT": 0.13271,
  "FOLKSUSDT": 1.284,
  "BSVUSDT": 16.14,
  "ANIMEUSDT": 0.004815,
  "AIAUSDT": 0.08658,
  "AUSDT": 0.0805,
  "VELVETUSDT": 0.08736,
  "TWTUSDT": 0.4879,
  "POPCATUSDT": 0.04851,
  "OPENUSDT": 0.1488,
  "SUSHIUSDT": 0.2066,
  "GASUSDT": 1.584,
  "HOLOUSDT": 0.05728,
  "SWARMSUSDT": 0.00722,
  "BLUAIUSDT": 0.005052,
  "ACTUSDT": 0.01401,
  "PROVEUSDT": 0.2875,
  "XNYUSDT": 0.005491,
  "SAHARAUSDT": 0.01469,
  "GMTUSDT": 0.01159,
  "MINAUSDT": 0.05912,
  "NOMUSDT": 0.00398,
  "BOMEUSDT": 0.0003907,
  "AVAAIUSDT": 0.00753,
  "YBUSDT": 0.158,
  "XPTUSDT": 2253.02,
  "TSTUSDT": 0.00969,
  "MAGICUSDT": 0.06258,
  "VELODROMEUSDT": 0.01632,
  "EDENUSDT": 0.03818,
  "TURBOUSDT": 0.0010145,
  "AINUSDT": 0.04632,
  "STOUSDT": 0.05994,
  "AIXBTUSDT": 0.01993,
  "FIGHTUSDT": 0.006682,
  "MEMEUSDT": 0.0006292,
  "ZBTUSDT": 0.07112,
  "TNSRUSDT": 0.04787,
  "MANTAUSDT": 0.06396,
  "ACHUSDT": 0.007123,
  "BABYUSDT": 0.01219,
  "CATIUSDT": 0.03868,
  "AIOUSDT": 0.07576,
  "SOPHUSDT": 0.008908,
  "TUTUSDT": 0.01012,
  "SUPERUSDT": 0.1136,
  "TRUTHUSDT": 0.010053,
  "BLURUSDT": 0.02033,
  "SOONUSDT": 0.1661,
  "NILUSDT": 0.04784,
  "UMAUSDT": 0.4491,
  "LAYERUSDT": 0.084,
  "FUSDT": 0.005667,
  "XVGUSDT": 0.005897,
  "STBLUSDT": 0.04057,
  "SUNUSDT": 0.01615,
  "MASKUSDT": 0.4269,
  "ICNTUSDT": 0.3972,
  "TAKEUSDT": 0.01897,
  "MUBARAKUSDT": 0.01356,
  "SONICUSDT": 0.04869,
  "GRIFFAINUSDT": 0.00922,
  "ASRUSDT": 1.341,
  "ALTUSDT": 0.00744,
  "SOLVUSDT": 0.00417,
  "RAREUSDT": 0.01843,
  "SAPIENUSDT": 0.0896,
  "KMNOUSDT": 0.02187,
  "ANKRUSDT": 0.004318,
  "BELUSDT": 0.0981,
  "CTSIUSDT": 0.0243,
  "WALUSDT": 0.0766,
  "PROMPTUSDT": 0.04893,
  "INUSDT": 0.06745,
  "CELOUSDT": 0.078,
  "MELANIAUSDT": 0.111,
  "C98USDT": 0.0233,
  "ERAUSDT": 0.1426,
  "ARPAUSDT": 0.00972,
  "ONTUSDT": 0.0427,
  "DRIFTUSDT": 0.0833,
  "IDOLUSDT": 0.01804,
  "RAYSOLUSDT": 0.6118,
  "STORJUSDT": 0.0953,
  "DEGOUSDT": 0.3188,
  "GLMUSDT": 0.1433,
  "KOMAUSDT": 0.00763,
  "ZKCUSDT": 0.0836,
  "ARIAUSDT": 0.08062,
  "GMXUSDT": 6.786,
  "DAMUSDT": 0.02307,
  "SANTOSUSDT": 1.352,
  "RSRUSDT": 0.001497,
  "POLYXUSDT": 0.04256,
  "FRAXUSDT": 0.6448,
  "THEUSDT": 0.2615,