{
  "BTCUSDT": 68973.7,
  "ETHUSDT": 1987.01,
  "BTC/USDCUSDT": 68114.6,
  "ETH/USDCUSDT": 1966.45,
  "SOLUSDT": 84.3,
  "XAGUSDT": 80.74,
  "BTC/USDUSDT": 68899.7,
  "XRPUSDT": 1.4226,
  "XAUUSDT": 5033.97,
  "ENSOUSDT": 1.7543,
  "ETH/USDUSDT": 1984.66,
  "DOGEUSDT": 0.09926,
  "BNBUSDT": 613.01,
  "ZECUSDT": 262.35,
  "RIVERUSDT": 8.081,
  "MYXUSDT": 1.344,
  "SOL/USDCUSDT": 84.29,
  "1000PEPEUSDT": 0.004238,
  "HYPEUSDT": 29.327,
  "PIPPINUSDT": 0.49423,
  "OPUSDT": 0.1295,
  "RAVEUSDT": 0.54079,
  "BCHUSDT": 555.94,
  "AZTECUSDT": 0.02614,
  "SUIUSDT": 0.9504,
  "ORCAUSDT": 1.151,
  "AVAXUSDT": 9.254,
  "ESPUSDT": 0.06757,
  "INJUSDT": 3.255,
  "WLFIUSDT": 0.1164,
  "PAXGUSDT": 5037.76,
  "ADAUSDT": 0.2764,
  "OMUSDT": 0.06695,
  "SNXUSDT": 0.376,
  "AWEUSDT": 0.05748,
  "XRP/USDCUSDT": 1.4223,
  "SPACEUSDT": 0.009777,
  "ASTERUSDT": 0.7082,
  "AXSUSDT": 1.293,
  "KITEUSDT": 0.27134,
  "LINKUSDT": 8.69,
  "VVVUSDT": 4.555,
  "TAOUSDT": 177.09,
  "ENAUSDT": 0.1112,
  "SIRENUSDT": 0.21909,
  "BIOUSDT": 0.03243,
  "FILUSDT": 0.926,
  "ARBUSDT": 0.0963,
  "POWERUSDT": 0.385,
  "LTCUSDT": 53.85,
  "SOL/USDUSDT": 83.7,
  "DOTUSDT": 1.307,
  "NAORISUSDT": 0.04889,
  "AAVEUSDT": 124.56,
  "TRXUSDT": 0.28309,
  "UNIUSDT": 3.419,
  "PUMPUSDT": 0.002099,
  "TRUMPUSDT": 3.688,
  "NEARUSDT": 1.015,
  "ZROUSDT": 1.4897,
  "1000SHIBUSDT": 0.006313,
  "BNB/USDCUSDT": 613.27,
  "BERAUSDT": 0.5891,
  "0GUSDT": 0.6566,
  "WLDUSDT": 0.3847,
  "PENGUUSDT": 0.006856,
  "WIFUSDT": 0.2206,
  "BEATUSDT": 0.263,
  "VIRTUALUSDT": 0.6447,
  "XRP/USDUSDT": 1.4174,
  "ALLOUSDT": 0.1085,
  "JTOUSDT": 0.3172,
  "FARTCOINUSDT": 0.1842,
  "\u5e01\u5b89\u4eba\u751fUSDT": 0.08889,
  "ZAMAUSDT": 0.02021,
  "IRUSDT": 0.08615,
  "RECALLUSDT": 0.05161,
  "BNB/USDUSDT": 613.58,
  "DOGE/USDUSDT": 0.0992,
  "HBARUSDT": 0.09922,
  "APTUSDT": 0.8665,
  "TSLAUSDT": 413.3,
  "CRVUSDT": 0.243,
  "STABLEUSDT": 0.030502,
  "DOGE/USDCUSDT": 0.09922,
  "DUSKUSDT": 0.08917,
  "DASHUSDT": 34.03,
  "XLMUSDT": 0.16164,
  "\u6211\u8e0f\u9a6c\u6765\u4e86USDT": 0.015375,
  "ETH/BTCUSDT": 1966.1440806,
  "XMRUSDT": 339.32,
  "TONUSDT": 1.3726,
  "LYNUSDT": 0.297,
  "ATOMUSDT": 2.31,
  "ICPUSDT": 2.169,
  "LITUSDT": 1.475,
  "SOMIUSDT": 0.2033,
  "HUSDT": 0.16581,
  "ETCUSDT": 8.338,
  "RENDERUSDT": 1.473,
  "XPLUSDT": 0.0935,
  "DOLOUSDT": 0.04017,
  "SENTUSDT": 0.02174,
  "TAKEUSDT": 0.02454,
  "RPLUSDT": 2.351,
  "CYBERUSDT": 0.5559,
  "IPUSDT": 1.098,
  "1000BONKUSDT": 0.006267,
  "CLOUSDT": 0.09345,
  "DUSDT": 0.00783,
  "JELLYJELLYUSDT": 0.06885,
  "JUPUSDT": 0.1564,
  "INITUSDT": 0.09773,
  "USELESSUSDT": 0.04329,
  "GALAUSDT": 0.00386,
  "SEIUSDT": 0.0705,
  "BCH/USDCUSDT": 555.69,
  "TRIAUSDT": 0.01588,
  "POLUSDT": 0.10645,
  "ZEC/USDCUSDT": 262.19,
  "RESOLVUSDT": 0.06521,
  "GPSUSDT": 0.01307,
  "BIRBUSDT": 0.1834,
  "ONDOUSDT": 0.2644,
  "TIAUSDT": 0.3238,
  "LIGHTUSDT": 0.2617,
  "MONUSDT": 0.0207,
  "ARCUSDT": 0.07434,
  "1000PEPE/USDCUSDT": 0.0042351,
  "FETUSDT": 0.1658,
  "ROSEUSDT": 0.01272,
  "AKTUSDT": 0.329,
  "1000LUNCUSDT": 0.03657,
  "METUSDT": 0.2125,
  "APEUSDT": 0.1081,
  "SPXUSDT": 0.3395,
  "SUI/USDCUSDT": 0.9499,
  "MOODENGUSDT": 0.05623,
  "ADA/USDUSDT": 0.2764,
  "BTRUSDT": 0.1848,
  "HOODUSDT": 77.4,
  "APRUSDT": 0.10184,
  "SANDUSDT": 0.08408,
  "ALGOUSDT": 0.0901,
  "LINEAUSDT": 0.003368,
  "GUNUSDT": 0.02896,
  "DYDXUSDT": 0.099,
  "SKRUSDT": 0.02064,
  "NIGHTUSDT": 0.06299,
  "PENDLEUSDT": 1.1972,
  "CHZUSDT": 0.03858,
  "TRUTHUSDT": 0.009636,
  "STRKUSDT": 0.04641,
  "LDOUSDT": 0.3286,
  "CAKEUSDT": 1.2681,
  "XPDUSDT": 1726.91,
  "STGUSDT": 0.1287,
  "ARB/USDCUSDT": 0.0963,
  "BANUSDT": 0.12797,
  "MORPHOUSDT": 1.5328,
  "PROMUSDT": 1.333,
  "ZENUSDT": 5.801,
  "FOGOUSDT": 0.02431,
  "MUSDT": 1.3244,
  "GIGGLEUSDT": 29.07,
  "SONICUSDT": 0.04964,
  "SUI/USDUSDT": 0.9496,
  "NEIROUSDT": 7.43e-05,
  "MERLUSDT": 0.05332,
  "MUBARAKUSDT": 0.01636,
  "ZKPUSDT": 0.09116,
  "ENA/USDCUSDT": 0.1112,
  "NOMUSDT": 0.005494,
  "ZILUSDT": 0.00402,
  "KGENUSDT": 0.18486,
  "VELVETUSDT": 0.07954,
  "AVAX/USDCUSDT": 9.25,
  "TLMUSDT": 0.001757,
  "BASUSDT": 0.006058,
  "ADA/USDCUSDT": 0.2764,
  "CYSUSDT": 0.4211,
  "BIO/USDCUSDT": 0.03233,
  "ZKUSDT": 0.02007,
  "ENSUSDT": 6.597,
  "ETHFIUSDT": 0.4626,
  "MSTRUSDT": 131.71,
  "XNYUSDT": 0.005669,
  "EIGENUSDT": 0.1961,
  "1000FLOKIUSDT": 0.03035,
  "CCUSDT": 0.15853,
  "MEUSDT": 0.1283,
  "ORDIUSDT": 2.59,
  "AEROUSDT": 0.3193,
  "KSMUSDT": 4.668,
  "LINK/USDCUSDT": 8.687,
  "FIL/USDCUSDT": 0.926,
  "ACUUSDT": 0.10407,
  "EULUSDT": 0.918,
  "LINK/USDUSDT": 8.686,
  "LUNA2USDT": 0.06451,
  "WETUSDT": 0.088,
  "MOVEUSDT": 0.02392,
  "AVNTUSDT": 0.1905,
  "PLAYUSDT": 0.02047,
  "LAUSDT": 0.2038,
  "XPTUSDT": 2128.56,
  "SUSDT": 0.04424,
  "VETUSDT": 0.007777,
  "COMPUSDT": 17.94,
  "ZKCUSDT": 0.0945,
  "XTZUSDT": 0.386,
  "FIGHTUSDT": 0.006715,
  "CRCLUSDT": 63.24,
  "PYTHUSDT": 0.05324,
  "C98USDT": 0.0274,
  "OP/USDUSDT": 0.1292,
  "BCH/USDUSDT": 555.62,
  "COLLECTUSDT": 0.0618,
  "UAIUSDT": 0.2386,
  "ARUSDT": 1.973,
  "FHEUSDT": 0.04071,
  "HUMAUSDT": 0.012637,
  "FLOWUSDT": 0.03847,
  "TRBUSDT": 15.096,
  "EDENUSDT": 0.0392,
  "STXUSDT": 0.2531,
  "SKYUSDT": 0.06303,
  "JCTUSDT": 0.001814,
  "HOMEUSDT": 0.02811,
  "PNUTUSDT": 0.04886,
  "FOLKSUSDT": 1.4,
  "NILUSDT": 0.05248,
  "TURBOUSDT": 0.0010782,
  "JASMYUSDT": 0.005776,
  "LSKUSDT": 0.1464,
  "LTC/USDCUSDT": 53.83,
  "BREVUSDT": 0.1338,
  "COINUSDT": 169.21,
  "INTCUSDT": 44.9,
  "ZBTUSDT": 0.07377,
  "STEEMUSDT": 0.04989,
  "AUCTIONUSDT": 5.018,
  "SYRUPUSDT": 0.22454,
  "KAITOUSDT": 0.3008,
  "RAYSOLUSDT": 0.6603,
  "TNSRUSDT": 0.04952,
  "BULLAUSDT": 0.02607,
  "THETAUSDT": 0.1922,
  "IOTAUSDT": 0.0684,
  "WUSDT": 0.01999,
  "IRYSUSDT": 0.02474,
  "WLFI/USDCUSDT": 0.1163,
  "VANAUSDT": 1.481,
  "RUNEUSDT": 0.401,
  "COWUSDT": 0.2032,
  "GRTUSDT": 0.02673,
  "MANAUSDT": 0.0973,
  "CRV/USDCUSDT": 0.2433,
  "ZORAUSDT": 0.02099,
  "IMXUSDT": 0.1613,
  "LPTUSDT": 2.32,
  "LABUSDT": 0.1524,
  "MMTUSDT": 0.1296,
  "DEEPUSDT": 0.02936,
  "CFXUSDT": 0.05171,
  "ARKMUSDT": 0.1127,
  "POPCATUSDT": 0.05134,
  "ICNTUSDT": 0.3824,
  "ARPAUSDT": 0.0098,
  "BBUSDT": 0.03147,
  "KASUSDT": 0.03016,
  "BOBUSDT": 0.005507,
  "ELSAUSDT": 0.07712,
  "TRADOORUSDT": 1.4,
  "AXLUSDT": 0.0574,
  "QNTUSDT": 66.03,
  "FIDAUSDT": 0.01791,
  "OGUSDT": 3.389,
  "UBUSDT": 0.0431,
  "PEOPLEUSDT": 0.00691,
  "2ZUSDT": 0.0725,
  "PLTRUSDT": 136.12,
  "FFUSDT": 0.07932,
  "AVAX/USDUSDT": 9.25,
  "TRUMP/USDCUSDT": 3.686,
  "CELOUSDT": 0.078,
  "BOMEUSDT": 0.0004214,
  "FUSDT": 0.006018,
  "AAVE/USDCUSDT": 124.45,
  "COAIUSDT": 0.3392,
  "QUSDT": 0.020589,
  "PTBUSDT": 0.00137,
  "NEAR/USDCUSDT": 1.015,
  "QTUMUSDT": 0.939,
  "MEMEUSDT": 0.0006842,
  "PLUMEUSDT": 0.01038,
  "USDCUSDT": 0.999849,
  "XPINUSDT": 0.001853,
  "MAGICUSDT": 0.07044,
  "ACHUSDT": 0.007413,
  "PENGU/USDCUSDT": 0.00685,
  "INXUSDT": 0.012454,
  "LTC/USDUSDT": 53.83,
  "AIXBTUSDT": 0.02041,
  "GMTUSDT": 0.01197,
  "GLMUSDT": 0.16807,
  "WCTUSDT": 0.06278,
  "FUNUSDT": 0.001339,
  "TREEUSDT": 0.0741,
  "GMXUSDT": 6.742,
  "PARTIUSDT": 0.10402,
  "4USDT": 0.00879,
  "IOUSDT": 0.1134,
  "RVNUSDT": 0.00607,
  "OPENUSDT": 0.1559,
  "KERNELUSDT": 0.07058,
  "YFIUSDT": 2795.0,
  "GWEIUSDT": 0.027859,
  "DEXEUSDT": 2.245,
  "DRIFTUSDT": 0.0867,
  "FRAXUSDT": 0.6658,
  "ACEUSDT": 0.1588,
  "FIL/USDUSDT": 0.926,
  "KAIAUSDT": 0.05669,
  "BARDUSDT": 0.7591,
  "ACTUSDT": 0.01494,
  "EGLDUSDT": 4.531,
  "SUPERUSDT": 0.1208,
  "BLESSUSDT": 0.005632,
  "BANKUSDT": 0.03965,
  "XVGUSDT": 0.006151,
  "NEOUSDT": 2.715,
  "AIAUSDT": 0.10489,
  "SOPHUSDT": 0.009328,
  "COTIUSDT": 0.01204,
  "TOSHIUSDT": 0.0002136,
  "SPELLUSDT": 0.0001894,
  "B3USDT": 0.000433,
  "SYNUSDT": 0.04968,
  "MINAUSDT": 0.0636,
  "MIRAUSDT": 0.0886,
  "MASKUSDT": 0.4468,
  "SPORTFUNUSDT": 0.03675,
  "BTCDOMUSDT": 5140.8,
  "OGNUSDT": 0.0221,
  "BANANAS31USDT": 0.004529,
  "MITOUSDT": 0.04487,
  "SUSHIUSDT": 0.2033,
  "AUSDT": 0.0819,
  "1INCHUSDT": 0.0923,
  "LQTYUSDT": 0.2928,