{
  "BTCUSDT": 67502.2,
  "ETHUSDT": 1990.49,
  "SOLUSDT": 84.98,
  "XRPUSDT": 1.4749,
  "BNBUSDT": 617.36,
  "BCHUSDT": 562.73,
  "DOGEUSDT": 0.10065,
  "HYPEUSDT": 29.57,
  "ZECUSDT": 295.94,
  "XAGUSDT": 72.72,
  "PAXGUSDT": 4864.56,
  "XAUUSDT": 4862.49,
  "TRXUSDT": 0.28202,
  "SUIUSDT": 0.9671,
  "ASTERUSDT": 0.7081,
  "LINKUSDT": 8.818,
  "ADAUSDT": 0.2806,
  "1000PEPEUSDT": 0.004395,
  "LTCUSDT": 53.9,
  "AVAXUSDT": 9.132,
  "UNIUSDT": 3.521,
  "PUMPUSDT": 0.0022,
  "ENAUSDT": 0.1204,
  "WLFIUSDT": 0.1075,
  "PIPPINUSDT": 0.51461,
  "AAVEUSDT": 126.31,
  "NEARUSDT": 1.043,
  "KITEUSDT": 0.20581,
  "LITUSDT": 1.592,
  "TRUMPUSDT": 3.446,
  "WLDUSDT": 0.3969,
  "TAOUSDT": 191.54,
  "XPLUSDT": 0.0966,
  "FILUSDT": 0.959,
  "ARCUSDT": 0.07754,
  "DOTUSDT": 1.345,
  "ZROUSDT": 1.5961,
  "TONUSDT": 1.4245,
  "ATOMUSDT": 2.234,
  "APTUSDT": 0.9155,
  "1000SHIBUSDT": 0.006514,
  "HBARUSDT": 0.10193,
  "RIVERUSDT": 9.759,
  "HUSDT": 0.18422,
  "BERAUSDT": 0.6506,
  "ARBUSDT": 0.1126,
  "AXSUSDT": 1.342,
  "XLMUSDT": 0.1656,
  "XMRUSDT": 332.29,
  "MONUSDT": 0.0221,
  "ICPUSDT": 2.379,
  "WIFUSDT": 0.2304,
  "FFUSDT": 0.08002,
  "PENGUUSDT": 0.007138,
  "CRVUSDT": 0.253,
  "FETUSDT": 0.1709,
  "FARTCOINUSDT": 0.1963,
  "IPUSDT": 1.154,
  "BARDUSDT": 0.7907,
  "ETCUSDT": 8.674,
  "CHZUSDT": 0.04061,
  "\u5e01\u5b89\u4eba\u751fUSDT": 0.09649,
  "1000BONKUSDT": 0.006502,
  "PARTIUSDT": 0.10651,
  "DASHUSDT": 37.18,
  "OPUSDT": 0.1867,
  "POLUSDT": 0.108,
  "BTCDOMUSDT": 5019.3,
  "ONDOUSDT": 0.2744,
  "TIAUSDT": 0.3405,
  "VVVUSDT": 4.324,
  "SENTUSDT": 0.02216,
  "0GUSDT": 0.6785,
  "VIRTUALUSDT": 0.6435,
  "ZKUSDT": 0.02187,
  "BANUSDT": 0.1078,
  "SEIUSDT": 0.0741,
  "ETHFIUSDT": 0.4772,
  "STABLEUSDT": 0.029036,
  "POWERUSDT": 0.31271,
  "ORCAUSDT": 1.148,
  "ZAMAUSDT": 0.01926,
  "JUPUSDT": 0.1643,
  "SIRENUSDT": 0.22028,
  "CYSUSDT": 0.553,
  "JTOUSDT": 0.3253,
  "INITUSDT": 0.11369,
  "ALCHUSDT": 0.08367,
  "UBUSDT": 0.04838,
  "CCUSDT": 0.16481,
  "BTRUSDT": 0.19765,
  "PENDLEUSDT": 1.2185,
  "LDOUSDT": 0.3402,
  "INJUSDT": 3.099,
  "KAITOUSDT": 0.316,
  "ENSOUSDT": 1.1532,
  "ATUSDT": 0.15637,
  "RENDERUSDT": 1.445,
  "1000RATSUSDT": 0.04573,
  "ZENUSDT": 6.176,
  "QUSDT": 0.020705,
  "GPSUSDT": 0.013248,
  "NIGHTUSDT": 0.05648,
  "SANDUSDT": 0.08573,
  "OMUSDT": 0.05985,
  "HANAUSDT": 0.03617,
  "MUSDT": 1.5336,
  "BANANAS31USDT": 0.004452,
  "HOMEUSDT": 0.027598,
  "AWEUSDT": 0.08754,
  "SKYUSDT": 0.06288,
  "SPACEUSDT": 0.011688,
  "LYNUSDT": 0.23458,
  "STRKUSDT": 0.04826,
  "SKYAIUSDT": 0.0374,
  "DUSKUSDT": 0.10184,
  "JELLYJELLYUSDT": 0.07245,
  "GIGGLEUSDT": 30.49,
  "ROSEUSDT": 0.01267,
  "TRADOORUSDT": 1.387,
  "\u6211\u8e0f\u9a6c\u6765\u4e86USDT": 0.017373,
  "ESPUSDT": 0.06121,
  "PYTHUSDT": 0.05654,
  "ALGOUSDT": 0.0929,
  "CAKEUSDT": 1.3024,
  "PIEVERSEUSDT": 0.4032,
  "USDCUSDT": 0.999949,
  "GUNUSDT": 0.02554,
  "MORPHOUSDT": 1.489,
  "GALAUSDT": 0.00403,
  "HUMAUSDT": 0.014942,
  "MYXUSDT": 1.487,
  "MOVEUSDT": 0.02591,
  "AVNTUSDT": 0.2076,
  "COMPUSDT": 19.06,
  "XPINUSDT": 0.001874,
  "METUSDT": 0.2246,
  "MSTRUSDT": 128.19,
  "ZILUSDT": 0.00425,
  "B2USDT": 0.7002,
  "COLLECTUSDT": 0.07604,
  "LINEAUSDT": 0.003841,
  "BULLAUSDT": 0.02761,
  "MEUSDT": 0.1361,
  "BUSDT": 0.1395,
  "ZKPUSDT": 0.09448,
  "EIGENUSDT": 0.2074,
  "1000LUNCUSDT": 0.03374,
  "SYRUPUSDT": 0.24423,
  "BEAMXUSDT": 0.002397,
  "SUSDT": 0.04864,
  "ENSUSDT": 6.688,
  "AUCTIONUSDT": 5.217,
  "LAUSDT": 0.2051,
  "VETUSDT": 0.008109,
  "XTZUSDT": 0.393,
  "ESPORTSUSDT": 0.38485,
  "TSLAUSDT": 409.4,
  "RPLUSDT": 2.224,
  "ALLOUSDT": 0.09087,
  "DYDXUSDT": 0.107,
  "BIOUSDT": 0.02423,
  "NEOUSDT": 2.794,
  "RAVEUSDT": 0.3958,
  "FORMUSDT": 0.2194,
  "GUAUSDT": 0.14786,
  "FOGOUSDT": 0.02458,
  "PNUTUSDT": 0.05044,
  "ORDIUSDT": 2.783,
  "NXPCUSDT": 0.2741,
  "CLOUSDT": 0.08915,
  "AEROUSDT": 0.3149,
  "FHEUSDT": 0.04329,
  "BIRBUSDT": 0.19268,
  "RESOLVUSDT": 0.06221,
  "OGUSDT": 3.367,
  "MERLUSDT": 0.06422,
  "BEATUSDT": 0.2493,
  "PLUMEUSDT": 0.0108,
  "LPTUSDT": 2.473,
  "1000FLOKIUSDT": 0.03171,
  "MOODENGUSDT": 0.06068,
  "SOMIUSDT": 0.1916,
  "LRCUSDT": 0.03478,
  "MMTUSDT": 0.1435,
  "STXUSDT": 0.2606,
  "TRIAUSDT": 0.01732,
  "ATHUSDT": 0.005969,
  "TRBUSDT": 15.686,
  "VANAUSDT": 1.553,
  "EDUUSDT": 0.1284,
  "STGUSDT": 0.1376,
  "ZORAUSDT": 0.02265,
  "AIAUSDT": 0.11322,
  "GWEIUSDT": 0.028134,
  "BANKUSDT": 0.04117,
  "APEUSDT": 0.1263,
  "2ZUSDT": 0.07752,
  "ARUSDT": 2.034,
  "SPXUSDT": 0.3427,
  "WUSDT": 0.02045,
  "JASMYUSDT": 0.005972,
  "COAIUSDT": 0.348,
  "API3USDT": 0.3153,
  "WCTUSDT": 0.06236,
  "EULUSDT": 0.968,
  "NMRUSDT": 8.422,
  "USELESSUSDT": 0.04995,
  "CFXUSDT": 0.05437,
  "MANAUSDT": 0.101,
  "LUNA2USDT": 0.06478,
  "FLOWUSDT": 0.03896,
  "TAGUSDT": 0.00039,
  "BREVUSDT": 0.1423,
  "4USDT": 0.00983,
  "MUBARAKUSDT": 0.02062,
  "TAUSDT": 0.03704,
  "MAGICUSDT": 0.0766,
  "IMXUSDT": 0.1663,
  "QNTUSDT": 70.39,
  "LIGHTUSDT": 0.2408,
  "AZTECUSDT": 0.02021,
  "JSTUSDT": 0.042367,
  "PTBUSDT": 0.001452,
  "UAIUSDT": 0.2302,
  "SPKUSDT": 0.02094,
  "GRTUSDT": 0.02771,
  "ZRXUSDT": 0.1105,
  "1INCHUSDT": 0.0953,
  "SFPUSDT": 0.2709,
  "XNYUSDT": 0.004889,
  "COWUSDT": 0.2149,
  "KAIAUSDT": 0.05747,
  "TWTUSDT": 0.5672,
  "AGTUSDT": 0.004726,
  "ZKCUSDT": 0.0978,
  "RAYSOLUSDT": 0.6813,
  "ANIMEUSDT": 0.005367,
  "BOMEUSDT": 0.00043,
  "MANTAUSDT": 0.07911,
  "THETAUSDT": 0.2063,
  "SKRUSDT": 0.021616,
  "IOTAUSDT": 0.0688,
  "EGLDUSDT": 4.688,
  "YFIUSDT": 2845.0,
  "NEIROUSDT": 7.6e-05,
  "FRAXUSDT": 0.7118,
  "MEGAUSDT": 0.13138,
  "RUNEUSDT": 0.4035,
  "SNXUSDT": 0.295,
  "NOMUSDT": 0.005478,
  "AXLUSDT": 0.06082,
  "TAKEUSDT": 0.02734,
  "NILUSDT": 0.05608,
  "ARKMUSDT": 0.1169,
  "TNSRUSDT": 0.05388,
  "FIGHTUSDT": 0.006275,
  "SAHARAUSDT": 0.01581,
  "CVXUSDT": 2.069,
  "PEOPLEUSDT": 0.00698,
  "BLUAIUSDT": 0.005563,
  "MINAUSDT": 0.06527,
  "ACTUSDT": 0.01506,
  "PROVEUSDT": 0.322,
  "AUSDT": 0.0846,
  "GRASSUSDT": 0.2,
  "TSTUSDT": 0.01095,
  "FUSDT": 0.00645,
  "C98USDT": 0.0311,
  "FOLKSUSDT": 1.316,
  "TUTUSDT": 0.01189,
  "SIGNUSDT": 0.02679,
  "IOUSDT": 0.112,
  "BSVUSDT": 16.78,
  "UMAUSDT": 0.5304,
  "YBUSDT": 0.1736,
  "SOPHUSDT": 0.009802,
  "TURBOUSDT": 0.0010936,
  "KASUSDT": 0.03183,
  "SUPERUSDT": 0.1296,
  "AVAAIUSDT": 0.00775,
  "OPENUSDT": 0.1614,
  "KGENUSDT": 0.1676,
  "BATUSDT": 0.1277,
  "ACHUSDT": 0.007949,
  "SWARMSUSDT": 0.0074,
  "TRUTHUSDT": 0.010477,
  "GMTUSDT": 0.0124,
  "GASUSDT": 1.645,
  "XVGUSDT": 0.005999,
  "BABYUSDT": 0.0142,
  "CATIUSDT": 0.04095,
  "SANTOSUSDT": 1.888,
  "SUSHIUSDT": 0.209,
  "POPCATUSDT": 0.05245,
  "LAYERUSDT": 0.0906,
  "BASUSDT": 0.00607,
  "AIOUSDT": 0.07573,
  "CYBERUSDT": 0.5591,
  "ICNTUSDT": 0.4165,
  "IRYSUSDT": 0.02911,
  "MASKUSDT": 0.4672,
  "ZBTUSDT": 0.07135,
  "XPTUSDT": 2012.59,
  "IDOLUSDT": 0.02091,
  "DRIFTUSDT": 0.0951,
  "AKEUSDT": 0.0002734,
  "DEEPUSDT": 0.03024,
  "BLURUSDT": 0.02111,
  "YGGUSDT": 0.04089,
  "CELOUSDT": 0.083,
  "SOONUSDT": 0.1776,
  "ONTUSDT": 0.0467,
  "SOLVUSDT": 0.00463,
  "STORJUSDT": 0.1047,
  "SUNUSDT": 0.017041,
  "ALTUSDT": 0.00875,
  "MEMEUSDT": 0.000712,
  "VELVETUSDT": 0.08467,
  "VELODROMEUSDT": 0.01448,
  "CTSIUSDT": 0.0271,
  "KMNOUSDT": 0.02995,
  "ASRUSDT": 1.435,
  "STOUSDT": 0.05587,
  "IDUSDT": 0.05095,
  "ZEREBROUSDT": 0.00839,
  "GLMUSDT": 0.18036,
  "RAREUSDT": 0.02008,
  "PLAYUSDT": 0.02338,
  "THEUSDT": 0.2716,
  "ANKRUSDT": 0.004688,
  "DEXEUSDT": 2.39,
  "PROMUSDT": 1.404,
  "SKLUSDT": 0.00697,
  "RSRUSDT": 0.001549,
  "SONICUSDT": 0.04573,
  "SYNUSDT": 0.05199,
  "SAGAUSDT": 0.03463,
  "ERAUSDT": 0.1592,
  "INUSDT": 0.06321,
  "MELANIAUSDT": 0.1199,
  "AIXBTUSDT": 0.02113,
  "WALUSDT": 0.0845,
  "QTUMUSDT": 0.963,
  "GMXUSDT": 6.494,
  "LISTAUSDT": 0.0948,
  "ARPAUSDT": 0.01029,
  "KSMUSDT": 4.797,
  "ONUSDT": 0.09408,
  "EDENUSDT": 0.03491,
  "HYPERUSDT": 0.1016,
  "AINUSDT": 0.03451,
  "KAVAUSDT": 0.0544,
  "KERNELUSDT": 0.06561,
  "DEGOUSDT": 0.3388,
  "HEMIUSDT": 0.01041,
  "STBLUSDT": 0.0373,