{
  "BTCUSDT": 68046.5,
  "ETHUSDT": 1988.69,
  "SOLUSDT": 84.71,
  "XRPUSDT": 1.4552,
  "BNBUSDT": 622.96,
  "BCHUSDT": 561.73,
  "DOGEUSDT": 0.10016,
  "HYPEUSDT": 29.638,
  "ZECUSDT": 292.3,
  "XAGUSDT": 72.64,
  "PAXGUSDT": 4861.66,
  "XAUUSDT": 4860.3,
  "TRXUSDT": 0.28096,
  "SUIUSDT": 0.9729,
  "ASTERUSDT": 0.7115,
  "1000PEPEUSDT": 0.0044043,
  "ADAUSDT": 0.2825,
  "LINKUSDT": 8.841,
  "LTCUSDT": 54.85,
  "UNIUSDT": 3.552,
  "AVAXUSDT": 9.181,
  "ENAUSDT": 0.1203,
  "PUMPUSDT": 0.002193,
  "PIPPINUSDT": 0.54581,
  "WLFIUSDT": 0.1009,
  "AAVEUSDT": 127.6,
  "NEARUSDT": 1.056,
  "KITEUSDT": 0.20433,
  "LITUSDT": 1.591,
  "TRUMPUSDT": 3.433,
  "WLDUSDT": 0.3964,
  "FILUSDT": 0.97,
  "XPLUSDT": 0.0976,
  "TAOUSDT": 191.45,
  "ARCUSDT": 0.07384,
  "DOTUSDT": 1.369,
  "RIVERUSDT": 11.762,
  "ATOMUSDT": 2.289,
  "APTUSDT": 0.9334,
  "ZROUSDT": 1.6257,
  "HUSDT": 0.19929,
  "TONUSDT": 1.4196,
  "1000SHIBUSDT": 0.006532,
  "HBARUSDT": 0.10064,
  "BERAUSDT": 0.6741,
  "XLMUSDT": 0.16633,
  "AXSUSDT": 1.351,
  "ARBUSDT": 0.1139,
  "XMRUSDT": 328.99,
  "MONUSDT": 0.02206,
  "ICPUSDT": 2.394,
  "WIFUSDT": 0.2351,
  "CRVUSDT": 0.254,
  "FFUSDT": 0.07971,
  "FETUSDT": 0.1709,
  "FARTCOINUSDT": 0.1945,
  "PENGUUSDT": 0.007143,
  "IPUSDT": 1.147,
  "BARDUSDT": 0.8024,
  "ETCUSDT": 8.714,
  "\u5e01\u5b89\u4eba\u751fUSDT": 0.09826,
  "DASHUSDT": 37.71,
  "CHZUSDT": 0.04048,
  "1000BONKUSDT": 0.006513,
  "OPUSDT": 0.1882,
  "PARTIUSDT": 0.10422,
  "POLUSDT": 0.10628,
  "BTCDOMUSDT": 5067.5,
  "ONDOUSDT": 0.2754,
  "TIAUSDT": 0.3409,
  "SENTUSDT": 0.02188,
  "0GUSDT": 0.6613,
  "VIRTUALUSDT": 0.6421,
  "ZKUSDT": 0.02182,
  "ORCAUSDT": 1.148,
  "SEIUSDT": 0.0746,
  "VVVUSDT": 4.124,
  "POWERUSDT": 0.31282,
  "ETHFIUSDT": 0.4829,
  "JUPUSDT": 0.165,
  "ZAMAUSDT": 0.01991,
  "INITUSDT": 0.11466,
  "BANUSDT": 0.09898,
  "STABLEUSDT": 0.026978,
  "SIRENUSDT": 0.21732,
  "CYSUSDT": 0.5501,
  "CCUSDT": 0.16456,
  "UBUSDT": 0.04929,
  "BTRUSDT": 0.20709,
  "JTOUSDT": 0.3266,
  "PENDLEUSDT": 1.2218,
  "ALCHUSDT": 0.08153,
  "INJUSDT": 3.13,
  "LDOUSDT": 0.3427,
  "KAITOUSDT": 0.3173,
  "SKYUSDT": 0.06858,
  "ENSOUSDT": 1.1187,
  "ZENUSDT": 6.205,
  "ATUSDT": 0.1586,
  "RENDERUSDT": 1.446,
  "1000RATSUSDT": 0.04635,
  "QUSDT": 0.020816,
  "AWEUSDT": 0.09305,
  "SANDUSDT": 0.0858,
  "GPSUSDT": 0.012827,
  "OMUSDT": 0.06009,
  "BANANAS31USDT": 0.004589,
  "NIGHTUSDT": 0.05569,
  "MSTRUSDT": 129.88,
  "HANAUSDT": 0.03617,
  "HOMEUSDT": 0.027777,
  "\u6211\u8e0f\u9a6c\u6765\u4e86USDT": 0.01879,
  "MUSDT": 1.5143,
  "GIGGLEUSDT": 31.16,
  "LYNUSDT": 0.23725,
  "STRKUSDT": 0.04851,
  "RPLUSDT": 2.511,
  "SKYAIUSDT": 0.03733,
  "DUSKUSDT": 0.10341,
  "ROSEUSDT": 0.01257,
  "JELLYJELLYUSDT": 0.07619,
  "PYTHUSDT": 0.05612,
  "TRADOORUSDT": 1.377,
  "CAKEUSDT": 1.3121,
  "SPACEUSDT": 0.010194,
  "ALGOUSDT": 0.0943,
  "PIEVERSEUSDT": 0.4099,
  "MYXUSDT": 1.475,
  "USDCUSDT": 0.999946,
  "COMPUSDT": 19.37,
  "MOVEUSDT": 0.02631,
  "HUMAUSDT": 0.015434,
  "BULLAUSDT": 0.03006,
  "AVNTUSDT": 0.2056,
  "GALAUSDT": 0.00408,
  "METUSDT": 0.2241,
  "XPINUSDT": 0.001892,
  "ZILUSDT": 0.00428,
  "ESPUSDT": 0.05727,
  "MORPHOUSDT": 1.4003,
  "B2USDT": 0.7034,
  "COLLECTUSDT": 0.07623,
  "ZKPUSDT": 0.0961,
  "BUSDT": 0.1415,
  "GUNUSDT": 0.02268,
  "SUSDT": 0.04824,
  "MEUSDT": 0.1352,
  "1000LUNCUSDT": 0.03422,
  "LINEAUSDT": 0.003678,
  "EIGENUSDT": 0.2105,
  "BEAMXUSDT": 0.002411,
  "ENSUSDT": 6.709,
  "SYRUPUSDT": 0.2458,
  "AUCTIONUSDT": 5.222,
  "VETUSDT": 0.008128,
  "XTZUSDT": 0.395,
  "ESPORTSUSDT": 0.38395,
  "LAUSDT": 0.2027,
  "AEROUSDT": 0.3183,
  "BIOUSDT": 0.0243,
  "NEOUSDT": 2.806,
  "TSLAUSDT": 412.35,
  "RAVEUSDT": 0.39802,
  "PNUTUSDT": 0.05031,
  "NXPCUSDT": 0.2794,
  "FORMUSDT": 0.2188,
  "DYDXUSDT": 0.106,
  "GUAUSDT": 0.14705,
  "ORDIUSDT": 2.794,
  "ALLOUSDT": 0.08642,
  "BIRBUSDT": 0.19231,
  "FOGOUSDT": 0.02365,
  "FHEUSDT": 0.04262,
  "RESOLVUSDT": 0.06326,
  "MERLUSDT": 0.06381,
  "OGUSDT": 3.379,
  "LPTUSDT": 2.473,
  "MOODENGUSDT": 0.06008,
  "PLUMEUSDT": 0.01094,
  "MMTUSDT": 0.1463,
  "BEATUSDT": 0.2495,
  "LRCUSDT": 0.0343,
  "1000FLOKIUSDT": 0.03186,
  "SOMIUSDT": 0.1906,
  "TRBUSDT": 15.894,
  "STGUSDT": 0.1409,
  "CLOUSDT": 0.07868,
  "VANAUSDT": 1.548,
  "ATHUSDT": 0.005995,
  "STXUSDT": 0.2606,
  "EDUUSDT": 0.1283,
  "TRIAUSDT": 0.01578,
  "GWEIUSDT": 0.028185,
  "JASMYUSDT": 0.006204,
  "ARUSDT": 2.023,
  "2ZUSDT": 0.07801,
  "USELESSUSDT": 0.05326,
  "WUSDT": 0.02065,
  "AIAUSDT": 0.10818,
  "API3USDT": 0.3159,
  "MAGICUSDT": 0.08069,
  "BANKUSDT": 0.03967,
  "CFXUSDT": 0.05414,
  "COAIUSDT": 0.3462,
  "WCTUSDT": 0.062,
  "LUNA2USDT": 0.06567,
  "NMRUSDT": 8.388,
  "APEUSDT": 0.1277,
  "MANAUSDT": 0.101,
  "EULUSDT": 0.97,
  "SPXUSDT": 0.3248,
  "ZORAUSDT": 0.02222,
  "BREVUSDT": 0.1413,
  "FLOWUSDT": 0.03937,
  "PTBUSDT": 0.001531,
  "AZTECUSDT": 0.02143,
  "XNYUSDT": 0.005226,
  "TAUSDT": 0.03747,
  "IMXUSDT": 0.1687,
  "TAGUSDT": 0.000379,
  "4USDT": 0.0097,
  "QNTUSDT": 68.8,
  "UAIUSDT": 0.2404,
  "LIGHTUSDT": 0.237,
  "JSTUSDT": 0.042642,
  "TAKEUSDT": 0.0296,
  "GRTUSDT": 0.02789,
  "COWUSDT": 0.2144,
  "1INCHUSDT": 0.095,
  "KAIAUSDT": 0.05734,
  "MUBARAKUSDT": 0.01927,
  "SPKUSDT": 0.02101,
  "SFPUSDT": 0.2714,
  "ZRXUSDT": 0.1099,
  "AGTUSDT": 0.004749,
  "BOMEUSDT": 0.000431,
  "UMAUSDT": 0.5346,
  "IOTAUSDT": 0.0697,
  "ZKCUSDT": 0.0955,
  "THETAUSDT": 0.2067,
  "RAYSOLUSDT": 0.6679,
  "FRAXUSDT": 0.6834,
  "MANTAUSDT": 0.07992,
  "YFIUSDT": 2866.0,
  "TWTUSDT": 0.5583,
  "SKRUSDT": 0.021135,
  "NEIROUSDT": 7.62e-05,
  "EGLDUSDT": 4.686,
  "NILUSDT": 0.05551,
  "TNSRUSDT": 0.05546,
  "AXLUSDT": 0.06085,
  "SNXUSDT": 0.292,
  "RUNEUSDT": 0.4053,
  "MEGAUSDT": 0.13093,
  "NOMUSDT": 0.005381,
  "ACTUSDT": 0.01523,
  "ARKMUSDT": 0.1175,
  "C98USDT": 0.0319,
  "FIGHTUSDT": 0.006216,
  "XVGUSDT": 0.006003,
  "PEOPLEUSDT": 0.00702,
  "SAHARAUSDT": 0.01587,
  "GRASSUSDT": 0.2,
  "MINAUSDT": 0.06542,
  "AUSDT": 0.0853,
  "SUPERUSDT": 0.1306,
  "PROVEUSDT": 0.3194,
  "TSTUSDT": 0.01114,
  "BASUSDT": 0.0064,
  "ANIMEUSDT": 0.005772,
  "FOLKSUSDT": 1.339,
  "FUSDT": 0.006393,
  "BLUAIUSDT": 0.005428,
  "SIGNUSDT": 0.02679,
  "BSVUSDT": 16.78,
  "TUTUSDT": 0.01184,
  "SOPHUSDT": 0.009868,
  "YBUSDT": 0.1745,
  "IOUSDT": 0.111,
  "KGENUSDT": 0.16796,
  "TURBOUSDT": 0.0011005,
  "KASUSDT": 0.03177,
  "BATUSDT": 0.1291,
  "OPENUSDT": 0.161,
  "ACHUSDT": 0.007756,
  "AVAAIUSDT": 0.00759,
  "GMTUSDT": 0.01234,
  "GASUSDT": 1.655,
  "SWARMSUSDT": 0.0074,
  "POPCATUSDT": 0.05251,
  "BABYUSDT": 0.01429,
  "CATIUSDT": 0.0412,
  "AIOUSDT": 0.07572,
  "SUSHIUSDT": 0.2105,
  "CYBERUSDT": 0.5603,
  "ICNTUSDT": 0.4371,
  "DEEPUSDT": 0.03069,
  "SANTOSUSDT": 1.876,
  "IRYSUSDT": 0.03079,
  "LAYERUSDT": 0.0903,
  "DRIFTUSDT": 0.0976,
  "ZBTUSDT": 0.07247,
  "MASKUSDT": 0.4695,
  "IDOLUSDT": 0.02097,
  "AKEUSDT": 0.0002767,
  "TRUTHUSDT": 0.011993,
  "BLURUSDT": 0.02122,
  "XPTUSDT": 1996.68,
  "STORJUSDT": 0.1055,
  "SUNUSDT": 0.017462,
  "YGGUSDT": 0.04112,
  "CELOUSDT": 0.084,
  "ONTUSDT": 0.0469,
  "SOONUSDT": 0.1803,
  "PLAYUSDT": 0.0237,
  "ALTUSDT": 0.0088,
  "MEMEUSDT": 0.0007253,
  "AIXBTUSDT": 0.02132,
  "PROMUSDT": 1.42,
  "VELVETUSDT": 0.08533,
  "SOLVUSDT": 0.00463,
  "KMNOUSDT": 0.03184,
  "ZEREBROUSDT": 0.00857,
  "VELODROMEUSDT": 0.01448,
  "IDUSDT": 0.05097,
  "CTSIUSDT": 0.0271,
  "STOUSDT": 0.05578,
  "THEUSDT": 0.275,
  "GLMUSDT": 0.18496,
  "ASRUSDT": 1.43,
  "RAREUSDT": 0.02014,
  "CVXUSDT": 1.994,
  "ARIAUSDT": 0.0802,
  "INUSDT": 0.06232,
  "ANKRUSDT": 0.004711,
  "SKLUSDT": 0.00703,
  "SYNUSDT": 0.05195,
  "SONICUSDT": 0.04627,
  "ARPAUSDT": 0.01037,
  "ONUSDT": 0.0961,
  "RSRUSDT": 0.001563,
  "QTUMUSDT": 0.973,
  "WALUSDT": 0.0849,
  "MELANIAUSDT": 0.12,
  "ERAUSDT": 0.1608,
  "DEXEUSDT": 2.348,
  "BROCCOLI714USDT": 0.01451,
  "LISTAUSDT": 0.095,
  "STBLUSDT": 0.03947,
  "KSMUSDT": 4.888,
  "HEMIUSDT": 0.01055,
  "EDENUSDT": 0.03492,
  "KERNELUSDT": 0.06663,
  "KAVAUSDT": 0.0544,
  "DEGOUSDT": 0.3396,
  "GMXUSDT": 6.506,