{
  "BTCUSDT": 67124.7,
  "ETHUSDT": 1964.1,
  "ETH/USDCUSDT": 1942.64,
  "BTC/USDCUSDT": 66266.1,
  "SOLUSDT": 81.31,
  "XAGUSDT": 77.11,
  "BTC/USDUSDT": 67035.6,
  "XAUUSDT": 4982.91,
  "XRPUSDT": 1.4237,
  "PIPPINUSDT": 0.51614,
  "ETH/USDUSDT": 1964.17,
  "WLFIUSDT": 0.1206,
  "RIVERUSDT": 7.493,
  "DOGEUSDT": 0.09863,
  "ZECUSDT": 270.94,
  "BNBUSDT": 604.19,
  "ORCAUSDT": 1.242,
  "CYBERUSDT": 0.6594,
  "HYPEUSDT": 28.71,
  "SOL/USDCUSDT": 81.28,
  "1000PEPEUSDT": 0.0042371,
  "ESPUSDT": 0.08671,
  "NAORISUSDT": 0.05101,
  "SPACEUSDT": 0.011596,
  "SUIUSDT": 0.9322,
  "PAXGUSDT": 4983.71,
  "ADAUSDT": 0.2742,
  "AVAXUSDT": 8.882,
  "VVVUSDT": 3.809,
  "JTOUSDT": 0.2993,
  "XRP/USDCUSDT": 1.423,
  "KITEUSDT": 0.22246,
  "LINKUSDT": 8.576,
  "ASTERUSDT": 0.7033,
  "BCHUSDT": 552.77,
  "PUMPUSDT": 0.002015,
  "TAOUSDT": 183.92,
  "AAVEUSDT": 122.53,
  "SIRENUSDT": 0.21005,
  "TRUMPUSDT": 3.387,
  "INITUSDT": 0.10281,
  "GUNUSDT": 0.02852,
  "LTCUSDT": 53.18,
  "FILUSDT": 0.925,
  "SOL/USDUSDT": 80.35,
  "JELLYJELLYUSDT": 0.07422,
  "BERAUSDT": 0.6101,
  "STEEMUSDT": 0.05533,
  "GPSUSDT": 0.014098,
  "UNIUSDT": 3.416,
  "STABLEUSDT": 0.028207,
  "DOTUSDT": 1.313,
  "ATOMUSDT": 2.406,
  "ENSOUSDT": 1.1813,
  "NEARUSDT": 1.02,
  "OPUSDT": 0.1725,
  "WLDUSDT": 0.3796,
  "WIFUSDT": 0.2216,
  "ENAUSDT": 0.1149,
  "CLOUSDT": 0.08387,
  "POWERUSDT": 0.34099,
  "BNB/USDCUSDT": 604.6,
  "APTUSDT": 0.8781,
  "MYXUSDT": 1.072,
  "AXSUSDT": 1.29,
  "TRXUSDT": 0.27837,
  "RPLUSDT": 2.122,
  "XRP/USDUSDT": 1.4317,
  "PENGUUSDT": 0.006835,
  "FARTCOINUSDT": 0.1872,
  "1000SHIBUSDT": 0.006315,
  "ARBUSDT": 0.1086,
  "AWEUSDT": 0.10208,
  "BNB/USDUSDT": 608.2,
  "VIRTUALUSDT": 0.6174,
  "ZROUSDT": 1.5202,
  "DOGE/USDCUSDT": 0.09858,
  "ETH/BTCUSDT": 1942.7372965,
  "HBARUSDT": 0.09921,
  "ARCUSDT": 0.07949,
  "LITUSDT": 1.481,
  "XMRUSDT": 329.5,
  "\u6211\u8e0f\u9a6c\u6765\u4e86USDT": 0.016357,
  "HUSDT": 0.16738,
  "ROSEUSDT": 0.01338,
  "XLMUSDT": 0.16168,
  "DOGE/USDUSDT": 0.09858,
  "DASHUSDT": 35.8,
  "CRVUSDT": 0.244,
  "SPXUSDT": 0.3358,
  "ZAMAUSDT": 0.01894,
  "SNXUSDT": 0.299,
  "ZEC/USDCUSDT": 270.84,
  "MONUSDT": 0.02037,
  "XPLUSDT": 0.093,
  "TSLAUSDT": 411.88,
  "WLFI/USDCUSDT": 0.1204,
  "1000BONKUSDT": 0.006204,
  "ICPUSDT": 2.261,
  "LAUSDT": 0.2057,
  "POLUSDT": 0.10983,
  "\u5e01\u5b89\u4eba\u751fUSDT": 0.09231,
  "0GUSDT": 0.6273,
  "ETCUSDT": 8.455,
  "USELESSUSDT": 0.04456,
  "MUBARAKUSDT": 0.01777,
  "TRUTHUSDT": 0.009728,
  "TONUSDT": 1.4089,
  "MORPHOUSDT": 1.4493,
  "BTRUSDT": 0.18446,
  "SENTUSDT": 0.02225,
  "ONDOUSDT": 0.2655,
  "1000PEPE/USDCUSDT": 0.004232,
  "TIAUSDT": 0.3283,
  "FOGOUSDT": 0.02498,
  "IPUSDT": 1.101,
  "ZORAUSDT": 0.02134,
  "SEIUSDT": 0.0728,
  "JUPUSDT": 0.1527,
  "TRIAUSDT": 0.01578,
  "ONTUSDT": 0.0463,
  "RENDERUSDT": 1.417,
  "SUI/USDCUSDT": 0.9316,
  "MUSDT": 1.4175,
  "AZTECUSDT": 0.01863,
  "PENDLEUSDT": 1.1974,
  "MOODENGUSDT": 0.05726,
  "FETUSDT": 0.1657,
  "DUSKUSDT": 0.09625,
  "GALAUSDT": 0.00388,
  "INJUSDT": 2.986,
  "BANUSDT": 0.11876,
  "RAYSOLUSDT": 0.6356,
  "TAKEUSDT": 0.02281,
  "SONICUSDT": 0.04777,
  "MERLUSDT": 0.05608,
  "BEATUSDT": 0.2061,
  "SPORTFUNUSDT": 0.03701,
  "HOODUSDT": 75.3,
  "DYDXUSDT": 0.103,
  "BIOUSDT": 0.02374,
  "OMUSDT": 0.05611,
  "ENSUSDT": 6.675,
  "COMPUSDT": 17.8,
  "MOVEUSDT": 0.02393,
  "HUMAUSDT": 0.013905,
  "XNYUSDT": 0.00562,
  "SANDUSDT": 0.08424,
  "LUNA2USDT": 0.06635,
  "MITOUSDT": 0.04493,
  "FIGHTUSDT": 0.006466,
  "ALGOUSDT": 0.0911,
  "NEIROUSDT": 7.34e-05,
  "LDOUSDT": 0.3292,
  "MMTUSDT": 0.1321,
  "ALLOUSDT": 0.09551,
  "COLLECTUSDT": 0.07161,
  "GASUSDT": 1.615,
  "BASUSDT": 0.006662,
  "ACEUSDT": 0.172,
  "ZILUSDT": 0.00402,
  "BCH/USDCUSDT": 552.41,
  "FHEUSDT": 0.04051,
  "SKYUSDT": 0.06497,
  "SKRUSDT": 0.019314,
  "CHZUSDT": 0.03936,
  "ADA/USDUSDT": 0.274,
  "CAKEUSDT": 1.2698,
  "CYSUSDT": 0.4947,
  "LYNUSDT": 0.26529,
  "LINEAUSDT": 0.003523,
  "GIGGLEUSDT": 30.06,
  "ZENUSDT": 5.962,
  "MEUSDT": 0.13,
  "SUI/USDUSDT": 0.9316,
  "EIGENUSDT": 0.1976,
  "EULUSDT": 0.899,
  "AVNTUSDT": 0.1903,
  "IRYSUSDT": 0.02569,
  "INTCUSDT": 45.5,
  "1000FLOKIUSDT": 0.03051,
  "APEUSDT": 0.1177,
  "VETUSDT": 0.007859,
  "PYTHUSDT": 0.05427,
  "MAGICUSDT": 0.07111,
  "ZKUSDT": 0.02064,
  "ZKPUSDT": 0.09054,
  "CCUSDT": 0.16914,
  "PLAYUSDT": 0.02034,
  "ETHFIUSDT": 0.464,
  "ARIAUSDT": 0.07455,
  "BULLAUSDT": 0.02638,
  "CRCLUSDT": 63.27,
  "ORDIUSDT": 2.67,
  "WETUSDT": 0.08423,
  "SOMIUSDT": 0.1972,
  "CVXUSDT": 2.014,
  "ADA/USDCUSDT": 0.2741,
  "LINK/USDCUSDT": 8.571,
  "LINK/USDUSDT": 8.571,
  "LIGHTUSDT": 0.2445,
  "C98USDT": 0.0285,
  "AUCTIONUSDT": 5.09,
  "BIRBUSDT": 0.18717,
  "STGUSDT": 0.1318,
  "AVAX/USDCUSDT": 8.875,
  "FRAXUSDT": 0.6425,
  "COINUSDT": 164.68,
  "FIL/USDCUSDT": 0.925,
  "STRKUSDT": 0.04623,
  "1000LUNCUSDT": 0.03439,
  "PTBUSDT": 0.00137,
  "PROMUSDT": 1.364,
  "XPTUSDT": 2088.42,
  "TRBUSDT": 14.894,
  "SYRUPUSDT": 0.23607,
  "SUSDT": 0.04607,
  "ZKCUSDT": 0.0936,
  "OGUSDT": 3.253,
  "ANIMEUSDT": 0.005166,
  "BREVUSDT": 0.1322,
  "BARDUSDT": 0.76,
  "AIAUSDT": 0.09944,
  "KSMUSDT": 4.596,
  "UBUSDT": 0.04113,
  "STXUSDT": 0.2538,
  "ARB/USDCUSDT": 0.1085,
  "JASMYUSDT": 0.005727,
  "ARUSDT": 1.976,
  "PLTRUSDT": 135.66,
  "KASUSDT": 0.03106,
  "WCTUSDT": 0.06062,
  "SUPERUSDT": 0.1278,
  "ALTUSDT": 0.00829,
  "TRUMP/USDCUSDT": 3.384,
  "ZBTUSDT": 0.0719,
  "ENA/USDCUSDT": 0.1148,
  "PNUTUSDT": 0.04801,
  "TURBOUSDT": 0.0010564,
  "QNTUSDT": 67.66,
  "WUSDT": 0.01981,
  "MSTRUSDT": 125.81,
  "XPDUSDT": 1719.98,
  "ATUSDT": 0.16088,
  "HIVEUSDT": 0.06916,
  "MANAUSDT": 0.0986,
  "RESOLVUSDT": 0.06,
  "VELVETUSDT": 0.07067,
  "LTC/USDCUSDT": 53.15,
  "IOUSDT": 0.1103,
  "NEAR/USDCUSDT": 1.02,
  "ACHUSDT": 0.007506,
  "NIGHTUSDT": 0.0575,
  "RAVEUSDT": 0.38334,
  "TRADOORUSDT": 1.412,
  "TNSRUSDT": 0.05124,
  "ARKMUSDT": 0.1126,
  "LPTUSDT": 2.35,
  "UMAUSDT": 0.4929,
  "POLYXUSDT": 0.04355,
  "DOLOUSDT": 0.03593,
  "LABUSDT": 0.15244,
  "GMTUSDT": 0.0121,
  "LRCUSDT": 0.03288,
  "METUSDT": 0.2076,
  "RUNEUSDT": 0.3972,
  "IRUSDT": 0.08502,
  "NOMUSDT": 0.005262,
  "INUSDT": 0.06028,
  "FFUSDT": 0.08032,
  "XTZUSDT": 0.385,
  "MINAUSDT": 0.06482,
  "DRIFTUSDT": 0.0895,
  "DEEPUSDT": 0.02831,
  "COWUSDT": 0.1973,
  "GWEIUSDT": 0.028289,
  "MIRAUSDT": 0.0913,
  "IMXUSDT": 0.1621,
  "TAIKOUSDT": 0.1308,
  "XVGUSDT": 0.005933,
  "BOMEUSDT": 0.0004131,
  "BANANAS31USDT": 0.004536,
  "QUSDT": 0.020715,
  "SUSHIUSDT": 0.2049,
  "BANKUSDT": 0.04141,
  "PIEVERSEUSDT": 0.4035,
  "INXUSDT": 0.012413,
  "ACUUSDT": 0.10351,
  "AEROUSDT": 0.3042,
  "MELANIAUSDT": 0.1201,
  "ICNTUSDT": 0.3785,
  "STORJUSDT": 0.0993,
  "MEMEUSDT": 0.0006811,
  "TOWNSUSDT": 0.003665,
  "FLOWUSDT": 0.03725,
  "NILUSDT": 0.05408,
  "COAIUSDT": 0.3237,
  "2ZUSDT": 0.07387,
  "FUSDT": 0.006092,
  "TWTUSDT": 0.5467,
  "THETAUSDT": 0.1969,
  "AAVE/USDCUSDT": 122.39,
  "GRTUSDT": 0.02679,
  "AIXBTUSDT": 0.02026,
  "API3USDT": 0.3073,
  "CKBUSDT": 0.001607,
  "AAVE/USDUSDT": 122.44,
  "BCH/USDUSDT": 552.45,
  "MASKUSDT": 0.4515,
  "SAGAUSDT": 0.03243,
  "EGLDUSDT": 4.513,
  "CFXUSDT": 0.05229,
  "HEMIUSDT": 0.00995,
  "LAYERUSDT": 0.0859,
  "CRV/USDCUSDT": 0.2443,
  "TREEUSDT": 0.07162,
  "ELSAUSDT": 0.07604,
  "POPCATUSDT": 0.05036,
  "SSVUSDT": 3.139,
  "ATOM/USDUSDT": 2.404,
  "RLSUSDT": 0.005473,
  "KAITOUSDT": 0.3039,
  "AXLUSDT": 0.05738,
  "YFIUSDT": 2815.0,
  "AVAX/USDUSDT": 8.87,
  "CLANKERUSDT": 31.18,
  "LSKUSDT": 0.1434,
  "REZUSDT": 0.003095,
  "PEOPLEUSDT": 0.0067,
  "FIL/USDUSDT": 0.922,
  "XVSUSDT": 3.14,
  "WIF/USDCUSDT": 0.2214,
  "OGNUSDT": 0.0225,
  "NXPCUSDT": 0.2672,
  "NEOUSDT": 2.716,
  "PENGU/USDCUSDT": 0.006829,
  "PLUMEUSDT": 0.01041,
  "1INCHUSDT": 0.092,
  "ZRXUSDT": 0.1066,
  "PARTIUSDT": 0.10455,
  "LTC/USDUSDT": 53.15,
  "WIF/USDUSDT": 0.2213,
  "UAIUSDT": 0.2117,
  "QTUMUSDT": 0.948,
  "GLMUSDT": 0.17686,
  "IOTAUSDT": 0.0667,
  "OPENUSDT": 0.1579,
  "BROCCOLI714USDT": 0.01378,
  "ALICEUSDT": 0.107,
  "JSTUSDT": 0.042342,