{
  "BTCUSDT": 68736.9,
  "ETHUSDT": 2049.88,
  "SOLUSDT": 84.58,
  "XRPUSDT": 1.4075,
  "BNBUSDT": 616.65,
  "BCHUSDT": 558.76,
  "DOGEUSDT": 0.09668,
  "HYPEUSDT": 31.31,
  "PAXGUSDT": 5034.47,
  "ZECUSDT": 281.51,
  "XAGUSDT": 77.46,
  "XAUUSDT": 5035.37,
  "TRXUSDT": 0.28268,
  "SUIUSDT": 0.9586,
  "ASTERUSDT": 0.7121,
  "LINKUSDT": 8.822,
  "LTCUSDT": 55.16,
  "AVAXUSDT": 9.161,
  "UNIUSDT": 3.394,
  "ADAUSDT": 0.2748,
  "ENAUSDT": 0.1213,
  "PUMPUSDT": 0.002113,
  "1000PEPEUSDT": 0.0037882,
  "PIPPINUSDT": 0.59563,
  "KITEUSDT": 0.2125,
  "AAVEUSDT": 120.73,
  "NEARUSDT": 1.023,
  "WLFIUSDT": 0.1032,
  "LITUSDT": 1.622,
  "WLDUSDT": 0.3985,
  "HUSDT": 0.22566,
  "TRUMPUSDT": 3.421,
  "FILUSDT": 0.953,
  "ARCUSDT": 0.07976,
  "XPLUSDT": 0.0991,
  "ZROUSDT": 1.8031,
  "TAOUSDT": 189.4,
  "DOTUSDT": 1.343,
  "TONUSDT": 1.4525,
  "HBARUSDT": 0.10107,
  "1000SHIBUSDT": 0.006363,
  "APTUSDT": 0.9444,
  "BERAUSDT": 0.6726,
  "ATOMUSDT": 2.121,
  "XLMUSDT": 0.16545,
  "MONUSDT": 0.02293,
  "AXSUSDT": 1.447,
  "XMRUSDT": 354.53,
  "ARBUSDT": 0.1154,
  "ICPUSDT": 2.385,
  "RIVERUSDT": 14.249,
  "WIFUSDT": 0.223,
  "DASHUSDT": 38.39,
  "FARTCOINUSDT": 0.1895,
  "CRVUSDT": 0.252,
  "PENGUUSDT": 0.006744,
  "IPUSDT": 1.136,
  "FFUSDT": 0.08078,
  "ETCUSDT": 8.634,
  "FETUSDT": 0.1673,
  "BARDUSDT": 0.804,
  "1000BONKUSDT": 0.006329,
  "OPUSDT": 0.1904,
  "CHZUSDT": 0.04222,
  "POLUSDT": 0.10066,
  "PARTIUSDT": 0.10892,
  "\u5e01\u5b89\u4eba\u751fUSDT": 0.10029,
  "TIAUSDT": 0.3415,
  "BTCDOMUSDT": 5096.7,
  "SENTUSDT": 0.02319,
  "ZAMAUSDT": 0.0213,
  "ONDOUSDT": 0.2707,
  "JUPUSDT": 0.1534,
  "ZKUSDT": 0.02229,
  "VIRTUALUSDT": 0.6148,
  "SEIUSDT": 0.0753,
  "0GUSDT": 0.6191,
  "ETHFIUSDT": 0.4722,
  "BANUSDT": 0.09388,
  "LDOUSDT": 0.3497,
  "CCUSDT": 0.16667,
  "ALCHUSDT": 0.08535,
  "UBUSDT": 0.04771,
  "BTRUSDT": 0.15737,
  "ZENUSDT": 6.464,
  "PENDLEUSDT": 1.2518,
  "SKYUSDT": 0.06768,
  "KAITOUSDT": 0.3255,
  "RENDERUSDT": 1.391,
  "INJUSDT": 3.124,
  "ATUSDT": 0.15924,
  "1000RATSUSDT": 0.04892,
  "POWERUSDT": 0.26986,
  "ENSOUSDT": 1.1538,
  "AWEUSDT": 0.09778,
  "OMUSDT": 0.0554,
  "OGUSDT": 5.011,
  "SANDUSDT": 0.08834,
  "CYSUSDT": 0.4615,
  "STABLEUSDT": 0.023368,
  "DUSKUSDT": 0.1091,
  "COMPUSDT": 19.7,
  "BANANAS31USDT": 0.004536,
  "NIGHTUSDT": 0.05753,
  "GIGGLEUSDT": 31.96,
  "STRKUSDT": 0.04972,
  "MSTRUSDT": 134.16,
  "QUSDT": 0.019691,
  "SKYAIUSDT": 0.03935,
  "HANAUSDT": 0.03618,
  "ROSEUSDT": 0.01244,
  "\u6211\u8e0f\u9a6c\u6765\u4e86USDT": 0.023307,
  "TAKEUSDT": 0.05417,
  "HOMEUSDT": 0.026599,
  "GPSUSDT": 0.011509,
  "MYXUSDT": 2.495,
  "USDCUSDT": 0.99999,
  "PIEVERSEUSDT": 0.4242,
  "ALGOUSDT": 0.0957,
  "METUSDT": 0.2209,
  "CAKEUSDT": 1.2955,
  "TRADOORUSDT": 1.323,
  "ZILUSDT": 0.00449,
  "LYNUSDT": 0.2078,
  "GALAUSDT": 0.00413,
  "AVNTUSDT": 0.2014,
  "MUSDT": 1.3779,
  "VVVUSDT": 2.666,
  "AUCTIONUSDT": 5.207,
  "GUNUSDT": 0.02456,
  "MEUSDT": 0.1538,
  "PYTHUSDT": 0.05075,
  "SUSDT": 0.04878,
  "LINEAUSDT": 0.003612,
  "BUSDT": 0.1452,
  "EIGENUSDT": 0.2091,
  "B2USDT": 0.6952,
  "LPTUSDT": 2.476,
  "COLLECTUSDT": 0.07209,
  "BIRBUSDT": 0.2025,
  "XTZUSDT": 0.408,
  "ENSUSDT": 6.65,
  "ZKPUSDT": 0.09339,
  "VETUSDT": 0.008194,
  "BEAMXUSDT": 0.002407,
  "SYRUPUSDT": 0.27456,
  "TSLAUSDT": 417.79,
  "AEROUSDT": 0.3089,
  "XPINUSDT": 0.001514,
  "HUMAUSDT": 0.013207,
  "MORPHOUSDT": 1.2185,
  "LAUSDT": 0.2182,
  "BIOUSDT": 0.02471,
  "MOVEUSDT": 0.02398,
  "DYDXUSDT": 0.106,
  "BULLAUSDT": 0.02455,
  "1000LUNCUSDT": 0.03355,
  "NEOUSDT": 2.831,
  "RESOLVUSDT": 0.06207,
  "AIAUSDT": 0.12786,
  "ESPUSDT": 0.06105,
  "FORMUSDT": 0.2138,
  "PNUTUSDT": 0.04939,
  "RAVEUSDT": 0.36949,
  "SIRENUSDT": 0.13463,
  "NAORISUSDT": 0.03546,
  "BEATUSDT": 0.2608,
  "CLOUSDT": 0.08251,
  "FOGOUSDT": 0.02274,
  "JELLYJELLYUSDT": 0.05565,
  "SOMIUSDT": 0.1957,
  "ORDIUSDT": 2.859,
  "LRCUSDT": 0.0338,
  "NXPCUSDT": 0.2844,
  "COAIUSDT": 0.4164,
  "GUAUSDT": 0.1409,
  "MOODENGUSDT": 0.05486,
  "STXUSDT": 0.2674,
  "ESPORTSUSDT": 0.35174,
  "BANKUSDT": 0.04175,
  "FHEUSDT": 0.03976,
  "VANAUSDT": 1.614,
  "ATHUSDT": 0.006626,
  "STGUSDT": 0.1575,
  "MERLUSDT": 0.05516,
  "XNYUSDT": 0.006183,
  "ALLOUSDT": 0.08217,
  "PLUMEUSDT": 0.01157,
  "TRBUSDT": 15.522,
  "WCTUSDT": 0.06463,
  "1000FLOKIUSDT": 0.03082,
  "AZTECUSDT": 0.02373,
  "JTOUSDT": 0.2672,
  "API3USDT": 0.3163,
  "ARUSDT": 2.014,
  "NMRUSDT": 8.558,
  "TRIAUSDT": 0.01958,
  "CFXUSDT": 0.05461,
  "EDUUSDT": 0.1263,
  "2ZUSDT": 0.07949,
  "FLOWUSDT": 0.0435,
  "ZKCUSDT": 0.1029,
  "MANAUSDT": 0.1017,
  "WUSDT": 0.02085,
  "JASMYUSDT": 0.006052,
  "SPACEUSDT": 0.007248,
  "QNTUSDT": 70.63,
  "4USDT": 0.01016,
  "SPXUSDT": 0.3007,
  "GWEIUSDT": 0.026551,
  "EULUSDT": 0.955,
  "XVGUSDT": 0.006361,
  "IRYSUSDT": 0.04216,
  "TNSRUSDT": 0.05448,
  "TAGUSDT": 0.0003774,
  "ZORAUSDT": 0.02155,
  "BREVUSDT": 0.1454,
  "KAIAUSDT": 0.05786,
  "1INCHUSDT": 0.0961,
  "LIGHTUSDT": 0.2401,
  "C98USDT": 0.0316,
  "TAUSDT": 0.03599,
  "GRTUSDT": 0.02775,
  "THETAUSDT": 0.2163,
  "APEUSDT": 0.1297,
  "UAIUSDT": 0.2276,
  "JSTUSDT": 0.042036,
  "SPKUSDT": 0.02275,
  "EGLDUSDT": 5.089,
  "IMXUSDT": 0.1663,
  "ZRXUSDT": 0.1104,
  "MMTUSDT": 0.1345,
  "IOTAUSDT": 0.0687,
  "MANTAUSDT": 0.07952,
  "RUNEUSDT": 0.4142,
  "SKRUSDT": 0.023518,
  "FRAXUSDT": 0.6437,
  "ACTUSDT": 0.01465,
  "AGTUSDT": 0.00466,
  "SFPUSDT": 0.2506,
  "ANIMEUSDT": 0.005678,
  "NILUSDT": 0.05606,
  "AXLUSDT": 0.06153,
  "BOMEUSDT": 0.0004125,
  "NOMUSDT": 0.005556,
  "PTBUSDT": 0.001414,
  "PROVEUSDT": 0.3295,
  "MEGAUSDT": 0.12845,
  "FUSDT": 0.006296,
  "BSVUSDT": 16.39,
  "GASUSDT": 1.694,
  "GRASSUSDT": 0.1977,
  "AUSDT": 0.088,
  "SNXUSDT": 0.295,
  "NEIROUSDT": 7.51e-05,
  "FOLKSUSDT": 1.401,
  "KGENUSDT": 0.17909,
  "BLUAIUSDT": 0.006039,
  "ARKMUSDT": 0.1214,
  "SOPHUSDT": 0.010019,
  "MINAUSDT": 0.06813,
  "ICNTUSDT": 0.4593,
  "BATUSDT": 0.1307,
  "KASUSDT": 0.0324,
  "TWTUSDT": 0.5043,
  "DEEPUSDT": 0.02893,
  "YFIUSDT": 3071.0,
  "SIGNUSDT": 0.02815,
  "TSTUSDT": 0.01079,
  "TUTUSDT": 0.0116,
  "LAYERUSDT": 0.0937,
  "PEOPLEUSDT": 0.0068,
  "SAHARAUSDT": 0.01655,
  "CYBERUSDT": 0.5821,
  "GMTUSDT": 0.01278,
  "POPCATUSDT": 0.0513,
  "FIGHTUSDT": 0.006382,
  "SONICUSDT": 0.05059,
  "TURBOUSDT": 0.0011062,
  "YBUSDT": 0.1707,
  "AVAAIUSDT": 0.00765,
  "MAGICUSDT": 0.06923,
  "ACHUSDT": 0.007989,
  "OPENUSDT": 0.1722,
  "ZBTUSDT": 0.07445,
  "IDOLUSDT": 0.02195,
  "SWARMSUSDT": 0.0074,
  "TOSHIUSDT": 0.0002371,
  "BABYUSDT": 0.01362,
  "SUSHIUSDT": 0.2088,
  "INUSDT": 0.0692,
  "BASUSDT": 0.005899,
  "SANTOSUSDT": 1.929,
  "TRUTHUSDT": 0.014988,
  "BLURUSDT": 0.02163,
  "CATIUSDT": 0.04142,
  "AIOUSDT": 0.078,
  "SKLUSDT": 0.00727,
  "AKEUSDT": 0.0002702,
  "SUPERUSDT": 0.1292,
  "YGGUSDT": 0.04277,
  "ONTUSDT": 0.0466,
  "LUNA2USDT": 0.06249,
  "THEUSDT": 0.2717,
  "CELOUSDT": 0.088,
  "SOLVUSDT": 0.00503,
  "MEMEUSDT": 0.0006991,
  "SOONUSDT": 0.1829,
  "STOUSDT": 0.05611,
  "GLMUSDT": 0.19792,
  "XPTUSDT": 2071.56,
  "IOUSDT": 0.1063,
  "SYNUSDT": 0.04899,
  "SUNUSDT": 0.017093,
  "ALTUSDT": 0.00881,
  "STBLUSDT": 0.04252,
  "VELODROMEUSDT": 0.01479,
  "DYMUSDT": 0.04678,
  "ERAUSDT": 0.1653,
  "KERNELUSDT": 0.06935,
  "IDUSDT": 0.05422,
  "CTSIUSDT": 0.0267,
  "ANKRUSDT": 0.00465,
  "COWUSDT": 0.2041,
  "ASRUSDT": 1.435,
  "HYPERUSDT": 0.1064,
  "MUBARAKUSDT": 0.01667,
  "MASKUSDT": 0.4657,
  "QTUMUSDT": 0.994,
  "WALUSDT": 0.0826,
  "RAREUSDT": 0.02002,
  "GUSDT": 0.004082,
  "CVXUSDT": 1.954,
  "INITUSDT": 0.06867,
  "ARPAUSDT": 0.01021,
  "AINUSDT": 0.03491,
  "VELVETUSDT": 0.07743,
  "MELANIAUSDT": 0.12,
  "KAVAUSDT": 0.0561,
  "ZEREBROUSDT": 0.00827,
  "DEXEUSDT": 2.381,
  "AIXBTUSDT": 0.02068,
  "EDENUSDT": 0.03343,
  "KMNOUSDT": 0.02923,
  "ELSAUSDT": 0.0832,
  "SAPIENUSDT": 0.09074,
  "ORCAUSDT": 0.789,
  "BANANAUSDT": 4.715,
  "XVSUSDT": 2.964,
  "KOMAUSDT": 0.00778,
  "PLAYUSDT": 0.04137,
  "POLYXUSDT": 0.04618,
  "ONUSDT": 0.08329,
  "KSMUSDT": 4.578,
  "NOTUSDT": 0.0004049,
  "DEGOUSDT": 0.3385,