{
  "BTCUSDT": 68302.8,
  "ETHUSDT": 2009.81,
  "SOLUSDT": 86.16,
  "XRPUSDT": 1.371,
  "BNBUSDT": 636.42,
  "XAUUSDT": 5365.24,
  "DOGEUSDT": 0.09219,
  "HYPEUSDT": 32.957,
  "BCHUSDT": 443.39,
  "PAXGUSDT": 5371.73,
  "XAGUSDT": 90.12,
  "WLFIUSDT": 0.106,
  "TRXUSDT": 0.28274,
  "ZECUSDT": 221.23,
  "UNIUSDT": 3.886,
  "ADAUSDT": 0.2724,
  "SUIUSDT": 0.9195,
  "ASTERUSDT": 0.701,
  "1000PEPEUSDT": 0.0034821,
  "LINKUSDT": 8.875,
  "AVAXUSDT": 9.15,
  "LTCUSDT": 54.09,
  "NEARUSDT": 1.415,
  "PUMPUSDT": 0.001983,
  "ENAUSDT": 0.1138,
  "AAVEUSDT": 120.01,
  "PIPPINUSDT": 0.56301,
  "DOTUSDT": 1.499,
  "WLDUSDT": 0.4021,
  "XPLUSDT": 0.106,
  "FILUSDT": 0.994,
  "TRUMPUSDT": 3.472,
  "LITUSDT": 1.333,
  "TAOUSDT": 181.82,
  "1000SHIBUSDT": 0.005431,
  "ZROUSDT": 1.8585,
  "TONUSDT": 1.2366,
  "APTUSDT": 0.9792,
  "ARCUSDT": 0.05193,
  "ATOMUSDT": 1.841,
  "RIVERUSDT": 15.018,
  "HBARUSDT": 0.09697,
  "HUSDT": 0.12559,
  "XMRUSDT": 341.06,
  "POWERUSDT": 1.78098,
  "KITEUSDT": 0.20418,
  "BERAUSDT": 0.5897,
  "XLMUSDT": 0.15249,
  "WIFUSDT": 0.1993,
  "ARBUSDT": 0.1016,
  "ICPUSDT": 2.394,
  "VIRTUALUSDT": 0.7656,
  "CRVUSDT": 0.251,
  "VVVUSDT": 6.927,
  "MONUSDT": 0.02095,
  "SIRENUSDT": 0.4526,
  "FETUSDT": 0.1484,
  "PENGUUSDT": 0.006966,
  "OPUSDT": 0.1265,
  "FFUSDT": 0.07536,
  "AXSUSDT": 1.237,
  "CCUSDT": 0.15912,
  "ETCUSDT": 8.6,
  "BARDUSDT": 1.0825,
  "POLUSDT": 0.10009,
  "SAHARAUSDT": 0.02857,
  "BTCDOMUSDT": 5143.8,
  "IPUSDT": 0.878,
  "PARTIUSDT": 0.08815,
  "FARTCOINUSDT": 0.1627,
  "1000BONKUSDT": 0.005949,
  "DASHUSDT": 34.15,
  "BANUSDT": 0.1145,
  "CHZUSDT": 0.03493,
  "ONDOUSDT": 0.2552,
  "ETHFIUSDT": 0.5048,
  "TIAUSDT": 0.3233,
  "\u5e01\u5b89\u4eba\u751fUSDT": 0.06216,
  "ESPUSDT": 0.11926,
  "ENSOUSDT": 1.3559,
  "INJUSDT": 3.071,
  "SENTUSDT": 0.021,
  "0GUSDT": 0.6235,
  "SEIUSDT": 0.06864,
  "JUPUSDT": 0.1753,
  "STABLEUSDT": 0.031127,
  "SKYAIUSDT": 0.04743,
  "KAITOUSDT": 0.3458,
  "FORMUSDT": 0.284,
  "ALCHUSDT": 0.0802,
  "LYNUSDT": 0.34216,
  "ZAMAUSDT": 0.01932,
  "PENDLEUSDT": 1.2979,
  "ZKUSDT": 0.01849,
  "LDOUSDT": 0.3037,
  "BUSDT": 0.189,
  "GUAUSDT": 0.23945,
  "BANANAS31USDT": 0.005099,
  "MORPHOUSDT": 1.9305,
  "RENDERUSDT": 1.337,
  "ROBOUSDT": 0.04962,
  "QUSDT": 0.024417,
  "ATUSDT": 0.15913,
  "HOMEUSDT": 0.029468,
  "BIOUSDT": 0.02076,
  "SIGNUSDT": 0.02785,
  "PIEVERSEUSDT": 0.5173,
  "GWEIUSDT": 0.040818,
  "NIGHTUSDT": 0.05952,
  "MYXUSDT": 0.37,
  "CAKEUSDT": 1.3466,
  "1000RATSUSDT": 0.03984,
  "ZENUSDT": 5.559,
  "SANDUSDT": 0.08463,
  "BULLAUSDT": 0.02436,
  "MUSDT": 1.4641,
  "GALAUSDT": 0.0035,
  "GIGGLEUSDT": 26.49,
  "SKYUSDT": 0.07011,
  "STRKUSDT": 0.04056,
  "USDCUSDT": 0.999639,
  "ALGOUSDT": 0.0866,
  "HANAUSDT": 0.03461,
  "JELLYJELLYUSDT": 0.07542,
  "GPSUSDT": 0.008768,
  "STGUSDT": 0.1657,
  "BTRUSDT": 0.17423,
  "ALLOUSDT": 0.10485,
  "APEUSDT": 0.1023,
  "OPNUSDT": 0.5285,
  "GUNUSDT": 0.02803,
  "MSTRUSDT": 135.85,
  "EIGENUSDT": 0.1843,
  "TSLAUSDT": 400.39,
  "CRCLUSDT": 94.7,
  "DUSKUSDT": 0.08124,
  "AZTECUSDT": 0.02113,
  "TRADOORUSDT": 1.473,
  "JTOUSDT": 0.2762,
  "B2USDT": 0.7209,
  "AEROUSDT": 0.3394,
  "ATHUSDT": 0.006181,
  "SYRUPUSDT": 0.23422,
  "1000LUNCUSDT": 0.04374,
  "HUMAUSDT": 0.012813,
  "XPINUSDT": 0.001425,
  "BEAMXUSDT": 0.001907,
  "ZILUSDT": 0.00423,
  "UBUSDT": 0.03353,
  "NEOUSDT": 2.623,
  "LAUSDT": 0.2182,
  "ROSEUSDT": 0.01163,
  "GRASSUSDT": 0.3135,
  "ORDIUSDT": 2.455,
  "PYTHUSDT": 0.04818,
  "AVNTUSDT": 0.1711,
  "DYDXUSDT": 0.096,
  "VETUSDT": 0.007169,
  "MOVEUSDT": 0.02215,
  "METUSDT": 0.1758,
  "4USDT": 0.01043,
  "XTZUSDT": 0.37,
  "FOGOUSDT": 0.02378,
  "DENTUSDT": 0.000291,
  "COMPUSDT": 17.3,
  "NXPCUSDT": 0.2727,
  "BEATUSDT": 0.2691,
  "\u6211\u8e0f\u9a6c\u6765\u4e86USDT": 0.010765,
  "LINEAUSDT": 0.00317,
  "RAVEUSDT": 0.35776,
  "ESPORTSUSDT": 0.305,
  "ZKPUSDT": 0.08807,
  "COLLECTUSDT": 0.03776,
  "ARUSDT": 1.633,
  "PNUTUSDT": 0.04542,
  "SUSDT": 0.04037,
  "1000FLOKIUSDT": 0.02777,
  "TRIAUSDT": 0.02004,
  "ENSUSDT": 6.016,
  "TRBUSDT": 14.393,
  "ORCAUSDT": 0.853,
  "SNXUSDT": 0.31,
  "AGLDUSDT": 0.2188,
  "SKRUSDT": 0.021168,
  "SPXUSDT": 0.3239,
  "AUCTIONUSDT": 4.772,
  "EULUSDT": 1.165,
  "AGTUSDT": 0.006159,
  "JASMYUSDT": 0.005522,
  "KAVAUSDT": 0.0531,
  "LPTUSDT": 2.325,
  "WUSDT": 0.01878,
  "MEUSDT": 0.1151,
  "STXUSDT": 0.2557,
  "TAUSDT": 0.04065,
  "AIXBTUSDT": 0.0251,
  "CYBERUSDT": 0.5518,
  "PLUMEUSDT": 0.00925,
  "MANAUSDT": 0.0963,
  "SOMIUSDT": 0.1853,
  "JSTUSDT": 0.047692,
  "DEXEUSDT": 3.53,
  "RESOLVUSDT": 0.05798,
  "IMXUSDT": 0.1612,
  "BANKUSDT": 0.03558,
  "WETUSDT": 0.10405,
  "COAIUSDT": 0.3239,
  "USELESSUSDT": 0.04151,
  "IOTAUSDT": 0.0661,
  "INITUSDT": 0.08153,
  "EDUUSDT": 0.1047,
  "GRTUSDT": 0.0258,
  "CFXUSDT": 0.04828,
  "LAYERUSDT": 0.0879,
  "MERLUSDT": 0.04134,
  "API3USDT": 0.2829,
  "WCTUSDT": 0.05906,
  "YGGUSDT": 0.03892,
  "KNCUSDT": 0.1427,
  "FLOWUSDT": 0.03483,
  "AWEUSDT": 0.05097,
  "2ZUSDT": 0.07305,
  "PTBUSDT": 0.001219,
  "QNTUSDT": 63.69,
  "BIRBUSDT": 0.14733,
  "NMRUSDT": 7.524,
  "SFPUSDT": 0.2676,
  "CYSUSDT": 0.3009,
  "MOODENGUSDT": 0.04854,
  "CLOUSDT": 0.06951,
  "AXLUSDT": 0.05394,
  "SPKUSDT": 0.01949,
  "LIGHTUSDT": 0.1887,
  "RUNEUSDT": 0.4069,
  "MMTUSDT": 0.1179,
  "TAGUSDT": 0.0003451,
  "EGLDUSDT": 4.222,
  "NAORISUSDT": 0.03112,
  "BREVUSDT": 0.1457,
  "THETAUSDT": 0.1954,
  "NEIROUSDT": 6.814e-05,
  "FIOUSDT": 0.01164,
  "VANAUSDT": 1.445,
  "SUNUSDT": 0.01595,
  "1INCHUSDT": 0.095,
  "FOLKSUSDT": 1.219,
  "KGENUSDT": 0.19736,
  "ARKMUSDT": 0.1076,
  "ZRXUSDT": 0.1039,
  "KASUSDT": 0.03005,
  "MIRAUSDT": 0.0889,
  "SPACEUSDT": 0.007197,
  "ALICEUSDT": 0.138,
  "ZORAUSDT": 0.01741,
  "AIAUSDT": 0.0877,
  "SOPHUSDT": 0.008781,
  "STEEMUSDT": 0.05831,
  "MEGAUSDT": 0.13442,
  "IOUSDT": 0.1084,
  "ANIMEUSDT": 0.00475,
  "KAIAUSDT": 0.05515,
  "YFIUSDT": 2670.0,
  "POPCATUSDT": 0.04751,
  "AIOUSDT": 0.08472,
  "PEOPLEUSDT": 0.00635,
  "NILUSDT": 0.05046,
  "AKEUSDT": 0.0002399,
  "COWUSDT": 0.2194,
  "TSTUSDT": 0.00943,
  "LRCUSDT": 0.03063,
  "HIPPOUSDT": 0.0007492,
  "GMTUSDT": 0.01145,
  "AVAAIUSDT": 0.007586,
  "PROVEUSDT": 0.2985,
  "BLUAIUSDT": 0.004804,
  "VELVETUSDT": 0.08258,
  "OGUSDT": 2.821,
  "ACTUSDT": 0.01413,
  "BATUSDT": 0.1029,
  "OPENUSDT": 0.1428,
  "AUSDT": 0.0785,
  "SWARMSUSDT": 0.007067,
  "LUNA2USDT": 0.06322,
  "TWTUSDT": 0.4876,
  "STOUSDT": 0.06098,
  "BSVUSDT": 15.16,
  "SUSHIUSDT": 0.2039,
  "TURBOUSDT": 0.0009669,
  "BOMEUSDT": 0.0003908,
  "CATIUSDT": 0.03971,
  "TUTUSDT": 0.01048,
  "VELODROMEUSDT": 0.01562,
  "GASUSDT": 1.61,
  "XPTUSDT": 2308.68,
  "SOONUSDT": 0.1646,
  "BABYUSDT": 0.01168,
  "FHEUSDT": 0.02766,
  "KERNELUSDT": 0.07409,
  "SUPERUSDT": 0.1147,
  "MANTAUSDT": 0.06191,
  "UMAUSDT": 0.4323,
  "MUBARAKUSDT": 0.01392,
  "TNSRUSDT": 0.0443,
  "UAIUSDT": 0.2094,
  "ZBTUSDT": 0.07488,
  "KSMUSDT": 4.66,
  "FIGHTUSDT": 0.006143,
  "NEWTUSDT": 0.07323,
  "MEMEUSDT": 0.0005803,
  "NOMUSDT": 0.003611,
  "XNYUSDT": 0.005752,
  "MINAUSDT": 0.05643,
  "USUALUSDT": 0.0138,
  "RPLUSDT": 1.885,
  "ALTUSDT": 0.007193,
  "MAGICUSDT": 0.06034,
  "PHAUSDT": 0.02674,
  "TAKEUSDT": 0.02032,
  "DAMUSDT": 0.02551,
  "MASKUSDT": 0.4336,
  "FUSDT": 0.005549,
  "YBUSDT": 0.1762,
  "CELOUSDT": 0.077,
  "XVGUSDT": 0.005458,
  "BLURUSDT": 0.01986,
  "SAPIENUSDT": 0.08332,
  "IOTXUSDT": 0.00473,
  "KATUSDT": 0.02362,
  "AINUSDT": 0.04033,
  "ASRUSDT": 1.295,
  "ONTUSDT": 0.0432,
  "ACHUSDT": 0.006765,
  "RAYSOLUSDT": 0.6004,
  "STBLUSDT": 0.03976,
  "ANKRUSDT": 0.004187,
  "TRUTHUSDT": 0.009664,
  "SONICUSDT": 0.04462,
  "HOLOUSDT": 0.0604,
  "ERAUSDT": 0.1414,
  "REDUSDT": 0.1539,
  "KOMAUSDT": 0.007973,
  "INUSDT": 0.06559,
  "ENJUSDT": 0.01921,
  "WALUSDT": 0.07839,
  "KMNOUSDT": 0.0222,
  "1000SATSUSDT": 1.12e-05,
  "POLYXUSDT": 0.04198,
  "ZKCUSDT": 0.0832,
  "RSRUSDT": 0.001503,
  "GLMUSDT": 0.1317,
  "C98USDT": 0.0263,
  "QTUMUSDT": 0.918,
  "SKLUSDT": 0.00653,
  "EDENUSDT": 0.03172,
  "TRUUSDT": 0.005097,
  "MELANIAUSDT": 0.1094,