{
  "BTCUSDT": 72656.9,
  "ETHUSDT": 2125.46,
  "SOLUSDT": 91.88,
  "XRPUSDT": 1.441,
  "BNBUSDT": 657.64,
  "DOGEUSDT": 0.09684,
  "XAUUSDT": 5150.87,
  "BCHUSDT": 470.2,
  "PAXGUSDT": 5160.01,
  "HYPEUSDT": 32.993,
  "XAGUSDT": 84.24,
  "ZECUSDT": 237.58,
  "WLFIUSDT": 0.1075,
  "TRXUSDT": 0.2859,
  "UNIUSDT": 4.004,
  "SUIUSDT": 0.961,
  "ADAUSDT": 0.2781,
  "1000PEPEUSDT": 0.0036637,
  "AVAXUSDT": 9.571,
  "LINKUSDT": 9.394,
  "ASTERUSDT": 0.7189,
  "LTCUSDT": 56.39,
  "PUMPUSDT": 0.002091,
  "NEARUSDT": 1.346,
  "ENAUSDT": 0.118,
  "AAVEUSDT": 116.72,
  "WLDUSDT": 0.4302,
  "DOTUSDT": 1.537,
  "XPLUSDT": 0.1172,
  "FILUSDT": 1.023,
  "1000SHIBUSDT": 0.005694,
  "TAOUSDT": 192.94,
  "TRUMPUSDT": 3.433,
  "LITUSDT": 1.281,
  "PIPPINUSDT": 0.33172,
  "ZROUSDT": 1.914,
  "KITEUSDT": 0.23152,
  "RIVERUSDT": 16.821,
  "APTUSDT": 1.0121,
  "TONUSDT": 1.3011,
  "HBARUSDT": 0.10258,
  "ATOMUSDT": 1.88,
  "HUSDT": 0.12521,
  "XMRUSDT": 359.38,
  "XLMUSDT": 0.15773,
  "ARBUSDT": 0.1045,
  "ICPUSDT": 2.538,
  "CRVUSDT": 0.262,
  "WIFUSDT": 0.2151,
  "MONUSDT": 0.02272,
  "BERAUSDT": 0.5539,
  "VIRTUALUSDT": 0.7746,
  "PENGUUSDT": 0.007323,
  "FETUSDT": 0.1553,
  "AXSUSDT": 1.237,
  "OPUSDT": 0.1303,
  "FFUSDT": 0.07404,
  "ARCUSDT": 0.03828,
  "CCUSDT": 0.15678,
  "VVVUSDT": 6.587,
  "ETCUSDT": 8.757,
  "BARDUSDT": 1.1014,
  "POLUSDT": 0.10446,
  "ONDOUSDT": 0.2738,
  "BTCDOMUSDT": 5210.9,
  "SAHARAUSDT": 0.02901,
  "ETHFIUSDT": 0.5457,
  "FARTCOINUSDT": 0.1778,
  "1000BONKUSDT": 0.006275,
  "IPUSDT": 0.88,
  "TIAUSDT": 0.3402,
  "PARTIUSDT": 0.08648,
  "SIRENUSDT": 0.3842,
  "CHZUSDT": 0.03751,
  "\u5e01\u5b89\u4eba\u751fUSDT": 0.06313,
  "DASHUSDT": 35.49,
  "POWERUSDT": 0.16339,
  "BANUSDT": 0.10802,
  "SEIUSDT": 0.07045,
  "1000RATSUSDT": 0.05487,
  "JUPUSDT": 0.1975,
  "ENSOUSDT": 1.3175,
  "SENTUSDT": 0.02116,
  "FORMUSDT": 0.3435,
  "INJUSDT": 3.115,
  "0GUSDT": 0.6297,
  "KAITOUSDT": 0.3682,
  "ESPUSDT": 0.11988,
  "PHAUSDT": 0.04905,
  "STABLEUSDT": 0.029888,
  "LDOUSDT": 0.3209,
  "BUSDT": 0.216,
  "BANANAS31USDT": 0.005205,
  "GUAUSDT": 0.25578,
  "RENDERUSDT": 1.426,
  "SKYAIUSDT": 0.04671,
  "PENDLEUSDT": 1.3101,
  "ALCHUSDT": 0.07984,
  "ZKUSDT": 0.0191,
  "ROBOUSDT": 0.04464,
  "ZAMAUSDT": 0.01963,
  "MORPHOUSDT": 1.9627,
  "MANTRAUSDT": 0.02349,
  "JELLYJELLYUSDT": 0.08596,
  "CRCLUSDT": 102.4,
  "GIGGLEUSDT": 30.96,
  "BIOUSDT": 0.02181,
  "QUSDT": 0.025192,
  "ATUSDT": 0.15549,
  "GWEIUSDT": 0.042289,
  "CAKEUSDT": 1.413,
  "HOMEUSDT": 0.029486,
  "PIEVERSEUSDT": 0.5276,
  "SANDUSDT": 0.0877,
  "ZENUSDT": 5.8,
  "SIGNUSDT": 0.02703,
  "BULLAUSDT": 0.02614,
  "GALAUSDT": 0.00364,
  "NIGHTUSDT": 0.06229,
  "SKYUSDT": 0.07612,
  "STRKUSDT": 0.04112,
  "MSTRUSDT": 146.38,
  "ALLOUSDT": 0.11188,
  "LYNUSDT": 0.29868,
  "ALGOUSDT": 0.0894,
  "MUSDT": 1.3923,
  "AEROUSDT": 0.3791,
  "BTRUSDT": 0.18549,
  "HANAUSDT": 0.03485,
  "EIGENUSDT": 0.1992,
  "MYXUSDT": 0.306,
  "TSLAUSDT": 406.06,
  "STGUSDT": 0.1686,
  "APEUSDT": 0.1044,
  "AZTECUSDT": 0.0236,
  "GPSUSDT": 0.009087,
  "OPNUSDT": 0.4889,
  "USDCUSDT": 0.999421,
  "GUNUSDT": 0.02126,
  "HUMAUSDT": 0.01339,
  "SYRUPUSDT": 0.24638,
  "DUSKUSDT": 0.08924,
  "XPINUSDT": 0.001416,
  "BEAMXUSDT": 0.001964,
  "JTOUSDT": 0.2799,
  "TRADOORUSDT": 1.435,
  "PYTHUSDT": 0.05162,
  "ORDIUSDT": 2.563,
  "ZILUSDT": 0.00433,
  "NEOUSDT": 2.658,
  "ATHUSDT": 0.006252,
  "B2USDT": 0.6992,
  "METUSDT": 0.1815,
  "1000LUNCUSDT": 0.04419,
  "AIXBTUSDT": 0.03171,
  "UBUSDT": 0.0337,
  "TAUSDT": 0.05056,
  "VETUSDT": 0.007483,
  "XTZUSDT": 0.384,
  "BEATUSDT": 0.2857,
  "DYDXUSDT": 0.098,
  "AVNTUSDT": 0.1753,
  "SPXUSDT": 0.3793,
  "MOVEUSDT": 0.02278,
  "ROSEUSDT": 0.01227,
  "COMPUSDT": 18.23,
  "\u6211\u8e0f\u9a6c\u6765\u4e86USDT": 0.011081,
  "LAUSDT": 0.2131,
  "NXPCUSDT": 0.2779,
  "PNUTUSDT": 0.04897,
  "FOGOUSDT": 0.02275,
  "LINEAUSDT": 0.00331,
  "1000FLOKIUSDT": 0.0295,
  "CYSUSDT": 0.3797,
  "SUSDT": 0.04258,
  "SNXUSDT": 0.348,
  "ESPORTSUSDT": 0.30193,
  "WETUSDT": 0.11985,
  "ENSUSDT": 6.294,
  "ZKPUSDT": 0.08871,
  "COLLECTUSDT": 0.03848,
  "TRBUSDT": 15.021,
  "KAVAUSDT": 0.0596,
  "AGLDUSDT": 0.2281,
  "GRASSUSDT": 0.2954,
  "TAGUSDT": 0.0004182,
  "SKRUSDT": 0.023074,
  "ARUSDT": 1.696,
  "AUCTIONUSDT": 4.84,
  "USELESSUSDT": 0.04751,
  "4USDT": 0.00979,
  "LPTUSDT": 2.369,
  "ORCAUSDT": 0.901,
  "JASMYUSDT": 0.005894,
  "EULUSDT": 1.159,
  "PLUMEUSDT": 0.00982,
  "RAVEUSDT": 0.35466,
  "STXUSDT": 0.2697,
  "MANAUSDT": 0.0995,
  "WUSDT": 0.01913,
  "AGTUSDT": 0.006025,
  "TRIAUSDT": 0.01749,
  "DENTUSDT": 0.000266,
  "CFXUSDT": 0.05146,
  "BANKUSDT": 0.03773,
  "MEUSDT": 0.1156,
  "MOODENGUSDT": 0.05262,
  "IOTAUSDT": 0.0683,
  "DEXEUSDT": 3.622,
  "PEOPLEUSDT": 0.00718,
  "IMXUSDT": 0.1619,
  "CYBERUSDT": 0.5583,
  "JSTUSDT": 0.047185,
  "RESOLVUSDT": 0.05961,
  "SOMIUSDT": 0.1975,
  "COAIUSDT": 0.3258,
  "GRTUSDT": 0.02675,
  "RUNEUSDT": 0.4395,
  "YGGUSDT": 0.03985,
  "EDUUSDT": 0.1047,
  "FLOWUSDT": 0.03461,
  "WCTUSDT": 0.06055,
  "AWEUSDT": 0.05154,
  "PTBUSDT": 0.001211,
  "SFPUSDT": 0.2817,
  "QNTUSDT": 66.37,
  "NMRUSDT": 7.78,
  "SPKUSDT": 0.0202,
  "API3USDT": 0.2869,
  "KGENUSDT": 0.21776,
  "2ZUSDT": 0.07516,
  "KASUSDT": 0.03166,
  "MERLUSDT": 0.04221,
  "NEIROUSDT": 7.195e-05,
  "AXLUSDT": 0.05519,
  "LIGHTUSDT": 0.1892,
  "MMTUSDT": 0.1183,
  "MEMEUSDT": 0.000642,
  "THETAUSDT": 0.1986,
  "INITUSDT": 0.08083,
  "COWUSDT": 0.2409,
  "1INCHUSDT": 0.0992,
  "LAYERUSDT": 0.0867,
  "CLOUSDT": 0.0716,
  "ARKMUSDT": 0.1116,
  "NAORISUSDT": 0.03086,
  "BREVUSDT": 0.1486,
  "ZRXUSDT": 0.1066,
  "EGLDUSDT": 4.298,
  "IOUSDT": 0.1163,
  "USUALUSDT": 0.01616,
  "VANAUSDT": 1.465,
  "SPACEUSDT": 0.007463,
  "FOLKSUSDT": 1.199,
  "BIRBUSDT": 0.14568,
  "MUBARAKUSDT": 0.01535,
  "ZORAUSDT": 0.01776,
  "KAIAUSDT": 0.05496,
  "BOMEUSDT": 0.0004268,
  "POPCATUSDT": 0.05206,
  "AKEUSDT": 0.0002535,
  "SOPHUSDT": 0.00878,
  "GMTUSDT": 0.01188,
  "SWARMSUSDT": 0.007538,
  "TSTUSDT": 0.01004,
  "LRCUSDT": 0.03143,
  "YFIUSDT": 2771.0,
  "COOKIEUSDT": 0.0226,
  "SUSHIUSDT": 0.2109,
  "AVAAIUSDT": 0.007967,
  "AUSDT": 0.0805,
  "AIAUSDT": 0.08643,
  "TWTUSDT": 0.4944,
  "SUNUSDT": 0.01591,
  "PROVEUSDT": 0.2814,
  "VELVETUSDT": 0.08725,
  "ANIMEUSDT": 0.004795,
  "HIPPOUSDT": 0.0008058,
  "STEEMUSDT": 0.0575,
  "ACTUSDT": 0.01406,
  "NILUSDT": 0.0527,
  "LUNA2USDT": 0.06556,
  "TURBOUSDT": 0.0010217,
  "VELODROMEUSDT": 0.01662,
  "KNCUSDT": 0.1405,
  "CATIUSDT": 0.04008,
  "OPENUSDT": 0.1477,
  "OGUSDT": 2.834,
  "BATUSDT": 0.1053,
  "MEGAUSDT": 0.13301,
  "GASUSDT": 1.64,
  "MANTAUSDT": 0.06684,
  "AKTUSDT": 0.3432,
  "MIRAUSDT": 0.0896,
  "STOUSDT": 0.0599,
  "AIOUSDT": 0.08108,
  "TUTUSDT": 0.01079,
  "BSVUSDT": 15.31,
  "BLUAIUSDT": 0.004413,
  "BABYUSDT": 0.01157,
  "ALICEUSDT": 0.131,
  "SUPERUSDT": 0.1191,
  "ZBTUSDT": 0.07482,
  "FHEUSDT": 0.02771,
  "TNSRUSDT": 0.04584,
  "SOONUSDT": 0.1642,
  "DAMUSDT": 0.02831,
  "FIOUSDT": 0.01008,
  "MINAUSDT": 0.05844,
  "KSMUSDT": 4.926,
  "SAPIENUSDT": 0.08686,
  "XNYUSDT": 0.006353,
  "MAGICUSDT": 0.06245,
  "MASKUSDT": 0.4589,
  "RPLUSDT": 2.015,
  "UMAUSDT": 0.4404,
  "KMNOUSDT": 0.02441,
  "XVGUSDT": 0.005624,
  "FUSDT": 0.005607,
  "INUSDT": 0.07435,
  "BLURUSDT": 0.02018,
  "FIGHTUSDT": 0.006084,
  "CELOUSDT": 0.078,
  "BELUSDT": 0.1019,
  "ALTUSDT": 0.007464,
  "KERNELUSDT": 0.0747,
  "ASRUSDT": 1.328,
  "REDUSDT": 0.1424,
  "NOMUSDT": 0.00357,
  "GMXUSDT": 7.522,
  "ZEREBROUSDT": 0.007463,
  "1000SATSUSDT": 1.17e-05,
  "ONTUSDT": 0.0439,
  "ENJUSDT": 0.0194,
  "KATUSDT": 0.01708,
  "AINUSDT": 0.03865,
  "ANKRUSDT": 0.004318,
  "WALUSDT": 0.0807,
  "STBLUSDT": 0.04133,
  "TRUTHUSDT": 0.009486,
  "YBUSDT": 0.1684,
  "RSRUSDT": 0.001625,
  "NEWTUSDT": 0.06901,
  "SANTOSUSDT": 1.292,
  "SKLUSDT": 0.00694,
  "UAIUSDT": 0.2075,
  "IOTXUSDT": 0.0052,
  "GLMUSDT": 0.13251,
  "EDENUSDT": 0.03358,
  "POLYXUSDT": 0.04223,
  "KOMAUSDT": 0.008063,
  "XPTUSDT": 2165.45,
  "TAKEUSDT": 0.01871,
  "MELANIAUSDT": 0.1121,
  "RAYSOLUSDT": 0.6316,