{
  "COOKIEUSDT": 0.02215,
  "WETUSDT": 0.12494,
  "COINUSDT": 193.13,
  "KGENUSDT": 0.21945,
  "TIA/USDCUSDT": 0.3361,
  "XNYUSDT": 0.006613,
  "SIRENUSDT": 0.39171,
  "RIVERUSDT": 17.47,
  "HIPPOUSDT": 0.0007869,
  "MAGMAUSDT": 0.14961,
  "PHAUSDT": 0.04171,
  "HOODUSDT": 79.07,
  "AIOUSDT": 0.08291,
  "RIFUSDT": 0.03404,
  "1000RATSUSDT": 0.05502,
  "VANRYUSDT": 0.004976,
  "MANTAUSDT": 0.06607,
  "BDXNUSDT": 0.00836,
  "BANUSDT": 0.104,
  "AGTUSDT": 0.006086
}