{
  "BTCUSDT": 65756.5,
  "ETHUSDT": 1924.01,
  "SOLUSDT": 81.69,
  "XRPUSDT": 1.3549,
  "BNBUSDT": 614.88,
  "DOGEUSDT": 0.09326,
  "BCHUSDT": 460.87,
  "XAGUSDT": 93.84,
  "PAXGUSDT": 5303.73,
  "XAUUSDT": 5279.88,
  "HYPEUSDT": 26.894,
  "WLFIUSDT": 0.1113,
  "ZECUSDT": 220.79,
  "TRXUSDT": 0.28233,
  "ADAUSDT": 0.2767,
  "UNIUSDT": 3.708,
  "SUIUSDT": 0.8913,
  "ASTERUSDT": 0.6959,
  "LINKUSDT": 8.669,
  "LTCUSDT": 54.64,
  "AVAXUSDT": 8.876,
  "1000PEPEUSDT": 0.0036488,
  "PUMPUSDT": 0.001836,
  "PIPPINUSDT": 0.69643,
  "ENAUSDT": 0.1033,
  "NEARUSDT": 1.081,
  "DOTUSDT": 1.577,
  "AAVEUSDT": 111.86,
  "WLDUSDT": 0.3869,
  "FILUSDT": 0.982,
  "KITEUSDT": 0.2456,
  "TRUMPUSDT": 3.363,
  "TAOUSDT": 178.98,
  "LITUSDT": 1.347,
  "XPLUSDT": 0.0919,
  "1000SHIBUSDT": 0.005778,
  "TONUSDT": 1.2915,
  "ZROUSDT": 1.5902,
  "HBARUSDT": 0.09958,
  "APTUSDT": 0.9232,
  "POWERUSDT": 1.48104,
  "ATOMUSDT": 1.842,
  "ICPUSDT": 2.444,
  "ARBUSDT": 0.0988,
  "BERAUSDT": 0.6011,
  "RIVERUSDT": 11.492,
  "XLMUSDT": 0.15791,
  "XMRUSDT": 337.77,
  "HUSDT": 0.12569,
  "WIFUSDT": 0.202,
  "AXSUSDT": 1.285,
  "MONUSDT": 0.02045,
  "CRVUSDT": 0.239,
  "FETUSDT": 0.1558,
  "ETCUSDT": 8.618,
  "FFUSDT": 0.07831,
  "OPUSDT": 0.1182,
  "VIRTUALUSDT": 0.665,
  "CCUSDT": 0.16923,
  "PENGUUSDT": 0.006745,
  "POLUSDT": 0.10743,
  "FARTCOINUSDT": 0.1581,
  "PARTIUSDT": 0.09783,
  "ARCUSDT": 0.02988,
  "\u5e01\u5b89\u4eba\u751fUSDT": 0.06403,
  "CHZUSDT": 0.03433,
  "1000BONKUSDT": 0.005951,
  "BTCDOMUSDT": 5094.6,
  "IPUSDT": 0.936,
  "BANUSDT": 0.11271,
  "ONDOUSDT": 0.2556,
  "ETHFIUSDT": 0.4904,
  "TIAUSDT": 0.3185,
  "ENSOUSDT": 1.4306,
  "INJUSDT": 3.063,
  "ESPUSDT": 0.12467,
  "SENTUSDT": 0.02274,
  "SAHARAUSDT": 0.02217,
  "DASHUSDT": 33.04,
  "VVVUSDT": 5.068,
  "BARDUSDT": 0.8686,
  "0GUSDT": 0.6252,
  "SKYAIUSDT": 0.05395,
  "STABLEUSDT": 0.032164,
  "SEIUSDT": 0.06908,
  "JUPUSDT": 0.1536,
  "KAITOUSDT": 0.3305,
  "ZKUSDT": 0.01936,
  "GWEIUSDT": 0.044415,
  "ALCHUSDT": 0.08039,
  "SIGNUSDT": 0.03038,
  "ZAMAUSDT": 0.02263,
  "PENDLEUSDT": 1.251,
  "SIRENUSDT": 0.31671,
  "QUSDT": 0.023293,
  "MORPHOUSDT": 1.8011,
  "RENDERUSDT": 1.406,
  "LDOUSDT": 0.2997,
  "BUSDT": 0.1718,
  "BANANAS31USDT": 0.004733,
  "GUAUSDT": 0.21903,
  "LYNUSDT": 0.31787,
  "HOMEUSDT": 0.028982,
  "ATUSDT": 0.15897,
  "MYXUSDT": 0.42,
  "CAKEUSDT": 1.2926,
  "NIGHTUSDT": 0.05848,
  "1000LUNCUSDT": 0.04259,
  "BIOUSDT": 0.0224,
  "PIEVERSEUSDT": 0.4945,
  "ZENUSDT": 5.376,
  "1000RATSUSDT": 0.03835,
  "GPSUSDT": 0.009502,
  "SANDUSDT": 0.08257,
  "MUSDT": 1.4296,
  "ALGOUSDT": 0.0862,
  "STRKUSDT": 0.0406,
  "USDCUSDT": 0.999474,
  "GIGGLEUSDT": 26.42,
  "GALAUSDT": 0.00362,
  "HANAUSDT": 0.03496,
  "UBUSDT": 0.04012,
  "ATHUSDT": 0.005997,
  "ALLOUSDT": 0.10712,
  "BTRUSDT": 0.1781,
  "APEUSDT": 0.1017,
  "JTOUSDT": 0.2709,
  "SKYUSDT": 0.06666,
  "AZTECUSDT": 0.02108,
  "DUSKUSDT": 0.08109,
  "BULLAUSDT": 0.01465,
  "GUNUSDT": 0.02675,
  "DENTUSDT": 0.000293,
  "TSLAUSDT": 402.07,
  "MSTRUSDT": 129.5,
  "JELLYJELLYUSDT": 0.06912,
  "TRADOORUSDT": 1.368,
  "B2USDT": 0.7407,
  "SYRUPUSDT": 0.22827,
  "LAUSDT": 0.2345,
  "XPINUSDT": 0.001475,
  "AEROUSDT": 0.3353,
  "METUSDT": 0.1807,
  "BEAMXUSDT": 0.001935,
  "ZILUSDT": 0.00411,
  "OPNUSDT": 0.4659,
  "EIGENUSDT": 0.1855,
  "FOGOUSDT": 0.02703,
  "PYTHUSDT": 0.04929,
  "HUMAUSDT": 0.011481,
  "AVNTUSDT": 0.1769,
  "CRCLUSDT": 83.15,
  "RAVEUSDT": 0.35097,
  "VETUSDT": 0.007301,
  "NXPCUSDT": 0.2829,
  "NEOUSDT": 2.691,
  "ROSEUSDT": 0.01209,
  "\u6211\u8e0f\u9a6c\u6765\u4e86USDT": 0.011831,
  "ROBOUSDT": 0.04361,
  "MOVEUSDT": 0.02232,
  "DYDXUSDT": 0.095,
  "STGUSDT": 0.1392,
  "ORDIUSDT": 2.417,
  "ORCAUSDT": 0.885,
  "ZKPUSDT": 0.08247,
  "XTZUSDT": 0.377,
  "COMPUSDT": 18.17,
  "FORMUSDT": 0.1904,
  "AUCTIONUSDT": 4.836,
  "COLLECTUSDT": 0.03773,
  "ESPORTSUSDT": 0.30253,
  "CYBERUSDT": 0.5509,
  "LINEAUSDT": 0.00309,
  "SUSDT": 0.03935,
  "PNUTUSDT": 0.04461,
  "LPTUSDT": 2.288,
  "STXUSDT": 0.2588,
  "WETUSDT": 0.10929,
  "SNXUSDT": 0.328,
  "EULUSDT": 1.082,
  "SKRUSDT": 0.020024,
  "WUSDT": 0.01882,
  "ENSUSDT": 6.046,
  "AWEUSDT": 0.05273,
  "FOLKSUSDT": 1.52,
  "MEUSDT": 0.1204,
  "ARUSDT": 1.583,
  "SOMIUSDT": 0.207,
  "BEATUSDT": 0.207,
  "1000FLOKIUSDT": 0.02839,
  "LAYERUSDT": 0.0945,
  "AXLUSDT": 0.05547,
  "TRBUSDT": 14.236,
  "TRIAUSDT": 0.01945,
  "JASMYUSDT": 0.005589,
  "YGGUSDT": 0.03924,
  "WCTUSDT": 0.06409,
  "CLOUSDT": 0.0765,
  "ALICEUSDT": 0.136,
  "RESOLVUSDT": 0.05996,
  "PLUMEUSDT": 0.0092,
  "FLOWUSDT": 0.03793,
  "BANKUSDT": 0.03735,
  "BIRBUSDT": 0.16149,
  "API3USDT": 0.2909,
  "AGLDUSDT": 0.2444,
  "JSTUSDT": 0.047416,
  "IMXUSDT": 0.1633,
  "TAUSDT": 0.03893,
  "2ZUSDT": 0.07539,
  "SPXUSDT": 0.2947,
  "USELESSUSDT": 0.03932,
  "MERLUSDT": 0.04221,
  "EDUUSDT": 0.1075,
  "INITUSDT": 0.08057,
  "CFXUSDT": 0.04811,
  "CYSUSDT": 0.3264,
  "DEXEUSDT": 3.317,
  "MANAUSDT": 0.0951,
  "OGUSDT": 2.96,
  "IOTAUSDT": 0.0666,
  "NMRUSDT": 7.75,
  "AGTUSDT": 0.005127,
  "SOPHUSDT": 0.009778,
  "GRTUSDT": 0.02591,
  "SPACEUSDT": 0.008394,
  "MMTUSDT": 0.1198,
  "PTBUSDT": 0.001222,
  "VANAUSDT": 1.449,
  "COAIUSDT": 0.3022,
  "QNTUSDT": 63.76,
  "LIGHTUSDT": 0.1967,
  "TAGUSDT": 0.000356,
  "SPKUSDT": 0.02021,
  "NAORISUSDT": 0.03269,
  "ANIMEUSDT": 0.005107,
  "SFPUSDT": 0.2637,
  "4USDT": 0.00818,
  "GRASSUSDT": 0.2092,
  "MIRAUSDT": 0.0955,
  "AIXBTUSDT": 0.02135,
  "LUNA2USDT": 0.06625,
  "MOODENGUSDT": 0.04924,
  "RUNEUSDT": 0.3976,
  "1INCHUSDT": 0.0901,
  "ZRXUSDT": 0.1006,
  "ZORAUSDT": 0.01858,
  "AKEUSDT": 0.0002664,
  "THETAUSDT": 0.1856,
  "LRCUSDT": 0.03234,
  "STEEMUSDT": 0.05686,
  "NEIROUSDT": 6.741e-05,
  "XPTUSDT": 2372.01,
  "BATUSDT": 0.1068,
  "IOUSDT": 0.1098,
  "KAIAUSDT": 0.05504,
  "EGLDUSDT": 4.398,
  "KASUSDT": 0.02994,
  "YFIUSDT": 2633.0,
  "FHEUSDT": 0.02988,
  "ARKMUSDT": 0.1072,
  "KERNELUSDT": 0.08118,
  "BREVUSDT": 0.1351,
  "TWTUSDT": 0.5025,
  "YBUSDT": 0.183,
  "COWUSDT": 0.213,
  "AVAAIUSDT": 0.007725,
  "OPENUSDT": 0.1521,
  "ZBTUSDT": 0.07712,
  "AIAUSDT": 0.08643,
  "NOMUSDT": 0.00374,
  "HOTUSDT": 0.000412,
  "VELVETUSDT": 0.08384,
  "BLUAIUSDT": 0.004865,
  "HOLOUSDT": 0.06246,
  "PEOPLEUSDT": 0.00642,
  "UAIUSDT": 0.18,
  "AUSDT": 0.0797,
  "KGENUSDT": 0.17524,
  "PROVEUSDT": 0.2889,
  "SWARMSUSDT": 0.007347,
  "MEGAUSDT": 0.1306,
  "BSVUSDT": 15.58,
  "BOMEUSDT": 0.0003794,
  "RPLUSDT": 1.822,
  "STOUSDT": 0.06251,
  "ACTUSDT": 0.01383,
  "POPCATUSDT": 0.04713,
  "TSTUSDT": 0.00962,
  "REDUSDT": 0.1594,
  "SUSHIUSDT": 0.2002,
  "STBLUSDT": 0.04453,
  "GMTUSDT": 0.01154,
  "MAGICUSDT": 0.06289,
  "TURBOUSDT": 0.0009659,
  "FIGHTUSDT": 0.006461,
  "MEMEUSDT": 0.0006095,
  "NEWTUSDT": 0.07304,
  "VELODROMEUSDT": 0.01566,
  "CATIUSDT": 0.03832,
  "MANTAUSDT": 0.06303,
  "KSMUSDT": 4.948,
  "NILUSDT": 0.04952,
  "MINAUSDT": 0.0578,
  "SOONUSDT": 0.1621,
  "AINUSDT": 0.0439,
  "GASUSDT": 1.572,
  "TUTUSDT": 0.00995,
  "BABYUSDT": 0.01202,
  "SUPERUSDT": 0.1146,
  "TNSRUSDT": 0.04614,
  "SKLUSDT": 0.007,
  "AIOUSDT": 0.07418,
  "ACHUSDT": 0.006796,
  "MUBARAKUSDT": 0.01363,
  "FUSDT": 0.005729,
  "TRUTHUSDT": 0.009806,
  "BLURUSDT": 0.02001,
  "SAPIENUSDT": 0.09034,
  "ALTUSDT": 0.00749,
  "IDOLUSDT": 0.01976,
  "DAMUSDT": 0.02551,
  "C98USDT": 0.0256,
  "SUNUSDT": 0.015944,
  "XVGUSDT": 0.005586,
  "ASRUSDT": 1.346,
  "UMAUSDT": 0.4319,
  "IOTXUSDT": 0.00514,
  "MASKUSDT": 0.4201,
  "CELOUSDT": 0.079,
  "TAKEUSDT": 0.01791,
  "DRIFTUSDT": 0.0887,
  "RAREUSDT": 0.01847,
  "INUSDT": 0.06843,
  "ZKCUSDT": 0.0876,
  "XNYUSDT": 0.004857,
  "GLMUSDT": 0.1336,
  "ERAUSDT": 0.1488,
  "WALUSDT": 0.07518,
  "CTSIUSDT": 0.0242,
  "EDENUSDT": 0.03318,
  "BELUSDT": 0.0974,
  "SONICUSDT": 0.04553,
  "IDUSDT": 0.04376,
  "ANKRUSDT": 0.00422,
  "KMNOUSDT": 0.02083,
  "SOLVUSDT": 0.004028,
  "SANTOSUSDT": 1.373,
  "RAYSOLUSDT": 0.5918,
  "ICNTUSDT": 0.3768,
  "MELANIAUSDT": 0.1088,
  "DEGOUSDT": 0.308,
  "ARPAUSDT": 0.00964,
  "ONTUSDT": 0.0428,
  "KOMAUSDT": 0.00742,
  "ENJUSDT": 0.01963,