{
  "BTCUSDT": 70924.6,
  "ETHUSDT": 2072.15,
  "SOLUSDT": 88.77,
  "XRPUSDT": 1.4124,
  "BNBUSDT": 650.56,
  "DOGEUSDT": 0.09381,
  "XAUUSDT": 5061.9,
  "BCHUSDT": 456.95,
  "PAXGUSDT": 5073.83,
  "HYPEUSDT": 30.526,
  "XAGUSDT": 80.93,
  "ZECUSDT": 228.9,
  "WLFIUSDT": 0.1012,
  "SUIUSDT": 0.9536,
  "UNIUSDT": 3.984,
  "TRXUSDT": 0.28257,
  "AVAXUSDT": 9.368,
  "ADAUSDT": 0.2689,
  "LINKUSDT": 9.181,
  "ASTERUSDT": 0.7064,
  "LTCUSDT": 55.52,
  "1000PEPEUSDT": 0.0034776,
  "PUMPUSDT": 0.002018,
  "ENAUSDT": 0.1148,
  "NEARUSDT": 1.265,
  "AAVEUSDT": 118.36,
  "WLDUSDT": 0.4082,
  "XPLUSDT": 0.1188,
  "DOTUSDT": 1.508,
  "KITEUSDT": 0.27514,
  "FILUSDT": 1.014,
  "HUSDT": 0.16072,
  "TAOUSDT": 185.44,
  "TRUMPUSDT": 3.229,
  "1000SHIBUSDT": 0.005533,
  "BARDUSDT": 1.5747,
  "ZROUSDT": 1.8518,
  "LITUSDT": 1.202,
  "PIPPINUSDT": 0.34826,
  "APTUSDT": 0.988,
  "TONUSDT": 1.3455,
  "ATOMUSDT": 1.838,
  "HBARUSDT": 0.09939,
  "XMRUSDT": 372.06,
  "RIVERUSDT": 16.299,
  "ARBUSDT": 0.1025,
  "XLMUSDT": 0.15629,
  "WIFUSDT": 0.2128,
  "ICPUSDT": 2.518,
  "BERAUSDT": 0.5348,
  "CRVUSDT": 0.251,
  "MONUSDT": 0.02178,
  "FFUSDT": 0.07275,
  "AXSUSDT": 1.2,
  "SIRENUSDT": 0.47955,
  "FETUSDT": 0.1524,
  "PENGUUSDT": 0.007089,
  "VIRTUALUSDT": 0.7153,
  "OPUSDT": 0.1252,
  "CCUSDT": 0.15154,
  "ARCUSDT": 0.03699,
  "ETCUSDT": 8.627,
  "VVVUSDT": 6.541,
  "POLUSDT": 0.1011,
  "BTCDOMUSDT": 5203.7,
  "ETHFIUSDT": 0.5434,
  "POWERUSDT": 0.14063,
  "PARTIUSDT": 0.08752,
  "IPUSDT": 0.847,
  "1000BONKUSDT": 0.006111,
  "FARTCOINUSDT": 0.1664,
  "ONDOUSDT": 0.2629,
  "SEIUSDT": 0.06772,
  "TIAUSDT": 0.3364,
  "BANUSDT": 0.11205,
  "ENSOUSDT": 1.3654,
  "CHZUSDT": 0.03762,
  "\u5e01\u5b89\u4eba\u751fUSDT": 0.05758,
  "SAHARAUSDT": 0.02598,
  "JUPUSDT": 0.1869,
  "SENTUSDT": 0.02115,
  "SIGNUSDT": 0.03353,
  "DASHUSDT": 34.39,
  "PHAUSDT": 0.0496,
  "INJUSDT": 3.03,
  "0GUSDT": 0.6174,
  "ESPUSDT": 0.12241,
  "GWEIUSDT": 0.051287,
  "BUSDT": 0.2243,
  "GUAUSDT": 0.27333,
  "LDOUSDT": 0.3115,
  "HUMAUSDT": 0.018028,
  "KAITOUSDT": 0.3455,
  "BANANAS31USDT": 0.005302,
  "STABLEUSDT": 0.027341,
  "ROBOUSDT": 0.04111,
  "RENDERUSDT": 1.371,
  "FORMUSDT": 0.3207,
  "ZAMAUSDT": 0.01977,
  "1000RATSUSDT": 0.04867,
  "ALCHUSDT": 0.07829,
  "ZKUSDT": 0.01912,
  "PENDLEUSDT": 1.2673,
  "SKYAIUSDT": 0.04188,
  "JELLYJELLYUSDT": 0.08803,
  "MORPHOUSDT": 1.9396,
  "MANTRAUSDT": 0.02087,
  "OPNUSDT": 0.3497,
  "PIEVERSEUSDT": 0.546,
  "ATUSDT": 0.15424,
  "SKYUSDT": 0.07678,
  "SANDUSDT": 0.08342,
  "BIOUSDT": 0.02052,
  "MYXUSDT": 0.345,
  "GIGGLEUSDT": 28.47,
  "HOMEUSDT": 0.027414,
  "ZENUSDT": 5.687,
  "CAKEUSDT": 1.3866,
  "ALLOUSDT": 0.11844,
  "CRCLUSDT": 104.33,
  "BULLAUSDT": 0.02572,
  "MUSDT": 1.4686,
  "STRKUSDT": 0.03985,
  "GALAUSDT": 0.00353,
  "LYNUSDT": 0.32098,
  "ORCAUSDT": 1.035,
  "HANAUSDT": 0.03504,
  "ALGOUSDT": 0.0871,
  "STGUSDT": 0.166,
  "NIGHTUSDT": 0.05971,
  "MSTRUSDT": 139.47,
  "TRADOORUSDT": 1.625,
  "EIGENUSDT": 0.1947,
  "BTRUSDT": 0.18054,
  "TSLAUSDT": 400.04,
  "APEUSDT": 0.1006,
  "USDCUSDT": 0.999355,
  "AEROUSDT": 0.3576,
  "ATHUSDT": 0.006719,
  "GPSUSDT": 0.00834,
  "DUSKUSDT": 0.08924,
  "QUSDT": 0.013912,
  "JTOUSDT": 0.2712,
  "GUNUSDT": 0.02021,
  "B2USDT": 0.7141,
  "XPINUSDT": 0.001389,
  "SYRUPUSDT": 0.23722,
  "BEAMXUSDT": 0.001907,
  "UBUSDT": 0.03601,
  "NEOUSDT": 2.597,
  "ZILUSDT": 0.00424,
  "PYTHUSDT": 0.04926,
  "XTZUSDT": 0.382,
  "AZTECUSDT": 0.02143,
  "ORDIUSDT": 2.485,
  "BEATUSDT": 0.2879,
  "METUSDT": 0.1723,
  "1000LUNCUSDT": 0.04289,
  "NXPCUSDT": 0.2818,
  "AVNTUSDT": 0.1665,
  "MOVEUSDT": 0.02248,
  "DYDXUSDT": 0.093,
  "VETUSDT": 0.007266,
  "FOGOUSDT": 0.02207,
  "AGLDUSDT": 0.2527,
  "COMPUSDT": 17.92,
  "1000FLOKIUSDT": 0.02891,
  "LAUSDT": 0.2146,
  "ROSEUSDT": 0.01206,
  "PNUTUSDT": 0.04693,
  "COLLECTUSDT": 0.03754,
  "SUSDT": 0.0415,
  "ESPORTSUSDT": 0.29745,
  "CYSUSDT": 0.3953,
  "LINEAUSDT": 0.003194,
  "ENSUSDT": 6.109,
  "\u6211\u8e0f\u9a6c\u6765\u4e86USDT": 0.00913,
  "TAGUSDT": 0.0004397,
  "ZKPUSDT": 0.09085,
  "AGTUSDT": 0.006638,
  "SPXUSDT": 0.3411,
  "TRBUSDT": 14.771,
  "TAUSDT": 0.03861,
  "SNXUSDT": 0.33,
  "LPTUSDT": 2.338,
  "RESOLVUSDT": 0.06734,
  "KAVAUSDT": 0.0593,
  "STXUSDT": 0.2639,
  "AIXBTUSDT": 0.02819,
  "SKRUSDT": 0.023431,
  "RAVEUSDT": 0.35443,
  "AUCTIONUSDT": 4.764,
  "BANKUSDT": 0.04143,
  "ARUSDT": 1.667,
  "PLUMEUSDT": 0.00987,
  "EULUSDT": 1.096,
  "JSTUSDT": 0.048481,
  "GRASSUSDT": 0.2847,
  "JASMYUSDT": 0.005664,
  "WUSDT": 0.01861,
  "DEXEUSDT": 3.539,
  "IMXUSDT": 0.1583,
  "USELESSUSDT": 0.04351,
  "CFXUSDT": 0.0491,
  "4USDT": 0.00885,
  "KGENUSDT": 0.23398,
  "MANAUSDT": 0.0969,
  "FLOWUSDT": 0.03413,
  "IOTAUSDT": 0.0662,
  "TRIAUSDT": 0.01791,
  "GRTUSDT": 0.02614,
  "NMRUSDT": 8.026,
  "SOMIUSDT": 0.1978,
  "AKEUSDT": 0.0002859,
  "COAIUSDT": 0.3165,
  "CYBERUSDT": 0.5498,
  "MEUSDT": 0.1156,
  "WCTUSDT": 0.06031,
  "YGGUSDT": 0.04077,
  "EDUUSDT": 0.1022,
  "DENTUSDT": 0.000234,
  "PEOPLEUSDT": 0.00716,
  "BREVUSDT": 0.1509,
  "MOODENGUSDT": 0.04977,
  "AWEUSDT": 0.05062,
  "QNTUSDT": 66.54,
  "PTBUSDT": 0.001156,
  "WETUSDT": 0.10642,
  "2ZUSDT": 0.07303,
  "INITUSDT": 0.07836,
  "RUNEUSDT": 0.4355,
  "DAMUSDT": 0.03537,
  "LIGHTUSDT": 0.1769,
  "SPKUSDT": 0.01944,
  "SFPUSDT": 0.2668,
  "EGLDUSDT": 4.144,
  "NAORISUSDT": 0.03356,
  "FHEUSDT": 0.03337,
  "API3USDT": 0.2816,
  "MMTUSDT": 0.117,
  "COWUSDT": 0.2489,
  "1INCHUSDT": 0.0973,
  "THETAUSDT": 0.1932,
  "VELVETUSDT": 0.09806,
  "MERLUSDT": 0.03848,
  "ARKMUSDT": 0.1073,
  "NEIROUSDT": 6.791e-05,
  "CLOUSDT": 0.06908,
  "LAYERUSDT": 0.08585,
  "ZRXUSDT": 0.1073,
  "FOLKSUSDT": 1.216,
  "BIRBUSDT": 0.14799,
  "HOLOUSDT": 0.0668,
  "KASUSDT": 0.03066,
  "VANAUSDT": 1.428,
  "AXLUSDT": 0.05337,
  "AVAAIUSDT": 0.007982,
  "SWARMSUSDT": 0.007311,
  "IOUSDT": 0.1106,
  "ZORAUSDT": 0.017,
  "SPACEUSDT": 0.006987,
  "KAIAUSDT": 0.0539,
  "TWTUSDT": 0.4991,
  "MEMEUSDT": 0.0006155,
  "SOPHUSDT": 0.008632,
  "BOMEUSDT": 0.0004092,
  "SUSHIUSDT": 0.2055,
  "LRCUSDT": 0.03198,
  "PROVEUSDT": 0.2697,
  "LUNA2USDT": 0.06387,
  "AUSDT": 0.07796,
  "YFIUSDT": 2628.0,
  "USUALUSDT": 0.01534,
  "TSTUSDT": 0.00947,
  "VELODROMEUSDT": 0.0171,
  "ACTUSDT": 0.01359,
  "OPENUSDT": 0.145,
  "SUNUSDT": 0.015805,
  "POPCATUSDT": 0.05057,
  "BLUAIUSDT": 0.004688,
  "GMTUSDT": 0.01154,
  "NILUSDT": 0.05135,
  "BATUSDT": 0.102,
  "TURBOUSDT": 0.0009825,
  "CATIUSDT": 0.03937,
  "STEEMUSDT": 0.0575,
  "ANIMEUSDT": 0.004659,
  "AIAUSDT": 0.08071,
  "STOUSDT": 0.06032,
  "SUPERUSDT": 0.1199,
  "MEGAUSDT": 0.1304,
  "KERNELUSDT": 0.08203,
  "AIOUSDT": 0.08351,
  "EDENUSDT": 0.03533,
  "BABYUSDT": 0.01149,
  "SOONUSDT": 0.1664,
  "MIRAUSDT": 0.08835,
  "AKTUSDT": 0.3431,
  "OGUSDT": 2.795,
  "TUTUSDT": 0.01024,
  "GASUSDT": 1.603,
  "MANTAUSDT": 0.06427,
  "TNSRUSDT": 0.04492,
  "HIPPOUSDT": 0.0007672,
  "ZBTUSDT": 0.07278,
  "BSVUSDT": 14.66,
  "KNCUSDT": 0.1331,
  "RPLUSDT": 1.943,
  "IOTXUSDT": 0.00547,
  "AIOTUSDT": 0.02621,
  "MAGICUSDT": 0.06221,
  "MUBARAKUSDT": 0.01423,
  "MASKUSDT": 0.4476,
  "MINAUSDT": 0.0563,
  "ASRUSDT": 1.338,
  "ALICEUSDT": 0.127,
  "ALTUSDT": 0.007249,
  "XVGUSDT": 0.005411,
  "KATUSDT": 0.01578,
  "AINUSDT": 0.03974,
  "FUSDT": 0.005491,
  "FIGHTUSDT": 0.005642,
  "CELOUSDT": 0.079,
  "FIOUSDT": 0.00876,
  "UMAUSDT": 0.4271,
  "COOKIEUSDT": 0.02072,
  "UAIUSDT": 0.2176,
  "BLURUSDT": 0.01945,
  "REDUSDT": 0.1385,
  "SAPIENUSDT": 0.07918,
  "SOLVUSDT": 0.003938,
  "KSMUSDT": 4.655,
  "ENJUSDT": 0.01899,
  "ZEREBROUSDT": 0.007085,
  "SKLUSDT": 0.00668,
  "YBUSDT": 0.1681,
  "TRUTHUSDT": 0.009627,
  "INUSDT": 0.06855,
  "GLMUSDT": 0.13079,
  "1000SATSUSDT": 1.13e-05,
  "ONTUSDT": 0.0423,
  "ARPAUSDT": 0.01017,
  "NOMUSDT": 0.003562,
  "KMNOUSDT": 0.02309,
  "XPTUSDT": 2111.6,
  "ANKRUSDT": 0.004165,
  "KOMAUSDT": 0.007955,
  "GMXUSDT": 7.104,
  "XNYUSDT": 0.005922,
  "AMZNUSDT": 217.66,
  "SANTOSUSDT": 1.31,
  "ACHUSDT": 0.007126,
  "POLYXUSDT": 0.04134,
  "RAYSOLUSDT": 0.6071,
  "TAKEUSDT": 0.01907,