{
  "BTCUSDT": 68604.3,
  "ETHUSDT": 2047.96,
  "BTC/USDCUSDT": 67933.4,
  "ETH/USDCUSDT": 2034.33,
  "SOLUSDT": 87.36,
  "XAGUSDT": 89.81,
  "POWERUSDT": 1.40544,
  "BTC/USDUSDT": 68551.8,
  "XRPUSDT": 1.4187,
  "XAUUSDT": 5181.74,
  "ETH/USDUSDT": 2046.16,
  "DOGEUSDT": 0.09791,
  "PIPPINUSDT": 0.6986,
  "DENTUSDT": 0.000341,
  "BNBUSDT": 628.72,
  "1000PEPEUSDT": 0.0038575,
  "SOL/USDCUSDT": 87.37,
  "SIRENUSDT": 0.34524,
  "HYPEUSDT": 29.523,
  "DOTUSDT": 1.613,
  "RIVERUSDT": 10.497,
  "ZECUSDT": 238.23,
  "ADAUSDT": 0.2921,
  "SUIUSDT": 0.9541,
  "FILUSDT": 1.028,
  "ENSOUSDT": 1.4879,
  "RAVEUSDT": 0.35362,
  "HUSDT": 0.11906,
  "XRP/USDCUSDT": 1.4188,
  "ARCUSDT": 0.03016,
  "AVAXUSDT": 9.353,
  "BCHUSDT": 484.34,
  "LINKUSDT": 9.16,
  "ENAUSDT": 0.1082,
  "PUMPUSDT": 0.001942,
  "MIRAUSDT": 0.1039,
  "ESPUSDT": 0.13731,
  "KITEUSDT": 0.24118,
  "NEARUSDT": 1.136,
  "AAVEUSDT": 120.56,
  "PAXGUSDT": 5191.01,
  "UNIUSDT": 3.869,
  "CRCLUSDT": 87.74,
  "SOL/USDUSDT": 86.57,
  "TAOUSDT": 185.96,
  "MYXUSDT": 0.525,
  "ASTERUSDT": 0.7002,
  "WETUSDT": 0.11458,
  "VVVUSDT": 5.088,
  "LTCUSDT": 55.88,
  "1000LUNCUSDT": 0.04168,
  "BARDUSDT": 0.8647,
  "ARBUSDT": 0.112,
  "ICPUSDT": 2.57,
  "VIRTUALUSDT": 0.7336,
  "APTUSDT": 1.0184,
  "FARTCOINUSDT": 0.177,
  "HOTUSDT": 0.00043,
  "XRP/USDUSDT": 1.4116,
  "OPUSDT": 0.1277,
  "\u5e01\u5b89\u4eba\u751fUSDT": 0.07467,
  "STABLEUSDT": 0.036468,
  "TSLAUSDT": 409.3,
  "ATOMUSDT": 1.913,
  "WIFUSDT": 0.2125,
  "ZROUSDT": 1.7165,
  "1000SHIBUSDT": 0.006039,
  "STEEMUSDT": 0.06406,
  "UAIUSDT": 0.2423,
  "WLDUSDT": 0.4078,
  "DOGE/USDUSDT": 0.09793,
  "SAHARAUSDT": 0.0201,
  "PENGUUSDT": 0.00721,
  "WLFIUSDT": 0.1153,
  "HBARUSDT": 0.10389,
  "DOGE/USDCUSDT": 0.09793,
  "ETH/BTCUSDT": 2033.5257397,
  "BULLAUSDT": 0.01551,
  "AXSUSDT": 1.382,
  "GWEIUSDT": 0.034401,
  "XPLUSDT": 0.0993,
  "BNB/USDUSDT": 631.21,
  "TRUMPUSDT": 3.413,
  "BNB/USDCUSDT": 628.91,
  "XLMUSDT": 0.16569,
  "ETCUSDT": 9.0,
  "XMRUSDT": 353.06,
  "SPACEUSDT": 0.008777,
  "1000BONKUSDT": 0.006275,
  "ZAMAUSDT": 0.02348,
  "TRXUSDT": 0.28517,
  "CRVUSDT": 0.253,
  "TONUSDT": 1.3137,
  "INJUSDT": 3.273,
  "DASHUSDT": 35.12,
  "TIAUSDT": 0.3427,
  "FOGOUSDT": 0.02896,
  "OPNUSDT": 0.5318,
  "REDUSDT": 0.1726,
  "SENTUSDT": 0.02359,
  "HOODUSDT": 79.38,
  "ONDOUSDT": 0.2713,
  "FOLKSUSDT": 1.519,
  "GRASSUSDT": 0.2291,
  "CCUSDT": 0.17431,
  "BIOUSDT": 0.02289,
  "BERAUSDT": 0.6334,
  "GPSUSDT": 0.009466,
  "AZTECUSDT": 0.0233,
  "GALAUSDT": 0.00386,
  "ADA/USDUSDT": 0.2922,
  "CHZUSDT": 0.03369,
  "POLUSDT": 0.11648,
  "LUNA2USDT": 0.0674,
  "COLLECTUSDT": 0.0407,
  "DUSKUSDT": 0.09211,
  "XPTUSDT": 2367.22,
  "LITUSDT": 1.384,
  "IPUSDT": 1.013,
  "DUSDT": 0.007188,
  "SEIUSDT": 0.07163,
  "FETUSDT": 0.1662,
  "NOMUSDT": 0.003978,
  "ARUSDT": 1.723,
  "CLOUSDT": 0.07719,
  "GUAUSDT": 0.22637,
  "RENDERUSDT": 1.491,
  "MORPHOUSDT": 1.8659,
  "SUI/USDCUSDT": 0.9538,
  "TRIAUSDT": 0.02016,
  "MSTRUSDT": 135.11,
  "METUSDT": 0.1853,
  "ALLOUSDT": 0.11395,
  "GIGGLEUSDT": 27.63,
  "ALGOUSDT": 0.0895,
  "1000PEPE/USDCUSDT": 0.0038569,
  "LDOUSDT": 0.3179,
  "SANDUSDT": 0.08765,
  "LYNUSDT": 0.32123,
  "MAVIAUSDT": 0.03608,
  "0GUSDT": 0.6642,
  "SNXUSDT": 0.349,
  "AGLDUSDT": 0.2649,
  "EDENUSDT": 0.03473,
  "FIL/USDCUSDT": 1.028,
  "SKRUSDT": 0.020989,
  "ZEC/USDCUSDT": 238.18,
  "PENDLEUSDT": 1.3431,
  "KASUSDT": 0.03154,
  "ADA/USDCUSDT": 0.2922,
  "AXLUSDT": 0.05635,
  "COINUSDT": 182.47,
  "SPORTFUNUSDT": 0.0498,
  "BIRBUSDT": 0.16643,
  "BEATUSDT": 0.2083,
  "JUPUSDT": 0.1594,
  "MONUSDT": 0.02134,
  "JTOUSDT": 0.2903,
  "BCH/USDCUSDT": 484.19,
  "INTCUSDT": 45.37,
  "SOMIUSDT": 0.2134,
  "ROBOUSDT": 0.03463,
  "ETHFIUSDT": 0.516,
  "ENA/USDCUSDT": 0.1082,
  "ZBTUSDT": 0.07915,
  "STBLUSDT": 0.04637,
  "STGUSDT": 0.1504,
  "PIEVERSEUSDT": 0.5109,
  "\u6211\u8e0f\u9a6c\u6765\u4e86USDT": 0.012949,
  "KERNELUSDT": 0.0873,
  "CAKEUSDT": 1.3191,
  "YBUSDT": 0.1841,
  "SPXUSDT": 0.3236,
  "EIGENUSDT": 0.1991,
  "STRKUSDT": 0.04287,
  "AVAX/USDCUSDT": 9.352,
  "ORDIUSDT": 2.577,
  "NEIROUSDT": 7.214e-05,
  "SUI/USDUSDT": 0.9538,
  "NEWTUSDT": 0.07807,
  "MOODENGUSDT": 0.05282,
  "1000FLOKIUSDT": 0.02979,
  "LINK/USDUSDT": 9.157,
  "SYRUPUSDT": 0.23764,
  "ZKUSDT": 0.01983,
  "ORCAUSDT": 0.908,
  "APEUSDT": 0.1094,
  "AEROUSDT": 0.3602,
  "LAUSDT": 0.2352,
  "INITUSDT": 0.08194,
  "ZENUSDT": 5.719,
  "LINK/USDCUSDT": 9.16,
  "ROSEUSDT": 0.01331,
  "JELLYJELLYUSDT": 0.06367,
  "AVNTUSDT": 0.1861,
  "ZILUSDT": 0.00432,
  "VETUSDT": 0.007722,
  "DYDXUSDT": 0.101,
  "LINEAUSDT": 0.003239,
  "AAVE/USDCUSDT": 120.57,
  "ENSUSDT": 6.453,
  "SHELLUSDT": 0.03066,
  "NILUSDT": 0.05077,
  "ARPAUSDT": 0.00988,
  "LIGHTUSDT": 0.2059,
  "FLOWUSDT": 0.04137,
  "TRBUSDT": 14.916,
  "XPDUSDT": 1821.31,
  "FFUSDT": 0.0808,
  "ARB/USDCUSDT": 0.1119,
  "IDUSDT": 0.04566,
  "DOT/USDUSDT": 1.612,
  "NIGHTUSDT": 0.06033,
  "USELESSUSDT": 0.04208,
  "HOLOUSDT": 0.06029,
  "GRIFFAINUSDT": 0.00886,
  "JASMYUSDT": 0.005886,
  "IDOLUSDT": 0.01998,
  "GLMUSDT": 0.1377,
  "KSMUSDT": 5.137,
  "API3USDT": 0.2979,
  "USTCUSDT": 0.005203,
  "ELSAUSDT": 0.08681,
  "COMPUSDT": 19.13,
  "ZKCUSDT": 0.0912,
  "PNUTUSDT": 0.04729,
  "DEXEUSDT": 3.572,
  "YGGUSDT": 0.04011,
  "LTC/USDCUSDT": 55.85,
  "UBUSDT": 0.03677,
  "BATUSDT": 0.1092,
  "BREVUSDT": 0.1422,
  "FIGHTUSDT": 0.006759,
  "EULUSDT": 1.014,
  "FIL/USDUSDT": 1.028,
  "MANAUSDT": 0.0999,
  "GMTUSDT": 0.01202,
  "CVXUSDT": 1.708,
  "PYTHUSDT": 0.05314,
  "STXUSDT": 0.2738,
  "XTZUSDT": 0.4,
  "AWEUSDT": 0.0543,
  "ZKPUSDT": 0.08372,
  "LAYERUSDT": 0.0874,
  "CYBERUSDT": 0.5502,
  "SUSDT": 0.04206,
  "MERLUSDT": 0.04547,
  "PTBUSDT": 0.001155,
  "ATUSDT": 0.15867,
  "PLTRUSDT": 136.9,
  "LPTUSDT": 2.393,
  "RUNEUSDT": 0.4093,
  "TURBOUSDT": 0.0010283,
  "ZKJUSDT": 0.02368,
  "NEAR/USDCUSDT": 1.137,
  "LTC/USDUSDT": 55.87,
  "ARKMUSDT": 0.1125,
  "TREEUSDT": 0.07676,
  "2ZUSDT": 0.08016,
  "1000BONK/USDCUSDT": 0.006277,
  "MEUSDT": 0.1218,
  "MEMEUSDT": 0.0006346,
  "STOUSDT": 0.06207,
  "GRTUSDT": 0.02738,
  "AAVE/USDUSDT": 120.51,
  "KAITOUSDT": 0.3357,
  "BTRUSDT": 0.18596,
  "MUSDT": 1.4284,
  "PARTIUSDT": 0.09666,
  "SKLUSDT": 0.00675,
  "RPLUSDT": 1.93,
  "ALICEUSDT": 0.109,
  "AIXBTUSDT": 0.02085,
  "BCH/USDUSDT": 484.38,
  "NAORISUSDT": 0.03012,
  "BTCDOMUSDT": 5020.0,
  "PROMPTUSDT": 0.04591,
  "SUSHIUSDT": 0.2144,
  "WUSDT": 0.01972,
  "BLURUSDT": 0.02066,
  "ANIMEUSDT": 0.004986,
  "BOMEUSDT": 0.0003991,
  "SAPIENUSDT": 0.08959,
  "MOVEUSDT": 0.02208,
  "MUBARAKUSDT": 0.01377,
  "BANUSDT": 0.11177,
  "C98USDT": 0.025,
  "RESOLVUSDT": 0.06224,
  "UNI/USDUSDT": 3.865,
  "IMXUSDT": 0.1743,
  "JSTUSDT": 0.045547,
  "QNTUSDT": 64.72,
  "BUSDT": 0.1577,
  "IOTAUSDT": 0.0705,
  "SUPERUSDT": 0.1177,
  "CFXUSDT": 0.05073,
  "THETAUSDT": 0.1955,
  "TNSRUSDT": 0.04814,
  "GUNUSDT": 0.03011,
  "1000RATSUSDT": 0.04013,
  "CRV/USDCUSDT": 0.253,
  "TAKEUSDT": 0.02118,
  "NEOUSDT": 2.836,
  "KMNOUSDT": 0.02248,
  "TRUMP/USDCUSDT": 3.412,
  "SKYUSDT": 0.06856,
  "PLAYUSDT": 0.01919,
  "4USDT": 0.0085,
  "AMZNUSDT": 207.98,
  "TURTLEUSDT": 0.04178,
  "LRCUSDT": 0.03371,
  "WCTUSDT": 0.0606,
  "ACHUSDT": 0.007086,
  "MASKUSDT": 0.4461,
  "KAIAUSDT": 0.0562,
  "BANANAS31USDT": 0.004636,
  "WIF/USDCUSDT": 0.2124,
  "FUSDT": 0.005848,
  "VANAUSDT": 1.475,
  "EGLDUSDT": 4.676,
  "UNI/USDCUSDT": 3.865,
  "CYSUSDT": 0.3584,
  "FHEUSDT": 0.02986,
  "PEOPLEUSDT": 0.00678,
  "PENGU/USDCUSDT": 0.007209,
  "AUCTIONUSDT": 4.906,
  "HUMAUSDT": 0.012304,
  "XNYUSDT": 0.004678,
  "1000SATSUSDT": 1.17e-05,
  "MMTUSDT": 0.1245,
  "PHAUSDT": 0.02498,
  "WLFI/USDCUSDT": 0.1152,
  "IP/USDCUSDT": 1.012,
  "AVAX/USDUSDT": 9.34,
  "AKEUSDT": 0.0002939,
  "A2ZUSDT": 0.000801,
  "MAGICUSDT": 0.06507,
  "YFIUSDT": 2826.0,
  "NXPCUSDT": 0.2818,
  "OPENUSDT": 0.156,
  "BOBUSDT": 0.005629,
  "TIA/USDCUSDT": 0.3427,
  "ACUUSDT": 0.11182,
  "QUSDT": 0.023245,
  "HEMIUSDT": 0.00923,
  "PORTALUSDT": 0.01226,
  "1INCHUSDT": 0.0961,
  "CELOUSDT": 0.08,