{
  "BTCUSDT": 72861.3,
  "ETHUSDT": 2150.23,
  "BTC/USDCUSDT": 72676.0,
  "ETH/USDCUSDT": 2133.65,
  "SOLUSDT": 91.19,
  "XAGUSDT": 83.37,
  "XAUUSDT": 5138.99,
  "BTC/USDUSDT": 72815.8,
  "XRPUSDT": 1.4434,
  "ETH/USDUSDT": 2150.76,
  "DOGEUSDT": 0.09767,
  "POWERUSDT": 0.16657,
  "BNBUSDT": 657.38,
  "SOL/USDCUSDT": 91.2,
  "RIVERUSDT": 16.72,
  "HYPEUSDT": 32.534,
  "PHAUSDT": 0.04894,
  "1000PEPEUSDT": 0.0036485,
  "ZECUSDT": 236.55,
  "MANTRAUSDT": 0.02295,
  "PIPPINUSDT": 0.31185,
  "PAXGUSDT": 5148.59,
  "ADAUSDT": 0.2777,
  "SUIUSDT": 0.9594,
  "SIRENUSDT": 0.38479,
  "NEARUSDT": 1.333,
  "SAHARAUSDT": 0.0284,
  "XRP/USDCUSDT": 1.4438,
  "BCHUSDT": 467.27,
  "AVAXUSDT": 9.548,
  "FORMUSDT": 0.3445,
  "SOL/USDUSDT": 90.88,
  "ROBOUSDT": 0.0457,
  "LINKUSDT": 9.384,
  "VVVUSDT": 6.358,
  "FILUSDT": 1.019,
  "TAOUSDT": 190.6,
  "AAVEUSDT": 116.91,
  "DOTUSDT": 1.536,
  "XPLUSDT": 0.1166,
  "TSLAUSDT": 401.51,
  "ENAUSDT": 0.1181,
  "LTCUSDT": 56.44,
  "KITEUSDT": 0.23118,
  "PUMPUSDT": 0.00208,
  "ETH/BTCUSDT": 2131.8217674,
  "CRCLUSDT": 102.24,
  "WLDUSDT": 0.4361,
  "ASTERUSDT": 0.7191,
  "BNB/USDUSDT": 658.54,
  "UNIUSDT": 3.981,
  "AIXBTUSDT": 0.03023,
  "WLFIUSDT": 0.1075,
  "DOGE/USDUSDT": 0.0977,
  "1000RATSUSDT": 0.05362,
  "WIFUSDT": 0.2166,
  "APTUSDT": 1.0086,
  "FARTCOINUSDT": 0.1758,
  "BARDUSDT": 1.0561,
  "1000SHIBUSDT": 0.005725,
  "DOGE/USDCUSDT": 0.0977,
  "BNB/USDCUSDT": 657.67,
  "CRVUSDT": 0.263,
  "PENGUUSDT": 0.007308,
  "VIRTUALUSDT": 0.7589,
  "XRP/USDUSDT": 1.4406,
  "ARBUSDT": 0.1041,
  "BANANAS31USDT": 0.005043,
  "TRXUSDT": 0.28565,
  "GIGGLEUSDT": 30.51,
  "JELLYJELLYUSDT": 0.086,
  "HBARUSDT": 0.1022,
  "ARCUSDT": 0.04059,
  "OPUSDT": 0.1298,
  "KAVAUSDT": 0.0589,
  "ENSOUSDT": 1.3131,
  "XLMUSDT": 0.1585,
  "TRUMPUSDT": 3.426,
  "AXSUSDT": 1.239,
  "GALAUSDT": 0.00364,
  "ICPUSDT": 2.529,
  "1000BONKUSDT": 0.006285,
  "DASHUSDT": 35.35,
  "ESPUSDT": 0.11988,
  "MEMEUSDT": 0.0006431,
  "ZROUSDT": 1.9269,
  "ETCUSDT": 8.759,
  "MSTRUSDT": 146.54,
  "XMRUSDT": 363.85,
  "IPUSDT": 0.897,
  "ADA/USDUSDT": 0.2777,
  "MYXUSDT": 0.302,
  "TIAUSDT": 0.3395,
  "ONDOUSDT": 0.2729,
  "COOKIEUSDT": 0.02223,
  "LITUSDT": 1.279,
  "SEIUSDT": 0.07071,
  "TONUSDT": 1.2954,
  "FETUSDT": 0.1549,
  "RENDERUSDT": 1.419,
  "\u5e01\u5b89\u4eba\u751fUSDT": 0.06255,
  "DENTUSDT": 0.000264,
  "GUNUSDT": 0.02094,
  "ZEC/USDCUSDT": 236.48,
  "COINUSDT": 208.69,
  "CHZUSDT": 0.03758,
  "HOODUSDT": 82.37,
  "SPXUSDT": 0.3744,
  "XPTUSDT": 2136.75,
  "ATOMUSDT": 1.886,
  "INJUSDT": 3.113,
  "AZTECUSDT": 0.02375,
  "LYNUSDT": 0.30284,
  "WETUSDT": 0.11971,
  "OPNUSDT": 0.5131,
  "KAITOUSDT": 0.3682,
  "MAGMAUSDT": 0.12399,
  "BERAUSDT": 0.5539,
  "ZAMAUSDT": 0.01945,
  "JUPUSDT": 0.1913,
  "SUI/USDCUSDT": 0.9593,
  "SNXUSDT": 0.346,
  "GPSUSDT": 0.008965,
  "PEOPLEUSDT": 0.00723,
  "USUALUSDT": 0.01673,
  "ALGOUSDT": 0.0894,
  "BIOUSDT": 0.02175,
  "LDOUSDT": 0.3206,
  "EIGENUSDT": 0.1974,
  "STABLEUSDT": 0.029523,
  "POLUSDT": 0.10444,
  "SANDUSDT": 0.08751,
  "1000PEPE/USDCUSDT": 0.0036484,
  "BCH/USDCUSDT": 467.32,
  "ADA/USDCUSDT": 0.2777,
  "MONUSDT": 0.0228,
  "MORPHOUSDT": 1.9311,
  "ETHFIUSDT": 0.5462,
  "PLTRUSDT": 151.42,
  "SUI/USDUSDT": 0.9593,
  "SKRUSDT": 0.022525,
  "ZENUSDT": 5.8,
  "TAUSDT": 0.05012,
  "AKTUSDT": 0.3422,
  "USELESSUSDT": 0.0473,
  "DUSKUSDT": 0.08876,
  "GRASSUSDT": 0.2963,
  "RAVEUSDT": 0.35648,
  "GWEIUSDT": 0.041925,
  "BULLAUSDT": 0.02608,
  "KATUSDT": 0.01806,
  "ORDIUSDT": 2.563,
  "MOODENGUSDT": 0.05233,
  "LINK/USDCUSDT": 9.385,
  "BEATUSDT": 0.2767,
  "TAGUSDT": 0.000418,
  "PENDLEUSDT": 1.3019,
  "LINK/USDUSDT": 9.382,
  "MUBARAKUSDT": 0.01486,
  "NEAR/USDCUSDT": 1.334,
  "EGLDUSDT": 4.338,
  "ROSEUSDT": 0.01223,
  "1000FLOKIUSDT": 0.0295,
  "CAKEUSDT": 1.4097,
  "SIGNUSDT": 0.0272,
  "HUMAUSDT": 0.013295,
  "NEIROUSDT": 7.159e-05,
  "AVAX/USDCUSDT": 9.548,
  "ALICEUSDT": 0.131,
  "KNCUSDT": 0.1401,
  "TRBUSDT": 15.0,
  "INTCUSDT": 44.67,
  "ZILUSDT": 0.00433,
  "SPACEUSDT": 0.007427,
  "HUSDT": 0.1256,
  "FIL/USDCUSDT": 1.019,
  "APEUSDT": 0.1048,
  "0GUSDT": 0.627,
  "EULUSDT": 1.175,
  "DYDXUSDT": 0.099,
  "LTC/USDCUSDT": 56.45,
  "XPDUSDT": 1680.83,
  "STRKUSDT": 0.04106,
  "FFUSDT": 0.07381,
  "1INCHUSDT": 0.0988,
  "VETUSDT": 0.007476,
  "MIRAUSDT": 0.0898,
  "CCUSDT": 0.15648,
  "AAVE/USDCUSDT": 116.87,
  "AEROUSDT": 0.3752,
  "ARUSDT": 1.687,
  "CYSUSDT": 0.3856,
  "LINEAUSDT": 0.003284,
  "JASMYUSDT": 0.005816,
  "ENSUSDT": 6.298,
  "TURBOUSDT": 0.0010177,
  "ENA/USDCUSDT": 0.1181,
  "JTOUSDT": 0.2786,
  "XTZUSDT": 0.39,
  "PNUTUSDT": 0.04932,
  "TRIAUSDT": 0.01776,
  "BASUSDT": 0.006243,
  "1000LUNCUSDT": 0.04413,
  "AGLDUSDT": 0.2266,
  "SENTUSDT": 0.02107,
  "AMZNUSDT": 215.23,
  "BCH/USDUSDT": 467.48,
  "PYTHUSDT": 0.05136,
  "LAUSDT": 0.2144,
  "ZKUSDT": 0.01902,
  "BOMEUSDT": 0.0004302,
  "LTC/USDUSDT": 56.46,
  "AIOUSDT": 0.0805,
  "KASUSDT": 0.0318,
  "\u6211\u8e0f\u9a6c\u6765\u4e86USDT": 0.010931,
  "STXUSDT": 0.271,
  "MANAUSDT": 0.0995,
  "COMPUSDT": 18.24,
  "GMTUSDT": 0.01193,
  "KMNOUSDT": 0.02407,
  "ARKMUSDT": 0.1117,
  "LAYERUSDT": 0.087,
  "SKYAIUSDT": 0.04571,
  "AVNTUSDT": 0.1752,
  "SOMIUSDT": 0.196,
  "BTCDOMUSDT": 5204.3,
  "COWUSDT": 0.2424,
  "ALLOUSDT": 0.11547,
  "HIPPOUSDT": 0.0007831,
  "SKYUSDT": 0.07603,
  "AAVE/USDUSDT": 116.93,
  "BREVUSDT": 0.148,
  "FOGOUSDT": 0.0228,
  "SYRUPUSDT": 0.24573,
  "ARB/USDCUSDT": 0.104,
  "GRTUSDT": 0.02676,
  "ATHUSDT": 0.006326,
  "IMXUSDT": 0.1611,
  "RUNEUSDT": 0.44,
  "DODOXUSDT": 0.015328,
  "COLLECTUSDT": 0.03746,
  "SUSHIUSDT": 0.2102,
  "STEEMUSDT": 0.05765,
  "INUSDT": 0.07199,
  "INITUSDT": 0.08051,
  "ORCAUSDT": 0.901,
  "PIEVERSEUSDT": 0.5218,
  "GUAUSDT": 0.25773,
  "IP/USDCUSDT": 0.898,
  "PARTIUSDT": 0.0859,
  "SUSDT": 0.04263,
  "UNI/USDUSDT": 3.978,
  "PLUMEUSDT": 0.00973,
  "STGUSDT": 0.17,
  "RIFUSDT": 0.03614,
  "BTRUSDT": 0.18448,
  "PHBUSDT": 0.1527,
  "SAGAUSDT": 0.03283,
  "FIOUSDT": 0.01002,
  "MEUSDT": 0.1153,
  "CFXUSDT": 0.05164,
  "USDCUSDT": 0.999313,
  "CYBERUSDT": 0.5573,
  "1000SATSUSDT": 1.17e-05,
  "LPTUSDT": 2.373,
  "DOT/USDUSDT": 1.537,
  "ZKPUSDT": 0.08852,
  "CLOUSDT": 0.07016,
  "WUSDT": 0.01914,
  "MASKUSDT": 0.4682,
  "FIL/USDUSDT": 1.019,
  "RAYSOLUSDT": 0.6267,
  "AXLUSDT": 0.05468,
  "BUSDT": 0.2162,
  "MERLUSDT": 0.04241,
  "NEOUSDT": 2.697,
  "IOUSDT": 0.1157,
  "IOTAUSDT": 0.0682,
  "KSMUSDT": 4.905,
  "AVAX/USDUSDT": 9.55,
  "QUSDT": 0.025183,
  "4USDT": 0.00984,
  "THETAUSDT": 0.199,
  "YGGUSDT": 0.03998,
  "NIGHTUSDT": 0.06225,
  "PENGU/USDCUSDT": 0.007311,
  "CGPTUSDT": 0.02414,
  "POPCATUSDT": 0.05312,
  "METUSDT": 0.1795,
  "MOVEUSDT": 0.02266,
  "MUSDT": 1.3951,
  "BRETTUSDT": 0.007905,
  "TRADOORUSDT": 1.447,
  "NOTUSDT": 0.0003828,
  "GMXUSDT": 7.574,
  "QNTUSDT": 65.45,
  "AUCTIONUSDT": 4.836,
  "SAPIENUSDT": 0.08801,
  "NEWTUSDT": 0.06924,
  "RPLUSDT": 1.997,
  "SKLUSDT": 0.00694,
  "ATUSDT": 0.15697,
  "ZORAUSDT": 0.01771,
  "AIUSDT": 0.02148,
  "IOTXUSDT": 0.00521,
  "CRV/USDCUSDT": 0.2626,
  "METISUSDT": 3.37,
  "TAKEUSDT": 0.01892,
  "C98USDT": 0.0266,
  "INXUSDT": 0.012261,
  "LIGHTUSDT": 0.1879,
  "SUPERUSDT": 0.1192,
  "KGENUSDT": 0.2178,
  "BROCCOLI714USDT": 0.01311,
  "KAITO/USDCUSDT": 0.3681,
  "WLD/USDCUSDT": 0.4359,
  "DEXEUSDT": 3.605,
  "BATUSDT": 0.1048,
  "AIOTUSDT": 0.02509,
  "RESOLVUSDT": 0.06024,
  "1000CHEEMSUSDT": 0.000537,
  "WOOUSDT": 0.01869,
  "XNYUSDT": 0.006308,
  "TRUUSDT": 0.005249,
  "RSRUSDT": 0.001624,
  "BIRBUSDT": 0.14581,
  "ACUUSDT": 0.10146,
  "UNI/USDCUSDT": 3.978,
  "BELUSDT": 0.1024,
  "FOLKSUSDT": 1.196,
  "BANUSDT": 0.11017,
  "IRYSUSDT": 0.01953,
  "APT/USDUSDT": 1.009,
  "HOLOUSDT": 0.06031,
  "TIA/USDCUSDT": 0.3394,
  "LUNA2USDT": 0.06568,
  "NEAR/USDUSDT": 1.335,
  "HBAR/USDCUSDT": 0.10224,
  "ZBTUSDT": 0.07442,
  "WIF/USDCUSDT": 0.2165,
  "REDUSDT": 0.1424,
  "RLCUSDT": 0.3839,
  "AIAUSDT": 0.08651,
  "WCTUSDT": 0.06046,
  "SWARMSUSDT": 0.007424,
  "ARPAUSDT": 0.00981,
  "YFIUSDT": 2766.0,
  "PROVEUSDT": 0.2819,