{
  "BTCUSDT": 67736.9,
  "ETHUSDT": 1979.7,
  "XAGUSDT": 81.08,
  "BTC/USDCUSDT": 67046.2,
  "SOLUSDT": 84.17,
  "XAUUSDT": 5140.46,
  "ETH/USDCUSDT": 1963.86,
  "BTC/USDUSDT": 67654.4,
  "XRPUSDT": 1.3508,
  "ETH/USDUSDT": 1979.03,
  "DOGEUSDT": 0.09003,
  "BNBUSDT": 626.8,
  "POWERUSDT": 1.84038,
  "PAXGUSDT": 5166.65,
  "HYPEUSDT": 31.96,
  "SIRENUSDT": 0.38443,
  "1000PEPEUSDT": 0.0034081,
  "NEARUSDT": 1.327,
  "SOL/USDCUSDT": 84.16,
  "ROBOUSDT": 0.04548,
  "VVVUSDT": 6.802,
  "ZECUSDT": 214.5,
  "SUIUSDT": 0.8988,
  "ARCUSDT": 0.03934,
  "ADAUSDT": 0.2643,
  "RIVERUSDT": 16.566,
  "SAHARAUSDT": 0.029,
  "XRP/USDCUSDT": 1.3506,
  "AVAXUSDT": 9.007,
  "PHAUSDT": 0.0358,
  "DOTUSDT": 1.484,
  "FILUSDT": 0.983,
  "LINKUSDT": 8.662,
  "BCHUSDT": 437.52,
  "PIPPINUSDT": 0.48577,
  "AAVEUSDT": 112.1,
  "ENAUSDT": 0.1092,
  "SOL/USDUSDT": 83.4,
  "TAOUSDT": 179.23,
  "ASTERUSDT": 0.6985,
  "ENSOUSDT": 1.3608,
  "PUMPUSDT": 0.001882,
  "FORMUSDT": 0.2756,
  "KITEUSDT": 0.19064,
  "LTCUSDT": 53.37,
  "OPNUSDT": 0.5182,
  "ETH/BTCUSDT": 1963.7182686,
  "TSLAUSDT": 394.08,
  "XPLUSDT": 0.1078,
  "VIRTUALUSDT": 0.7429,
  "1000SHIBUSDT": 0.005306,
  "UNIUSDT": 3.807,
  "WIFUSDT": 0.1956,
  "BNB/USDCUSDT": 627.09,
  "BNB/USDUSDT": 628.68,
  "WLDUSDT": 0.3919,
  "CRVUSDT": 0.244,
  "PENGUUSDT": 0.006825,
  "XRP/USDUSDT": 1.3521,
  "APTUSDT": 0.9574,
  "CRCLUSDT": 92.13,
  "GRASSUSDT": 0.3076,
  "DOGE/USDUSDT": 0.09002,
  "ARBUSDT": 0.0998,
  "WLFIUSDT": 0.1048,
  "LYNUSDT": 0.33486,
  "ESPUSDT": 0.12089,
  "HBARUSDT": 0.0954,
  "ZROUSDT": 1.8301,
  "OPUSDT": 0.1225,
  "FARTCOINUSDT": 0.1594,
  "GALAUSDT": 0.00342,
  "IPUSDT": 0.84,
  "KAVAUSDT": 0.0532,
  "DOGE/USDCUSDT": 0.09002,
  "AIOUSDT": 0.08759,
  "DENTUSDT": 0.000271,
  "XLMUSDT": 0.1503,
  "ETCUSDT": 8.378,
  "TRUMPUSDT": 3.41,
  "1000BONKUSDT": 0.005835,
  "BARDUSDT": 1.0787,
  "DASHUSDT": 33.07,
  "XMRUSDT": 342.4,
  "BULLAUSDT": 0.02596,
  "TONUSDT": 1.2174,
  "POLUSDT": 0.09798,
  "TRXUSDT": 0.28112,
  "SEIUSDT": 0.06683,
  "XPTUSDT": 2049.6,
  "AXSUSDT": 1.21,
  "ICPUSDT": 2.383,
  "CHZUSDT": 0.03649,
  "AIXBTUSDT": 0.02464,
  "FETUSDT": 0.1451,
  "HIPPOUSDT": 0.0007069,
  "MYXUSDT": 0.369,
  "\u5e01\u5b89\u4eba\u751fUSDT": 0.06123,
  "NEAR/USDCUSDT": 1.325,
  "ONDOUSDT": 0.2501,
  "TIAUSDT": 0.3155,
  "USUALUSDT": 0.01428,
  "SUI/USDCUSDT": 0.8984,
  "KNCUSDT": 0.1406,
  "1000RATSUSDT": 0.03961,
  "BEATUSDT": 0.265,
  "ATOMUSDT": 1.792,
  "MORPHOUSDT": 1.967,
  "MSTRUSDT": 132.84,
  "BIOUSDT": 0.02055,
  "INJUSDT": 3.004,
  "JELLYJELLYUSDT": 0.08574,
  "RENDERUSDT": 1.32,
  "LITUSDT": 1.312,
  "JUPUSDT": 0.1749,
  "ZAMAUSDT": 0.01895,
  "HOODUSDT": 75.42,
  "BERAUSDT": 0.5698,
  "ADA/USDUSDT": 0.2643,
  "TRUUSDT": 0.005042,
  "LDOUSDT": 0.2992,
  "4USDT": 0.00979,
  "SKYAIUSDT": 0.04619,
  "SANDUSDT": 0.08239,
  "ZEC/USDCUSDT": 214.4,
  "EULUSDT": 1.164,
  "ALGOUSDT": 0.085,
  "GWEIUSDT": 0.040905,
  "1000PEPE/USDCUSDT": 0.0034071,
  "SPXUSDT": 0.3178,
  "MONUSDT": 0.02084,
  "KATUSDT": 0.0237,
  "FIL/USDCUSDT": 0.983,
  "RAVEUSDT": 0.34988,
  "ALICEUSDT": 0.133,
  "HUSDT": 0.12987,
  "EIGENUSDT": 0.1811,
  "BCH/USDCUSDT": 437.37,
  "ZETAUSDT": 0.05432,
  "SNXUSDT": 0.3,
  "STABLEUSDT": 0.029761,
  "SIGNUSDT": 0.0282,
  "ADA/USDCUSDT": 0.2642,
  "FIOUSDT": 0.01046,
  "LAUSDT": 0.2154,
  "PIEVERSEUSDT": 0.4993,
  "XPDUSDT": 1669.29,
  "SENTUSDT": 0.0209,
  "ORDIUSDT": 2.402,
  "SPACEUSDT": 0.007005,
  "APEUSDT": 0.0985,
  "PLTRUSDT": 141.13,
  "ZENUSDT": 5.384,
  "SUI/USDUSDT": 0.8983,
  "WETUSDT": 0.10388,
  "ETHFIUSDT": 0.4962,
  "DYDXUSDT": 0.093,
  "LINEAUSDT": 0.00315,
  "NEIROUSDT": 6.642e-05,
  "PENDLEUSDT": 1.2646,
  "0GUSDT": 0.6123,
  "LINK/USDCUSDT": 8.659,
  "IRYSUSDT": 0.02125,
  "LINK/USDUSDT": 8.66,
  "ARUSDT": 1.606,
  "ATHUSDT": 0.006129,
  "NILUSDT": 0.0513,
  "MIRAUSDT": 0.0877,
  "LAYERUSDT": 0.0862,
  "1000LUNCUSDT": 0.04376,
  "YGGUSDT": 0.03828,
  "TRBUSDT": 14.107,
  "1000FLOKIUSDT": 0.02741,
  "STEEMUSDT": 0.05761,
  "JASMYUSDT": 0.005437,
  "DUSKUSDT": 0.08289,
  "STRKUSDT": 0.03965,
  "CAKEUSDT": 1.3292,
  "AZTECUSDT": 0.02046,
  "VETUSDT": 0.007023,
  "AVAX/USDCUSDT": 9.003,
  "GIGGLEUSDT": 26.38,
  "TRIAUSDT": 0.01997,
  "INTCUSDT": 43.51,
  "INITUSDT": 0.08239,
  "ZKUSDT": 0.01855,
  "CCUSDT": 0.15753,
  "\u6211\u8e0f\u9a6c\u6765\u4e86USDT": 0.011,
  "ENA/USDCUSDT": 0.1092,
  "COINUSDT": 177.8,
  "XTZUSDT": 0.367,
  "ROSEUSDT": 0.01155,
  "JTOUSDT": 0.2683,
  "FFUSDT": 0.07343,
  "ZILUSDT": 0.00415,
  "AGLDUSDT": 0.2113,
  "KAITOUSDT": 0.3414,
  "BREVUSDT": 0.1415,
  "USELESSUSDT": 0.04057,
  "SKRUSDT": 0.020916,
  "ORCAUSDT": 0.843,
  "MOODENGUSDT": 0.04727,
  "SOMIUSDT": 0.1919,
  "ENSUSDT": 5.879,
  "1000CHEEMSUSDT": 0.0005376,
  "AMZNUSDT": 203.75,
  "AAVE/USDCUSDT": 112.06,
  "FOGOUSDT": 0.02315,
  "STGUSDT": 0.1632,
  "AEROUSDT": 0.3321,
  "GPSUSDT": 0.008657,
  "PNUTUSDT": 0.04423,
  "EGLDUSDT": 4.136,
  "IMXUSDT": 0.1562,
  "BASUSDT": 0.006992,
  "PYTHUSDT": 0.04676,
  "GRTUSDT": 0.02542,
  "BIRBUSDT": 0.14425,
  "AVNTUSDT": 0.1705,
  "RPLUSDT": 1.849,
  "NEAR/USDUSDT": 1.325,
  "LTC/USDCUSDT": 53.34,
  "TURBOUSDT": 0.0009378,
  "MANAUSDT": 0.0944,
  "ARKMUSDT": 0.1049,
  "IP/USDCUSDT": 0.839,
  "DEXEUSDT": 3.592,
  "THETAUSDT": 0.1877,
  "KASUSDT": 0.02987,
  "ZKPUSDT": 0.08716,
  "UAIUSDT": 0.2036,
  "TAKEUSDT": 0.02017,
  "COMPUSDT": 17.07,
  "CRV/USDCUSDT": 0.2442,
  "STXUSDT": 0.2528,
  "SYRUPUSDT": 0.23159,
  "TLMUSDT": 0.00169,
  "NEWTUSDT": 0.06954,
  "SUNUSDT": 0.015971,
  "ALLOUSDT": 0.10193,
  "HOLOUSDT": 0.06011,
  "LTC/USDUSDT": 53.35,
  "KSMUSDT": 4.473,
  "MUBARAKUSDT": 0.01372,
  "GMTUSDT": 0.01107,
  "ARB/USDCUSDT": 0.0998,
  "RUNEUSDT": 0.4022,
  "SUSDT": 0.0399,
  "BOMEUSDT": 0.0003803,
  "NIGHTUSDT": 0.05952,
  "BTCDOMUSDT": 5152.6,
  "CYBERUSDT": 0.5375,
  "FIL/USDUSDT": 0.983,
  "WUSDT": 0.01842,
  "CLOUSDT": 0.06825,
  "BANANAS31USDT": 0.005119,
  "SKYUSDT": 0.0684,
  "COLLECTUSDT": 0.03936,
  "1INCHUSDT": 0.0926,
  "FOLKSUSDT": 1.234,
  "WOOUSDT": 0.01724,
  "USDCUSDT": 0.999639,
  "AXLUSDT": 0.05265,
  "AAVE/USDUSDT": 112.04,
  "NAORISUSDT": 0.03015,
  "MERLUSDT": 0.04016,
  "LIGHTUSDT": 0.1862,
  "EPICUSDT": 0.3021,
  "GUNUSDT": 0.0276,
  "PLUMEUSDT": 0.00902,
  "NEOUSDT": 2.529,
  "LSKUSDT": 0.1322,
  "DOT/USDUSDT": 1.484,
  "PENGU/USDCUSDT": 0.006819,
  "HUMAUSDT": 0.01261,
  "LPTUSDT": 2.282,
  "C98USDT": 0.0258,
  "SUSHIUSDT": 0.1997,
  "PTBUSDT": 0.001177,
  "ATUSDT": 0.15865,
  "YBUSDT": 0.1754,
  "IOTAUSDT": 0.0651,
  "MEUSDT": 0.1127,
  "NOMUSDT": 0.00354,
  "CELOUSDT": 0.075,
  "MASKUSDT": 0.4226,
  "MOVEUSDT": 0.02157,
  "IOUSDT": 0.1113,
  "ZBTUSDT": 0.07586,
  "PEOPLEUSDT": 0.00619,
  "BUSDT": 0.1958,
  "BCH/USDUSDT": 437.43,
  "CFXUSDT": 0.04717,
  "MEMEUSDT": 0.000569,
  "RLSUSDT": 0.004309,
  "AVAX/USDUSDT": 9.0,
  "SPORTFUNUSDT": 0.04395,
  "EDUUSDT": 0.106,
  "LUNA2USDT": 0.06391,
  "YFIUSDT": 2608.0,
  "WIF/USDCUSDT": 0.1955,
  "GUAUSDT": 0.24896,
  "POWRUSDT": 0.06242,
  "METUSDT": 0.1728,
  "NOTUSDT": 0.0003556,
  "ACHUSDT": 0.006731,
  "SONICUSDT": 0.04525,
  "WCTUSDT": 0.05798,
  "QNTUSDT": 61.65,
  "AIAUSDT": 0.08415,
  "RAYSOLUSDT": 0.5836,
  "FLOWUSDT": 0.03525,
  "1000SHIB/USDCUSDT": 0.005303,
  "ZORAUSDT": 0.01721,
  "1000SATSUSDT": 1.11e-05,
  "PROVEUSDT": 0.2915,
  "PROMPTUSDT": 0.04368,
  "KMNOUSDT": 0.02131,
  "STBLUSDT": 0.03957,
  "PARTIUSDT": 0.08797,
  "ONTUSDT": 0.0421,
  "UNI/USDUSDT": 3.805,
  "COSUSDT": 0.001019,
  "SOPHUSDT": 0.008631,
  "AKTUSDT": 0.3066,
  "WLD/USDCUSDT": 0.3916,
  "KERNELUSDT": 0.07528,
  "FRAXUSDT": 0.6139,
  "VICUSDT": 0.04636,
  "QUSDT": 0.025009,
  "FHEUSDT": 0.02804,
  "UMAUSDT": 0.4249,
  "RSRUSDT": 0.001468,
  "BTRUSDT": 0.17259,
  "UNI/USDCUSDT": 3.803,
  "INXUSDT": 0.012297,
  "SSVUSDT": 2.648,
  "XNYUSDT": 0.005862,
  "ACTUSDT": 0.01358,
  "ACEUSDT": 0.1489,
  "BATUSDT": 0.0999,
  "ANIMEUSDT": 0.004659,
  "POPCATUSDT": 0.04669,
  "ZKCUSDT": 0.0825,
  "SAPIENUSDT": 0.08127,
  "AUCTIONUSDT": 4.692,
  "2ZUSDT": 0.07142,
  "MUSDT": 1.4038,
  "TRUTHUSDT": 0.009988,