{
  "BTCUSDT": 63982.4,
  "ETHUSDT": 1869.38,
  "SOLUSDT": 78.94,
  "XRPUSDT": 1.2977,
  "BNBUSDT": 596.98,
  "XAUUSDT": 5307.6,
  "DOGEUSDT": 0.08895,
  "XAGUSDT": 94.21,
  "PAXGUSDT": 5431.43,
  "BCHUSDT": 443.57,
  "HYPEUSDT": 27.353,
  "WLFIUSDT": 0.1069,
  "TRXUSDT": 0.27939,
  "ZECUSDT": 206.72,
  "ADAUSDT": 0.2638,
  "UNIUSDT": 3.59,
  "SUIUSDT": 0.8365,
  "ASTERUSDT": 0.6872,
  "LINKUSDT": 8.308,
  "AVAXUSDT": 8.526,
  "LTCUSDT": 51.89,
  "1000PEPEUSDT": 0.0034685,
  "PUMPUSDT": 0.001735,
  "ENAUSDT": 0.096,
  "PIPPINUSDT": 0.59996,
  "NEARUSDT": 1.048,
  "DOTUSDT": 1.472,
  "AAVEUSDT": 106.4,
  "WLDUSDT": 0.3716,
  "KITEUSDT": 0.25184,
  "POWERUSDT": 1.82254,
  "FILUSDT": 0.926,
  "TRUMPUSDT": 3.251,
  "LITUSDT": 1.303,
  "XPLUSDT": 0.0907,
  "TAOUSDT": 167.69,
  "1000SHIBUSDT": 0.005495,
  "ZROUSDT": 1.5436,
  "TONUSDT": 1.2359,
  "APTUSDT": 0.8728,
  "RIVERUSDT": 12.831,
  "ATOMUSDT": 1.776,
  "HBARUSDT": 0.09515,
  "BERAUSDT": 0.5822,
  "ICPUSDT": 2.306,
  "ARBUSDT": 0.0918,
  "XLMUSDT": 0.14884,
  "XMRUSDT": 327.19,
  "WIFUSDT": 0.1851,
  "HUSDT": 0.11455,
  "MONUSDT": 0.01997,
  "AXSUSDT": 1.231,
  "CRVUSDT": 0.231,
  "FFUSDT": 0.07637,
  "FETUSDT": 0.1456,
  "OPUSDT": 0.1101,
  "ETCUSDT": 8.174,
  "VIRTUALUSDT": 0.6327,
  "BARDUSDT": 1.0092,
  "CCUSDT": 0.16114,
  "PENGUUSDT": 0.00635,
  "PARTIUSDT": 0.09171,
  "\u5e01\u5b89\u4eba\u751fUSDT": 0.06648,
  "POLUSDT": 0.10251,
  "BTCDOMUSDT": 5127.9,
  "FARTCOINUSDT": 0.1528,
  "1000BONKUSDT": 0.005563,
  "BANUSDT": 0.11102,
  "IPUSDT": 0.879,
  "ARCUSDT": 0.02691,
  "ETHFIUSDT": 0.4715,
  "CHZUSDT": 0.03177,
  "INJUSDT": 2.913,
  "ONDOUSDT": 0.241,
  "TIAUSDT": 0.2994,
  "SKYAIUSDT": 0.05394,
  "ENSOUSDT": 1.3102,
  "ESPUSDT": 0.1149,
  "0GUSDT": 0.5934,
  "DASHUSDT": 30.89,
  "SENTUSDT": 0.02081,
  "VVVUSDT": 4.949,
  "STABLEUSDT": 0.030501,
  "SEIUSDT": 0.06343,
  "GWEIUSDT": 0.043832,
  "SAHARAUSDT": 0.01853,
  "JUPUSDT": 0.1459,
  "KAITOUSDT": 0.316,
  "ALCHUSDT": 0.07823,
  "ZKUSDT": 0.01794,
  "ZAMAUSDT": 0.02156,
  "QUSDT": 0.023285,
  "PENDLEUSDT": 1.1865,
  "BUSDT": 0.1776,
  "MORPHOUSDT": 1.7485,
  "LDOUSDT": 0.2826,
  "SIRENUSDT": 0.28047,
  "BANANAS31USDT": 0.004639,
  "RENDERUSDT": 1.3,
  "ATUSDT": 0.158,
  "BULLAUSDT": 0.01876,
  "HOMEUSDT": 0.028742,
  "GUAUSDT": 0.21127,
  "SIGNUSDT": 0.02595,
  "MYXUSDT": 0.413,
  "NIGHTUSDT": 0.05511,
  "MUSDT": 1.4804,
  "1000RATSUSDT": 0.03823,
  "ZENUSDT": 4.984,
  "PIEVERSEUSDT": 0.4772,
  "CAKEUSDT": 1.2484,
  "LYNUSDT": 0.28087,
  "BTRUSDT": 0.18304,
  "BIOUSDT": 0.02026,
  "MSTRUSDT": 129.33,
  "ALGOUSDT": 0.0826,
  "USDCUSDT": 0.999429,
  "HANAUSDT": 0.03475,
  "STRKUSDT": 0.03871,
  "ALLOUSDT": 0.10729,
  "GPSUSDT": 0.009024,
  "SANDUSDT": 0.07796,
  "GALAUSDT": 0.00337,
  "SKYUSDT": 0.06553,
  "CRCLUSDT": 83.35,
  "UBUSDT": 0.03776,
  "1000LUNCUSDT": 0.04063,
  "JTOUSDT": 0.2525,
  "APEUSDT": 0.0953,
  "DUSKUSDT": 0.07577,
  "GIGGLEUSDT": 24.14,
  "GUNUSDT": 0.02609,
  "ATHUSDT": 0.005406,
  "TSLAUSDT": 401.01,
  "AZTECUSDT": 0.02009,
  "JELLYJELLYUSDT": 0.0671,
  "B2USDT": 0.7211,
  "TRADOORUSDT": 1.3,
  "XPINUSDT": 0.0014,
  "ZILUSDT": 0.004,
  "AEROUSDT": 0.3169,
  "SYRUPUSDT": 0.21138,
  "OPNUSDT": 0.4599,
  "METUSDT": 0.1732,
  "PYTHUSDT": 0.04583,
  "ROSEUSDT": 0.01106,
  "HUMAUSDT": 0.011203,
  "EIGENUSDT": 0.1725,
  "VETUSDT": 0.006884,
  "BEAMXUSDT": 0.001798,
  "\u6211\u8e0f\u9a6c\u6765\u4e86USDT": 0.011386,
  "LAUSDT": 0.2158,
  "FOGOUSDT": 0.02569,
  "AVNTUSDT": 0.166,
  "NEOUSDT": 2.53,
  "LAYERUSDT": 0.0959,
  "STGUSDT": 0.1358,
  "DENTUSDT": 0.000256,
  "DYDXUSDT": 0.088,
  "MOVEUSDT": 0.02075,
  "NXPCUSDT": 0.2643,
  "ORDIUSDT": 2.263,
  "EULUSDT": 1.093,
  "ESPORTSUSDT": 0.30174,
  "RAVEUSDT": 0.3322,
  "COLLECTUSDT": 0.04119,
  "ORCAUSDT": 0.862,
  "XTZUSDT": 0.361,
  "ZKPUSDT": 0.07839,
  "BEATUSDT": 0.2238,
  "AUCTIONUSDT": 4.616,
  "FORMUSDT": 0.1809,
  "COMPUSDT": 17.31,
  "SUSDT": 0.03695,
  "PNUTUSDT": 0.0414,
  "LINEAUSDT": 0.002911,
  "STXUSDT": 0.2471,
  "CYBERUSDT": 0.503,
  "WUSDT": 0.01772,
  "LPTUSDT": 2.182,
  "SKRUSDT": 0.019797,
  "ARUSDT": 1.501,
  "SNXUSDT": 0.312,
  "ENSUSDT": 5.743,
  "ROBOUSDT": 0.03579,
  "WETUSDT": 0.09857,
  "SOMIUSDT": 0.2013,
  "1000FLOKIUSDT": 0.02652,
  "MEUSDT": 0.111,
  "TRBUSDT": 13.309,
  "AWEUSDT": 0.0513,
  "JASMYUSDT": 0.005273,
  "BIRBUSDT": 0.16094,
  "TRIAUSDT": 0.01869,
  "JSTUSDT": 0.046971,
  "PLUMEUSDT": 0.00873,
  "RESOLVUSDT": 0.05822,
  "AGTUSDT": 0.005492,
  "BANKUSDT": 0.0358,
  "ALICEUSDT": 0.132,
  "FLOWUSDT": 0.03713,
  "DEXEUSDT": 3.354,
  "AXLUSDT": 0.05183,
  "AGLDUSDT": 0.2233,
  "TAUSDT": 0.03765,
  "MANAUSDT": 0.0906,
  "CFXUSDT": 0.04552,
  "IMXUSDT": 0.1534,
  "CYSUSDT": 0.318,
  "2ZUSDT": 0.07127,
  "IOTAUSDT": 0.0639,
  "COAIUSDT": 0.3121,
  "WCTUSDT": 0.0574,
  "YGGUSDT": 0.03578,
  "USELESSUSDT": 0.0373,
  "GRTUSDT": 0.02456,
  "SPXUSDT": 0.2755,
  "MERLUSDT": 0.03975,
  "OGUSDT": 2.863,
  "EDUUSDT": 0.1033,
  "API3USDT": 0.2713,
  "INITUSDT": 0.07619,
  "SOPHUSDT": 0.009193,
  "NMRUSDT": 7.322,
  "CLOUSDT": 0.06944,
  "QNTUSDT": 61.31,
  "NAORISUSDT": 0.03214,
  "FOLKSUSDT": 1.34,
  "TAGUSDT": 0.0003431,
  "XPTUSDT": 2380.28,
  "VANAUSDT": 1.378,
  "MMTUSDT": 0.112,
  "SFPUSDT": 0.2484,
  "GRASSUSDT": 0.1976,
  "PTBUSDT": 0.001111,
  "MOODENGUSDT": 0.04631,
  "ZRXUSDT": 0.0983,
  "1INCHUSDT": 0.0871,
  "LIGHTUSDT": 0.1786,
  "THETAUSDT": 0.1775,
  "ZORAUSDT": 0.01774,
  "NEIROUSDT": 6.084e-05,
  "SPKUSDT": 0.01807,
  "ANIMEUSDT": 0.004702,
  "4USDT": 0.00726,
  "ARKMUSDT": 0.1004,
  "RUNEUSDT": 0.3781,
  "SPACEUSDT": 0.008,
  "KAIAUSDT": 0.05275,
  "BATUSDT": 0.1027,
  "YFIUSDT": 2557.0,
  "IOUSDT": 0.1032,
  "EGLDUSDT": 4.189,
  "AIXBTUSDT": 0.02003,
  "KASUSDT": 0.02862,
  "KGENUSDT": 0.17968,
  "VELVETUSDT": 0.08437,
  "LRCUSDT": 0.03032,
  "LUNA2USDT": 0.06172,
  "MIRAUSDT": 0.0838,
  "STEEMUSDT": 0.05383,
  "FHEUSDT": 0.02799,
  "MEGAUSDT": 0.13194,
  "BLUAIUSDT": 0.004826,
  "COWUSDT": 0.2026,
  "BREVUSDT": 0.1278,
  "KERNELUSDT": 0.07555,
  "AKEUSDT": 0.0002371,
  "TRUTHUSDT": 0.010148,
  "PEOPLEUSDT": 0.00598,
  "TWTUSDT": 0.4773,
  "UAIUSDT": 0.1667,
  "STOUSDT": 0.0619,
  "BOMEUSDT": 0.0003491,
  "NOMUSDT": 0.003439,
  "AUSDT": 0.0748,
  "PROVEUSDT": 0.2728,
  "OPENUSDT": 0.1411,
  "POPCATUSDT": 0.04447,
  "SWARMSUSDT": 0.00718,
  "FIGHTUSDT": 0.006516,
  "AIAUSDT": 0.07983,
  "SUSHIUSDT": 0.1892,
  "BSVUSDT": 15.06,
  "AVAAIUSDT": 0.007049,
  "RPLUSDT": 1.794,
  "GMTUSDT": 0.01083,
  "ACTUSDT": 0.01272,
  "TSTUSDT": 0.00888,
  "TURBOUSDT": 0.0008981,
  "KSMUSDT": 4.594,
  "VELODROMEUSDT": 0.01485,
  "SOONUSDT": 0.1589,
  "CATIUSDT": 0.03681,
  "MANTAUSDT": 0.05883,
  "YBUSDT": 0.1618,
  "AINUSDT": 0.0423,
  "MEMEUSDT": 0.0005566,
  "MAGICUSDT": 0.05953,
  "IOTXUSDT": 0.00501,
  "XVGUSDT": 0.00533,
  "MINAUSDT": 0.05373,
  "BABYUSDT": 0.01131,
  "FUSDT": 0.005486,
  "HOLOUSDT": 0.05646,
  "STBLUSDT": 0.04059,
  "TUTUSDT": 0.00923,
  "SUNUSDT": 0.015611,
  "GASUSDT": 1.509,
  "ZBTUSDT": 0.07264,
  "TNSRUSDT": 0.04308,
  "SUPERUSDT": 0.1073,
  "TAKEUSDT": 0.01867,
  "AIOUSDT": 0.07034,
  "XNYUSDT": 0.005215,
  "IDOLUSDT": 0.01972,
  "NEWTUSDT": 0.06709,
  "ALTUSDT": 0.006826,
  "BLURUSDT": 0.01882,
  "ACHUSDT": 0.006498,
  "NILUSDT": 0.0452,
  "C98USDT": 0.0245,
  "MUBARAKUSDT": 0.01284,
  "UMAUSDT": 0.4151,
  "HOTUSDT": 0.00038,
  "MASKUSDT": 0.3991,
  "SAPIENUSDT": 0.08379,
  "REDUSDT": 0.1494,
  "ASRUSDT": 1.249,
  "GLMUSDT": 0.12792,
  "INUSDT": 0.06613,
  "ONTUSDT": 0.0404,
  "WALUSDT": 0.07071,
  "RAYSOLUSDT": 0.562,
  "ICNTUSDT": 0.3818,
  "CTSIUSDT": 0.0232,
  "ANKRUSDT": 0.00404,
  "ERAUSDT": 0.1387,
  "ZKCUSDT": 0.0809,
  "CELOUSDT": 0.072,
  "KOMAUSDT": 0.007402,
  "KMNOUSDT": 0.02012,
  "SOLVUSDT": 0.003826,
  "SKLUSDT": 0.0062,
  "EDENUSDT": 0.0314,
  "DAMUSDT": 0.0218,
  "DRIFTUSDT": 0.081,
  "MELANIAUSDT": 0.1035,
  "SONICUSDT": 0.04215,
  "RSRUSDT": 0.00137,
  "POLYXUSDT": 0.0406,
  "IDUSDT": 0.04195,
  "ARIAUSDT": 0.06988,
  "BASUSDT": 0.006123,
  "STORJUSDT": 0.09,
  "ENJUSDT": 0.01852,