{
  "BTCUSDT": 71442.2,
  "ETHUSDT": 2092.82,
  "SOLUSDT": 89.61,
  "XRPUSDT": 1.4156,
  "BNBUSDT": 651.49,
  "DOGEUSDT": 0.09442,
  "XAUUSDT": 5079.99,
  "BCHUSDT": 460.09,
  "PAXGUSDT": 5092.69,
  "HYPEUSDT": 30.837,
  "XAGUSDT": 82.22,
  "ZECUSDT": 231.21,
  "WLFIUSDT": 0.1026,
  "SUIUSDT": 0.9611,
  "TRXUSDT": 0.28463,
  "UNIUSDT": 4.005,
  "AVAXUSDT": 9.479,
  "ADAUSDT": 0.2711,
  "LINKUSDT": 9.297,
  "ASTERUSDT": 0.7131,
  "LTCUSDT": 55.93,
  "1000PEPEUSDT": 0.0035204,
  "PUMPUSDT": 0.002052,
  "ENAUSDT": 0.1167,
  "NEARUSDT": 1.283,
  "AAVEUSDT": 119.2,
  "WLDUSDT": 0.4134,
  "DOTUSDT": 1.549,
  "XPLUSDT": 0.1195,
  "HUSDT": 0.18372,
  "KITEUSDT": 0.27391,
  "FILUSDT": 1.017,
  "TAOUSDT": 189.17,
  "TRUMPUSDT": 3.226,
  "1000SHIBUSDT": 0.005596,
  "BARDUSDT": 1.6192,
  "ZROUSDT": 1.8883,
  "LITUSDT": 1.194,
  "APTUSDT": 1.0042,
  "PIPPINUSDT": 0.34305,
  "TONUSDT": 1.3457,
  "ATOMUSDT": 1.849,
  "HBARUSDT": 0.10031,
  "XMRUSDT": 369.77,
  "RIVERUSDT": 16.108,
  "ARBUSDT": 0.1041,
  "XLMUSDT": 0.15811,
  "WIFUSDT": 0.2164,
  "ICPUSDT": 2.538,
  "BERAUSDT": 0.5395,
  "CRVUSDT": 0.253,
  "MONUSDT": 0.02194,
  "FFUSDT": 0.07256,
  "AXSUSDT": 1.219,
  "FETUSDT": 0.1541,
  "SIRENUSDT": 0.47817,
  "PENGUUSDT": 0.007227,
  "VIRTUALUSDT": 0.7293,
  "OPUSDT": 0.1266,
  "CCUSDT": 0.15091,
  "ETCUSDT": 8.729,
  "ARCUSDT": 0.03743,
  "VVVUSDT": 6.217,
  "POLUSDT": 0.10202,
  "BTCDOMUSDT": 5203.7,
  "ETHFIUSDT": 0.5513,
  "PARTIUSDT": 0.08909,
  "ONDOUSDT": 0.2669,
  "IPUSDT": 0.86,
  "FARTCOINUSDT": 0.1705,
  "1000BONKUSDT": 0.006193,
  "SEIUSDT": 0.06817,
  "POWERUSDT": 0.13951,
  "TIAUSDT": 0.3439,
  "BANUSDT": 0.11521,
  "CHZUSDT": 0.03795,
  "ENSOUSDT": 1.3678,
  "\u5e01\u5b89\u4eba\u751fUSDT": 0.05822,
  "SAHARAUSDT": 0.02625,
  "JUPUSDT": 0.1889,
  "SENTUSDT": 0.02129,
  "DASHUSDT": 34.74,
  "SIGNUSDT": 0.03362,
  "INJUSDT": 3.067,
  "0GUSDT": 0.6192,
  "ESPUSDT": 0.12316,
  "PHAUSDT": 0.04861,
  "LDOUSDT": 0.3155,
  "KAITOUSDT": 0.3565,
  "GUAUSDT": 0.27556,
  "BUSDT": 0.224,
  "GWEIUSDT": 0.049257,
  "BANANAS31USDT": 0.005328,
  "ROBOUSDT": 0.04088,
  "STABLEUSDT": 0.026856,
  "RENDERUSDT": 1.399,
  "ZAMAUSDT": 0.02013,
  "FORMUSDT": 0.3169,
  "ZKUSDT": 0.01941,
  "ALCHUSDT": 0.07921,
  "1000RATSUSDT": 0.04847,
  "PENDLEUSDT": 1.2851,
  "HUMAUSDT": 0.016436,
  "MORPHOUSDT": 1.9624,
  "JELLYJELLYUSDT": 0.08839,
  "SKYAIUSDT": 0.04095,
  "MANTRAUSDT": 0.02143,
  "OPNUSDT": 0.3635,
  "PIEVERSEUSDT": 0.5543,
  "ATUSDT": 0.15565,
  "BIOUSDT": 0.02077,
  "SANDUSDT": 0.08483,
  "SKYUSDT": 0.07669,
  "GIGGLEUSDT": 28.64,
  "CAKEUSDT": 1.3952,
  "ZENUSDT": 5.777,
  "MYXUSDT": 0.3403,
  "HOMEUSDT": 0.027108,
  "ALLOUSDT": 0.11905,
  "CRCLUSDT": 105.06,
  "BULLAUSDT": 0.02538,
  "MUSDT": 1.4915,
  "STRKUSDT": 0.04047,
  "GALAUSDT": 0.00358,
  "STGUSDT": 0.1692,
  "ORCAUSDT": 1.039,
  "LYNUSDT": 0.32076,
  "HANAUSDT": 0.03517,
  "ALGOUSDT": 0.088,
  "MSTRUSDT": 140.35,
  "NIGHTUSDT": 0.06003,
  "TRADOORUSDT": 1.651,
  "TSLAUSDT": 404.83,
  "BTRUSDT": 0.18109,
  "APEUSDT": 0.1021,
  "EIGENUSDT": 0.197,
  "AEROUSDT": 0.3633,
  "USDCUSDT": 0.999341,
  "ATHUSDT": 0.006816,
  "DUSKUSDT": 0.09077,
  "GPSUSDT": 0.008382,
  "JTOUSDT": 0.2762,
  "GUNUSDT": 0.02021,
  "B2USDT": 0.7141,
  "SYRUPUSDT": 0.23826,
  "BEAMXUSDT": 0.001929,
  "XPINUSDT": 0.001396,
  "QUSDT": 0.013384,
  "NEOUSDT": 2.617,
  "UBUSDT": 0.03566,
  "ZILUSDT": 0.00427,
  "PYTHUSDT": 0.04981,
  "BEATUSDT": 0.2976,
  "XTZUSDT": 0.385,
  "AZTECUSDT": 0.0216,
  "ORDIUSDT": 2.518,
  "METUSDT": 0.1738,
  "1000LUNCUSDT": 0.04309,
  "AVNTUSDT": 0.1699,
  "NXPCUSDT": 0.2834,
  "MOVEUSDT": 0.02276,
  "DYDXUSDT": 0.091,
  "VETUSDT": 0.007353,
  "1000FLOKIUSDT": 0.0294,
  "FOGOUSDT": 0.02224,
  "COMPUSDT": 18.15,
  "LAUSDT": 0.2176,
  "PNUTUSDT": 0.04749,
  "AGLDUSDT": 0.2584,
  "ROSEUSDT": 0.01213,
  "COLLECTUSDT": 0.03763,
  "SUSDT": 0.04191,
  "ESPORTSUSDT": 0.29562,
  "LINEAUSDT": 0.003241,
  "ZKPUSDT": 0.09312,
  "ENSUSDT": 6.167,
  "CYSUSDT": 0.392,
  "TAGUSDT": 0.0004413,
  "\u6211\u8e0f\u9a6c\u6765\u4e86USDT": 0.009135,
  "SPXUSDT": 0.3489,
  "AGTUSDT": 0.006667,
  "TRBUSDT": 14.956,
  "TAUSDT": 0.03836,
  "LPTUSDT": 2.353,
  "SNXUSDT": 0.33,
  "KAVAUSDT": 0.0604,
  "AIXBTUSDT": 0.0284,
  "RESOLVUSDT": 0.06614,
  "STXUSDT": 0.2677,
  "SKRUSDT": 0.023598,
  "AUCTIONUSDT": 4.796,
  "ARUSDT": 1.685,
  "RAVEUSDT": 0.34995,
  "PLUMEUSDT": 0.01001,
  "BANKUSDT": 0.04117,
  "EULUSDT": 1.098,
  "JASMYUSDT": 0.005731,
  "JSTUSDT": 0.048767,
  "WUSDT": 0.01883,
  "GRASSUSDT": 0.2838,
  "CFXUSDT": 0.04973,
  "DEXEUSDT": 3.524,
  "USELESSUSDT": 0.04383,
  "IMXUSDT": 0.1605,
  "KGENUSDT": 0.23717,
  "4USDT": 0.008869,
  "MANAUSDT": 0.0982,
  "FLOWUSDT": 0.03444,
  "AKEUSDT": 0.0002936,
  "IOTAUSDT": 0.0664,
  "NMRUSDT": 8.112,
  "TRIAUSDT": 0.01816,
  "GRTUSDT": 0.02645,
  "CYBERUSDT": 0.5566,
  "DENTUSDT": 0.000244,
  "SOMIUSDT": 0.1984,
  "MEUSDT": 0.1173,
  "COAIUSDT": 0.3182,
  "YGGUSDT": 0.04113,
  "WCTUSDT": 0.06071,
  "EDUUSDT": 0.1032,
  "PEOPLEUSDT": 0.00721,
  "BREVUSDT": 0.1525,
  "AWEUSDT": 0.05117,
  "MOODENGUSDT": 0.05042,
  "2ZUSDT": 0.07464,
  "PTBUSDT": 0.00117,
  "FHEUSDT": 0.034,
  "DAMUSDT": 0.03547,
  "WETUSDT": 0.10769,
  "RUNEUSDT": 0.4401,
  "LIGHTUSDT": 0.1785,
  "INITUSDT": 0.07949,
  "SFPUSDT": 0.271,
  "QNTUSDT": 66.43,
  "SPKUSDT": 0.01953,
  "EGLDUSDT": 4.196,
  "API3USDT": 0.2835,
  "MMTUSDT": 0.1189,
  "1INCHUSDT": 0.0985,
  "NAORISUSDT": 0.03381,
  "THETAUSDT": 0.1954,
  "VELVETUSDT": 0.09897,
  "COWUSDT": 0.2497,
  "MERLUSDT": 0.03906,
  "ARKMUSDT": 0.1084,
  "CLOUSDT": 0.06935,
  "NEIROUSDT": 6.87e-05,
  "LAYERUSDT": 0.08595,
  "ZRXUSDT": 0.1088,
  "KASUSDT": 0.03091,
  "FOLKSUSDT": 1.232,
  "BIRBUSDT": 0.15013,
  "VANAUSDT": 1.441,
  "MAGICUSDT": 0.06507,
  "AXLUSDT": 0.05395,
  "POPCATUSDT": 0.05183,
  "AVAAIUSDT": 0.008073,
  "HOLOUSDT": 0.06611,
  "ZORAUSDT": 0.01717,
  "SWARMSUSDT": 0.007366,
  "IOUSDT": 0.1117,
  "KAIAUSDT": 0.05419,
  "PROVEUSDT": 0.2759,
  "SOPHUSDT": 0.00882,
  "SPACEUSDT": 0.007041,
  "TWTUSDT": 0.5009,
  "SUSHIUSDT": 0.2079,
  "BOMEUSDT": 0.0004148,
  "AUSDT": 0.07929,
  "SUNUSDT": 0.0159,
  "MEMEUSDT": 0.0006176,
  "VELODROMEUSDT": 0.01746,
  "TSTUSDT": 0.00968,
  "LUNA2USDT": 0.06457,
  "LRCUSDT": 0.03209,
  "YFIUSDT": 2641.0,
  "USUALUSDT": 0.01543,
  "OPENUSDT": 0.1464,
  "ACTUSDT": 0.01367,
  "GMTUSDT": 0.01162,
  "BLUAIUSDT": 0.004677,
  "NILUSDT": 0.05207,
  "TURBOUSDT": 0.0009967,
  "BATUSDT": 0.1027,
  "CATIUSDT": 0.03965,
  "AIAUSDT": 0.08152,
  "STEEMUSDT": 0.05802,
  "ANIMEUSDT": 0.004704,
  "SUPERUSDT": 0.1206,
  "KERNELUSDT": 0.08302,
  "MEGAUSDT": 0.13083,
  "STOUSDT": 0.05999,
  "BABYUSDT": 0.01168,
  "EDENUSDT": 0.0357,
  "SOONUSDT": 0.1671,
  "MIRAUSDT": 0.08937,
  "AIOUSDT": 0.08298,
  "AKTUSDT": 0.3456,
  "OGUSDT": 2.819,
  "TUTUSDT": 0.01033,
  "GASUSDT": 1.614,
  "MANTAUSDT": 0.06517,
  "TNSRUSDT": 0.04537,
  "HIPPOUSDT": 0.0007741,
  "ZBTUSDT": 0.07311,
  "IOTXUSDT": 0.00567,
  "BSVUSDT": 14.78,
  "KNCUSDT": 0.1336,
  "RPLUSDT": 1.963,
  "AIOTUSDT": 0.02628,
  "MUBARAKUSDT": 0.01431,
  "MASKUSDT": 0.4535,
  "MINAUSDT": 0.05689,
  "ALTUSDT": 0.007318,
  "XVGUSDT": 0.005477,
  "KATUSDT": 0.01602,
  "ALICEUSDT": 0.126,
  "ASRUSDT": 1.361,
  "FUSDT": 0.005544,
  "UMAUSDT": 0.4264,
  "FIGHTUSDT": 0.005692,
  "FIOUSDT": 0.00883,
  "XPTUSDT": 2125.1,
  "UAIUSDT": 0.22,
  "SAPIENUSDT": 0.08012,
  "AINUSDT": 0.03926,
  "BLURUSDT": 0.0197,
  "COOKIEUSDT": 0.02064,
  "CELOUSDT": 0.078,
  "REDUSDT": 0.1391,
  "SOLVUSDT": 0.003979,
  "KSMUSDT": 4.681,
  "ENJUSDT": 0.01915,
  "GLMUSDT": 0.13263,
  "ZEREBROUSDT": 0.007142,
  "INUSDT": 0.06888,
  "SKLUSDT": 0.00674,
  "YBUSDT": 0.1695,
  "TRUTHUSDT": 0.009678,
  "ONTUSDT": 0.043,
  "ANKRUSDT": 0.004217,
  "NOMUSDT": 0.003594,
  "KMNOUSDT": 0.02333,
  "1000SATSUSDT": 1.12e-05,
  "GMXUSDT": 7.18,
  "KOMAUSDT": 0.00798,
  "AMZNUSDT": 218.82,
  "RAYSOLUSDT": 0.6165,
  "ERAUSDT": 0.1475,
  "POLYXUSDT": 0.04163,
  "SANTOSUSDT": 1.312,
  "XNYUSDT": 0.005829,
  "ACHUSDT": 0.007197,
  "C98USDT": 0.0268,