{
  "BTCUSDT": 67526.2,
  "ETHUSDT": 1988.37,
  "ETH/USDCUSDT": 1968.16,
  "BTC/USDCUSDT": 66724.9,
  "SOLUSDT": 81.67,
  "XAGUSDT": 78.1,
  "BTC/USDUSDT": 67450.5,
  "XRPUSDT": 1.4103,
  "XAUUSDT": 4995.45,
  "PIPPINUSDT": 0.48855,
  "WLFIUSDT": 0.1163,
  "ETH/USDUSDT": 1984.36,
  "RIVERUSDT": 8.305,
  "DOGEUSDT": 0.09852,
  "BNBUSDT": 608.58,
  "ZECUSDT": 263.98,
  "ESPUSDT": 0.08148,
  "NAORISUSDT": 0.03775,
  "ORCAUSDT": 1.304,
  "HYPEUSDT": 28.703,
  "1000PEPEUSDT": 0.004223,
  "SOL/USDCUSDT": 81.65,
  "CYBERUSDT": 0.5949,
  "SPACEUSDT": 0.013474,
  "SUIUSDT": 0.9343,
  "ADAUSDT": 0.2747,
  "AVAXUSDT": 8.882,
  "KITEUSDT": 0.22378,
  "PAXGUSDT": 4996.6,
  "XRP/USDCUSDT": 1.4099,
  "LINKUSDT": 8.67,
  "INJUSDT": 3.36,
  "ASTERUSDT": 0.7049,
  "VVVUSDT": 3.743,
  "BCHUSDT": 555.39,
  "TAOUSDT": 186.42,
  "PUMPUSDT": 0.002042,
  "AAVEUSDT": 123.26,
  "JTOUSDT": 0.2874,
  "SIRENUSDT": 0.21648,
  "FILUSDT": 0.935,
  "OPUSDT": 0.1552,
  "SOL/USDUSDT": 80.77,
  "LTCUSDT": 53.44,
  "UNIUSDT": 3.408,
  "TRUMPUSDT": 3.429,
  "GUNUSDT": 0.02824,
  "ATOMUSDT": 2.346,
  "INITUSDT": 0.10368,
  "DOTUSDT": 1.312,
  "NEARUSDT": 1.015,
  "BERAUSDT": 0.5909,
  "JELLYJELLYUSDT": 0.07314,
  "WLDUSDT": 0.3813,
  "STABLEUSDT": 0.026598,
  "WIFUSDT": 0.2229,
  "POWERUSDT": 0.3523,
  "MYXUSDT": 0.941,
  "ENAUSDT": 0.1147,
  "BNB/USDCUSDT": 608.96,
  "APTUSDT": 0.889,
  "AXSUSDT": 1.242,
  "ENSOUSDT": 1.1577,
  "AWEUSDT": 0.09975,
  "GPSUSDT": 0.013406,
  "RPLUSDT": 2.47,
  "TRXUSDT": 0.27989,
  "PENGUUSDT": 0.006799,
  "STEEMUSDT": 0.05258,
  "XRP/USDUSDT": 1.4263,
  "ARBUSDT": 0.1077,
  "FARTCOINUSDT": 0.1878,
  "1000SHIBUSDT": 0.006282,
  "ZAMAUSDT": 0.02084,
  "BNB/USDUSDT": 610.81,
  "VIRTUALUSDT": 0.6177,
  "CLOUSDT": 0.08155,
  "DOGE/USDCUSDT": 0.09849,
  "XMRUSDT": 323.45,
  "DOGE/USDUSDT": 0.09846,
  "XLMUSDT": 0.16064,
  "ARCUSDT": 0.08038,
  "HUSDT": 0.16179,
  "ROSEUSDT": 0.01356,
  "ZROUSDT": 1.4813,
  "CRVUSDT": 0.246,
  "HBARUSDT": 0.09914,
  "ETH/BTCUSDT": 1968.7373811,
  "SNXUSDT": 0.304,
  "LITUSDT": 1.503,
  "DASHUSDT": 35.88,
  "SPXUSDT": 0.3322,
  "XPLUSDT": 0.0921,
  "ICPUSDT": 2.246,
  "WLFI/USDCUSDT": 0.1162,
  "SENTUSDT": 0.02259,
  "\u6211\u8e0f\u9a6c\u6765\u4e86USDT": 0.016662,
  "MONUSDT": 0.02043,
  "1000BONKUSDT": 0.006238,
  "\u5e01\u5b89\u4eba\u751fUSDT": 0.09508,
  "TSLAUSDT": 411.45,
  "MUBARAKUSDT": 0.01614,
  "ZEC/USDCUSDT": 263.83,
  "DUSKUSDT": 0.08671,
  "POLUSDT": 0.10755,
  "USELESSUSDT": 0.04039,
  "ETCUSDT": 8.435,
  "RENDERUSDT": 1.462,
  "MOODENGUSDT": 0.05855,
  "TONUSDT": 1.4188,
  "FOGOUSDT": 0.02564,
  "OMUSDT": 0.0577,
  "TIAUSDT": 0.328,
  "1000PEPE/USDCUSDT": 0.0042211,
  "ONDOUSDT": 0.2671,
  "IPUSDT": 1.117,
  "SEIUSDT": 0.0725,
  "FETUSDT": 0.1656,
  "TRIAUSDT": 0.01549,
  "SUI/USDCUSDT": 0.9339,
  "BTRUSDT": 0.18268,
  "GALAUSDT": 0.00389,
  "PENDLEUSDT": 1.1972,
  "MUSDT": 1.3948,
  "LUNA2USDT": 0.06802,
  "JUPUSDT": 0.1539,
  "TRUTHUSDT": 0.010165,
  "0GUSDT": 0.62,
  "BEATUSDT": 0.2188,
  "BANUSDT": 0.11999,
  "MITOUSDT": 0.04159,
  "ZILUSDT": 0.00398,
  "SPORTFUNUSDT": 0.03388,
  "DYDXUSDT": 0.102,
  "BIOUSDT": 0.02348,
  "BASUSDT": 0.006274,
  "COMPUSDT": 17.79,
  "HOODUSDT": 75.6,
  "SONICUSDT": 0.05039,
  "ENSUSDT": 6.568,
  "MERLUSDT": 0.0557,
  "AZTECUSDT": 0.01852,
  "LYNUSDT": 0.26705,
  "ACEUSDT": 0.1656,
  "TAKEUSDT": 0.02325,
  "XNYUSDT": 0.004697,
  "SOMIUSDT": 0.1954,
  "SANDUSDT": 0.08364,
  "APEUSDT": 0.1129,
  "MORPHOUSDT": 1.4427,
  "LDOUSDT": 0.3305,
  "ALGOUSDT": 0.0914,
  "LAUSDT": 0.202,
  "IRUSDT": 0.09133,
  "NEIROUSDT": 7.35e-05,
  "MOVEUSDT": 0.02331,
  "RECALLUSDT": 0.0543,
  "BCH/USDCUSDT": 555.01,
  "FIGHTUSDT": 0.006395,
  "ADA/USDUSDT": 0.2746,
  "HUMAUSDT": 0.013563,
  "ALLOUSDT": 0.09866,
  "CAKEUSDT": 1.2806,
  "CHZUSDT": 0.03951,
  "RAYSOLUSDT": 0.6347,
  "ZENUSDT": 5.912,
  "ETHFIUSDT": 0.4721,
  "SUI/USDUSDT": 0.934,
  "EIGENUSDT": 0.1987,
  "GIGGLEUSDT": 30.14,
  "LINEAUSDT": 0.003441,
  "SKRUSDT": 0.018805,
  "FHEUSDT": 0.0398,
  "LIGHTUSDT": 0.2544,
  "MEUSDT": 0.1276,
  "ZKPUSDT": 0.09421,
  "VETUSDT": 0.007897,
  "EULUSDT": 0.926,
  "CYSUSDT": 0.4882,
  "SKYUSDT": 0.06515,
  "1000FLOKIUSDT": 0.03068,
  "PYTHUSDT": 0.05368,
  "ZKUSDT": 0.02065,
  "MMTUSDT": 0.1274,
  "IRYSUSDT": 0.0248,
  "ORDIUSDT": 2.665,
  "CCUSDT": 0.16228,
  "AVNTUSDT": 0.1903,
  "PLAYUSDT": 0.02002,
  "BIRBUSDT": 0.1787,
  "1000LUNCUSDT": 0.03482,
  "CRCLUSDT": 63.96,
  "SUSDT": 0.04433,
  "COLLECTUSDT": 0.0679,
  "ADA/USDCUSDT": 0.2746,
  "C98USDT": 0.0284,
  "ZORAUSDT": 0.02109,
  "STRKUSDT": 0.04637,
  "STGUSDT": 0.1283,
  "AVAX/USDCUSDT": 8.878,
  "TRBUSDT": 15.096,
  "FIL/USDCUSDT": 0.935,
  "LINK/USDCUSDT": 8.666,
  "AUCTIONUSDT": 4.941,
  "PROMUSDT": 1.415,
  "INTCUSDT": 45.44,
  "LINK/USDUSDT": 8.668,
  "ONTUSDT": 0.0447,
  "PTBUSDT": 0.001371,
  "BULLAUSDT": 0.02643,
  "SYRUPUSDT": 0.2321,
  "VELVETUSDT": 0.07048,
  "ARB/USDCUSDT": 0.1076,
  "MAGICUSDT": 0.06998,
  "COINUSDT": 165.22,
  "WETUSDT": 0.0798,
  "LABUSDT": 0.15756,
  "OGUSDT": 3.363,
  "VANAUSDT": 1.439,
  "XPTUSDT": 2078.58,
  "ENA/USDCUSDT": 0.1147,
  "ZKCUSDT": 0.0917,
  "KSMUSDT": 4.594,
  "TURBOUSDT": 0.0010521,
  "BREVUSDT": 0.1303,
  "ARIAUSDT": 0.07484,
  "WCTUSDT": 0.06005,
  "STXUSDT": 0.2526,
  "PLTRUSDT": 136.13,
  "PNUTUSDT": 0.04844,
  "BARDUSDT": 0.7633,
  "JASMYUSDT": 0.00582,
  "TNSRUSDT": 0.05242,
  "WUSDT": 0.01995,
  "FRAXUSDT": 0.6539,
  "AIAUSDT": 0.10451,
  "MSTRUSDT": 126.1,
  "NIGHTUSDT": 0.05816,
  "ARUSDT": 1.967,
  "UBUSDT": 0.04083,
  "FLOWUSDT": 0.03693,
  "MANAUSDT": 0.0985,
  "ZBTUSDT": 0.07133,
  "GMTUSDT": 0.01219,
  "RAVEUSDT": 0.38743,
  "NOMUSDT": 0.005166,
  "ARKMUSDT": 0.1123,
  "DOLOUSDT": 0.035,
  "NEAR/USDCUSDT": 1.014,
  "MIRAUSDT": 0.0874,
  "LPTUSDT": 2.35,
  "MINAUSDT": 0.0643,
  "TRADOORUSDT": 1.415,
  "CVXUSDT": 2.017,
  "XPDUSDT": 1716.9,
  "KASUSDT": 0.03106,
  "FFUSDT": 0.07967,
  "HIVEUSDT": 0.06837,
  "RUNEUSDT": 0.3982,
  "XTZUSDT": 0.387,
  "PIEVERSEUSDT": 0.4049,
  "COWUSDT": 0.1903,
  "AEROUSDT": 0.3075,
  "PEOPLEUSDT": 0.00681,
  "BANKUSDT": 0.04185,
  "GWEIUSDT": 0.028459,
  "CLANKERUSDT": 32.09,
  "GASUSDT": 1.594,
  "TRUMP/USDCUSDT": 3.426,
  "NILUSDT": 0.0543,
  "IMXUSDT": 0.1622,
  "RESOLVUSDT": 0.06082,
  "QNTUSDT": 67.58,
  "WIF/USDCUSDT": 0.2228,
  "FUSDT": 0.005954,
  "THETAUSDT": 0.1982,
  "LTC/USDCUSDT": 53.4,
  "BOMEUSDT": 0.000418,
  "BANANAS31USDT": 0.004486,
  "TOWNSUSDT": 0.003716,
  "UMAUSDT": 0.4821,
  "QUSDT": 0.020794,
  "MEMEUSDT": 0.0006841,
  "ICNTUSDT": 0.3695,
  "ATUSDT": 0.15883,
  "GRTUSDT": 0.02702,
  "ACUUSDT": 0.10398,
  "DEEPUSDT": 0.02804,
  "ACHUSDT": 0.007511,
  "AIXBTUSDT": 0.02038,
  "SUSHIUSDT": 0.205,
  "CFXUSDT": 0.05278,
  "METUSDT": 0.2098,
  "KAITOUSDT": 0.3071,
  "MELANIAUSDT": 0.1167,
  "TURTLEUSDT": 0.04246,
  "MAVUSDT": 0.01684,
  "INXUSDT": 0.012115,
  "IOUSDT": 0.1117,
  "SUPERUSDT": 0.1251,
  "AAVE/USDCUSDT": 123.19,
  "SWARMSUSDT": 0.00732,
  "AAVE/USDUSDT": 123.28,
  "BCH/USDUSDT": 555.02,
  "ANIMEUSDT": 0.005182,
  "ATOM/USDUSDT": 2.345,
  "CRV/USDCUSDT": 0.2469,
  "EGLDUSDT": 4.496,
  "ALTUSDT": 0.00818,
  "LQTYUSDT": 0.2857,
  "RLSUSDT": 0.00526,
  "TAIKOUSDT": 0.1301,
  "TOSHIUSDT": 0.0002125,
  "2ZUSDT": 0.07355,
  "SSVUSDT": 3.162,
  "COAIUSDT": 0.3252,
  "LRCUSDT": 0.03258,
  "MASKUSDT": 0.4525,
  "AXLUSDT": 0.05734,
  "POPCATUSDT": 0.05075,
  "AVAX/USDUSDT": 8.88,
  "API3USDT": 0.3022,
  "STORJUSDT": 0.0992,
  "TWTUSDT": 0.5437,
  "SAGAUSDT": 0.03295,
  "IOTAUSDT": 0.0668,
  "KAIAUSDT": 0.05667,
  "FIL/USDUSDT": 0.935,
  "UNI/USDUSDT": 3.409,
  "LAYERUSDT": 0.0848,
  "OP/USDUSDT": 0.1552,
  "PENGU/USDCUSDT": 0.006795,
  "UAIUSDT": 0.2211,
  "PLUMEUSDT": 0.01032,
  "YFIUSDT": 2837.0,
  "DRIFTUSDT": 0.0882,
  "XVGUSDT": 0.005997,
  "BROCCOLI714USDT": 0.01345,
  "ALICEUSDT": 0.106,
  "OPENUSDT": 0.1568,
  "WOOUSDT": 0.01692,
  "1000SATSUSDT": 1.11e-05,
  "XVSUSDT": 3.221,
  "1INCHUSDT": 0.093,
  "NXPCUSDT": 0.2631,
  "BBUSDT": 0.02949,
  "LSKUSDT": 0.1433,
  "HEMIUSDT": 0.00998,
  "CHRUSDT": 0.024,