{
  "JELLYJELLYUSDT": 0.0698,
  "ARIAUSDT": 0.08799,
  "MERLUSDT": 0.07086,
  "C98USDT": 0.0328,
  "CLANKERUSDT": 32.76,
  "LISTAUSDT": 0.0941,
  "BTRUSDT": 0.19613,
  "INXUSDT": 0.012821,
  "ESPUSDT": 0.05944,
  "SHELLUSDT": 0.03429,
  "LUMIAUSDT": 0.07033,
  "ACUUSDT": 0.11382,
  "SKRUSDT": 0.021718,
  "TRUTHUSDT": 0.012062,
  "ORCAUSDT": 1.147,
  "MOVEUSDT": 0.02714,
  "HUSDT": 0.19686,
  "OPENUSDT": 0.163,
  "PUMPUSDT": 0.002171,
  "RAYSOLUSDT": 0.7024
}