{
  "BTCUSDT": 64548.2,
  "ETHUSDT": 1889.44,
  "SOLUSDT": 80.26,
  "XRPUSDT": 1.327,
  "BNBUSDT": 600.4,
  "XAUUSDT": 5298.72,
  "DOGEUSDT": 0.0908,
  "XAGUSDT": 94.11,
  "PAXGUSDT": 5381.67,
  "BCHUSDT": 448.05,
  "HYPEUSDT": 27.507,
  "WLFIUSDT": 0.1081,
  "TRXUSDT": 0.27956,
  "ZECUSDT": 208.93,
  "UNIUSDT": 3.654,
  "ADAUSDT": 0.2675,
  "SUIUSDT": 0.8554,
  "ASTERUSDT": 0.695,
  "LINKUSDT": 8.423,
  "AVAXUSDT": 8.623,
  "LTCUSDT": 52.51,
  "1000PEPEUSDT": 0.0035345,
  "PUMPUSDT": 0.001775,
  "ENAUSDT": 0.0978,
  "PIPPINUSDT": 0.60145,
  "NEARUSDT": 1.063,
  "DOTUSDT": 1.501,
  "AAVEUSDT": 107.96,
  "WLDUSDT": 0.3793,
  "KITEUSDT": 0.25415,
  "POWERUSDT": 1.84837,
  "FILUSDT": 0.944,
  "TRUMPUSDT": 3.292,
  "XPLUSDT": 0.092,
  "LITUSDT": 1.316,
  "TAOUSDT": 172.15,
  "1000SHIBUSDT": 0.005564,
  "ZROUSDT": 1.551,
  "TONUSDT": 1.2514,
  "APTUSDT": 0.888,
  "ATOMUSDT": 1.795,
  "RIVERUSDT": 12.679,
  "HBARUSDT": 0.09644,
  "BERAUSDT": 0.5954,
  "ICPUSDT": 2.342,
  "ARBUSDT": 0.0933,
  "XLMUSDT": 0.15085,
  "XMRUSDT": 330.23,
  "WIFUSDT": 0.1889,
  "HUSDT": 0.11577,
  "MONUSDT": 0.02025,
  "AXSUSDT": 1.248,
  "CRVUSDT": 0.233,
  "FETUSDT": 0.1484,
  "FFUSDT": 0.07697,
  "OPUSDT": 0.1124,
  "ETCUSDT": 8.276,
  "VIRTUALUSDT": 0.65,
  "BARDUSDT": 1.0046,
  "CCUSDT": 0.16243,
  "PENGUUSDT": 0.006492,
  "PARTIUSDT": 0.09237,
  "\u5e01\u5b89\u4eba\u751fUSDT": 0.06782,
  "POLUSDT": 0.1037,
  "BTCDOMUSDT": 5110.0,
  "FARTCOINUSDT": 0.1568,
  "1000BONKUSDT": 0.005684,
  "IPUSDT": 0.892,
  "BANUSDT": 0.11026,
  "ARCUSDT": 0.02695,
  "ETHFIUSDT": 0.4801,
  "CHZUSDT": 0.03239,
  "INJUSDT": 2.954,
  "SKYAIUSDT": 0.05637,
  "TIAUSDT": 0.3048,
  "ONDOUSDT": 0.245,
  "ENSOUSDT": 1.3135,
  "0GUSDT": 0.606,
  "ESPUSDT": 0.11571,
  "DASHUSDT": 31.29,
  "SENTUSDT": 0.02113,
  "VVVUSDT": 5.043,
  "SEIUSDT": 0.06443,
  "STABLEUSDT": 0.03048,
  "SAHARAUSDT": 0.01891,
  "GWEIUSDT": 0.043823,
  "JUPUSDT": 0.1481,
  "KAITOUSDT": 0.3208,
  "ALCHUSDT": 0.07905,
  "ZAMAUSDT": 0.02205,
  "ZKUSDT": 0.0182,
  "PENDLEUSDT": 1.21,
  "QUSDT": 0.023532,
  "SIRENUSDT": 0.28186,
  "BUSDT": 0.1775,
  "MORPHOUSDT": 1.7575,
  "LDOUSDT": 0.288,
  "RENDERUSDT": 1.329,
  "BANANAS31USDT": 0.004689,
  "BULLAUSDT": 0.01918,
  "GUAUSDT": 0.2155,
  "ATUSDT": 0.15833,
  "HOMEUSDT": 0.028824,
  "SIGNUSDT": 0.02627,
  "MYXUSDT": 0.417,
  "NIGHTUSDT": 0.05562,
  "PIEVERSEUSDT": 0.4879,
  "CAKEUSDT": 1.2634,
  "ZENUSDT": 5.03,
  "MUSDT": 1.4843,
  "1000RATSUSDT": 0.03811,
  "LYNUSDT": 0.27784,
  "BTRUSDT": 0.18533,
  "BIOUSDT": 0.02057,
  "ALGOUSDT": 0.0838,
  "USDCUSDT": 0.999429,
  "STRKUSDT": 0.03929,
  "ALLOUSDT": 0.10904,
  "GPSUSDT": 0.009173,
  "MSTRUSDT": 129.93,
  "HANAUSDT": 0.0347,
  "SANDUSDT": 0.0793,
  "GALAUSDT": 0.00342,
  "SKYUSDT": 0.06604,
  "JTOUSDT": 0.2583,
  "UBUSDT": 0.0378,
  "1000LUNCUSDT": 0.04073,
  "CRCLUSDT": 83.4,
  "APEUSDT": 0.0965,
  "DUSKUSDT": 0.07735,
  "GIGGLEUSDT": 24.47,
  "GUNUSDT": 0.02629,
  "ATHUSDT": 0.005494,
  "TSLAUSDT": 401.23,
  "AZTECUSDT": 0.02033,
  "JELLYJELLYUSDT": 0.06757,
  "B2USDT": 0.7252,
  "AEROUSDT": 0.3245,
  "TRADOORUSDT": 1.298,
  "ZILUSDT": 0.00406,
  "XPINUSDT": 0.001413,
  "SYRUPUSDT": 0.21369,
  "OPNUSDT": 0.4657,
  "METUSDT": 0.1758,
  "PYTHUSDT": 0.04663,
  "ROSEUSDT": 0.01124,
  "EIGENUSDT": 0.175,
  "HUMAUSDT": 0.011374,
  "BEAMXUSDT": 0.001835,
  "VETUSDT": 0.006997,
  "LAUSDT": 0.2197,
  "\u6211\u8e0f\u9a6c\u6765\u4e86USDT": 0.011505,
  "AVNTUSDT": 0.1696,
  "FOGOUSDT": 0.02578,
  "NEOUSDT": 2.561,
  "DYDXUSDT": 0.089,
  "LAYERUSDT": 0.0966,
  "STGUSDT": 0.1367,
  "DENTUSDT": 0.000257,
  "NXPCUSDT": 0.269,
  "EULUSDT": 1.125,
  "MOVEUSDT": 0.02113,
  "ORDIUSDT": 2.304,
  "COLLECTUSDT": 0.04209,
  "ESPORTSUSDT": 0.30475,
  "RAVEUSDT": 0.33443,
  "ORCAUSDT": 0.876,
  "XTZUSDT": 0.364,
  "ZKPUSDT": 0.07942,
  "AUCTIONUSDT": 4.681,
  "FORMUSDT": 0.1834,
  "SUSDT": 0.03773,
  "BEATUSDT": 0.2237,
  "COMPUSDT": 17.54,
  "PNUTUSDT": 0.04213,
  "LINEAUSDT": 0.002966,
  "STXUSDT": 0.2499,
  "WUSDT": 0.01799,
  "LPTUSDT": 2.22,
  "CYBERUSDT": 0.5081,
  "SKRUSDT": 0.020263,
  "ENSUSDT": 5.844,
  "SNXUSDT": 0.317,
  "ARUSDT": 1.529,
  "WETUSDT": 0.09885,
  "SOMIUSDT": 0.2037,
  "MEUSDT": 0.1132,
  "1000FLOKIUSDT": 0.02699,
  "BIRBUSDT": 0.16603,
  "ROBOUSDT": 0.03555,
  "TRBUSDT": 13.495,
  "AWEUSDT": 0.0516,
  "JASMYUSDT": 0.005391,
  "PLUMEUSDT": 0.0089,
  "TRIAUSDT": 0.01867,
  "JSTUSDT": 0.047245,
  "RESOLVUSDT": 0.05848,
  "AGTUSDT": 0.005511,
  "BANKUSDT": 0.03609,
  "AXLUSDT": 0.05311,
  "FLOWUSDT": 0.03749,
  "ALICEUSDT": 0.131,
  "DEXEUSDT": 3.394,
  "AGLDUSDT": 0.2261,
  "TAUSDT": 0.038,
  "MANAUSDT": 0.0921,
  "IMXUSDT": 0.1569,
  "CFXUSDT": 0.04641,
  "USELESSUSDT": 0.03848,
  "2ZUSDT": 0.07256,
  "SPXUSDT": 0.2821,
  "YGGUSDT": 0.03639,
  "CYSUSDT": 0.3202,
  "IOTAUSDT": 0.0649,
  "WCTUSDT": 0.0581,
  "GRTUSDT": 0.02497,
  "COAIUSDT": 0.313,
  "MERLUSDT": 0.04052,
  "CLOUSDT": 0.07222,
  "EDUUSDT": 0.1045,
  "API3USDT": 0.2747,
  "OGUSDT": 2.873,
  "NMRUSDT": 7.431,
  "INITUSDT": 0.07696,
  "SOPHUSDT": 0.009202,
  "QNTUSDT": 62.07,
  "TAGUSDT": 0.0003472,
  "MMTUSDT": 0.1138,
  "NAORISUSDT": 0.03205,
  "VANAUSDT": 1.397,
  "FOLKSUSDT": 1.339,
  "XPTUSDT": 2378.85,
  "SFPUSDT": 0.2511,
  "MOODENGUSDT": 0.04732,
  "PTBUSDT": 0.001128,
  "GRASSUSDT": 0.2009,
  "ZRXUSDT": 0.0993,
  "NEIROUSDT": 6.164e-05,
  "LIGHTUSDT": 0.1821,
  "SPKUSDT": 0.0186,
  "1INCHUSDT": 0.0883,
  "THETAUSDT": 0.1803,
  "ZORAUSDT": 0.01801,
  "ANIMEUSDT": 0.004795,
  "4USDT": 0.00737,
  "RUNEUSDT": 0.384,
  "KAIAUSDT": 0.05358,
  "SPACEUSDT": 0.008081,
  "ARKMUSDT": 0.1018,
  "BATUSDT": 0.104,
  "EGLDUSDT": 4.246,
  "YFIUSDT": 2582.0,
  "IOUSDT": 0.1045,
  "AIXBTUSDT": 0.02031,
  "KASUSDT": 0.029,
  "LRCUSDT": 0.03076,
  "VELVETUSDT": 0.08473,
  "KGENUSDT": 0.17911,
  "LUNA2USDT": 0.06241,
  "MIRAUSDT": 0.0848,
  "STEEMUSDT": 0.0543,
  "COWUSDT": 0.206,
  "PEOPLEUSDT": 0.00608,
  "BREVUSDT": 0.1301,
  "TRUTHUSDT": 0.01033,
  "AKEUSDT": 0.0002393,
  "KERNELUSDT": 0.07625,
  "FHEUSDT": 0.02814,
  "BLUAIUSDT": 0.00485,
  "UAIUSDT": 0.1682,
  "TWTUSDT": 0.4845,
  "MEGAUSDT": 0.13144,
  "BOMEUSDT": 0.0003555,
  "AUSDT": 0.0759,
  "POPCATUSDT": 0.04544,
  "NOMUSDT": 0.00349,
  "STOUSDT": 0.062,
  "PROVEUSDT": 0.2781,
  "OPENUSDT": 0.1427,
  "SWARMSUSDT": 0.007326,
  "AIAUSDT": 0.08108,
  "GMTUSDT": 0.01098,
  "SUSHIUSDT": 0.1923,
  "BSVUSDT": 15.21,
  "RPLUSDT": 1.823,
  "AVAAIUSDT": 0.007145,
  "ACTUSDT": 0.01291,
  "TURBOUSDT": 0.0009154,
  "TSTUSDT": 0.00899,
  "FIGHTUSDT": 0.006367,
  "KSMUSDT": 4.647,
  "VELODROMEUSDT": 0.01514,
  "CATIUSDT": 0.03712,
  "SOONUSDT": 0.161,
  "MANTAUSDT": 0.05956,
  "YBUSDT": 0.162,
  "MAGICUSDT": 0.06036,
  "MEMEUSDT": 0.0005669,
  "AINUSDT": 0.04255,
  "MINAUSDT": 0.05466,
  "XVGUSDT": 0.005401,
  "HOLOUSDT": 0.05737,
  "BABYUSDT": 0.01143,
  "FUSDT": 0.005559,
  "STBLUSDT": 0.04097,
  "SUPERUSDT": 0.1093,
  "TUTUSDT": 0.00934,
  "TNSRUSDT": 0.04368,
  "ZBTUSDT": 0.07357,
  "GASUSDT": 1.531,
  "IOTXUSDT": 0.00497,
  "SUNUSDT": 0.015631,
  "XNYUSDT": 0.005268,
  "AIOUSDT": 0.07076,
  "TAKEUSDT": 0.0186,
  "ALTUSDT": 0.006962,
  "BLURUSDT": 0.01913,
  "IDOLUSDT": 0.01964,
  "C98USDT": 0.0252,
  "NEWTUSDT": 0.06799,
  "ACHUSDT": 0.006579,
  "REDUSDT": 0.1497,
  "HOTUSDT": 0.000389,
  "MUBARAKUSDT": 0.01295,
  "MASKUSDT": 0.4056,
  "NILUSDT": 0.04562,
  "UMAUSDT": 0.4193,
  "SAPIENUSDT": 0.08492,
  "ASRUSDT": 1.264,
  "GLMUSDT": 0.12939,
  "WALUSDT": 0.07243,
  "INUSDT": 0.06675,
  "ONTUSDT": 0.0407,
  "RAYSOLUSDT": 0.5709,
  "ANKRUSDT": 0.004118,
  "CTSIUSDT": 0.0234,
  "ICNTUSDT": 0.3824,
  "ZKCUSDT": 0.0823,
  "ERAUSDT": 0.1404,
  "SKLUSDT": 0.00631,
  "KMNOUSDT": 0.02045,
  "CELOUSDT": 0.073,
  "EDENUSDT": 0.03177,
  "SOLVUSDT": 0.00386,
  "KOMAUSDT": 0.007261,
  "DRIFTUSDT": 0.0823,
  "DAMUSDT": 0.02188,
  "SONICUSDT": 0.04293,
  "MELANIAUSDT": 0.1049,
  "RSRUSDT": 0.001391,
  "POLYXUSDT": 0.04126,
  "STORJUSDT": 0.0918,
  "IDUSDT": 0.04248,
  "ARIAUSDT": 0.07072,
  "ENJUSDT": 0.01873,
  "BASUSDT": 0.006044,