{
  "BTCUSDT": 67974.1,
  "ETHUSDT": 1973.5,
  "SOLUSDT": 84.99,
  "XRPUSDT": 1.4206,
  "BNBUSDT": 620.66,
  "BCHUSDT": 567.66,
  "DOGEUSDT": 0.09712,
  "HYPEUSDT": 29.661,
  "XAGUSDT": 84.69,
  "PAXGUSDT": 5127.83,
  "XAUUSDT": 5113.6,
  "WLFIUSDT": 0.1198,
  "ZECUSDT": 256.72,
  "TRXUSDT": 0.28748,
  "SUIUSDT": 0.9384,
  "ASTERUSDT": 0.7107,
  "LINKUSDT": 8.832,
  "UNIUSDT": 3.574,
  "ADAUSDT": 0.2761,
  "LTCUSDT": 54.58,
  "AVAXUSDT": 9.02,
  "PUMPUSDT": 0.002087,
  "1000PEPEUSDT": 0.004089,
  "ENAUSDT": 0.104,
  "AAVEUSDT": 119.21,
  "PIPPINUSDT": 0.4981,
  "NEARUSDT": 1.032,
  "WLDUSDT": 0.3823,
  "LITUSDT": 1.489,
  "TRUMPUSDT": 3.44,
  "FILUSDT": 0.948,
  "ARCUSDT": 0.07901,
  "KITEUSDT": 0.201,
  "TAOUSDT": 178.25,
  "XPLUSDT": 0.0944,
  "DOTUSDT": 1.345,
  "ZROUSDT": 1.7133,
  "ATOMUSDT": 2.282,
  "APTUSDT": 0.8593,
  "TONUSDT": 1.3169,
  "ENSOUSDT": 1.9626,
  "XLMUSDT": 0.15612,
  "HBARUSDT": 0.09855,
  "1000SHIBUSDT": 0.006287,
  "AXSUSDT": 1.323,
  "ARBUSDT": 0.096,
  "BERAUSDT": 0.5743,
  "ICPUSDT": 2.169,
  "RIVERUSDT": 7.898,
  "OPUSDT": 0.1253,
  "HUSDT": 0.16175,
  "XMRUSDT": 323.8,
  "ETCUSDT": 8.773,
  "POWERUSDT": 0.44179,
  "MONUSDT": 0.02026,
  "WIFUSDT": 0.2177,
  "FETUSDT": 0.1622,
  "FFUSDT": 0.07891,
  "CRVUSDT": 0.233,
  "PENGUUSDT": 0.006711,
  "BARDUSDT": 0.7576,
  "RAVEUSDT": 0.64252,
  "BANUSDT": 0.13525,
  "INJUSDT": 3.643,
  "FARTCOINUSDT": 0.1795,
  "\u5e01\u5b89\u4eba\u751fUSDT": 0.0838,
  "IPUSDT": 1.086,
  "1000BONKUSDT": 0.006173,
  "PARTIUSDT": 0.10521,
  "POLUSDT": 0.10743,
  "AZTECUSDT": 0.03202,
  "DASHUSDT": 34.21,
  "BTCDOMUSDT": 5109.5,
  "CHZUSDT": 0.03484,
  "SIRENUSDT": 0.27661,
  "0GUSDT": 0.6572,
  "TIAUSDT": 0.3241,
  "ONDOUSDT": 0.2648,
  "SENTUSDT": 0.02131,
  "VIRTUALUSDT": 0.6329,
  "ETHFIUSDT": 0.452,
  "SEIUSDT": 0.0701,
  "ZKUSDT": 0.01958,
  "OPNUSDT": 0.6353,
  "VVVUSDT": 4.264,
  "LYNUSDT": 0.30128,
  "JUPUSDT": 0.1541,
  "ZAMAUSDT": 0.0225,
  "MYXUSDT": 0.995,
  "STABLEUSDT": 0.028199,
  "ALCHUSDT": 0.08023,
  "CCUSDT": 0.16072,
  "BIOUSDT": 0.02694,
  "KAITOUSDT": 0.2986,
  "QUSDT": 0.022155,
  "PENDLEUSDT": 1.2018,
  "LDOUSDT": 0.322,
  "RENDERUSDT": 1.448,
  "HOMEUSDT": 0.029896,
  "1000RATSUSDT": 0.04596,
  "DUSKUSDT": 0.0796,
  "BTRUSDT": 0.19293,
  "NIGHTUSDT": 0.05848,
  "ALGOUSDT": 0.0882,
  "BANANAS31USDT": 0.004543,
  "ZENUSDT": 5.783,
  "ATUSDT": 0.16006,
  "JTOUSDT": 0.3222,
  "HANAUSDT": 0.03622,
  "SKYAIUSDT": 0.03826,
  "SANDUSDT": 0.0829,
  "STRKUSDT": 0.04426,
  "OMUSDT": 0.06879,
  "ESPUSDT": 0.07671,
  "TRADOORUSDT": 1.431,
  "MORPHOUSDT": 1.6411,
  "CAKEUSDT": 1.3092,
  "ORCAUSDT": 1.028,
  "GUNUSDT": 0.02817,
  "UBUSDT": 0.03543,
  "MUSDT": 1.3575,
  "ALLOUSDT": 0.11713,
  "GPSUSDT": 0.013114,
  "ZILUSDT": 0.00406,
  "CYBERUSDT": 0.6324,
  "SKYUSDT": 0.06453,
  "USDCUSDT": 0.99981,
  "PIEVERSEUSDT": 0.4042,
  "GALAUSDT": 0.00379,
  "SNXUSDT": 0.415,
  "GIGGLEUSDT": 28.46,
  "APEUSDT": 0.1076,
  "B2USDT": 0.7198,
  "\u6211\u8e0f\u9a6c\u6765\u4e86USDT": 0.014842,
  "AWEUSDT": 0.05342,
  "ROSEUSDT": 0.01324,
  "PYTHUSDT": 0.05291,
  "XPINUSDT": 0.001688,
  "HUMAUSDT": 0.012825,
  "BEAMXUSDT": 0.002253,
  "BULLAUSDT": 0.02774,
  "YGGUSDT": 0.04418,
  "METUSDT": 0.2066,
  "CYSUSDT": 0.3846,
  "AVNTUSDT": 0.1836,
  "JELLYJELLYUSDT": 0.06468,
  "SYRUPUSDT": 0.22844,
  "BUSDT": 0.1322,
  "NXPCUSDT": 0.2854,
  "MSTRUSDT": 131.36,
  "AEROUSDT": 0.3225,
  "EIGENUSDT": 0.1872,
  "GUAUSDT": 0.15028,
  "XTZUSDT": 0.384,
  "TSLAUSDT": 411.64,
  "DYDXUSDT": 0.097,
  "NAORISUSDT": 0.04349,
  "ORDIUSDT": 2.575,
  "FORMUSDT": 0.2098,
  "MEUSDT": 0.1254,
  "ESPORTSUSDT": 0.33257,
  "MOVEUSDT": 0.02314,
  "COMPUSDT": 17.65,
  "VETUSDT": 0.007537,
  "NEOUSDT": 2.714,
  "ZKPUSDT": 0.08836,
  "COLLECTUSDT": 0.047,
  "LAUSDT": 0.2142,
  "AUCTIONUSDT": 4.945,
  "SPACEUSDT": 0.00998,
  "INITUSDT": 0.08891,
  "FOGOUSDT": 0.02543,
  "PNUTUSDT": 0.0472,
  "ENSUSDT": 6.547,
  "LINEAUSDT": 0.003386,
  "SUSDT": 0.04225,
  "1000LUNCUSDT": 0.03624,
  "RESOLVUSDT": 0.06539,
  "VANAUSDT": 1.545,
  "SOMIUSDT": 0.2024,
  "STGUSDT": 0.1486,
  "BEATUSDT": 0.2389,
  "1000FLOKIUSDT": 0.02959,
  "OGUSDT": 3.286,
  "PLUMEUSDT": 0.00984,
  "LPTUSDT": 2.31,
  "STXUSDT": 0.2503,
  "EDUUSDT": 0.1272,
  "AGTUSDT": 0.005458,
  "EULUSDT": 0.977,
  "BIRBUSDT": 0.16744,
  "MERLUSDT": 0.05032,
  "FHEUSDT": 0.03872,
  "TRBUSDT": 14.958,
  "GWEIUSDT": 0.029187,
  "CLOUSDT": 0.08455,
  "ATHUSDT": 0.005461,
  "ARUSDT": 2.002,
  "UAIUSDT": 0.2434,
  "TRIAUSDT": 0.01556,
  "WUSDT": 0.01927,
  "BANKUSDT": 0.03861,
  "ZORAUSDT": 0.0205,
  "NMRUSDT": 8.064,
  "LRCUSDT": 0.03263,
  "2ZUSDT": 0.07136,
  "WCTUSDT": 0.05991,
  "CFXUSDT": 0.0518,
  "JASMYUSDT": 0.005692,
  "MANAUSDT": 0.0954,
  "GRTUSDT": 0.02706,
  "SPXUSDT": 0.3143,
  "MOODENGUSDT": 0.05503,
  "API3USDT": 0.2974,
  "USELESSUSDT": 0.0386,
  "MMTUSDT": 0.1273,
  "TAUSDT": 0.03803,
  "PTBUSDT": 0.001427,
  "LIGHTUSDT": 0.2347,
  "RPLUSDT": 2.32,
  "IMXUSDT": 0.1634,
  "COAIUSDT": 0.314,
  "TAGUSDT": 0.0003681,
  "FLOWUSDT": 0.03853,
  "IOTAUSDT": 0.0686,
  "LUNA2USDT": 0.06325,
  "AIAUSDT": 0.10144,
  "IOUSDT": 0.1187,
  "ZRXUSDT": 0.1092,
  "THETAUSDT": 0.1974,
  "AGLDUSDT": 0.2446,
  "AXLUSDT": 0.05532,
  "QNTUSDT": 65.48,
  "SFPUSDT": 0.266,
  "1INCHUSDT": 0.0921,
  "JSTUSDT": 0.042907,
  "SPKUSDT": 0.0203,
  "4USDT": 0.00853,
  "BREVUSDT": 0.1314,
  "KAIAUSDT": 0.05656,
  "FOLKSUSDT": 1.308,
  "SKRUSDT": 0.018825,
  "ARKMUSDT": 0.11,
  "NEIROUSDT": 7.1e-05,
  "YFIUSDT": 2786.0,
  "FIGHTUSDT": 0.007229,
  "RUNEUSDT": 0.4061,
  "MEGAUSDT": 0.1303,
  "EGLDUSDT": 4.501,
  "ANIMEUSDT": 0.004952,
  "KGENUSDT": 0.17759,
  "COWUSDT": 0.2099,
  "NOMUSDT": 0.005194,
  "KASUSDT": 0.03103,
  "TWTUSDT": 0.5169,
  "PEOPLEUSDT": 0.00662,
  "SIGNUSDT": 0.02596,
  "BOMEUSDT": 0.0004004,
  "BLUAIUSDT": 0.00508,
  "TAKEUSDT": 0.02497,
  "PROVEUSDT": 0.2946,
  "ZKCUSDT": 0.0878,
  "MAGICUSDT": 0.06783,
  "SAHARAUSDT": 0.01523,
  "AIOUSDT": 0.08048,
  "OPENUSDT": 0.1507,
  "MANTAUSDT": 0.06977,
  "MINAUSDT": 0.06134,
  "TSTUSDT": 0.01036,
  "AUSDT": 0.081,
  "GASUSDT": 1.57,
  "XNYUSDT": 0.004397,
  "AVAAIUSDT": 0.0075,
  "VTHOUSDT": 0.0006738,
  "ACTUSDT": 0.01414,
  "GMTUSDT": 0.01173,
  "BATUSDT": 0.1208,
  "TUTUSDT": 0.01086,
  "SANTOSUSDT": 1.909,
  "SUPERUSDT": 0.117,
  "VELVETUSDT": 0.08024,
  "TNSRUSDT": 0.04755,
  "XPTUSDT": 2164.26,
  "TURBOUSDT": 0.0010344,
  "GRASSUSDT": 0.184,
  "IDOLUSDT": 0.02186,
  "SOPHUSDT": 0.009041,
  "SUSHIUSDT": 0.2039,
  "BSVUSDT": 15.84,
  "TRUTHUSDT": 0.010139,
  "CATIUSDT": 0.03949,
  "SWARMSUSDT": 0.00695,
  "YBUSDT": 0.1563,
  "FUSDT": 0.005738,
  "POPCATUSDT": 0.05023,
  "ZBTUSDT": 0.07121,
  "AKEUSDT": 0.0002676,
  "VELODROMEUSDT": 0.01506,
  "MUBARAKUSDT": 0.01491,
  "SAPIENUSDT": 0.09424,
  "BABYUSDT": 0.01287,
  "ACHUSDT": 0.007425,
  "LAYERUSDT": 0.086,
  "NILUSDT": 0.04859,
  "C98USDT": 0.0261,
  "XVGUSDT": 0.006061,
  "ICNTUSDT": 0.3997,
  "CVXUSDT": 1.877,
  "KSMUSDT": 4.849,
  "CTSIUSDT": 0.025,
  "STOUSDT": 0.05667,
  "BLURUSDT": 0.02033,
  "ASRUSDT": 1.422,
  "MASKUSDT": 0.4429,
  "ALTUSDT": 0.00777,
  "RAYSOLUSDT": 0.6356,
  "GLMUSDT": 0.16485,
  "FRAXUSDT": 0.6725,
  "DEXEUSDT": 2.385,
  "EDENUSDT": 0.03458,
  "SOLVUSDT": 0.00433,
  "SOONUSDT": 0.1672,
  "AIXBTUSDT": 0.01953,
  "APRUSDT": 0.10707,
  "RAREUSDT": 0.0188,
  "ONTUSDT": 0.0429,
  "CELOUSDT": 0.076,
  "UMAUSDT": 0.4608,
  "ANKRUSDT": 0.004387,
  "MEMEUSDT": 0.0006688,
  "DOLOUSDT": 0.03979,
  "PLAYUSDT": 0.0225,
  "IRUSDT": 0.09187,
  "THEUSDT": 0.2565,
  "DRIFTUSDT": 0.0869,
  "WOOUSDT": 0.01807,
  "SONICUSDT": 0.04664,
  "ZEREBROUSDT": 0.00767,
  "DEGOUSDT": 0.3412,
  "SUNUSDT": 0.016937,
  "ERAUSDT": 0.1522,
  "MELANIAUSDT": 0.114,
  "KERNELUSDT": 0.06675,
  "IDUSDT": 0.04716,
  "IOTXUSDT": 0.00472,
  "GMXUSDT": 6.582,
  "KAVAUSDT": 0.0511,
  "HYPERUSDT": 0.0948,
  "POLYXUSDT": 0.04324,
  "RSRUSDT": 0.001449,
  "KMNOUSDT": 0.0275,
  "WALUSDT": 0.0775,
  "LSKUSDT": 0.1384,
  "ONUSDT": 0.09193,
  "BANANAUSDT": 4.4,
  "SKLUSDT": 0.00668,
  "TUSDT": 0.006927,