{
  "BTCUSDT": 63171.3,
  "ETHUSDT": 1827.4,
  "SOLUSDT": 76.98,
  "XRPUSDT": 1.3267,
  "BNBUSDT": 589.28,
  "DOGEUSDT": 0.09126,
  "XAGUSDT": 88.11,
  "BCHUSDT": 482.9,
  "XAUUSDT": 5183.28,
  "HYPEUSDT": 26.261,
  "PAXGUSDT": 5198.1,
  "WLFIUSDT": 0.1068,
  "ZECUSDT": 232.69,
  "TRXUSDT": 0.28137,
  "PIPPINUSDT": 0.75223,
  "SUIUSDT": 0.8588,
  "ASTERUSDT": 0.6944,
  "ADAUSDT": 0.2574,
  "AVAXUSDT": 8.259,
  "UNIUSDT": 3.315,
  "LINKUSDT": 8.157,
  "LTCUSDT": 50.77,
  "1000PEPEUSDT": 0.0039237,
  "PUMPUSDT": 0.001755,
  "ENAUSDT": 0.0958,
  "NEARUSDT": 0.974,
  "ARCUSDT": 0.09443,
  "KITEUSDT": 0.23269,
  "AAVEUSDT": 112.76,
  "WLDUSDT": 0.3673,
  "LITUSDT": 1.356,
  "FILUSDT": 0.874,
  "TRUMPUSDT": 3.266,
  "DOTUSDT": 1.249,
  "TAOUSDT": 168.35,
  "XPLUSDT": 0.085,
  "ATOMUSDT": 2.054,
  "TONUSDT": 1.3214,
  "ZROUSDT": 1.4958,
  "APTUSDT": 0.8026,
  "HBARUSDT": 0.09349,
  "BERAUSDT": 0.5666,
  "ENSOUSDT": 2.0161,
  "1000SHIBUSDT": 0.005927,
  "XLMUSDT": 0.14937,
  "ARBUSDT": 0.0915,
  "ICPUSDT": 2.032,
  "RIVERUSDT": 8.287,
  "AXSUSDT": 1.208,
  "OPUSDT": 0.1168,
  "ESPUSDT": 0.14634,
  "XMRUSDT": 316.06,
  "MONUSDT": 0.02017,
  "CRVUSDT": 0.218,
  "WIFUSDT": 0.1986,
  "FFUSDT": 0.07573,
  "PENGUUSDT": 0.00625,
  "BARDUSDT": 0.762,
  "FETUSDT": 0.1517,
  "ETCUSDT": 8.213,
  "1000BONKUSDT": 0.005739,
  "POLUSDT": 0.10472,
  "BANUSDT": 0.12405,
  "IPUSDT": 1.007,
  "PARTIUSDT": 0.09757,
  "HUSDT": 0.13207,
  "BTCDOMUSDT": 5103.1,
  "FARTCOINUSDT": 0.1394,
  "SENTUSDT": 0.02361,
  "INJUSDT": 3.2,
  "POWERUSDT": 0.54232,
  "CHZUSDT": 0.03367,
  "ETHFIUSDT": 0.4463,
  "VIRTUALUSDT": 0.5805,
  "ONDOUSDT": 0.2448,
  "DASHUSDT": 31.57,
  "TIAUSDT": 0.2936,
  "\u5e01\u5b89\u4eba\u751fUSDT": 0.05771,
  "0GUSDT": 0.6209,
  "ZKUSDT": 0.01879,
  "SIRENUSDT": 0.291,
  "SEIUSDT": 0.0652,
  "ZAMAUSDT": 0.0225,
  "LYNUSDT": 0.30907,
  "STABLEUSDT": 0.028968,
  "JUPUSDT": 0.1422,
  "CCUSDT": 0.16069,
  "ALCHUSDT": 0.07733,
  "KAITOUSDT": 0.2886,
  "PENDLEUSDT": 1.2129,
  "LDOUSDT": 0.2939,
  "HOMEUSDT": 0.030107,
  "RENDERUSDT": 1.355,
  "BANANAS31USDT": 0.004666,
  "1000RATSUSDT": 0.04467,
  "QUSDT": 0.020993,
  "NIGHTUSDT": 0.05731,
  "UBUSDT": 0.04014,
  "BTRUSDT": 0.19075,
  "ATUSDT": 0.16074,
  "BIOUSDT": 0.02425,
  "SKYAIUSDT": 0.03852,
  "AZTECUSDT": 0.02347,
  "DUSKUSDT": 0.07633,
  "STRKUSDT": 0.03973,
  "ZENUSDT": 5.334,
  "MYXUSDT": 0.545,
  "OPNUSDT": 0.5433,
  "CAKEUSDT": 1.1985,
  "VVVUSDT": 3.546,
  "SKRUSDT": 0.02351,
  "SANDUSDT": 0.07754,
  "MUSDT": 1.4172,
  "ALGOUSDT": 0.0832,
  "HANAUSDT": 0.03351,
  "BULLAUSDT": 0.03231,
  "GPSUSDT": 0.012425,
  "PIEVERSEUSDT": 0.4154,
  "TRADOORUSDT": 1.497,
  "MORPHOUSDT": 1.5278,
  "USDCUSDT": 0.999699,
  "GALAUSDT": 0.00346,
  "JTOUSDT": 0.2762,
  "LAUSDT": 0.2095,
  "RAVEUSDT": 0.28749,
  "ZILUSDT": 0.004,
  "GUNUSDT": 0.02734,
  "APEUSDT": 0.1013,
  "SKYUSDT": 0.06286,
  "AGLDUSDT": 0.2859,
  "B2USDT": 0.768,
  "STEEMUSDT": 0.05749,
  "ROSEUSDT": 0.01199,
  "GUAUSDT": 0.16566,
  "ALLOUSDT": 0.09412,
  "XPINUSDT": 0.001652,
  "TSLAUSDT": 400.21,
  "ORCAUSDT": 0.921,
  "GIGGLEUSDT": 24.55,
  "BUSDT": 0.1329,
  "EIGENUSDT": 0.1806,
  "METUSDT": 0.167,
  "HUMAUSDT": 0.01183,
  "PYTHUSDT": 0.04966,
  "BEAMXUSDT": 0.001855,
  "SNXUSDT": 0.353,
  "MSTRUSDT": 122.53,
  "JELLYJELLYUSDT": 0.06046,
  "SYRUPUSDT": 0.19999,
  "\u6211\u8e0f\u9a6c\u6765\u4e86USDT": 0.01117,
  "AWEUSDT": 0.05113,
  "FOGOUSDT": 0.02692,
  "VETUSDT": 0.007146,
  "COLLECTUSDT": 0.04615,
  "ESPORTSUSDT": 0.33793,
  "LPTUSDT": 2.19,
  "AVNTUSDT": 0.1705,
  "ORDIUSDT": 2.31,
  "AEROUSDT": 0.3033,
  "NEOUSDT": 2.62,
  "XTZUSDT": 0.367,
  "DYDXUSDT": 0.087,
  "NXPCUSDT": 0.2561,
  "RESOLVUSDT": 0.06708,
  "ZKPUSDT": 0.0841,
  "MOVEUSDT": 0.02089,
  "FORMUSDT": 0.188,
  "SUSDT": 0.03914,
  "CYSUSDT": 0.3656,
  "MEUSDT": 0.1146,
  "TRIAUSDT": 0.01803,
  "PNUTUSDT": 0.04319,
  "CYBERUSDT": 0.5247,
  "COMPUSDT": 17.08,
  "AUCTIONUSDT": 4.723,
  "STGUSDT": 0.1308,
  "ENSUSDT": 5.949,
  "GWEIUSDT": 0.030949,
  "1000LUNCUSDT": 0.03502,
  "STXUSDT": 0.2322,
  "SOMIUSDT": 0.1893,
  "1000FLOKIUSDT": 0.02766,
  "DEXEUSDT": 3.174,
  "LINEAUSDT": 0.003139,
  "BEATUSDT": 0.2045,
  "YGGUSDT": 0.04049,
  "VANAUSDT": 1.378,
  "INITUSDT": 0.08213,
  "CLOUSDT": 0.09149,
  "WUSDT": 0.01807,
  "PLUMEUSDT": 0.00896,
  "AGTUSDT": 0.005553,
  "TRBUSDT": 13.847,
  "SPACEUSDT": 0.008926,
  "NAORISUSDT": 0.03426,
  "JASMYUSDT": 0.005539,
  "EDUUSDT": 0.1178,
  "UAIUSDT": 0.2413,
  "MERLUSDT": 0.04526,
  "EULUSDT": 0.939,
  "BANKUSDT": 0.03705,
  "USELESSUSDT": 0.03713,
  "SPXUSDT": 0.2714,
  "TAUSDT": 0.03945,
  "NMRUSDT": 7.653,
  "MANAUSDT": 0.0893,
  "ARUSDT": 1.836,
  "2ZUSDT": 0.0664,
  "ATHUSDT": 0.004897,
  "JSTUSDT": 0.044915,
  "TAGUSDT": 0.0003807,
  "GRTUSDT": 0.02555,
  "LUNA2USDT": 0.06321,
  "BIRBUSDT": 0.15236,
  "WCTUSDT": 0.05664,
  "OGUSDT": 2.984,
  "API3USDT": 0.2783,
  "CFXUSDT": 0.04797,
  "IMXUSDT": 0.1523,
  "MMTUSDT": 0.1177,
  "MOODENGUSDT": 0.04988,
  "FLOWUSDT": 0.03494,
  "QNTUSDT": 63.35,
  "COWUSDT": 0.2182,
  "ZRXUSDT": 0.1022,
  "IOTAUSDT": 0.0652,
  "1INCHUSDT": 0.0863,
  "COAIUSDT": 0.2979,
  "SPKUSDT": 0.01994,
  "ZORAUSDT": 0.01886,
  "IDOLUSDT": 0.02422,
  "LRCUSDT": 0.03225,
  "SFPUSDT": 0.2497,
  "LIGHTUSDT": 0.224,
  "KAIAUSDT": 0.05258,
  "UMAUSDT": 0.4596,
  "THETAUSDT": 0.1832,
  "ARKMUSDT": 0.1032,
  "AKEUSDT": 0.000312,
  "PTBUSDT": 0.001213,
  "GASUSDT": 1.499,
  "4USDT": 0.00758,
  "FIGHTUSDT": 0.007119,
  "IOUSDT": 0.1075,
  "RUNEUSDT": 0.3818,
  "FHEUSDT": 0.02846,
  "NEIROUSDT": 6.6e-05,
  "AXLUSDT": 0.05019,
  "RPLUSDT": 1.996,
  "SIGNUSDT": 0.02267,
  "YFIUSDT": 2648.0,
  "TNSRUSDT": 0.04751,
  "BREVUSDT": 0.1265,
  "KGENUSDT": 0.17651,
  "EGLDUSDT": 4.224,
  "SAHARAUSDT": 0.01409,
  "XNYUSDT": 0.00504,
  "ANIMEUSDT": 0.004608,
  "GMTUSDT": 0.01079,
  "XPTUSDT": 2165.36,
  "BOMEUSDT": 0.0003717,
  "KASUSDT": 0.02942,
  "BLUAIUSDT": 0.005034,
  "TWTUSDT": 0.4963,
  "AIAUSDT": 0.08175,
  "PROVEUSDT": 0.2707,
  "VELVETUSDT": 0.0815,
  "ACTUSDT": 0.01352,
  "SXTUSDT": 0.02341,
  "AUSDT": 0.0772,
  "MINAUSDT": 0.05681,
  "TSTUSDT": 0.00947,
  "AIOUSDT": 0.07503,
  "PEOPLEUSDT": 0.00619,
  "MAGICUSDT": 0.06294,
  "OPENUSDT": 0.1434,
  "MEGAUSDT": 0.12795,
  "FOLKSUSDT": 1.142,
  "AVAAIUSDT": 0.00698,
  "NOMUSDT": 0.004474,
  "STOUSDT": 0.05846,
  "SUSHIUSDT": 0.1899,
  "GRASSUSDT": 0.1679,
  "BATUSDT": 0.1137,
  "YBUSDT": 0.1525,
  "POPCATUSDT": 0.04543,
  "TUTUSDT": 0.0098,
  "MANTAUSDT": 0.06319,
  "TURBOUSDT": 0.0009563,
  "CATIUSDT": 0.03688,
  "BSVUSDT": 14.84,
  "ZBTUSDT": 0.06791,
  "KERNELUSDT": 0.07132,
  "SOPHUSDT": 0.008328,
  "SUPERUSDT": 0.1058,
  "FUSDT": 0.005422,
  "STORJUSDT": 0.0925,
  "ZKCUSDT": 0.0808,
  "ACHUSDT": 0.006982,
  "ARPAUSDT": 0.00967,
  "BABYUSDT": 0.01178,
  "GLMUSDT": 0.14975,
  "ICNTUSDT": 0.3951,
  "SWARMSUSDT": 0.00617,
  "PROMPTUSDT": 0.0464,
  "ONTUSDT": 0.0408,
  "LAYERUSDT": 0.0797,
  "TAKEUSDT": 0.02283,
  "BLURUSDT": 0.01897,
  "SAPIENUSDT": 0.08647,
  "AINUSDT": 0.03824,
  "KSMUSDT": 4.519,
  "VELODROMEUSDT": 0.01346,
  "NILUSDT": 0.04633,
  "DAMUSDT": 0.0217,
  "SOLVUSDT": 0.00422,
  "EDENUSDT": 0.03257,
  "SONICUSDT": 0.04469,
  "ASRUSDT": 1.348,
  "XVGUSDT": 0.005707,
  "MASKUSDT": 0.4081,
  "SOONUSDT": 0.156,
  "RAYSOLUSDT": 0.5818,
  "BELUSDT": 0.0959,
  "CVXUSDT": 1.721,
  "AIXBTUSDT": 0.01806,
  "TRUTHUSDT": 0.009729,
  "CTSIUSDT": 0.024,
  "RAREUSDT": 0.018,
  "ALTUSDT": 0.00722,
  "INUSDT": 0.06363,
  "MEMEUSDT": 0.0006424,
  "C98USDT": 0.0249,
  "ANKRUSDT": 0.004159,
  "SANTOSUSDT": 1.603,
  "DRIFTUSDT": 0.0789,
  "SUNUSDT": 0.016436,
  "MUBARAKUSDT": 0.01359,
  "THEUSDT": 0.2402,
  "AKTUSDT": 0.295,
  "CELOUSDT": 0.072,
  "ERAUSDT": 0.1408,
  "WETUSDT": 0.07987,
  "ARIAUSDT": 0.07304,
  "KMNOUSDT": 0.02399,
  "FLOCKUSDT": 0.06206,
  "DEGOUSDT": 0.3162,
  "MELANIAUSDT": 0.1067,
  "FRAXUSDT": 0.6219,
  "CRCLUSDT": 60.57,
  "POLYXUSDT": 0.04028,
  "PROMUSDT": 1.252,
  "IDUSDT": 0.04236,
  "KOMAUSDT": 0.00717,
  "KAVAUSDT": 0.0464,
  "ZEREBROUSDT": 0.00671,