{
  "BTCUSDT": 66052.6,
  "ETHUSDT": 1932.42,
  "BTC/USDCUSDT": 65875.0,
  "SOLUSDT": 81.97,
  "ETH/USDCUSDT": 1928.15,
  "XAGUSDT": 93.87,
  "BTC/USDUSDT": 66490.2,
  "XRPUSDT": 1.3597,
  "XAUUSDT": 5280.95,
  "ETH/USDUSDT": 1944.92,
  "POWERUSDT": 1.38546,
  "SAHARAUSDT": 0.02117,
  "PIPPINUSDT": 0.66369,
  "DOGEUSDT": 0.09353,
  "BNBUSDT": 613.46,
  "1000PEPEUSDT": 0.0036652,
  "ZECUSDT": 222.37,
  "HYPEUSDT": 27.012,
  "SOL/USDCUSDT": 81.98,
  "DOTUSDT": 1.609,
  "PAXGUSDT": 5300.68,
  "ADAUSDT": 0.2778,
  "SUIUSDT": 0.8987,
  "RIVERUSDT": 11.552,
  "ROBOUSDT": 0.04486,
  "DENTUSDT": 0.000246,
  "VVVUSDT": 4.921,
  "BCHUSDT": 463.1,
  "FILUSDT": 0.986,
  "AVAXUSDT": 8.923,
  "1000LUNCUSDT": 0.04303,
  "XRP/USDCUSDT": 1.3597,
  "LINKUSDT": 8.7,
  "SIRENUSDT": 0.33902,
  "ARBUSDT": 0.0995,
  "ESPUSDT": 0.12394,
  "AAVEUSDT": 112.66,
  "NEARUSDT": 1.088,
  "PUMPUSDT": 0.001815,
  "ARCUSDT": 0.02982,
  "ENSOUSDT": 1.44,
  "ENAUSDT": 0.1036,
  "GWEIUSDT": 0.051967,
  "ALICEUSDT": 0.147,
  "KITEUSDT": 0.24432,
  "SOL/USDUSDT": 80.82,
  "TAOUSDT": 179.05,
  "ATHUSDT": 0.006045,
  "\u5e01\u5b89\u4eba\u751fUSDT": 0.07453,
  "HUSDT": 0.12369,
  "ASTERUSDT": 0.6991,
  "WETUSDT": 0.11133,
  "MIRAUSDT": 0.096,
  "LTCUSDT": 54.71,
  "VIRTUALUSDT": 0.6762,
  "ICPUSDT": 2.455,
  "UNIUSDT": 3.723,
  "MYXUSDT": 0.415,
  "ZROUSDT": 1.6038,
  "APTUSDT": 0.936,
  "TSLAUSDT": 402.3,
  "FARTCOINUSDT": 0.158,
  "OPUSDT": 0.1204,
  "WIFUSDT": 0.2026,
  "RAVEUSDT": 0.34234,
  "FOLKSUSDT": 1.55,
  "XRP/USDUSDT": 1.3617,
  "CRCLUSDT": 83.27,
  "1000SHIBUSDT": 0.005792,
  "SIGNUSDT": 0.02865,
  "NEWTUSDT": 0.07349,
  "BNB/USDCUSDT": 613.64,
  "STABLEUSDT": 0.032338,
  "WLDUSDT": 0.3881,
  "PENGUUSDT": 0.006786,
  "DOGE/USDUSDT": 0.09355,
  "WLFIUSDT": 0.1124,
  "ETH/BTCUSDT": 1927.8595674,
  "LAYERUSDT": 0.0952,
  "HBARUSDT": 0.10016,
  "XPLUSDT": 0.0915,
  "AXSUSDT": 1.288,
  "TRXUSDT": 0.28249,
  "AIXBTUSDT": 0.02117,
  "XLMUSDT": 0.15901,
  "BNB/USDUSDT": 613.56,
  "DOGE/USDCUSDT": 0.09353,
  "HOLOUSDT": 0.06225,
  "XMRUSDT": 339.05,
  "1000BONKUSDT": 0.005974,
  "TRUMPUSDT": 3.385,
  "BERAUSDT": 0.6017,
  "ATOMUSDT": 1.838,
  "ETCUSDT": 8.661,
  "LUNA2USDT": 0.06725,
  "INJUSDT": 3.086,
  "DASHUSDT": 33.25,
  "BARDUSDT": 0.8646,
  "CRVUSDT": 0.242,
  "TIAUSDT": 0.321,
  "TONUSDT": 1.2955,
  "OPNUSDT": 0.4783,
  "PENDLEUSDT": 1.2612,
  "ONDOUSDT": 0.2569,
  "ALLOUSDT": 0.10774,
  "ZAMAUSDT": 0.023,
  "POLUSDT": 0.10772,
  "STEEMUSDT": 0.05684,
  "BUSDT": 0.1763,
  "C98USDT": 0.0255,
  "AZTECUSDT": 0.02082,
  "SPACEUSDT": 0.008328,
  "GALAUSDT": 0.00364,
  "CLOUSDT": 0.07292,
  "ANIMEUSDT": 0.00517,
  "CHZUSDT": 0.03372,
  "MSTRUSDT": 129.67,
  "STGUSDT": 0.1415,
  "LYNUSDT": 0.30788,
  "FETUSDT": 0.1563,
  "XPTUSDT": 2374.78,
  "HOTUSDT": 0.000411,
  "CCUSDT": 0.16957,
  "CGPTUSDT": 0.02116,
  "LITUSDT": 1.362,
  "GUAUSDT": 0.21794,
  "ZEC/USDCUSDT": 222.33,
  "LDOUSDT": 0.3013,
  "BULLAUSDT": 0.01458,
  "UAIUSDT": 0.1827,
  "SEIUSDT": 0.06931,
  "RENDERUSDT": 1.412,
  "BIOUSDT": 0.0223,
  "PORTALUSDT": 0.01311,
  "HOODUSDT": 75.45,
  "NOMUSDT": 0.003776,
  "ADA/USDUSDT": 0.2778,
  "FLOWUSDT": 0.03781,
  "ALGOUSDT": 0.0866,
  "1000PEPE/USDCUSDT": 0.0036635,
  "JELLYJELLYUSDT": 0.06718,
  "BCH/USDCUSDT": 463.07,
  "SANDUSDT": 0.08283,
  "REDUSDT": 0.1605,
  "SENTUSDT": 0.02219,
  "JUPUSDT": 0.1546,
  "DUSKUSDT": 0.08216,
  "SPORTFUNUSDT": 0.04803,
  "GIGGLEUSDT": 26.54,
  "GPSUSDT": 0.009243,
  "MORPHOUSDT": 1.8158,
  "NEIROUSDT": 6.777e-05,
  "0GUSDT": 0.6262,
  "SUI/USDCUSDT": 0.8986,
  "\u6211\u8e0f\u9a6c\u6765\u4e86USDT": 0.012914,
  "SKRUSDT": 0.020154,
  "YBUSDT": 0.1833,
  "IPUSDT": 0.941,
  "FIL/USDCUSDT": 0.987,
  "FOGOUSDT": 0.02681,
  "AGLDUSDT": 0.2473,
  "USTCUSDT": 0.005248,
  "ARUSDT": 1.597,
  "CYBERUSDT": 0.5491,
  "KAITOUSDT": 0.3319,
  "ADA/USDCUSDT": 0.2778,
  "COLLECTUSDT": 0.03781,
  "BEATUSDT": 0.2005,
  "MONUSDT": 0.02056,
  "ZBTUSDT": 0.07797,
  "STRKUSDT": 0.04079,
  "JTOUSDT": 0.2749,
  "COINUSDT": 175.73,
  "SNXUSDT": 0.328,
  "ORDIUSDT": 2.425,
  "ARB/USDCUSDT": 0.0995,
  "CAKEUSDT": 1.2935,
  "TRIAUSDT": 0.0198,
  "ZILUSDT": 0.00413,
  "AMZNUSDT": 209.31,
  "ETHFIUSDT": 0.4921,
  "MOODENGUSDT": 0.04987,
  "AAVE/USDCUSDT": 112.69,
  "SUI/USDUSDT": 0.8985,
  "INTCUSDT": 45.42,
  "APEUSDT": 0.1021,
  "ZENUSDT": 5.422,
  "EULUSDT": 1.066,
  "DYDXUSDT": 0.095,
  "VETUSDT": 0.007339,
  "ENSUSDT": 6.072,
  "1000FLOKIUSDT": 0.02853,
  "BIRBUSDT": 0.16753,
  "LINK/USDUSDT": 8.699,
  "EIGENUSDT": 0.1859,
  "LAUSDT": 0.2335,
  "LINK/USDCUSDT": 8.698,
  "ORCAUSDT": 0.888,
  "TRBUSDT": 14.357,
  "AVAX/USDCUSDT": 8.921,
  "LINEAUSDT": 0.003084,
  "ROSEUSDT": 0.01225,
  "SPXUSDT": 0.2965,
  "AXLUSDT": 0.05568,
  "SKYAIUSDT": 0.05322,
  "GMTUSDT": 0.01169,
  "TLMUSDT": 0.001686,
  "GUNUSDT": 0.02705,
  "ZKUSDT": 0.01937,
  "KASUSDT": 0.02999,
  "XPDUSDT": 1791.92,
  "LTC/USDCUSDT": 54.7,
  "STBLUSDT": 0.04474,
  "WUSDT": 0.01902,
  "API3USDT": 0.2923,
  "ACEUSDT": 0.1553,
  "SAPIENUSDT": 0.09112,
  "DOT/USDUSDT": 1.607,
  "INITUSDT": 0.08144,
  "ATUSDT": 0.15857,
  "AVNTUSDT": 0.1778,
  "ENA/USDCUSDT": 0.1035,
  "YGGUSDT": 0.03979,
  "TREEUSDT": 0.07294,
  "KSMUSDT": 5.001,
  "PNUTUSDT": 0.04482,
  "NILUSDT": 0.04901,
  "LIGHTUSDT": 0.2006,
  "GRASSUSDT": 0.2116,
  "COMPUSDT": 18.33,
  "SOMIUSDT": 0.2073,
  "JASMYUSDT": 0.005633,
  "ZKCUSDT": 0.088,
  "BCH/USDUSDT": 463.39,
  "BATUSDT": 0.1078,
  "PLUMEUSDT": 0.00933,
  "USELESSUSDT": 0.03924,
  "STXUSDT": 0.2598,
  "PYTHUSDT": 0.04938,
  "ALTUSDT": 0.007389,
  "DEXEUSDT": 3.448,
  "SYRUPUSDT": 0.23026,
  "PIEVERSEUSDT": 0.4939,
  "TAKEUSDT": 0.01785,
  "MOVEUSDT": 0.02206,
  "TURBOUSDT": 0.000965,
  "MANAUSDT": 0.0957,
  "NIGHTUSDT": 0.0586,
  "AEROUSDT": 0.3386,
  "LPTUSDT": 2.3,
  "TWTUSDT": 0.5066,
  "MEUSDT": 0.1212,
  "PLTRUSDT": 136.82,
  "ACUUSDT": 0.11844,
  "ARKMUSDT": 0.1072,
  "MUBARAKUSDT": 0.01366,
  "BOMEUSDT": 0.000382,
  "GRTUSDT": 0.02602,
  "1000BONK/USDCUSDT": 0.00597,
  "KERNELUSDT": 0.08346,
  "MERLUSDT": 0.04234,
  "PLAYUSDT": 0.01891,
  "UBUSDT": 0.03727,
  "METUSDT": 0.1822,
  "FFUSDT": 0.07865,
  "CFXUSDT": 0.04837,
  "SKLUSDT": 0.00686,
  "MAVIAUSDT": 0.0334,
  "IDOLUSDT": 0.01942,
  "XTZUSDT": 0.381,
  "BTCDOMUSDT": 5095.3,
  "AWEUSDT": 0.05308,
  "BREVUSDT": 0.1359,
  "QUSDT": 0.023381,
  "PARTIUSDT": 0.09832,
  "SHELLUSDT": 0.03033,
  "ZKPUSDT": 0.08169,
  "FIL/USDUSDT": 0.987,
  "RESOLVUSDT": 0.05992,
  "WCTUSDT": 0.06094,
  "FIGHTUSDT": 0.006383,
  "MAGICUSDT": 0.06305,
  "BTRUSDT": 0.17801,
  "DRIFTUSDT": 0.0871,
  "SUSDT": 0.03962,
  "RUNEUSDT": 0.3992,
  "XAIUSDT": 0.0097,
  "SOPHUSDT": 0.009438,
  "2ZUSDT": 0.07624,
  "IOTAUSDT": 0.0667,
  "IMXUSDT": 0.1651,
  "NEAR/USDCUSDT": 1.088,
  "EGLDUSDT": 4.425,
  "FUSDT": 0.005695,
  "MUSDT": 1.4385,
  "IOUSDT": 0.1108,
  "SUSHIUSDT": 0.2012,
  "CELOUSDT": 0.079,
  "1000RATSUSDT": 0.03844,
  "GLMUSDT": 0.13419,
  "XNYUSDT": 0.004788,
  "HUMAUSDT": 0.011659,
  "THETAUSDT": 0.1877,
  "AAVE/USDUSDT": 112.65,
  "PIXELUSDT": 0.004914,
  "YFIUSDT": 2639.0,
  "COOKIEUSDT": 0.01787,
  "TRUMP/USDCUSDT": 3.385,
  "IDUSDT": 0.04374,
  "HYPERUSDT": 0.0953,
  "MEMEUSDT": 0.0006123,
  "TNSRUSDT": 0.04667,
  "AVAX/USDUSDT": 8.91,
  "OPENUSDT": 0.151,
  "LTC/USDUSDT": 54.73,
  "CRV/USDCUSDT": 0.2418,
  "PTBUSDT": 0.001159,
  "FIDAUSDT": 0.01558,
  "JSTUSDT": 0.047439,
  "FLOCKUSDT": 0.06348,
  "MASKUSDT": 0.4229,
  "MBOXUSDT": 0.01942,
  "EDENUSDT": 0.03312,
  "RPLUSDT": 1.848,
  "CVXUSDT": 1.719,
  "A2ZUSDT": 0.000794,
  "ACHUSDT": 0.006843,
  "4USDT": 0.00818,
  "ZORAUSDT": 0.01869,
  "BASUSDT": 0.005595,
  "LQTYUSDT": 0.2847,
  "WIF/USDCUSDT": 0.2025,
  "QNTUSDT": 64.25,
  "PENGU/USDCUSDT": 0.006781,
  "AUCTIONUSDT": 4.859,
  "PHAUSDT": 0.0234,
  "HEMIUSDT": 0.00886,
  "VANAUSDT": 1.461,
  "LRCUSDT": 0.03238,
  "1000SATSUSDT": 1.1e-05,
  "NEOUSDT": 2.724,
  "KMNOUSDT": 0.02097,
  "NAORISUSDT": 0.03271,
  "ACTUSDT": 0.01393,
  "AEVOUSDT": 0.02335,
  "ERAUSDT": 0.1505,
  "HMSTRUSDT": 0.0001605,
  "BLURUSDT": 0.02013,
  "DUSDT": 0.007127,