{
  "BTCUSDT": 69680.1,
  "ETHUSDT": 2079.13,
  "SOLUSDT": 87.89,
  "XRPUSDT": 1.4706,
  "BNBUSDT": 631.95,
  "BCHUSDT": 563.72,
  "DOGEUSDT": 0.10494,
  "HYPEUSDT": 31.097,
  "PAXGUSDT": 5027.15,
  "XAGUSDT": 77.44,
  "ZECUSDT": 284.7,
  "XAUUSDT": 5036.49,
  "SUIUSDT": 1.0098,
  "TRXUSDT": 0.2831,
  "ASTERUSDT": 0.7247,
  "1000PEPEUSDT": 0.0044675,
  "LINKUSDT": 9.067,
  "ADAUSDT": 0.2897,
  "LTCUSDT": 56.16,
  "AVAXUSDT": 9.456,
  "PIPPINUSDT": 0.70449,
  "UNIUSDT": 3.689,
  "PUMPUSDT": 0.002264,
  "ENAUSDT": 0.1269,
  "AAVEUSDT": 129.12,
  "WLFIUSDT": 0.1084,
  "NEARUSDT": 1.077,
  "LITUSDT": 1.638,
  "WLDUSDT": 0.4282,
  "TRUMPUSDT": 3.571,
  "KITEUSDT": 0.18982,
  "FILUSDT": 1.012,
  "XPLUSDT": 0.0999,
  "ARCUSDT": 0.07805,
  "TAOUSDT": 190.96,
  "ZROUSDT": 1.8994,
  "HUSDT": 0.20478,
  "DOTUSDT": 1.403,
  "TONUSDT": 1.4982,
  "1000SHIBUSDT": 0.006783,
  "HBARUSDT": 0.10284,
  "APTUSDT": 0.9793,
  "BERAUSDT": 0.6889,
  "RIVERUSDT": 13.51,
  "MONUSDT": 0.02434,
  "ATOMUSDT": 2.178,
  "XLMUSDT": 0.1727,
  "AXSUSDT": 1.476,
  "ARBUSDT": 0.1199,
  "XMRUSDT": 354.0,
  "ICPUSDT": 2.503,
  "WIFUSDT": 0.245,
  "FARTCOINUSDT": 0.2032,
  "DASHUSDT": 38.68,
  "PENGUUSDT": 0.007546,
  "CRVUSDT": 0.264,
  "FETUSDT": 0.1782,
  "1000BONKUSDT": 0.006924,
  "IPUSDT": 1.165,
  "FFUSDT": 0.08074,
  "ETCUSDT": 8.909,
  "\u5e01\u5b89\u4eba\u751fUSDT": 0.10967,
  "POLUSDT": 0.11466,
  "BARDUSDT": 0.8279,
  "CHZUSDT": 0.04385,
  "OPUSDT": 0.1971,
  "VIRTUALUSDT": 0.6718,
  "PARTIUSDT": 0.10796,
  "TIAUSDT": 0.3588,
  "SENTUSDT": 0.02298,
  "BTCDOMUSDT": 5041.7,
  "ONDOUSDT": 0.2848,
  "JUPUSDT": 0.164,
  "SEIUSDT": 0.0782,
  "ZKUSDT": 0.02303,
  "ZAMAUSDT": 0.02045,
  "ETHFIUSDT": 0.4928,
  "BTRUSDT": 0.21966,
  "SPACEUSDT": 0.012922,
  "0GUSDT": 0.6263,
  "BANUSDT": 0.09374,
  "PENDLEUSDT": 1.3026,
  "CCUSDT": 0.16644,
  "ALCHUSDT": 0.08811,
  "LDOUSDT": 0.3576,
  "ZENUSDT": 6.478,
  "INJUSDT": 3.26,
  "UBUSDT": 0.04697,
  "RENDERUSDT": 1.49,
  "KAITOUSDT": 0.3311,
  "SKYUSDT": 0.06869,
  "OMUSDT": 0.06102,
  "BANANAS31USDT": 0.00501,
  "ATUSDT": 0.16142,
  "1000RATSUSDT": 0.04958,
  "ENSOUSDT": 1.1583,
  "SANDUSDT": 0.09186,
  "CYSUSDT": 0.4932,
  "PYTHUSDT": 0.06202,
  "\u6211\u8e0f\u9a6c\u6765\u4e86USDT": 0.02638,
  "STABLEUSDT": 0.023257,
  "OGUSDT": 4.973,
  "GIGGLEUSDT": 33.38,
  "POWERUSDT": 0.27106,
  "NIGHTUSDT": 0.05855,
  "STRKUSDT": 0.05139,
  "DUSKUSDT": 0.112,
  "ROSEUSDT": 0.01326,
  "QUSDT": 0.020624,
  "AWEUSDT": 0.09071,
  "MSTRUSDT": 134.65,
  "COMPUSDT": 20.35,
  "SKYAIUSDT": 0.03943,
  "HOMEUSDT": 0.027558,
  "HANAUSDT": 0.03517,
  "CAKEUSDT": 1.3445,
  "TRADOORUSDT": 1.395,
  "METUSDT": 0.2287,
  "ALGOUSDT": 0.099,
  "USDCUSDT": 0.999833,
  "GPSUSDT": 0.011716,
  "PIEVERSEUSDT": 0.4236,
  "MYXUSDT": 2.323,
  "AVNTUSDT": 0.2135,
  "ZILUSDT": 0.00454,
  "LYNUSDT": 0.22186,
  "GALAUSDT": 0.00429,
  "SIRENUSDT": 0.16328,
  "ENSUSDT": 6.903,
  "LINEAUSDT": 0.003995,
  "AUCTIONUSDT": 5.437,
  "MUSDT": 1.3612,
  "MORPHOUSDT": 1.3484,
  "GUNUSDT": 0.02471,
  "BUSDT": 0.1477,
  "B2USDT": 0.7198,
  "EIGENUSDT": 0.2181,
  "ESPUSDT": 0.06143,
  "SUSDT": 0.04907,
  "MEUSDT": 0.1542,
  "TAKEUSDT": 0.04485,
  "VETUSDT": 0.008541,
  "AEROUSDT": 0.3251,
  "XTZUSDT": 0.422,
  "BIRBUSDT": 0.2039,
  "BEAMXUSDT": 0.002481,
  "XPINUSDT": 0.001656,
  "LAUSDT": 0.2236,
  "ZKPUSDT": 0.09649,
  "SYRUPUSDT": 0.28593,
  "DYDXUSDT": 0.112,
  "BIOUSDT": 0.02571,
  "HUMAUSDT": 0.013425,
  "FORMUSDT": 0.2267,
  "COLLECTUSDT": 0.07005,
  "PNUTUSDT": 0.05302,
  "MOVEUSDT": 0.02402,
  "VVVUSDT": 2.843,
  "LPTUSDT": 2.496,
  "NEOUSDT": 2.943,
  "RESOLVUSDT": 0.06276,
  "TSLAUSDT": 417.53,
  "BEATUSDT": 0.2765,
  "1000LUNCUSDT": 0.034,
  "MOODENGUSDT": 0.0581,
  "ORDIUSDT": 2.945,
  "BULLAUSDT": 0.02412,
  "JELLYJELLYUSDT": 0.05685,
  "COWUSDT": 0.227,
  "AIAUSDT": 0.12631,
  "RAVEUSDT": 0.37299,
  "LRCUSDT": 0.03451,
  "FOGOUSDT": 0.02318,
  "GUAUSDT": 0.14293,
  "NXPCUSDT": 0.288,
  "SOMIUSDT": 0.1983,
  "COAIUSDT": 0.4253,
  "STXUSDT": 0.2772,
  "ATHUSDT": 0.006601,
  "FHEUSDT": 0.0421,
  "STGUSDT": 0.1649,
  "ESPORTSUSDT": 0.35021,
  "JTOUSDT": 0.282,
  "1000FLOKIUSDT": 0.03386,
  "ALLOUSDT": 0.08426,
  "CLOUSDT": 0.08473,
  "MERLUSDT": 0.05941,
  "VANAUSDT": 1.636,
  "TRBUSDT": 16.633,
  "BANKUSDT": 0.04181,
  "PLUMEUSDT": 0.01167,
  "SPXUSDT": 0.3486,
  "TRIAUSDT": 0.02057,
  "XNYUSDT": 0.006317,
  "WCTUSDT": 0.06644,
  "ARUSDT": 2.128,
  "API3USDT": 0.3246,
  "EDUUSDT": 0.1306,
  "NMRUSDT": 8.813,
  "2ZUSDT": 0.08175,
  "JASMYUSDT": 0.006281,
  "CFXUSDT": 0.05629,
  "WUSDT": 0.02169,
  "QNTUSDT": 75.12,
  "FLOWUSDT": 0.04506,
  "XVGUSDT": 0.006464,
  "MANAUSDT": 0.1074,
  "GWEIUSDT": 0.027571,
  "4USDT": 0.01067,
  "MUBARAKUSDT": 0.01955,
  "EULUSDT": 1.018,
  "LIGHTUSDT": 0.2507,
  "ZKCUSDT": 0.1014,
  "APEUSDT": 0.1347,
  "BREVUSDT": 0.151,
  "UAIUSDT": 0.2449,
  "AZTECUSDT": 0.02245,
  "IRYSUSDT": 0.04332,
  "KAIAUSDT": 0.059,
  "GRTUSDT": 0.02879,
  "TAGUSDT": 0.0003784,
  "ACTUSDT": 0.01534,
  "NEIROUSDT": 8.16e-05,
  "TAUSDT": 0.03641,
  "THETAUSDT": 0.222,
  "TSTUSDT": 0.01251,
  "IOTAUSDT": 0.0719,
  "1INCHUSDT": 0.0999,
  "ZORAUSDT": 0.02197,
  "IMXUSDT": 0.1739,
  "MMTUSDT": 0.1392,
  "TNSRUSDT": 0.05536,
  "C98USDT": 0.0322,
  "JSTUSDT": 0.041621,
  "EGLDUSDT": 5.268,
  "SPKUSDT": 0.02252,
  "SFPUSDT": 0.268,
  "ZRXUSDT": 0.1144,
  "BOMEUSDT": 0.0004438,
  "AGTUSDT": 0.004893,
  "RUNEUSDT": 0.4228,
  "SKRUSDT": 0.023948,
  "FRAXUSDT": 0.6537,
  "GRASSUSDT": 0.2131,
  "AXLUSDT": 0.06338,
  "ANIMEUSDT": 0.005826,
  "MEGAUSDT": 0.1318,
  "FOLKSUSDT": 1.428,
  "FUSDT": 0.006465,
  "PROVEUSDT": 0.3348,
  "NOMUSDT": 0.005627,
  "BSVUSDT": 17.14,
  "SNXUSDT": 0.308,
  "MANTAUSDT": 0.07951,
  "YFIUSDT": 2870.0,
  "FIGHTUSDT": 0.006869,
  "PTBUSDT": 0.001382,
  "NILUSDT": 0.05635,
  "PEOPLEUSDT": 0.00732,
  "TWTUSDT": 0.5253,
  "ARKMUSDT": 0.1263,
  "NAORISUSDT": 0.03214,
  "MINAUSDT": 0.06865,
  "POPCATUSDT": 0.05714,
  "KASUSDT": 0.0335,
  "AUSDT": 0.0895,
  "TUTUSDT": 0.01241,
  "YBUSDT": 0.1871,
  "ACHUSDT": 0.008109,
  "GASUSDT": 1.716,
  "BLUAIUSDT": 0.006062,
  "KGENUSDT": 0.17874,
  "GMTUSDT": 0.01322,
  "TURBOUSDT": 0.0011706,
  "SIGNUSDT": 0.029,
  "BATUSDT": 0.1344,
  "SAHARAUSDT": 0.0168,
  "SOPHUSDT": 0.010046,
  "CYBERUSDT": 0.5908,
  "AVAAIUSDT": 0.00801,
  "ICNTUSDT": 0.4393,
  "SWARMSUSDT": 0.00788,
  "MAGICUSDT": 0.07049,
  "BASUSDT": 0.006366,
  "DEEPUSDT": 0.0292,
  "LAYERUSDT": 0.0946,
  "OPENUSDT": 0.1743,
  "SONICUSDT": 0.05017,
  "MEMEUSDT": 0.0007586,
  "TRUTHUSDT": 0.015333,
  "ZBTUSDT": 0.07441,
  "SOONUSDT": 0.1914,
  "BABYUSDT": 0.01399,
  "CATIUSDT": 0.04236,
  "AKEUSDT": 0.0002977,
  "SANTOSUSDT": 1.918,
  "BLURUSDT": 0.02218,
  "IOUSDT": 0.1121,
  "CELOUSDT": 0.09,
  "AIOUSDT": 0.0813,
  "YGGUSDT": 0.04329,
  "SUSHIUSDT": 0.2189,
  "SUPERUSDT": 0.132,
  "LUNA2USDT": 0.06439,
  "ONTUSDT": 0.0474,
  "THEUSDT": 0.2759,
  "TOSHIUSDT": 0.0002447,
  "INUSDT": 0.06789,
  "ALTUSDT": 0.00905,
  "BROCCOLI714USDT": 0.01566,
  "IDOLUSDT": 0.0206,
  "SOLVUSDT": 0.00507,
  "SYNUSDT": 0.04965,
  "CTSIUSDT": 0.0279,
  "STOUSDT": 0.05704,
  "GLMUSDT": 0.19742,
  "SUNUSDT": 0.017459,
  "XPTUSDT": 2070.31,
  "VELODROMEUSDT": 0.01501,
  "DYMUSDT": 0.04702,
  "MASKUSDT": 0.481,
  "IDUSDT": 0.0557,
  "AIXBTUSDT": 0.02239,
  "ASRUSDT": 1.447,
  "WALUSDT": 0.0877,
  "SKLUSDT": 0.00709,
  "HYPERUSDT": 0.1079,
  "ONUSDT": 0.09621,
  "RAREUSDT": 0.02041,
  "INITUSDT": 0.0706,
  "QTUMUSDT": 1.021,
  "KERNELUSDT": 0.06856,
  "ZEREBROUSDT": 0.00857,
  "ERAUSDT": 0.1657,
  "USELESSUSDT": 0.0382,
  "STBLUSDT": 0.04135,
  "MELANIAUSDT": 0.1224,
  "ANKRUSDT": 0.004769,
  "CVXUSDT": 1.99,
  "GUSDT": 0.004156,
  "KAVAUSDT": 0.0578,
  "VELVETUSDT": 0.07976,
  "BANANAUSDT": 4.867,
  "AINUSDT": 0.03547,
  "EDENUSDT": 0.03456,
  "HEMIUSDT": 0.01032,
  "DEXEUSDT": 2.363,
  "LISTAUSDT": 0.0963,
  "ORCAUSDT": 0.816,
  "ARPAUSDT": 0.01042,
  "SAPIENUSDT": 0.09335,
  "KMNOUSDT": 0.0303,
  "NOTUSDT": 0.0004222,
  "RSRUSDT": 0.001639,
  "POLYXUSDT": 0.04694,
  "RAYSOLUSDT": 0.652,