{
  "BTCUSDT": 68700.0,
  "ETHUSDT": 2000.04,
  "SOLUSDT": 84.55,
  "ETH/USDCUSDT": 1978.39,
  "BTC/USDCUSDT": 67875.1,
  "XRPUSDT": 1.4828,
  "INITUSDT": 0.1467,
  "XAGUSDT": 76.62,
  "DOGEUSDT": 0.10086,
  "BTC/USDUSDT": 68641.4,
  "ZECUSDT": 287.8,
  "ETH/USDUSDT": 1997.86,
  "1000PEPEUSDT": 0.0044492,
  "XAUUSDT": 4992.32,
  "SIRENUSDT": 0.22211,
  "BNBUSDT": 616.28,
  "VVVUSDT": 3.706,
  "PIPPINUSDT": 0.72099,
  "SPACEUSDT": 0.01227,
  "TAOUSDT": 188.24,
  "SOL/USDCUSDT": 84.54,
  "XRP/USDCUSDT": 1.4821,
  "HYPEUSDT": 29.861,
  "RIVERUSDT": 12.579,
  "SUIUSDT": 0.9654,
  "ASTERUSDT": 0.7217,
  "ADAUSDT": 0.2821,
  "AVAXUSDT": 9.158,
  "LINKUSDT": 8.793,
  "BCHUSDT": 560.62,
  "TRUMPUSDT": 3.405,
  "STABLEUSDT": 0.03008,
  "PAXGUSDT": 4995.67,
  "XRP/USDUSDT": 1.482,
  "WLFIUSDT": 0.1002,
  "LTCUSDT": 53.82,
  "FILUSDT": 0.96,
  "\u6211\u8e0f\u9a6c\u6765\u4e86USDT": 0.02073,
  "SOL/USDUSDT": 83.75,
  "UNIUSDT": 3.509,
  "ENAUSDT": 0.1203,
  "POWERUSDT": 0.27069,
  "FHEUSDT": 0.03828,
  "HUSDT": 0.19386,
  "BNB/USDCUSDT": 616.72,
  "PUMPUSDT": 0.002179,
  "PENGUUSDT": 0.007083,
  "KITEUSDT": 0.21074,
  "DOTUSDT": 1.349,
  "NEARUSDT": 1.047,
  "WIFUSDT": 0.2303,
  "DOGE/USDCUSDT": 0.10082,
  "ZAMAUSDT": 0.02375,
  "XPLUSDT": 0.1033,
  "FARTCOINUSDT": 0.1959,
  "IPUSDT": 1.169,
  "AAVEUSDT": 125.09,
  "BTRUSDT": 0.20101,
  "ZROUSDT": 1.6346,
  "WLDUSDT": 0.4006,
  "LITUSDT": 1.64,
  "AXSUSDT": 1.347,
  "BERAUSDT": 0.6388,
  "MOODENGUSDT": 0.06081,
  "EULUSDT": 1.036,
  "LUNA2USDT": 0.0667,
  "1000SHIBUSDT": 0.006501,
  "DOGE/USDUSDT": 0.10085,
  "PTBUSDT": 0.001729,
  "VIRTUALUSDT": 0.6431,
  "DASHUSDT": 37.89,
  "MOVEUSDT": 0.026,
  "TRXUSDT": 0.28307,
  "APTUSDT": 0.9094,
  "HBARUSDT": 0.10019,
  "UMAUSDT": 0.5606,
  "ZEC/USDCUSDT": 287.65,
  "XLMUSDT": 0.16826,
  "USELESSUSDT": 0.04667,
  "MUBARAKUSDT": 0.02041,
  "ARBUSDT": 0.1127,
  "1000BONKUSDT": 0.006462,
  "1000PEPE/USDCUSDT": 0.0044447,
  "XMRUSDT": 328.11,
  "\u5e01\u5b89\u4eba\u751fUSDT": 0.09891,
  "BULLAUSDT": 0.0313,
  "OGUSDT": 3.375,
  "SAGAUSDT": 0.034,
  "NILUSDT": 0.0591,
  "0GUSDT": 0.638,
  "OMUSDT": 0.05903,
  "DUSKUSDT": 0.1087,
  "CRVUSDT": 0.252,
  "BEATUSDT": 0.2691,
  "ETH/BTCUSDT": 1979.5117966,
  "ALLOUSDT": 0.08656,
  "BNB/USDUSDT": 617.36,
  "TONUSDT": 1.4396,
  "TAKEUSDT": 0.03159,
  "STORJUSDT": 0.1083,
  "CLOUSDT": 0.07442,
  "MYXUSDT": 1.872,
  "MONUSDT": 0.02333,
  "ETCUSDT": 8.72,
  "ICPUSDT": 2.364,
  "ESPUSDT": 0.05564,
  "AZTECUSDT": 0.02261,
  "ATOMUSDT": 2.216,
  "SUPERUSDT": 0.135,
  "ONDOUSDT": 0.2736,
  "COMPUSDT": 19.73,
  "TNSRUSDT": 0.05574,
  "ENSOUSDT": 1.0767,
  "OPUSDT": 0.1868,
  "HUMAUSDT": 0.014869,
  "SENTUSDT": 0.02184,
  "MERLUSDT": 0.06225,
  "RENDERUSDT": 1.428,
  "TRIAUSDT": 0.01725,
  "FIGHTUSDT": 0.007699,
  "TIAUSDT": 0.3377,
  "POLUSDT": 0.1059,
  "FETUSDT": 0.1704,
  "ZKPUSDT": 0.09215,
  "GALAUSDT": 0.00408,
  "ADA/USDUSDT": 0.282,
  "VICUSDT": 0.04898,
  "SEIUSDT": 0.0742,
  "JUPUSDT": 0.1579,
  "ZENUSDT": 6.14,
  "INJUSDT": 3.124,
  "LAUSDT": 0.2046,
  "CHZUSDT": 0.04088,
  "PLAYUSDT": 0.0243,
  "LPTUSDT": 2.456,
  "MORPHOUSDT": 1.3384,
  "ARCUSDT": 0.07933,
  "PYTHUSDT": 0.05579,
  "SUI/USDCUSDT": 0.9647,
  "1000LUNCUSDT": 0.03474,
  "MAGICUSDT": 0.07679,
  "MEUSDT": 0.1335,
  "PENDLEUSDT": 1.2242,
  "ROSEUSDT": 0.01206,
  "ALGOUSDT": 0.0942,
  "LDOUSDT": 0.3381,
  "NEIROUSDT": 7.68e-05,
  "SOMIUSDT": 0.1979,
  "SPXUSDT": 0.3172,
  "SANDUSDT": 0.08676,
  "GPSUSDT": 0.011325,
  "SHELLUSDT": 0.034,
  "TRUTHUSDT": 0.016125,
  "1000FLOKIUSDT": 0.03178,
  "COWUSDT": 0.2068,
  "DYDXUSDT": 0.108,
  "SUI/USDUSDT": 0.9649,
  "FOGOUSDT": 0.02378,
  "PROMUSDT": 1.495,
  "ZKUSDT": 0.0216,
  "ENSUSDT": 6.721,
  "SNXUSDT": 0.293,
  "ADA/USDCUSDT": 0.2818,
  "NAORISUSDT": 0.03212,
  "JCTUSDT": 0.00177,
  "COAIUSDT": 0.3526,
  "BCH/USDCUSDT": 560.13,
  "FIL/USDCUSDT": 0.96,
  "NOMUSDT": 0.005573,
  "ENA/USDCUSDT": 0.1201,
  "MANTAUSDT": 0.08076,
  "LYNUSDT": 0.24125,
  "STGUSDT": 0.1413,
  "GIGGLEUSDT": 31.82,
  "EIGENUSDT": 0.2074,
  "DYMUSDT": 0.04733,
  "LINEAUSDT": 0.003625,
  "ETHFIUSDT": 0.4715,
  "LINK/USDCUSDT": 8.788,
  "BANANAS31USDT": 0.004814,
  "STRKUSDT": 0.04812,
  "FRAXUSDT": 0.6611,
  "EDENUSDT": 0.03411,
  "SKLUSDT": 0.00713,
  "VETUSDT": 0.008204,
  "ONUSDT": 0.0961,
  "BIRBUSDT": 0.19264,
  "CAKEUSDT": 1.3024,
  "XPINUSDT": 0.001889,
  "JELLYJELLYUSDT": 0.06068,
  "ARIAUSDT": 0.08247,
  "GUNUSDT": 0.02345,
  "MSTRUSDT": 133.79,
  "MUSDT": 1.4304,
  "LINK/USDUSDT": 8.788,
  "ZILUSDT": 0.00428,
  "COLLECTUSDT": 0.07848,
  "PNUTUSDT": 0.05064,
  "SUSDT": 0.04803,
  "POPCATUSDT": 0.05376,
  "CYSUSDT": 0.5246,
  "ACEUSDT": 0.1716,
  "XANUSDT": 0.00898,
  "ORDIUSDT": 2.784,
  "FIL/USDUSDT": 0.96,
  "SYRUPUSDT": 0.243,
  "TRUMP/USDCUSDT": 3.404,
  "TURBOUSDT": 0.0010993,
  "KASUSDT": 0.03147,
  "TOSHIUSDT": 0.0002248,
  "TRBUSDT": 15.64,
  "SKRUSDT": 0.020796,
  "XAIUSDT": 0.01065,
  "XNYUSDT": 0.005807,
  "ARUSDT": 2.001,
  "C98USDT": 0.0299,
  "AVAX/USDCUSDT": 9.151,
  "ACUUSDT": 0.11419,
  "KSMUSDT": 4.692,
  "AVNTUSDT": 0.1993,
  "LIGHTUSDT": 0.2352,
  "XPDUSDT": 1732.8,
  "HAEDALUSDT": 0.02916,
  "SPORTFUNUSDT": 0.03793,
  "CCUSDT": 0.16041,
  "BROCCOLI714USDT": 0.01515,
  "AWEUSDT": 0.09608,
  "STXUSDT": 0.2633,
  "RESOLVUSDT": 0.06035,
  "APEUSDT": 0.1277,
  "KERNELUSDT": 0.06692,
  "GWEIUSDT": 0.028143,
  "MIRAUSDT": 0.0925,
  "FFUSDT": 0.08281,
  "WLFI/USDCUSDT": 0.1001,
  "ALPINEUSDT": 0.4496,
  "USTCUSDT": 0.005028,
  "CYBERUSDT": 0.5562,
  "MASKUSDT": 0.4673,
  "RAVEUSDT": 0.38926,
  "IP/USDCUSDT": 1.168,
  "AIAUSDT": 0.10696,
  "BIOUSDT": 0.02429,
  "BASUSDT": 0.00483,
  "JTOUSDT": 0.264,
  "GRTUSDT": 0.02764,
  "CFXUSDT": 0.05487,
  "BOMEUSDT": 0.000434,
  "CUSDT": 0.0574,
  "LRCUSDT": 0.03447,
  "AIXBTUSDT": 0.02112,
  "LTC/USDCUSDT": 53.79,
  "EGLDUSDT": 4.809,
  "XTZUSDT": 0.395,
  "XPTUSDT": 2045.1,
  "BTCDOMUSDT": 5062.6,
  "MEMEUSDT": 0.0007135,
  "RUNEUSDT": 0.3958,
  "BREVUSDT": 0.135,
  "JASMYUSDT": 0.005902,
  "ALICEUSDT": 0.112,
  "LSKUSDT": 0.1442,
  "AUCTIONUSDT": 5.271,
  "TOWNSUSDT": 0.004083,
  "MANAUSDT": 0.1013,
  "ARB/USDCUSDT": 0.1126,
  "DEEPUSDT": 0.02817,
  "PEOPLEUSDT": 0.00702,
  "PARTIUSDT": 0.10657,
  "KAITOUSDT": 0.3149,
  "OPENUSDT": 0.1585,
  "AEROUSDT": 0.3122,
  "ARKMUSDT": 0.1163,
  "LTC/USDUSDT": 53.79,
  "ESPORTSUSDT": 0.369,
  "ZKCUSDT": 0.098,
  "BANUSDT": 0.1003,
  "AIOUSDT": 0.07147,
  "MMTUSDT": 0.1313,
  "QNTUSDT": 69.99,
  "BATUSDT": 0.1273,
  "SQDUSDT": 0.04122,
  "ACTUSDT": 0.01556,
  "DOLOUSDT": 0.03809,
  "AXLUSDT": 0.06002,
  "BCH/USDUSDT": 560.0,
  "XVGUSDT": 0.006003,
  "FLOWUSDT": 0.0405,
  "SYNUSDT": 0.04968,
  "IRYSUSDT": 0.03739,
  "WUSDT": 0.02021,
  "TSLAUSDT": 417.57,
  "NIGHTUSDT": 0.05679,
  "VANAUSDT": 1.55,
  "SAPIENUSDT": 0.08814,
  "THETAUSDT": 0.2053,
  "UNI/USDUSDT": 3.506,
  "BEAMXUSDT": 0.002448,
  "IRUSDT": 0.08126,
  "YFIUSDT": 2867.0,
  "B3USDT": 0.000449,
  "BABYUSDT": 0.01396,
  "BARDUSDT": 0.7926,
  "ACHUSDT": 0.007645,
  "METUSDT": 0.2194,
  "NEAR/USDCUSDT": 1.045,
  "ALCHUSDT": 0.08298,
  "MAGMAUSDT": 0.10076,
  "PENGU/USDCUSDT": 0.007077,
  "RAYSOLUSDT": 0.6159,
  "EDUUSDT": 0.1297,
  "KAIAUSDT": 0.05685,
  "NEOUSDT": 2.826,
  "CRV/USDCUSDT": 0.2527,
  "KGENUSDT": 0.16752,
  "CHRUSDT": 0.0259,
  "ZORAUSDT": 0.02081,
  "RECALLUSDT": 0.04825,
  "WCTUSDT": 0.06281,
  "4USDT": 0.00988,
  "GMTUSDT": 0.01226,
  "NMRUSDT": 8.48,
  "TREEUSDT": 0.0721,
  "TLMUSDT": 0.001757,
  "REZUSDT": 0.003098,
  "SKYUSDT": 0.06658,
  "PLUMEUSDT": 0.01077,
  "HANAUSDT": 0.03923,
  "1INCHUSDT": 0.0938,
  "UAIUSDT": 0.2452,
  "ICNTUSDT": 0.4779,
  "AVAX/USDUSDT": 9.14,
  "SOONUSDT": 0.1861,
  "COINUSDT": 164.62,
  "TWTUSDT": 0.5191,
  "FOLKSUSDT": 1.344,
  "1000SATSUSDT": 1.18e-05,
  "APRUSDT": 0.09887,
  "WIF/USDCUSDT": 0.23,
  "ARPAUSDT": 0.01021,
  "2ZUSDT": 0.07641,
  "MINAUSDT": 0.06577,
  "API3USDT": 0.3164,
  "HEMIUSDT": 0.01041,
  "FUNUSDT": 0.001302,
  "INUSDT": 0.0638,
  "IMXUSDT": 0.1644,
  "TRADOORUSDT": 1.351,
  "SUSHIUSDT": 0.2088,