{
  "BTCUSDT": 69570.6,
  "ETHUSDT": 2058.2,
  "BTC/USDCUSDT": 68947.0,
  "XAGUSDT": 89.65,
  "SOLUSDT": 87.64,
  "XAUUSDT": 5337.01,
  "ETH/USDCUSDT": 2042.19,
  "BTC/USDUSDT": 69577.7,
  "XRPUSDT": 1.3955,
  "ETH/USDUSDT": 2058.21,
  "DOGEUSDT": 0.09522,
  "HYPEUSDT": 32.199,
  "BNBUSDT": 634.58,
  "PAXGUSDT": 5349.95,
  "POWERUSDT": 2.18133,
  "1000PEPEUSDT": 0.0035809,
  "SOL/USDCUSDT": 87.64,
  "ARCUSDT": 0.05071,
  "SIRENUSDT": 0.41041,
  "VVVUSDT": 8.26,
  "ZECUSDT": 219.61,
  "NEARUSDT": 1.323,
  "SUIUSDT": 0.9359,
  "SAHARAUSDT": 0.02457,
  "RIVERUSDT": 14.309,
  "ADAUSDT": 0.2802,
  "ROBOUSDT": 0.05837,
  "XRP/USDCUSDT": 1.3955,
  "AVAXUSDT": 9.228,
  "BCHUSDT": 442.93,
  "DOTUSDT": 1.527,
  "LINKUSDT": 9.021,
  "LYNUSDT": 0.34162,
  "PIPPINUSDT": 0.56034,
  "FILUSDT": 0.992,
  "SOL/USDUSDT": 86.86,
  "ASTERUSDT": 0.6842,
  "OPNUSDT": 0.5818,
  "PUMPUSDT": 0.001993,
  "TAOUSDT": 186.31,
  "BNB/USDUSDT": 635.01,
  "ETH/BTCUSDT": 2041.117974,
  "AAVEUSDT": 122.83,
  "ENAUSDT": 0.1153,
  "LTCUSDT": 54.78,
  "KNCUSDT": 0.1477,
  "ENSOUSDT": 1.3918,
  "UNIUSDT": 3.922,
  "TSLAUSDT": 401.06,
  "KAVAUSDT": 0.0568,
  "BNB/USDCUSDT": 634.88,
  "VIRTUALUSDT": 0.7701,
  "GRASSUSDT": 0.3125,
  "ESPUSDT": 0.12517,
  "1000SHIBUSDT": 0.00563,
  "XRP/USDUSDT": 1.3948,
  "WIFUSDT": 0.2021,
  "WLDUSDT": 0.4104,
  "ZROUSDT": 1.8642,
  "PENGUUSDT": 0.007179,
  "HIPPOUSDT": 0.0007885,
  "ARBUSDT": 0.1033,
  "KITEUSDT": 0.23026,
  "CRVUSDT": 0.253,
  "WLFIUSDT": 0.1085,
  "DENTUSDT": 0.000303,
  "CRCLUSDT": 95.8,
  "DOGE/USDUSDT": 0.0952,
  "FORMUSDT": 0.2962,
  "APTUSDT": 0.9674,
  "OPUSDT": 0.1263,
  "HBARUSDT": 0.09963,
  "XPLUSDT": 0.1051,
  "DOGE/USDCUSDT": 0.09521,
  "GALAUSDT": 0.00358,
  "FARTCOINUSDT": 0.1624,
  "TRUMPUSDT": 3.498,
  "ALICEUSDT": 0.143,
  "BULLAUSDT": 0.02589,
  "XMRUSDT": 346.74,
  "XLMUSDT": 0.15837,
  "ETCUSDT": 8.816,
  "1000BONKUSDT": 0.006099,
  "DASHUSDT": 34.64,
  "TONUSDT": 1.2303,
  "TRXUSDT": 0.28239,
  "FIOUSDT": 0.01073,
  "ICPUSDT": 2.413,
  "AXSUSDT": 1.271,
  "SEIUSDT": 0.06963,
  "POLUSDT": 0.1018,
  "KATUSDT": 0.02574,
  "TIAUSDT": 0.3332,
  "SUI/USDCUSDT": 0.9358,
  "ONDOUSDT": 0.2604,
  "ATOMUSDT": 1.851,
  "BEATUSDT": 0.2669,
  "XPTUSDT": 2319.03,
  "GWEIUSDT": 0.041993,
  "IPUSDT": 0.855,
  "\u5e01\u5b89\u4eba\u751fUSDT": 0.06194,
  "JUPUSDT": 0.1785,
  "FETUSDT": 0.1525,
  "PHAUSDT": 0.02523,
  "INJUSDT": 3.105,
  "HOODUSDT": 78.88,
  "RAVEUSDT": 0.35641,
  "MSTRUSDT": 137.74,
  "ZETAUSDT": 0.05719,
  "BARDUSDT": 0.9976,
  "ZAMAUSDT": 0.01968,
  "RENDERUSDT": 1.37,
  "LITUSDT": 1.369,
  "LDOUSDT": 0.3104,
  "TLMUSDT": 0.001707,
  "SANDUSDT": 0.08606,
  "MYXUSDT": 0.383,
  "MORPHOUSDT": 1.9257,
  "SPXUSDT": 0.3332,
  "CHZUSDT": 0.03492,
  "ADA/USDUSDT": 0.2803,
  "IMXUSDT": 0.1664,
  "BERAUSDT": 0.6125,
  "ZEC/USDCUSDT": 219.58,
  "STEEMUSDT": 0.06126,
  "AIXBTUSDT": 0.02317,
  "FIL/USDCUSDT": 0.993,
  "1000PEPE/USDCUSDT": 0.0035814,
  "WETUSDT": 0.10363,
  "ALGOUSDT": 0.0888,
  "NEAR/USDCUSDT": 1.322,
  "MIRAUSDT": 0.0929,
  "SKYAIUSDT": 0.04663,
  "AZTECUSDT": 0.02168,
  "BCH/USDCUSDT": 442.78,
  "ATUSDT": 0.15908,
  "ATHUSDT": 0.006332,
  "UAIUSDT": 0.1947,
  "ORDIUSDT": 2.477,
  "MONUSDT": 0.02134,
  "ADA/USDCUSDT": 0.2802,
  "TRUUSDT": 0.005504,
  "YGGUSDT": 0.04,
  "SUI/USDUSDT": 0.9355,
  "HUSDT": 0.12563,
  "PLTRUSDT": 145.52,
  "STABLEUSDT": 0.031902,
  "LAYERUSDT": 0.0895,
  "NEIROUSDT": 6.958e-05,
  "0GUSDT": 0.6289,
  "EIGENUSDT": 0.1863,
  "DYDXUSDT": 0.097,
  "LINK/USDUSDT": 9.02,
  "1000FLOKIUSDT": 0.02848,
  "APEUSDT": 0.1055,
  "1000LUNCUSDT": 0.04253,
  "SNXUSDT": 0.319,
  "SPACEUSDT": 0.007261,
  "STGUSDT": 0.165,
  "LINK/USDCUSDT": 9.02,
  "4USDT": 0.00955,
  "SIGNUSDT": 0.02687,
  "ETHFIUSDT": 0.5106,
  "JELLYJELLYUSDT": 0.07624,
  "BREVUSDT": 0.1409,
  "PENDLEUSDT": 1.3186,
  "SENTUSDT": 0.02121,
  "CAKEUSDT": 1.3489,
  "BIOUSDT": 0.02065,
  "ARUSDT": 1.636,
  "XPDUSDT": 1788.65,
  "SKRUSDT": 0.021681,
  "CCUSDT": 0.15876,
  "\u6211\u8e0f\u9a6c\u6765\u4e86USDT": 0.010802,
  "PIEVERSEUSDT": 0.5421,
  "ZENUSDT": 5.571,
  "USUALUSDT": 0.01445,
  "AVAX/USDCUSDT": 9.229,
  "VETUSDT": 0.007336,
  "STRKUSDT": 0.0414,
  "XTZUSDT": 0.377,
  "COINUSDT": 184.38,
  "GIGGLEUSDT": 26.57,
  "AGLDUSDT": 0.2248,
  "JTOUSDT": 0.2795,
  "TRIAUSDT": 0.01961,
  "TRBUSDT": 14.42,
  "ZILUSDT": 0.00426,
  "ZKPUSDT": 0.0885,
  "DUSKUSDT": 0.08352,
  "AMZNUSDT": 208.13,
  "BASUSDT": 0.006268,
  "ZKUSDT": 0.01893,
  "LINEAUSDT": 0.003283,
  "ROSEUSDT": 0.01163,
  "SUNUSDT": 0.015844,
  "JASMYUSDT": 0.00547,
  "MOODENGUSDT": 0.05053,
  "ACEUSDT": 0.1555,
  "HOLOUSDT": 0.06057,
  "EULUSDT": 1.089,
  "1000RATSUSDT": 0.03827,
  "ENSUSDT": 6.147,
  "ENA/USDCUSDT": 0.1153,
  "USELESSUSDT": 0.04284,
  "INTCUSDT": 45.33,
  "KSMUSDT": 4.839,
  "NEWTUSDT": 0.07158,
  "SOMIUSDT": 0.1895,
  "PNUTUSDT": 0.04598,
  "INITUSDT": 0.08105,
  "PTBUSDT": 0.001215,
  "CYBERUSDT": 0.5586,
  "MANAUSDT": 0.099,
  "LTC/USDCUSDT": 54.78,
  "BIRBUSDT": 0.15342,
  "ARKMUSDT": 0.1103,
  "GPSUSDT": 0.009072,
  "GRTUSDT": 0.0262,
  "SYRUPUSDT": 0.23888,
  "FOLKSUSDT": 1.242,
  "ICXUSDT": 0.0367,
  "ORCAUSDT": 0.877,
  "UMAUSDT": 0.4391,
  "AEROUSDT": 0.3457,
  "LAUSDT": 0.2216,
  "PYTHUSDT": 0.0502,
  "AVNTUSDT": 0.1757,
  "SUSDT": 0.04083,
  "MASKUSDT": 0.4409,
  "LTC/USDUSDT": 54.79,
  "CRV/USDCUSDT": 0.2535,
  "TURBOUSDT": 0.0009927,
  "ALLOUSDT": 0.11065,
  "ARB/USDCUSDT": 0.1032,
  "RPLUSDT": 1.93,
  "QUSDT": 0.025527,
  "EGLDUSDT": 4.471,
  "1INCHUSDT": 0.0953,
  "NILUSDT": 0.05444,
  "1000SATSUSDT": 1.15e-05,
  "AAVE/USDCUSDT": 122.72,
  "STXUSDT": 0.2587,
  "FIL/USDUSDT": 0.993,
  "KASUSDT": 0.03025,
  "BTCDOMUSDT": 5123.3,
  "COLLECTUSDT": 0.04058,
  "BCH/USDUSDT": 442.99,
  "TAKEUSDT": 0.02191,
  "BOMEUSDT": 0.0003968,
  "COMPUSDT": 17.8,
  "CLOUSDT": 0.07181,
  "FOGOUSDT": 0.02489,
  "WUSDT": 0.01926,
  "GMTUSDT": 0.0115,
  "AXLUSDT": 0.05486,
  "WOOUSDT": 0.01782,
  "NOMUSDT": 0.003642,
  "COSUSDT": 0.001065,
  "USDCUSDT": 0.999394,
  "THETAUSDT": 0.1942,
  "DOT/USDUSDT": 1.527,
  "RUNEUSDT": 0.4088,
  "MERLUSDT": 0.04177,
  "NEAR/USDUSDT": 1.323,
  "LPTUSDT": 2.351,
  "NEOUSDT": 2.66,
  "AAVE/USDUSDT": 122.79,
  "KAITOUSDT": 0.3347,
  "NIGHTUSDT": 0.0594,
  "POWRUSDT": 0.0654,
  "SUSHIUSDT": 0.2074,
  "YBUSDT": 0.177,
  "BANANAS31USDT": 0.00501,
  "PENGU/USDCUSDT": 0.007177,
  "HUMAUSDT": 0.012531,
  "IOTAUSDT": 0.0677,
  "MEUSDT": 0.1166,
  "ZBTUSDT": 0.07554,
  "STBLUSDT": 0.04112,
  "UNI/USDCUSDT": 3.919,
  "BUSDT": 0.1994,
  "LIGHTUSDT": 0.193,
  "C98USDT": 0.0259,
  "MOVEUSDT": 0.02215,
  "SKYUSDT": 0.07099,
  "CELOUSDT": 0.078,
  "CFXUSDT": 0.04913,
  "FLOWUSDT": 0.0358,
  "DEXEUSDT": 3.557,
  "PEOPLEUSDT": 0.00646,
  "WCTUSDT": 0.05999,
  "LUNA2USDT": 0.06364,
  "AVAX/USDUSDT": 9.22,
  "MUBARAKUSDT": 0.01395,
  "MUSDT": 1.5048,
  "PARTIUSDT": 0.09268,
  "MBOXUSDT": 0.01871,
  "METUSDT": 0.1777,
  "COWUSDT": 0.2194,
  "MEMEUSDT": 0.0005929,
  "YFIUSDT": 2720.0,
  "ZRXUSDT": 0.1076,
  "QNTUSDT": 63.35,
  "KERNELUSDT": 0.07684,
  "PLUMEUSDT": 0.00951,
  "RAYSOLUSDT": 0.6066,
  "IOTXUSDT": 0.00477,
  "SPORTFUNUSDT": 0.04758,
  "PROVEUSDT": 0.303,
  "WIF/USDCUSDT": 0.202,
  "UNI/USDUSDT": 3.92,
  "AIAUSDT": 0.08843,
  "CVCUSDT": 0.03084,
  "BATUSDT": 0.1054,
  "IP/USDCUSDT": 0.855,
  "BOBUSDT": 0.005807,
  "ZORAUSDT": 0.01783,
  "NAORISUSDT": 0.03021,
  "SOPHUSDT": 0.0091,
  "NOTUSDT": 0.0003687,
  "RSRUSDT": 0.001517,
  "TRUTHUSDT": 0.00938,
  "VICUSDT": 0.04614,
  "FIGHTUSDT": 0.006065,
  "FRAXUSDT": 0.5954,
  "AWEUSDT": 0.05171,
  "AUCTIONUSDT": 4.863,
  "OGUSDT": 2.843,
  "HOTUSDT": 0.000384,
  "AIOUSDT": 0.08345,
  "TNSRUSDT": 0.04558,
  "SSVUSDT": 2.759,
  "BTRUSDT": 0.18075,
  "SAPIENUSDT": 0.08459,
  "POPCATUSDT": 0.04818,
  "UBUSDT": 0.03416,
  "FFUSDT": 0.07943,
  "WLD/USDCUSDT": 0.4103,
  "ACHUSDT": 0.00678,
  "ZKCUSDT": 0.085,
  "QTUMUSDT": 0.931,
  "XLM/USDUSDT": 0.15834,
  "IRYSUSDT": 0.01931,
  "GUAUSDT": 0.23208,
  "CYSUSDT": 0.3001,
  "IOUSDT": 0.1112,
  "POLYXUSDT": 0.04286,
  "GOATUSDT": 0.01886,