{
  "BTCUSDT": 67103.4,
  "ETHUSDT": 1973.4,
  "SOLUSDT": 84.35,
  "XRPUSDT": 1.4681,
  "BNBUSDT": 614.25,
  "BCHUSDT": 559.88,
  "DOGEUSDT": 0.10062,
  "HYPEUSDT": 29.008,
  "XAGUSDT": 72.86,
  "ZECUSDT": 294.33,
  "PAXGUSDT": 4887.8,
  "XAUUSDT": 4886.59,
  "TRXUSDT": 0.28105,
  "SUIUSDT": 0.9612,
  "ASTERUSDT": 0.7044,
  "LINKUSDT": 8.767,
  "ADAUSDT": 0.2795,
  "1000PEPEUSDT": 0.0043637,
  "LTCUSDT": 53.67,
  "AVAXUSDT": 9.088,
  "UNIUSDT": 3.501,
  "ENAUSDT": 0.1194,
  "PUMPUSDT": 0.002169,
  "WLFIUSDT": 0.1063,
  "PIPPINUSDT": 0.49223,
  "AAVEUSDT": 125.26,
  "NEARUSDT": 1.04,
  "KITEUSDT": 0.20573,
  "LITUSDT": 1.538,
  "TRUMPUSDT": 3.45,
  "WLDUSDT": 0.3945,
  "TAOUSDT": 189.44,
  "XPLUSDT": 0.0956,
  "FILUSDT": 0.954,
  "ARCUSDT": 0.07793,
  "DOTUSDT": 1.339,
  "TONUSDT": 1.414,
  "ZROUSDT": 1.573,
  "ATOMUSDT": 2.213,
  "APTUSDT": 0.9085,
  "1000SHIBUSDT": 0.006472,
  "HBARUSDT": 0.10125,
  "HUSDT": 0.18213,
  "BERAUSDT": 0.661,
  "RIVERUSDT": 9.29,
  "ARBUSDT": 0.1121,
  "XLMUSDT": 0.1652,
  "AXSUSDT": 1.33,
  "XMRUSDT": 333.4,
  "ICPUSDT": 2.356,
  "MONUSDT": 0.02174,
  "WIFUSDT": 0.2283,
  "FFUSDT": 0.07994,
  "PENGUUSDT": 0.007036,
  "CRVUSDT": 0.25,
  "FETUSDT": 0.1699,
  "FARTCOINUSDT": 0.1918,
  "IPUSDT": 1.142,
  "ETCUSDT": 8.632,
  "BARDUSDT": 0.7788,
  "\u5e01\u5b89\u4eba\u751fUSDT": 0.09736,
  "CHZUSDT": 0.04028,
  "1000BONKUSDT": 0.006466,
  "PARTIUSDT": 0.10652,
  "DASHUSDT": 37.3,
  "OPUSDT": 0.1856,
  "POLUSDT": 0.10784,
  "BTCDOMUSDT": 5025.4,
  "TIAUSDT": 0.3397,
  "ONDOUSDT": 0.2722,
  "SENTUSDT": 0.02173,
  "VVVUSDT": 4.129,
  "VIRTUALUSDT": 0.6337,
  "ORCAUSDT": 1.228,
  "0GUSDT": 0.6544,
  "BANUSDT": 0.10869,
  "ZKUSDT": 0.02166,
  "SEIUSDT": 0.0737,
  "ETHFIUSDT": 0.4749,
  "POWERUSDT": 0.31852,
  "STABLEUSDT": 0.028499,
  "JUPUSDT": 0.1616,
  "ZAMAUSDT": 0.01828,
  "CYSUSDT": 0.5665,
  "CCUSDT": 0.16708,
  "UBUSDT": 0.0488,
  "ALCHUSDT": 0.08342,
  "INITUSDT": 0.11064,
  "SIRENUSDT": 0.21164,
  "JTOUSDT": 0.3126,
  "PENDLEUSDT": 1.2124,
  "BTRUSDT": 0.19527,
  "LDOUSDT": 0.3373,
  "INJUSDT": 3.085,
  "KAITOUSDT": 0.3139,
  "ENSOUSDT": 1.1403,
  "ATUSDT": 0.15859,
  "RENDERUSDT": 1.438,
  "1000RATSUSDT": 0.0463,
  "ZENUSDT": 6.135,
  "QUSDT": 0.020688,
  "NIGHTUSDT": 0.0561,
  "SANDUSDT": 0.08557,
  "GPSUSDT": 0.012855,
  "MUSDT": 1.543,
  "HANAUSDT": 0.03614,
  "BANANAS31USDT": 0.004441,
  "HOMEUSDT": 0.027641,
  "OMUSDT": 0.05874,
  "AWEUSDT": 0.08512,
  "SPACEUSDT": 0.011304,
  "LYNUSDT": 0.23605,
  "STRKUSDT": 0.04801,
  "DUSKUSDT": 0.10158,
  "JELLYJELLYUSDT": 0.07267,
  "SKYAIUSDT": 0.03701,
  "SKYUSDT": 0.06156,
  "GIGGLEUSDT": 30.13,
  "ROSEUSDT": 0.01258,
  "TRADOORUSDT": 1.382,
  "\u6211\u8e0f\u9a6c\u6765\u4e86USDT": 0.017715,
  "ALGOUSDT": 0.0929,
  "PYTHUSDT": 0.05647,
  "ESPUSDT": 0.06046,
  "GUNUSDT": 0.02583,
  "CAKEUSDT": 1.2904,
  "USDCUSDT": 0.999949,
  "MORPHOUSDT": 1.5035,
  "PIEVERSEUSDT": 0.3971,
  "GALAUSDT": 0.00401,
  "MYXUSDT": 1.46,
  "HUMAUSDT": 0.014923,
  "MOVEUSDT": 0.02539,
  "AVNTUSDT": 0.2046,
  "ZILUSDT": 0.00422,
  "MSTRUSDT": 127.62,
  "COMPUSDT": 18.74,
  "METUSDT": 0.2187,
  "COLLECTUSDT": 0.07847,
  "XPINUSDT": 0.001827,
  "B2USDT": 0.6997,
  "MEUSDT": 0.1355,
  "CYBERUSDT": 0.6998,
  "LAUSDT": 0.2115,
  "BUSDT": 0.1388,
  "ZKPUSDT": 0.09306,
  "1000LUNCUSDT": 0.03354,
  "EIGENUSDT": 0.2054,
  "SYRUPUSDT": 0.2413,
  "BEAMXUSDT": 0.002365,
  "SUSDT": 0.04827,
  "BULLAUSDT": 0.02677,
  "LINEAUSDT": 0.003703,
  "ENSUSDT": 6.635,
  "AUCTIONUSDT": 5.195,
  "XTZUSDT": 0.395,
  "ESPORTSUSDT": 0.38496,
  "ALLOUSDT": 0.09378,
  "TSLAUSDT": 409.74,
  "VETUSDT": 0.008092,
  "BIOUSDT": 0.02414,
  "DYDXUSDT": 0.107,
  "FORMUSDT": 0.2182,
  "NEOUSDT": 2.77,
  "PNUTUSDT": 0.04996,
  "GUAUSDT": 0.1468,
  "RAVEUSDT": 0.3919,
  "ORDIUSDT": 2.773,
  "RPLUSDT": 2.228,
  "NXPCUSDT": 0.2735,
  "CLOUSDT": 0.0872,
  "FOGOUSDT": 0.02418,
  "AEROUSDT": 0.3129,
  "RESOLVUSDT": 0.06341,
  "BIRBUSDT": 0.18999,
  "OGUSDT": 3.384,
  "FHEUSDT": 0.04224,
  "PLUMEUSDT": 0.01081,
  "MERLUSDT": 0.06357,
  "BEATUSDT": 0.2511,
  "1000FLOKIUSDT": 0.03164,
  "LPTUSDT": 2.445,
  "STGUSDT": 0.136,
  "SOMIUSDT": 0.191,
  "LRCUSDT": 0.03451,
  "STXUSDT": 0.2612,
  "TRIAUSDT": 0.01729,
  "ATHUSDT": 0.005947,
  "EDUUSDT": 0.1291,
  "VANAUSDT": 1.545,
  "MMTUSDT": 0.1379,
  "MOODENGUSDT": 0.05887,
  "TRBUSDT": 15.587,
  "ZORAUSDT": 0.02234,
  "GWEIUSDT": 0.028374,
  "AIAUSDT": 0.11254,
  "BANKUSDT": 0.04123,
  "APEUSDT": 0.1256,
  "2ZUSDT": 0.07786,
  "WUSDT": 0.02037,
  "ARUSDT": 2.021,
  "SPXUSDT": 0.3428,
  "COAIUSDT": 0.3442,
  "JASMYUSDT": 0.005905,
  "WCTUSDT": 0.06225,
  "NMRUSDT": 8.427,
  "API3USDT": 0.3111,
  "EULUSDT": 0.945,
  "CFXUSDT": 0.05417,
  "MANAUSDT": 0.1004,
  "FLOWUSDT": 0.0389,
  "LUNA2USDT": 0.06448,
  "USELESSUSDT": 0.04812,
  "TAGUSDT": 0.0003878,
  "4USDT": 0.00968,
  "TAUSDT": 0.03685,
  "BREVUSDT": 0.1401,
  "IMXUSDT": 0.165,
  "MAGICUSDT": 0.0758,
  "QNTUSDT": 70.15,
  "JSTUSDT": 0.04253,
  "LIGHTUSDT": 0.2381,
  "XNYUSDT": 0.004996,
  "SPKUSDT": 0.02109,
  "UAIUSDT": 0.2294,
  "AZTECUSDT": 0.01936,
  "SFPUSDT": 0.2699,
  "GRTUSDT": 0.0276,
  "MUBARAKUSDT": 0.01965,
  "PTBUSDT": 0.001428,
  "1INCHUSDT": 0.0945,
  "ZRXUSDT": 0.1087,
  "KAIAUSDT": 0.05734,
  "COWUSDT": 0.2118,
  "AGTUSDT": 0.00465,
  "TWTUSDT": 0.5583,
  "ZKCUSDT": 0.0972,
  "BOMEUSDT": 0.0004293,
  "YFIUSDT": 2842.0,
  "THETAUSDT": 0.2044,
  "IOTAUSDT": 0.0687,
  "ANIMEUSDT": 0.00539,
  "RAYSOLUSDT": 0.6534,
  "SKRUSDT": 0.021552,
  "MANTAUSDT": 0.07837,
  "NEIROUSDT": 7.54e-05,
  "SNXUSDT": 0.296,
  "EGLDUSDT": 4.635,
  "NOMUSDT": 0.005431,
  "MEGAUSDT": 0.13122,
  "RUNEUSDT": 0.4022,
  "AXLUSDT": 0.06025,
  "FIGHTUSDT": 0.006426,
  "NILUSDT": 0.05545,
  "FRAXUSDT": 0.6964,
  "ARKMUSDT": 0.1171,
  "TAKEUSDT": 0.02645,
  "SAHARAUSDT": 0.01583,
  "CVXUSDT": 2.084,
  "TNSRUSDT": 0.05296,
  "BLUAIUSDT": 0.005522,
  "PEOPLEUSDT": 0.00693,
  "MINAUSDT": 0.06532,
  "ACTUSDT": 0.01502,
  "AUSDT": 0.0841,
  "PROVEUSDT": 0.3202,
  "GRASSUSDT": 0.1984,
  "C98USDT": 0.0311,
  "FUSDT": 0.006433,
  "TSTUSDT": 0.0108,
  "SIGNUSDT": 0.02678,
  "IOUSDT": 0.112,
  "FOLKSUSDT": 1.303,
  "YBUSDT": 0.1728,
  "BSVUSDT": 16.65,
  "SUPERUSDT": 0.1303,
  "TUTUSDT": 0.01171,
  "SOPHUSDT": 0.009794,
  "TURBOUSDT": 0.0010904,
  "AVAAIUSDT": 0.00773,
  "OPENUSDT": 0.1595,
  "BATUSDT": 0.1272,
  "KGENUSDT": 0.1658,
  "UMAUSDT": 0.524,
  "KASUSDT": 0.03156,
  "TRUTHUSDT": 0.010272,
  "ACHUSDT": 0.007917,
  "GASUSDT": 1.637,
  "SONICUSDT": 0.0522,
  "GMTUSDT": 0.01234,
  "SANTOSUSDT": 1.894,
  "SWARMSUSDT": 0.00725,
  "SUSHIUSDT": 0.2085,
  "LAYERUSDT": 0.09,
  "XVGUSDT": 0.006005,
  "BABYUSDT": 0.01395,
  "CATIUSDT": 0.04058,
  "POPCATUSDT": 0.05206,
  "AIOUSDT": 0.07513,
  "BASUSDT": 0.006084,
  "IRYSUSDT": 0.02925,
  "ZBTUSDT": 0.07189,
  "ICNTUSDT": 0.4126,
  "XPTUSDT": 2029.31,
  "MASKUSDT": 0.4689,
  "IDOLUSDT": 0.02095,
  "DRIFTUSDT": 0.0958,
  "BLURUSDT": 0.02105,
  "AKEUSDT": 0.0002664,
  "YGGUSDT": 0.04064,
  "CELOUSDT": 0.084,
  "DEEPUSDT": 0.02934,
  "ONTUSDT": 0.0466,
  "SOLVUSDT": 0.00465,
  "ALTUSDT": 0.00891,
  "SOONUSDT": 0.1751,
  "SUNUSDT": 0.017054,
  "VELVETUSDT": 0.08488,
  "MEMEUSDT": 0.0007108,
  "VELODROMEUSDT": 0.01449,
  "ASRUSDT": 1.435,
  "STORJUSDT": 0.1027,
  "STOUSDT": 0.05583,
  "GLMUSDT": 0.1793,
  "CTSIUSDT": 0.0269,
  "KMNOUSDT": 0.02972,
  "PLAYUSDT": 0.02327,
  "RAREUSDT": 0.02002,
  "IDUSDT": 0.05057,
  "ZEREBROUSDT": 0.00823,
  "PROMUSDT": 1.42,
  "THEUSDT": 0.27,
  "ANKRUSDT": 0.004652,
  "INUSDT": 0.06488,
  "DEXEUSDT": 2.36,
  "ERAUSDT": 0.1599,
  "MELANIAUSDT": 0.1191,
  "SKLUSDT": 0.00694,
  "RSRUSDT": 0.001539,
  "SAGAUSDT": 0.03446,
  "AIXBTUSDT": 0.02091,
  "QTUMUSDT": 0.959,
  "GMXUSDT": 6.464,
  "KSMUSDT": 4.8,
  "LISTAUSDT": 0.094,
  "SYNUSDT": 0.05089,
  "WALUSDT": 0.0835,
  "KERNELUSDT": 0.06648,
  "ARPAUSDT": 0.01022,
  "ONUSDT": 0.09387,
  "EDENUSDT": 0.03439,
  "DEGOUSDT": 0.3398,
  "AINUSDT": 0.03446,
  "HYPERUSDT": 0.1013,
  "HEMIUSDT": 0.01038,
  "KAVAUSDT": 0.0539,
  "LSKUSDT": 0.1432,