{
  "BTCUSDT": 67395.0,
  "ETHUSDT": 2027.28,
  "SOLUSDT": 86.14,
  "XRPUSDT": 1.3936,
  "BNBUSDT": 622.95,
  "DOGEUSDT": 0.09682,
  "BCHUSDT": 480.18,
  "HYPEUSDT": 28.331,
  "XAGUSDT": 88.82,
  "XAUUSDT": 5198.23,
  "PAXGUSDT": 5206.08,
  "WLFIUSDT": 0.1158,
  "ADAUSDT": 0.2854,
  "ZECUSDT": 238.4,
  "TRXUSDT": 0.28578,
  "UNIUSDT": 3.825,
  "SUIUSDT": 0.9285,
  "AVAXUSDT": 9.251,
  "ASTERUSDT": 0.7011,
  "LINKUSDT": 9.075,
  "PIPPINUSDT": 0.8488,
  "LTCUSDT": 55.39,
  "1000PEPEUSDT": 0.0038324,
  "PUMPUSDT": 0.001737,
  "ENAUSDT": 0.1044,
  "DOTUSDT": 1.563,
  "NEARUSDT": 1.11,
  "AAVEUSDT": 114.26,
  "KITEUSDT": 0.25855,
  "WLDUSDT": 0.3977,
  "FILUSDT": 1.014,
  "TRUMPUSDT": 3.45,
  "LITUSDT": 1.434,
  "TAOUSDT": 181.94,
  "XPLUSDT": 0.0948,
  "TONUSDT": 1.2814,
  "HBARUSDT": 0.10177,
  "POWERUSDT": 1.72812,
  "1000SHIBUSDT": 0.005963,
  "ATOMUSDT": 1.843,
  "ZROUSDT": 1.5651,
  "APTUSDT": 0.9558,
  "BERAUSDT": 0.6149,
  "ARBUSDT": 0.0986,
  "XLMUSDT": 0.16132,
  "RIVERUSDT": 10.846,
  "XMRUSDT": 342.76,
  "AXSUSDT": 1.34,
  "WIFUSDT": 0.2078,
  "ICPUSDT": 2.372,
  "MONUSDT": 0.02105,
  "CRVUSDT": 0.248,
  "ARCUSDT": 0.03361,
  "OPUSDT": 0.1188,
  "FETUSDT": 0.161,
  "FFUSDT": 0.08166,
  "PENGUUSDT": 0.006882,
  "ETCUSDT": 8.811,
  "1000BONKUSDT": 0.006072,
  "VIRTUALUSDT": 0.6609,
  "FARTCOINUSDT": 0.1658,
  "ESPUSDT": 0.14193,
  "HUSDT": 0.11941,
  "POLUSDT": 0.10969,
  "ENSOUSDT": 1.5653,
  "PARTIUSDT": 0.09711,
  "ETHFIUSDT": 0.5092,
  "IPUSDT": 0.975,
  "ONDOUSDT": 0.2646,
  "CCUSDT": 0.17197,
  "BANUSDT": 0.11399,
  "BTCDOMUSDT": 5026.8,
  "SENTUSDT": 0.02396,
  "TIAUSDT": 0.3351,
  "\u5e01\u5b89\u4eba\u751fUSDT": 0.06422,
  "INJUSDT": 3.166,
  "STABLEUSDT": 0.035044,
  "BARDUSDT": 0.8667,
  "CHZUSDT": 0.03187,
  "DASHUSDT": 34.2,
  "0GUSDT": 0.655,
  "SEIUSDT": 0.0701,
  "ZAMAUSDT": 0.02488,
  "JUPUSDT": 0.1546,
  "ZKUSDT": 0.01947,
  "KAITOUSDT": 0.3221,
  "SIRENUSDT": 0.34682,
  "ALCHUSDT": 0.08125,
  "GUAUSDT": 0.24002,
  "LDOUSDT": 0.3126,
  "PENDLEUSDT": 1.2958,
  "MORPHOUSDT": 1.8765,
  "DENTUSDT": 0.000365,
  "SKYAIUSDT": 0.04416,
  "LYNUSDT": 0.33076,
  "BANANAS31USDT": 0.004809,
  "QUSDT": 0.021803,
  "ATUSDT": 0.16092,
  "HOMEUSDT": 0.029191,
  "1000RATSUSDT": 0.04417,
  "NIGHTUSDT": 0.0602,
  "RENDERUSDT": 1.429,
  "PIEVERSEUSDT": 0.5107,
  "CAKEUSDT": 1.3017,
  "MYXUSDT": 0.436,
  "SANDUSDT": 0.08431,
  "ZENUSDT": 5.572,
  "BIOUSDT": 0.02256,
  "GPSUSDT": 0.009593,
  "GUNUSDT": 0.03102,
  "HANAUSDT": 0.03712,
  "DUSKUSDT": 0.094,
  "GALAUSDT": 0.0037,
  "BTRUSDT": 0.19663,
  "CRCLUSDT": 87.47,
  "MUSDT": 1.4447,
  "ALGOUSDT": 0.0881,
  "UBUSDT": 0.04046,
  "VVVUSDT": 4.064,
  "GIGGLEUSDT": 26.79,
  "ALLOUSDT": 0.11003,
  "STRKUSDT": 0.04268,
  "USDCUSDT": 0.999423,
  "APEUSDT": 0.1053,
  "AZTECUSDT": 0.02322,
  "SKYUSDT": 0.0688,
  "GWEIUSDT": 0.03689,
  "BUSDT": 0.1396,
  "JTOUSDT": 0.279,
  "OPNUSDT": 0.5471,
  "TRADOORUSDT": 1.441,
  "AEROUSDT": 0.3605,
  "SYRUPUSDT": 0.2398,
  "BULLAUSDT": 0.01573,
  "LAUSDT": 0.238,
  "METUSDT": 0.1845,
  "MSTRUSDT": 133.55,
  "FOGOUSDT": 0.02995,
  "RAVEUSDT": 0.37763,
  "B2USDT": 0.7508,
  "XPINUSDT": 0.001549,
  "ZILUSDT": 0.00416,
  "TSLAUSDT": 408.99,
  "PYTHUSDT": 0.05167,
  "BEAMXUSDT": 0.001934,
  "EIGENUSDT": 0.1925,
  "HUMAUSDT": 0.01127,
  "VETUSDT": 0.007552,
  "ROSEUSDT": 0.01255,
  "ORCAUSDT": 0.897,
  "AVNTUSDT": 0.1777,
  "NEOUSDT": 2.771,
  "\u6211\u8e0f\u9a6c\u6765\u4e86USDT": 0.011546,
  "SKRUSDT": 0.020855,
  "ORDIUSDT": 2.426,
  "JELLYJELLYUSDT": 0.06226,
  "LINEAUSDT": 0.003135,
  "DYDXUSDT": 0.098,
  "NXPCUSDT": 0.2709,
  "SOMIUSDT": 0.2246,
  "MOVEUSDT": 0.02141,
  "COMPUSDT": 18.63,
  "XTZUSDT": 0.388,
  "ZKPUSDT": 0.08305,
  "ESPORTSUSDT": 0.31318,
  "COLLECTUSDT": 0.04072,
  "CYBERUSDT": 0.5359,
  "FORMUSDT": 0.1913,
  "AWEUSDT": 0.05353,
  "LPTUSDT": 2.326,
  "SUSDT": 0.04034,
  "SNXUSDT": 0.345,
  "PNUTUSDT": 0.04581,
  "AUCTIONUSDT": 4.863,
  "MEUSDT": 0.119,
  "TRIAUSDT": 0.02073,
  "STGUSDT": 0.1362,
  "AGLDUSDT": 0.2732,
  "AXLUSDT": 0.05702,
  "STXUSDT": 0.2589,
  "1000LUNCUSDT": 0.03629,
  "ARUSDT": 1.626,
  "ENSUSDT": 6.197,
  "1000FLOKIUSDT": 0.02892,
  "MIRAUSDT": 0.1099,
  "JASMYUSDT": 0.005891,
  "CLOUSDT": 0.09369,
  "BEATUSDT": 0.2131,
  "RESOLVUSDT": 0.06379,
  "WUSDT": 0.01914,
  "SPXUSDT": 0.3113,
  "YGGUSDT": 0.03841,
  "TRBUSDT": 14.487,
  "CYSUSDT": 0.3634,
  "BANKUSDT": 0.0388,
  "STEEMUSDT": 0.06655,
  "INITUSDT": 0.08037,
  "API3USDT": 0.2917,
  "PLUMEUSDT": 0.00924,
  "IMXUSDT": 0.1668,
  "2ZUSDT": 0.07742,
  "VANAUSDT": 1.454,
  "JSTUSDT": 0.047576,
  "EDUUSDT": 0.1113,
  "USELESSUSDT": 0.04006,
  "UAIUSDT": 0.2497,
  "MERLUSDT": 0.04335,
  "EULUSDT": 0.982,
  "GRASSUSDT": 0.2303,
  "DEXEUSDT": 3.368,
  "ATHUSDT": 0.005059,
  "SPACEUSDT": 0.009175,
  "TAUSDT": 0.03804,
  "CFXUSDT": 0.04976,
  "BIRBUSDT": 0.17424,
  "NMRUSDT": 7.904,
  "IOTAUSDT": 0.0693,
  "OGUSDT": 3.001,
  "MANAUSDT": 0.0958,
  "MMTUSDT": 0.1212,
  "COAIUSDT": 0.313,
  "GRTUSDT": 0.0266,
  "WCTUSDT": 0.05931,
  "AKEUSDT": 0.0002923,
  "QNTUSDT": 63.73,
  "KERNELUSDT": 0.0884,
  "FLOWUSDT": 0.03615,
  "NAORISUSDT": 0.03156,
  "SPKUSDT": 0.02097,
  "MOODENGUSDT": 0.05097,
  "4USDT": 0.00821,
  "ZRXUSDT": 0.1081,
  "KASUSDT": 0.03146,
  "AGTUSDT": 0.004838,
  "SFPUSDT": 0.258,
  "TAGUSDT": 0.0003454,
  "WETUSDT": 0.1037,
  "RUNEUSDT": 0.4036,
  "LIGHTUSDT": 0.196,
  "1INCHUSDT": 0.0942,
  "ZORAUSDT": 0.01917,
  "HOTUSDT": 0.000448,
  "LRCUSDT": 0.03268,
  "THETAUSDT": 0.1916,
  "KAIAUSDT": 0.05612,
  "COWUSDT": 0.2201,
  "BREVUSDT": 0.1402,
  "IOUSDT": 0.1134,
  "SIGNUSDT": 0.02358,
  "NEIROUSDT": 6.99e-05,
  "FHEUSDT": 0.02967,
  "ARKMUSDT": 0.1084,
  "KGENUSDT": 0.18632,
  "EGLDUSDT": 4.455,
  "ANIMEUSDT": 0.004884,
  "BATUSDT": 0.1133,
  "YFIUSDT": 2737.0,
  "RPLUSDT": 1.915,
  "YBUSDT": 0.1686,
  "PTBUSDT": 0.001148,
  "PEOPLEUSDT": 0.00664,
  "ZBTUSDT": 0.07419,
  "LUNA2USDT": 0.06245,
  "SAHARAUSDT": 0.01531,
  "AUSDT": 0.0804,
  "MEGAUSDT": 0.13179,
  "KSMUSDT": 5.05,
  "BSVUSDT": 16.11,
  "OPENUSDT": 0.1501,
  "AIAUSDT": 0.08566,
  "POPCATUSDT": 0.04823,
  "VELVETUSDT": 0.08602,
  "BLUAIUSDT": 0.004994,
  "SUSHIUSDT": 0.2068,
  "TWTUSDT": 0.4915,
  "PROVEUSDT": 0.2915,
  "GASUSDT": 1.588,
  "ACTUSDT": 0.01396,
  "AVAAIUSDT": 0.00758,
  "NILUSDT": 0.04949,
  "MINAUSDT": 0.05893,
  "NOMUSDT": 0.003985,
  "SWARMSUSDT": 0.00717,
  "AINUSDT": 0.04748,
  "BOMEUSDT": 0.0003853,
  "MAGICUSDT": 0.06204,
  "TSTUSDT": 0.00971,
  "GMTUSDT": 0.01149,
  "AIXBTUSDT": 0.01993,
  "VELODROMEUSDT": 0.01624,
  "STOUSDT": 0.06038,
  "XPTUSDT": 2283.0,
  "FOLKSUSDT": 1.233,
  "TURBOUSDT": 0.0010084,
  "FIGHTUSDT": 0.006656,
  "MEMEUSDT": 0.0006206,
  "EDENUSDT": 0.03557,
  "MANTAUSDT": 0.06435,
  "HOLOUSDT": 0.05735,
  "XNYUSDT": 0.005105,
  "CATIUSDT": 0.03835,
  "AIOUSDT": 0.07626,
  "TNSRUSDT": 0.04704,
  "LAYERUSDT": 0.0856,
  "BABYUSDT": 0.0123,
  "SOPHUSDT": 0.00914,
  "SUPERUSDT": 0.1145,
  "TUTUSDT": 0.01006,
  "ACHUSDT": 0.007047,
  "TRUTHUSDT": 0.010064,
  "UMAUSDT": 0.4553,
  "FUSDT": 0.005731,
  "XVGUSDT": 0.00587,
  "BLURUSDT": 0.02022,
  "SOONUSDT": 0.1641,
  "ARPAUSDT": 0.0099,
  "SUNUSDT": 0.016121,
  "MASKUSDT": 0.4273,
  "TAKEUSDT": 0.01935,
  "STBLUSDT": 0.04038,
  "MUBARAKUSDT": 0.01347,
  "ICNTUSDT": 0.3986,
  "ASRUSDT": 1.345,
  "SONICUSDT": 0.04919,
  "ALTUSDT": 0.0075,
  "GLMUSDT": 0.13476,
  "ZKCUSDT": 0.0877,
  "KOMAUSDT": 0.00805,
  "RAREUSDT": 0.01844,
  "INUSDT": 0.06849,
  "SOLVUSDT": 0.00417,
  "WALUSDT": 0.0768,
  "KMNOUSDT": 0.02183,
  "CTSIUSDT": 0.0244,
  "BELUSDT": 0.0989,
  "SAPIENUSDT": 0.0887,
  "CELOUSDT": 0.077,
  "C98USDT": 0.0233,
  "ANKRUSDT": 0.004354,
  "ERAUSDT": 0.1434,
  "MELANIAUSDT": 0.1103,
  "ONTUSDT": 0.0428,
  "STORJUSDT": 0.0954,
  "RAYSOLUSDT": 0.61,
  "DRIFTUSDT": 0.0835,
  "DEGOUSDT": 0.3155,
  "ELSAUSDT": 0.08854,
  "IDOLUSDT": 0.01676,
  "GMXUSDT": 6.848,
  "ARIAUSDT": 0.08019,
  "DAMUSDT": 0.02329,
  "SKLUSDT": 0.00676,
  "SANTOSUSDT": 1.348,
  "PROMPTUSDT": 0.04666,
  "POLYXUSDT": 0.04257,
  "RSRUSDT": 0.001495,