{
  "SAPIENUSDT": 0.09436,
  "ALLOUSDT": 0.16574,
  "PARTIUSDT": 0.11063,
  "KITEUSDT": 0.28853,
  "FUNUSDT": 0.001333,
  "HOODUSDT": 76.14,
  "DOLOUSDT": 0.04092,
  "RLSUSDT": 0.005423,
  "BREVUSDT": 0.1364,
  "DRIFTUSDT": 0.0925,
  "1000000MOGUSDT": 0.1723,
  "DYMUSDT": 0.04291,
  "PLAYUSDT": 0.02155,
  "SXTUSDT": 0.02236,
  "1000000BOBUSDT": 0.01311,
  "SOMIUSDT": 0.2138,
  "CROSSUSDT": 0.10942,
  "MIRAUSDT": 0.0879,
  "SPORTFUNUSDT": 0.03956,
  "BTCUSDT": 67877.6
}