{
  "BTCUSDT": 67079.2,
  "ETHUSDT": 2019.9,
  "SOLUSDT": 86.34,
  "XRPUSDT": 1.4006,
  "BNBUSDT": 628.36,
  "DOGEUSDT": 0.09674,
  "BCHUSDT": 479.97,
  "XAGUSDT": 89.59,
  "HYPEUSDT": 28.532,
  "XAUUSDT": 5185.9,
  "PAXGUSDT": 5196.75,
  "WLFIUSDT": 0.1143,
  "ADAUSDT": 0.2875,
  "ZECUSDT": 237.95,
  "TRXUSDT": 0.28427,
  "UNIUSDT": 3.865,
  "SUIUSDT": 0.9364,
  "AVAXUSDT": 9.327,
  "LINKUSDT": 9.105,
  "ASTERUSDT": 0.6956,
  "LTCUSDT": 55.68,
  "PIPPINUSDT": 0.81473,
  "1000PEPEUSDT": 0.0038183,
  "PUMPUSDT": 0.001835,
  "ENAUSDT": 0.1044,
  "DOTUSDT": 1.63,
  "NEARUSDT": 1.119,
  "AAVEUSDT": 114.83,
  "WLDUSDT": 0.4004,
  "KITEUSDT": 0.24348,
  "FILUSDT": 1.012,
  "LITUSDT": 1.416,
  "TRUMPUSDT": 3.392,
  "TAOUSDT": 185.04,
  "XPLUSDT": 0.0958,
  "POWERUSDT": 1.88819,
  "1000SHIBUSDT": 0.005935,
  "HBARUSDT": 0.10234,
  "ATOMUSDT": 1.904,
  "TONUSDT": 1.2947,
  "APTUSDT": 0.9759,
  "ZROUSDT": 1.6053,
  "BERAUSDT": 0.6286,
  "ARBUSDT": 0.101,
  "XLMUSDT": 0.16195,
  "XMRUSDT": 349.85,
  "RIVERUSDT": 10.741,
  "AXSUSDT": 1.385,
  "ICPUSDT": 2.478,
  "WIFUSDT": 0.2084,
  "CRVUSDT": 0.25,
  "MONUSDT": 0.02089,
  "OPUSDT": 0.1192,
  "FETUSDT": 0.1622,
  "PENGUUSDT": 0.006966,
  "ETCUSDT": 8.829,
  "FFUSDT": 0.08087,
  "HUSDT": 0.1329,
  "VIRTUALUSDT": 0.6766,
  "1000BONKUSDT": 0.006087,
  "ARCUSDT": 0.03092,
  "FARTCOINUSDT": 0.1682,
  "POLUSDT": 0.11191,
  "ESPUSDT": 0.13585,
  "ENSOUSDT": 1.5434,
  "PARTIUSDT": 0.09727,
  "STABLEUSDT": 0.037193,
  "IPUSDT": 0.992,
  "\u5e01\u5b89\u4eba\u751fUSDT": 0.06757,
  "ETHFIUSDT": 0.507,
  "CCUSDT": 0.17025,
  "ONDOUSDT": 0.2641,
  "BTCDOMUSDT": 4997.3,
  "INJUSDT": 3.205,
  "BANUSDT": 0.11226,
  "SENTUSDT": 0.02369,
  "TIAUSDT": 0.3358,
  "BARDUSDT": 0.8527,
  "CHZUSDT": 0.03275,
  "DASHUSDT": 34.29,
  "0GUSDT": 0.6711,
  "SEIUSDT": 0.0702,
  "JUPUSDT": 0.155,
  "ZAMAUSDT": 0.02426,
  "ZKUSDT": 0.01965,
  "GUAUSDT": 0.25,
  "KAITOUSDT": 0.3262,
  "SIRENUSDT": 0.34282,
  "PENDLEUSDT": 1.2902,
  "DENTUSDT": 0.000359,
  "LDOUSDT": 0.3095,
  "ALCHUSDT": 0.07818,
  "SKYAIUSDT": 0.04551,
  "MORPHOUSDT": 1.8608,
  "QUSDT": 0.02291,
  "LYNUSDT": 0.33219,
  "BANANAS31USDT": 0.004839,
  "MYXUSDT": 0.477,
  "ATUSDT": 0.15971,
  "NIGHTUSDT": 0.05984,
  "RENDERUSDT": 1.445,
  "1000RATSUSDT": 0.0432,
  "HOMEUSDT": 0.028411,
  "CAKEUSDT": 1.3142,
  "VVVUSDT": 4.332,
  "SANDUSDT": 0.08574,
  "GPSUSDT": 0.010024,
  "PIEVERSEUSDT": 0.5037,
  "ZENUSDT": 5.62,
  "BIOUSDT": 0.02252,
  "GALAUSDT": 0.00371,
  "ALGOUSDT": 0.088,
  "GUNUSDT": 0.0309,
  "ALLOUSDT": 0.11411,
  "MUSDT": 1.4345,
  "HANAUSDT": 0.0356,
  "GIGGLEUSDT": 26.91,
  "AZTECUSDT": 0.02328,
  "USDCUSDT": 0.999423,
  "STRKUSDT": 0.04247,
  "DUSKUSDT": 0.09098,
  "BTRUSDT": 0.18365,
  "RAVEUSDT": 0.39799,
  "APEUSDT": 0.1061,
  "UBUSDT": 0.03809,
  "BUSDT": 0.1433,
  "SKYUSDT": 0.06851,
  "JTOUSDT": 0.2783,
  "OPNUSDT": 0.5541,
  "GWEIUSDT": 0.035287,
  "AEROUSDT": 0.358,
  "1000LUNCUSDT": 0.0426,
  "TRADOORUSDT": 1.428,
  "BULLAUSDT": 0.01577,
  "SYRUPUSDT": 0.23899,
  "MSTRUSDT": 132.87,
  "METUSDT": 0.1839,
  "FOGOUSDT": 0.03014,
  "LAUSDT": 0.2348,
  "CRCLUSDT": 86.21,
  "XPINUSDT": 0.001545,
  "ZILUSDT": 0.0042,
  "TSLAUSDT": 406.78,
  "B2USDT": 0.7272,
  "PYTHUSDT": 0.05211,
  "AVNTUSDT": 0.1887,
  "BEAMXUSDT": 0.001929,
  "EIGENUSDT": 0.1941,
  "ROSEUSDT": 0.01293,
  "HUMAUSDT": 0.011318,
  "\u6211\u8e0f\u9a6c\u6765\u4e86USDT": 0.012512,
  "VETUSDT": 0.007578,
  "JELLYJELLYUSDT": 0.06434,
  "NEOUSDT": 2.795,
  "ORCAUSDT": 0.895,
  "SKRUSDT": 0.020829,
  "ORDIUSDT": 2.454,
  "NXPCUSDT": 0.2796,
  "LINEAUSDT": 0.003177,
  "MOVEUSDT": 0.0216,
  "COMPUSDT": 18.91,
  "DYDXUSDT": 0.097,
  "COLLECTUSDT": 0.03959,
  "ESPORTSUSDT": 0.31791,
  "FORMUSDT": 0.1934,
  "XTZUSDT": 0.39,
  "WETUSDT": 0.12466,
  "ZKPUSDT": 0.08314,
  "CYBERUSDT": 0.5403,
  "MIRAUSDT": 0.1173,
  "LPTUSDT": 2.384,
  "SOMIUSDT": 0.2181,
  "TRIAUSDT": 0.0216,
  "SUSDT": 0.04072,
  "SNXUSDT": 0.344,
  "AUCTIONUSDT": 4.876,
  "PNUTUSDT": 0.04601,
  "AWEUSDT": 0.05349,
  "STGUSDT": 0.1398,
  "MEUSDT": 0.1197,
  "ENSUSDT": 6.238,
  "STXUSDT": 0.2592,
  "ARUSDT": 1.635,
  "1000FLOKIUSDT": 0.02912,
  "BEATUSDT": 0.213,
  "YGGUSDT": 0.03906,
  "WUSDT": 0.0191,
  "AXLUSDT": 0.05636,
  "AGLDUSDT": 0.2642,
  "API3USDT": 0.2942,
  "TRBUSDT": 14.576,
  "JASMYUSDT": 0.005715,
  "SPXUSDT": 0.3126,
  "SPACEUSDT": 0.009746,
  "PLUMEUSDT": 0.00944,
  "RESOLVUSDT": 0.06173,
  "CLOUSDT": 0.09027,
  "INITUSDT": 0.08318,
  "CYSUSDT": 0.3597,
  "STEEMUSDT": 0.06718,
  "BANKUSDT": 0.03892,
  "2ZUSDT": 0.07945,
  "IMXUSDT": 0.167,
  "FLOWUSDT": 0.03838,
  "VANAUSDT": 1.465,
  "USELESSUSDT": 0.04014,
  "MERLUSDT": 0.04404,
  "EDUUSDT": 0.1107,
  "EULUSDT": 0.974,
  "DEXEUSDT": 3.412,
  "ATHUSDT": 0.005061,
  "TAUSDT": 0.03862,
  "GRASSUSDT": 0.2265,
  "CFXUSDT": 0.04951,
  "UAIUSDT": 0.2428,
  "JSTUSDT": 0.046055,
  "IOTAUSDT": 0.0692,
  "MANAUSDT": 0.0977,
  "OGUSDT": 3.014,
  "NMRUSDT": 7.894,
  "MMTUSDT": 0.1224,
  "COAIUSDT": 0.3153,
  "BIRBUSDT": 0.17164,
  "WCTUSDT": 0.0605,
  "HOTUSDT": 0.000437,
  "QNTUSDT": 63.76,
  "GRTUSDT": 0.02676,
  "4USDT": 0.00841,
  "KERNELUSDT": 0.09129,
  "SPKUSDT": 0.02051,
  "LIGHTUSDT": 0.2039,
  "KASUSDT": 0.03133,
  "AKEUSDT": 0.0002832,
  "MOODENGUSDT": 0.05159,
  "NAORISUSDT": 0.03116,
  "SFPUSDT": 0.2593,
  "TAGUSDT": 0.0003456,
  "AGTUSDT": 0.004787,
  "SAHARAUSDT": 0.01632,
  "ZRXUSDT": 0.1068,
  "RUNEUSDT": 0.4036,
  "1INCHUSDT": 0.0954,
  "LUNA2USDT": 0.06887,
  "YBUSDT": 0.1799,
  "BREVUSDT": 0.1453,
  "LRCUSDT": 0.03321,
  "ZORAUSDT": 0.01903,
  "KAIAUSDT": 0.0568,
  "NEIROUSDT": 7.06e-05,
  "THETAUSDT": 0.1925,
  "IOUSDT": 0.1141,
  "SIGNUSDT": 0.02381,
  "PTBUSDT": 0.001133,
  "XPTUSDT": 2379.52,
  "FHEUSDT": 0.02967,
  "REDUSDT": 0.183,
  "ARKMUSDT": 0.1097,
  "COWUSDT": 0.2148,
  "EGLDUSDT": 4.471,
  "YFIUSDT": 2786.0,
  "KGENUSDT": 0.18757,
  "RPLUSDT": 1.923,
  "BATUSDT": 0.1152,
  "ANIMEUSDT": 0.004943,
  "ZBTUSDT": 0.07607,
  "AUSDT": 0.0808,
  "PEOPLEUSDT": 0.00671,
  "FOLKSUSDT": 1.322,
  "OPENUSDT": 0.1529,
  "VELVETUSDT": 0.08812,
  "PROVEUSDT": 0.2962,
  "MEGAUSDT": 0.13224,
  "BLUAIUSDT": 0.005063,
  "BSVUSDT": 15.98,
  "KSMUSDT": 5.117,
  "AIAUSDT": 0.08568,
  "POPCATUSDT": 0.04874,
  "TWTUSDT": 0.5003,
  "STBLUSDT": 0.04627,
  "SUSHIUSDT": 0.2083,
  "GMTUSDT": 0.01183,
  "STOUSDT": 0.06147,
  "SWARMSUSDT": 0.00726,
  "BOMEUSDT": 0.0003882,
  "ACTUSDT": 0.01403,
  "GASUSDT": 1.585,
  "AVAAIUSDT": 0.00764,
  "FIGHTUSDT": 0.006673,
  "MINAUSDT": 0.05889,
  "NOMUSDT": 0.004053,
  "MAGICUSDT": 0.06338,
  "NILUSDT": 0.04929,
  "AINUSDT": 0.04658,
  "TSTUSDT": 0.00967,
  "VELODROMEUSDT": 0.01605,
  "MEMEUSDT": 0.0006242,
  "TNSRUSDT": 0.0477,
  "AIXBTUSDT": 0.01998,
  "TURBOUSDT": 0.0010067,
  "MANTAUSDT": 0.06395,
  "CATIUSDT": 0.03823,
  "AIOUSDT": 0.07639,
  "BABYUSDT": 0.0124,
  "LAYERUSDT": 0.0865,
  "SUPERUSDT": 0.1166,
  "SOPHUSDT": 0.009078,
  "TUTUSDT": 0.0102,
  "BLURUSDT": 0.02019,
  "EDENUSDT": 0.03466,
  "FUSDT": 0.005838,
  "XVGUSDT": 0.005887,
  "HOLOUSDT": 0.05786,
  "UMAUSDT": 0.4513,
  "ACHUSDT": 0.006975,
  "SOONUSDT": 0.1644,
  "SUNUSDT": 0.016156,
  "XNYUSDT": 0.004755,
  "IDUSDT": 0.04631,
  "MASKUSDT": 0.4326,
  "SAPIENUSDT": 0.09019,
  "MUBARAKUSDT": 0.01333,
  "TRUTHUSDT": 0.009602,
  "ZKCUSDT": 0.09,
  "ARPAUSDT": 0.00988,
  "CELOUSDT": 0.077,
  "ASRUSDT": 1.352,
  "TAKEUSDT": 0.01915,
  "ALTUSDT": 0.00748,
  "SONICUSDT": 0.04865,
  "SOLVUSDT": 0.00422,
  "ICNTUSDT": 0.3945,
  "WALUSDT": 0.077,
  "RAREUSDT": 0.01845,
  "KMNOUSDT": 0.02173,
  "INUSDT": 0.06832,
  "ANKRUSDT": 0.00434,
  "CTSIUSDT": 0.0247,
  "C98USDT": 0.0238,
  "BELUSDT": 0.0997,
  "ONTUSDT": 0.0433,
  "ERAUSDT": 0.1477,
  "GLMUSDT": 0.13573,
  "KOMAUSDT": 0.00782,
  "MELANIAUSDT": 0.1096,
  "RAYSOLUSDT": 0.6092,
  "IDOLUSDT": 0.01788,
  "DRIFTUSDT": 0.0844,
  "STORJUSDT": 0.0959,
  "DEGOUSDT": 0.3134,
  "DAMUSDT": 0.02348,
  "SKLUSDT": 0.00685,
  "ARIAUSDT": 0.08019,
  "GMXUSDT": 6.879,
  "SANTOSUSDT": 1.366,
  "POLYXUSDT": 0.04287,
  "ELSAUSDT": 0.08854,