{
  "BTCUSDT": 64291.8,
  "ETHUSDT": 1854.13,
  "SOLUSDT": 78.01,
  "XRPUSDT": 1.3607,
  "BNBUSDT": 587.79,
  "DOGEUSDT": 0.09178,
  "BCHUSDT": 487.55,
  "XAGUSDT": 87.42,
  "XAUUSDT": 5160.44,
  "HYPEUSDT": 26.957,
  "PAXGUSDT": 5174.43,
  "WLFIUSDT": 0.1105,
  "ZECUSDT": 246.98,
  "TRXUSDT": 0.28223,
  "SUIUSDT": 0.8678,
  "PIPPINUSDT": 0.79462,
  "ASTERUSDT": 0.6952,
  "ADAUSDT": 0.2609,
  "LTCUSDT": 51.7,
  "AVAXUSDT": 8.386,
  "UNIUSDT": 3.384,
  "LINKUSDT": 8.229,
  "1000PEPEUSDT": 0.0039327,
  "PUMPUSDT": 0.001766,
  "ENAUSDT": 0.0986,
  "KITEUSDT": 0.25207,
  "NEARUSDT": 0.978,
  "ARCUSDT": 0.09496,
  "WLDUSDT": 0.3796,
  "AAVEUSDT": 115.6,
  "TRUMPUSDT": 3.371,
  "LITUSDT": 1.436,
  "FILUSDT": 0.884,
  "ENSOUSDT": 2.7205,
  "TAOUSDT": 170.05,
  "DOTUSDT": 1.247,
  "XPLUSDT": 0.0874,
  "ESPUSDT": 0.1798,
  "ATOMUSDT": 2.019,
  "TONUSDT": 1.3151,
  "HBARUSDT": 0.09606,
  "BERAUSDT": 0.6007,
  "APTUSDT": 0.8257,
  "1000SHIBUSDT": 0.005922,
  "ZROUSDT": 1.5055,
  "XLMUSDT": 0.1506,
  "RIVERUSDT": 9.203,
  "ARBUSDT": 0.0925,
  "ICPUSDT": 2.121,
  "AXSUSDT": 1.239,
  "XMRUSDT": 324.12,
  "OPUSDT": 0.1164,
  "MONUSDT": 0.02034,
  "WIFUSDT": 0.1982,
  "FFUSDT": 0.07972,
  "CRVUSDT": 0.224,
  "PENGUUSDT": 0.006423,
  "BARDUSDT": 0.776,
  "FETUSDT": 0.155,
  "ETCUSDT": 8.421,
  "POLUSDT": 0.11079,
  "1000BONKUSDT": 0.005855,
  "PARTIUSDT": 0.10048,
  "IPUSDT": 1.012,
  "POWERUSDT": 0.5546,
  "BANUSDT": 0.12027,
  "HUSDT": 0.1349,
  "ETHFIUSDT": 0.4971,
  "FARTCOINUSDT": 0.1472,
  "BTCDOMUSDT": 5127.3,
  "CHZUSDT": 0.03425,
  "INJUSDT": 3.181,
  "SENTUSDT": 0.02329,
  "VIRTUALUSDT": 0.6032,
  "ONDOUSDT": 0.2508,
  "DASHUSDT": 32.95,
  "\u5e01\u5b89\u4eba\u751fUSDT": 0.06244,
  "TIAUSDT": 0.3017,
  "SIRENUSDT": 0.32974,
  "0GUSDT": 0.6343,
  "SEIUSDT": 0.0658,
  "ZKUSDT": 0.01918,
  "ZAMAUSDT": 0.0234,
  "JUPUSDT": 0.1448,
  "STABLEUSDT": 0.028836,
  "LYNUSDT": 0.31512,
  "KAITOUSDT": 0.3026,
  "ALCHUSDT": 0.07756,
  "CCUSDT": 0.16147,
  "1000RATSUSDT": 0.04979,
  "PENDLEUSDT": 1.1912,
  "LDOUSDT": 0.3002,
  "RENDERUSDT": 1.388,
  "HOMEUSDT": 0.029638,
  "BANANAS31USDT": 0.004694,
  "ATUSDT": 0.1592,
  "UBUSDT": 0.04209,
  "QUSDT": 0.02091,
  "BIOUSDT": 0.02492,
  "SKYAIUSDT": 0.03958,
  "PIEVERSEUSDT": 0.4914,
  "BULLAUSDT": 0.02344,
  "DUSKUSDT": 0.08807,
  "NIGHTUSDT": 0.05687,
  "OPNUSDT": 0.5344,
  "ZENUSDT": 5.435,
  "CAKEUSDT": 1.2103,
  "AZTECUSDT": 0.02569,
  "STRKUSDT": 0.04159,
  "BTRUSDT": 0.19118,
  "MYXUSDT": 0.428,
  "SANDUSDT": 0.07907,
  "HANAUSDT": 0.03407,
  "VVVUSDT": 3.78,
  "MUSDT": 1.4079,
  "ALGOUSDT": 0.0843,
  "MORPHOUSDT": 1.5942,
  "GUAUSDT": 0.18236,
  "GPSUSDT": 0.010092,
  "LAUSDT": 0.2318,
  "GALAUSDT": 0.00352,
  "USDCUSDT": 0.9996,
  "TRADOORUSDT": 1.465,
  "APEUSDT": 0.103,
  "JTOUSDT": 0.2804,
  "SKRUSDT": 0.024215,
  "ZILUSDT": 0.00402,
  "SKYUSDT": 0.06457,
  "GUNUSDT": 0.02668,
  "ROSEUSDT": 0.01267,
  "FOGOUSDT": 0.02766,
  "COLLECTUSDT": 0.05552,
  "METUSDT": 0.1797,
  "\u6211\u8e0f\u9a6c\u6765\u4e86USDT": 0.012693,
  "B2USDT": 0.7552,
  "XPINUSDT": 0.001565,
  "EIGENUSDT": 0.1872,
  "ALLOUSDT": 0.09201,
  "ORCAUSDT": 0.923,
  "MSTRUSDT": 124.69,
  "BEAMXUSDT": 0.001957,
  "AEROUSDT": 0.3266,
  "GIGGLEUSDT": 24.89,
  "SNXUSDT": 0.383,
  "TSLAUSDT": 406.15,
  "SYRUPUSDT": 0.20139,
  "PYTHUSDT": 0.05103,
  "AGLDUSDT": 0.293,
  "JELLYJELLYUSDT": 0.06307,
  "HUMAUSDT": 0.011607,
  "DEXEUSDT": 3.568,
  "DYDXUSDT": 0.093,
  "VETUSDT": 0.007202,
  "AVNTUSDT": 0.176,
  "BUSDT": 0.1236,
  "ESPORTSUSDT": 0.34034,
  "ORDIUSDT": 2.375,
  "LPTUSDT": 2.238,
  "GWEIUSDT": 0.034972,
  "AWEUSDT": 0.05132,
  "SOMIUSDT": 0.2171,
  "NEOUSDT": 2.605,
  "XTZUSDT": 0.37,
  "RAVEUSDT": 0.2474,
  "MOVEUSDT": 0.02148,
  "NXPCUSDT": 0.2633,
  "SUSDT": 0.03983,
  "FORMUSDT": 0.1939,
  "ZKPUSDT": 0.08406,
  "COMPUSDT": 17.97,
  "CYSUSDT": 0.3806,
  "RESOLVUSDT": 0.06866,
  "CYBERUSDT": 0.5434,
  "LINEAUSDT": 0.003087,
  "PNUTUSDT": 0.04433,
  "MEUSDT": 0.1178,
  "ENSUSDT": 6.113,
  "AUCTIONUSDT": 4.85,
  "STXUSDT": 0.239,
  "STGUSDT": 0.1314,
  "STEEMUSDT": 0.05243,
  "TRIAUSDT": 0.01931,
  "1000FLOKIUSDT": 0.02808,
  "1000LUNCUSDT": 0.03486,
  "BEATUSDT": 0.2153,
  "WUSDT": 0.01882,
  "TRBUSDT": 14.048,
  "YGGUSDT": 0.04101,
  "VANAUSDT": 1.407,
  "BANKUSDT": 0.0393,
  "PLUMEUSDT": 0.00898,
  "AKEUSDT": 0.0003869,
  "UAIUSDT": 0.2431,
  "SPXUSDT": 0.2888,
  "EDUUSDT": 0.1199,
  "INITUSDT": 0.08319,
  "JASMYUSDT": 0.00551,
  "NAORISUSDT": 0.03552,
  "EULUSDT": 0.97,
  "2ZUSDT": 0.07001,
  "USELESSUSDT": 0.0382,
  "MERLUSDT": 0.04543,
  "CLOUSDT": 0.08794,
  "MANAUSDT": 0.0909,
  "TAUSDT": 0.04005,
  "ARUSDT": 1.875,
  "ATHUSDT": 0.005048,
  "NMRUSDT": 7.686,
  "JSTUSDT": 0.046063,
  "IMXUSDT": 0.159,
  "WCTUSDT": 0.0577,
  "TAGUSDT": 0.0003809,
  "SPACEUSDT": 0.008969,
  "GRTUSDT": 0.02602,
  "BIRBUSDT": 0.16128,
  "API3USDT": 0.2846,
  "CFXUSDT": 0.04852,
  "OGUSDT": 2.946,
  "MMTUSDT": 0.1206,
  "MOODENGUSDT": 0.05112,
  "FLOWUSDT": 0.0351,
  "QNTUSDT": 62.53,
  "AGTUSDT": 0.004983,
  "SPKUSDT": 0.02039,
  "COAIUSDT": 0.3039,
  "IOTAUSDT": 0.0661,
  "ZORAUSDT": 0.01897,
  "ZRXUSDT": 0.103,
  "COWUSDT": 0.2193,
  "1INCHUSDT": 0.0874,
  "LRCUSDT": 0.03309,
  "SFPUSDT": 0.2503,
  "KAIAUSDT": 0.05285,
  "LIGHTUSDT": 0.22,
  "RUNEUSDT": 0.3873,
  "THETAUSDT": 0.1856,
  "IOUSDT": 0.1105,
  "NEIROUSDT": 6.66e-05,
  "PTBUSDT": 0.001253,
  "ARKMUSDT": 0.1064,
  "FHEUSDT": 0.02982,
  "LUNA2USDT": 0.06061,
  "4USDT": 0.00767,
  "YFIUSDT": 2652.0,
  "VELVETUSDT": 0.08768,
  "BREVUSDT": 0.1287,
  "SAHARAUSDT": 0.0149,
  "AXLUSDT": 0.05007,
  "EGLDUSDT": 4.249,
  "SIGNUSDT": 0.02293,
  "KASUSDT": 0.02934,
  "ANIMEUSDT": 0.004711,
  "GASUSDT": 1.539,
  "IDOLUSDT": 0.02258,
  "FIGHTUSDT": 0.007042,
  "UMAUSDT": 0.4489,
  "KGENUSDT": 0.18165,
  "FOLKSUSDT": 1.226,
  "PROVEUSDT": 0.2827,
  "TNSRUSDT": 0.04801,
  "AIAUSDT": 0.08475,
  "GMTUSDT": 0.01107,
  "XNYUSDT": 0.005108,
  "ACTUSDT": 0.01375,
  "BLUAIUSDT": 0.005059,
  "AINUSDT": 0.04396,
  "TWTUSDT": 0.4971,
  "RPLUSDT": 1.941,
  "KERNELUSDT": 0.0769,
  "BOMEUSDT": 0.0003744,
  "OPENUSDT": 0.1474,
  "AUSDT": 0.0776,
  "MAGICUSDT": 0.06319,
  "AIOUSDT": 0.07596,
  "MINAUSDT": 0.05844,
  "PEOPLEUSDT": 0.00626,
  "BATUSDT": 0.1164,
  "TSTUSDT": 0.00951,
  "GRASSUSDT": 0.1778,
  "MEGAUSDT": 0.12982,
  "BSVUSDT": 15.13,
  "NOMUSDT": 0.004506,
  "POPCATUSDT": 0.04684,
  "DAMUSDT": 0.02535,
  "AVAAIUSDT": 0.00696,
  "SUSHIUSDT": 0.1938,
  "BABYUSDT": 0.01239,
  "CATIUSDT": 0.03788,
  "TURBOUSDT": 0.0009777,
  "MANTAUSDT": 0.06405,
  "YBUSDT": 0.1555,
  "SOPHUSDT": 0.008838,
  "ZBTUSDT": 0.06973,
  "STOUSDT": 0.05703,
  "TUTUSDT": 0.00974,
  "ZKCUSDT": 0.0829,
  "VELODROMEUSDT": 0.01436,
  "ACHUSDT": 0.007061,
  "XPTUSDT": 2183.1,
  "SUPERUSDT": 0.1083,
  "SXTUSDT": 0.02264,
  "FUSDT": 0.005528,
  "SWARMSUSDT": 0.00632,
  "LAYERUSDT": 0.0811,
  "GLMUSDT": 0.14879,
  "STORJUSDT": 0.0924,
  "KSMUSDT": 4.656,
  "SAPIENUSDT": 0.0882,
  "XVGUSDT": 0.005798,
  "SOONUSDT": 0.1637,
  "BLURUSDT": 0.01936,
  "MASKUSDT": 0.4139,
  "ICNTUSDT": 0.3858,
  "NILUSDT": 0.04751,
  "AIXBTUSDT": 0.01867,
  "ARPAUSDT": 0.0095,
  "ASRUSDT": 1.349,
  "TAKEUSDT": 0.02198,
  "CVXUSDT": 1.731,
  "INUSDT": 0.06542,
  "SOLVUSDT": 0.00427,
  "ONTUSDT": 0.04,
  "KOMAUSDT": 0.00781,
  "ALTUSDT": 0.00736,
  "RAREUSDT": 0.01794,
  "CTSIUSDT": 0.0242,
  "C98USDT": 0.0249,
  "TRUTHUSDT": 0.009302,
  "SUNUSDT": 0.016389,
  "BELUSDT": 0.0949,
  "ANKRUSDT": 0.004215,
  "MEMEUSDT": 0.0006342,
  "RAYSOLUSDT": 0.5857,
  "MUBARAKUSDT": 0.01379,
  "DRIFTUSDT": 0.0819,
  "EDENUSDT": 0.03203,
  "PROMPTUSDT": 0.04442,
  "CELOUSDT": 0.073,
  "SONICUSDT": 0.04522,
  "SANTOSUSDT": 1.586,
  "CRCLUSDT": 62.14,
  "ERAUSDT": 0.1421,
  "THEUSDT": 0.2404,
  "MELANIAUSDT": 0.1095,
  "FRAXUSDT": 0.6552,
  "AKTUSDT": 0.3012,
  "DEGOUSDT": 0.3152,
  "BASUSDT": 0.006051,
  "BIGTIMEUSDT": 0.01464,
  "KMNOUSDT": 0.02244,
  "RSRUSDT": 0.001429,
  "POLYXUSDT": 0.04095,
  "GMXUSDT": 6.392,
  "WETUSDT": 0.08189,
  "WALUSDT": 0.0732,
  "IDUSDT": 0.04294,