{
  "BTCUSDT": 67487.2,
  "ETHUSDT": 1947.82,
  "SOLUSDT": 83.3,
  "XRPUSDT": 1.3882,
  "BNBUSDT": 612.22,
  "BCHUSDT": 573.98,
  "DOGEUSDT": 0.0954,
  "XAGUSDT": 85.07,
  "HYPEUSDT": 28.97,
  "XAUUSDT": 5127.31,
  "PAXGUSDT": 5148.23,
  "WLFIUSDT": 0.1126,
  "ZECUSDT": 243.57,
  "TRXUSDT": 0.29006,
  "SUIUSDT": 0.9251,
  "ASTERUSDT": 0.6991,
  "LINKUSDT": 8.655,
  "ADAUSDT": 0.2707,
  "UNIUSDT": 3.471,
  "LTCUSDT": 53.41,
  "1000PEPEUSDT": 0.0040689,
  "AVAXUSDT": 8.843,
  "PUMPUSDT": 0.00202,
  "PIPPINUSDT": 0.61816,
  "ENAUSDT": 0.1005,
  "KITEUSDT": 0.25547,
  "AAVEUSDT": 117.88,
  "NEARUSDT": 1.015,
  "ARCUSDT": 0.08602,
  "WLDUSDT": 0.3804,
  "TRUMPUSDT": 3.38,
  "LITUSDT": 1.472,
  "FILUSDT": 0.928,
  "TAOUSDT": 174.96,
  "XPLUSDT": 0.0903,
  "DOTUSDT": 1.312,
  "ZROUSDT": 1.694,
  "ATOMUSDT": 2.262,
  "TONUSDT": 1.3403,
  "APTUSDT": 0.833,
  "HBARUSDT": 0.09742,
  "ENSOUSDT": 1.9165,
  "1000SHIBUSDT": 0.006176,
  "XLMUSDT": 0.15428,
  "AXSUSDT": 1.287,
  "ARBUSDT": 0.0941,
  "BERAUSDT": 0.5794,
  "ICPUSDT": 2.109,
  "OPUSDT": 0.1243,
  "HUSDT": 0.16446,
  "RIVERUSDT": 7.93,
  "XMRUSDT": 321.81,
  "POWERUSDT": 0.45145,
  "MONUSDT": 0.0197,
  "ETCUSDT": 8.667,
  "WIFUSDT": 0.2119,
  "RAVEUSDT": 0.67808,
  "FETUSDT": 0.1587,
  "BARDUSDT": 0.7789,
  "FFUSDT": 0.07808,
  "CRVUSDT": 0.227,
  "PENGUUSDT": 0.006562,
  "1000BONKUSDT": 0.006085,
  "FARTCOINUSDT": 0.1749,
  "BANUSDT": 0.12949,
  "PARTIUSDT": 0.10759,
  "INJUSDT": 3.53,
  "IPUSDT": 1.066,
  "POLUSDT": 0.10538,
  "DASHUSDT": 33.16,
  "BTCDOMUSDT": 5148.1,
  "SIRENUSDT": 0.27622,
  "CHZUSDT": 0.03431,
  "\u5e01\u5b89\u4eba\u751fUSDT": 0.06754,
  "AGLDUSDT": 0.3674,
  "OPNUSDT": 0.6523,
  "TIAUSDT": 0.314,
  "SENTUSDT": 0.02101,
  "ONDOUSDT": 0.26,
  "0GUSDT": 0.6334,
  "ETHFIUSDT": 0.4449,
  "VIRTUALUSDT": 0.6229,
  "AZTECUSDT": 0.0314,
  "SEIUSDT": 0.0689,
  "ZKUSDT": 0.01917,
  "JUPUSDT": 0.1502,
  "MYXUSDT": 0.865,
  "LYNUSDT": 0.30367,
  "STABLEUSDT": 0.028426,
  "VVVUSDT": 3.952,
  "ZAMAUSDT": 0.02127,
  "ALCHUSDT": 0.0801,
  "CCUSDT": 0.15928,
  "PENDLEUSDT": 1.1915,
  "KAITOUSDT": 0.2951,
  "BTRUSDT": 0.20398,
  "BIOUSDT": 0.027,
  "1000RATSUSDT": 0.0463,
  "QUSDT": 0.021926,
  "LDOUSDT": 0.3102,
  "HOMEUSDT": 0.030001,
  "ATUSDT": 0.17058,
  "RENDERUSDT": 1.398,
  "DUSKUSDT": 0.0812,
  "BANANAS31USDT": 0.004679,
  "NIGHTUSDT": 0.05894,
  "HANAUSDT": 0.03735,
  "ALGOUSDT": 0.0868,
  "ZENUSDT": 5.701,
  "SKYAIUSDT": 0.03909,
  "JTOUSDT": 0.3069,
  "SANDUSDT": 0.0815,
  "STRKUSDT": 0.04338,
  "ESPUSDT": 0.07188,
  "TRADOORUSDT": 1.48,
  "CAKEUSDT": 1.2869,
  "GUNUSDT": 0.02856,
  "MUSDT": 1.3872,
  "MORPHOUSDT": 1.5812,
  "OMUSDT": 0.06724,
  "ZILUSDT": 0.00404,
  "GPSUSDT": 0.012994,
  "USDCUSDT": 0.999809,
  "PIEVERSEUSDT": 0.4048,
  "UBUSDT": 0.0338,
  "ALLOUSDT": 0.1112,
  "SKYUSDT": 0.06436,
  "SNXUSDT": 0.399,
  "GALAUSDT": 0.00364,
  "ORCAUSDT": 0.999,
  "APEUSDT": 0.107,
  "B2USDT": 0.7193,
  "\u6211\u8e0f\u9a6c\u6765\u4e86USDT": 0.014849,
  "GIGGLEUSDT": 27.68,
  "AWEUSDT": 0.05363,
  "ROSEUSDT": 0.01298,
  "PYTHUSDT": 0.05196,
  "XPINUSDT": 0.001696,
  "BULLAUSDT": 0.02668,
  "GUAUSDT": 0.1654,
  "METUSDT": 0.201,
  "CYSUSDT": 0.3969,
  "BEAMXUSDT": 0.00217,
  "HUMAUSDT": 0.012417,
  "NAORISUSDT": 0.04671,
  "BUSDT": 0.1339,
  "CYBERUSDT": 0.5941,
  "AVNTUSDT": 0.1818,
  "JELLYJELLYUSDT": 0.06487,
  "YGGUSDT": 0.04638,
  "MSTRUSDT": 130.45,
  "SYRUPUSDT": 0.22222,
  "EIGENUSDT": 0.182,
  "AEROUSDT": 0.3151,
  "TSLAUSDT": 411.46,
  "ESPORTSUSDT": 0.34478,
  "VETUSDT": 0.007464,
  "DYDXUSDT": 0.095,
  "NXPCUSDT": 0.2742,
  "XTZUSDT": 0.378,
  "ORDIUSDT": 2.518,
  "MOVEUSDT": 0.02287,
  "NEOUSDT": 2.676,
  "FORMUSDT": 0.2065,
  "COMPUSDT": 17.57,
  "ZKPUSDT": 0.08636,
  "MEUSDT": 0.123,
  "LINEAUSDT": 0.003397,
  "INITUSDT": 0.08876,
  "FOGOUSDT": 0.02581,
  "AUCTIONUSDT": 4.935,
  "COLLECTUSDT": 0.04512,
  "SUSDT": 0.04174,
  "LAUSDT": 0.2067,
  "PNUTUSDT": 0.04629,
  "ENSUSDT": 6.368,
  "SOMIUSDT": 0.2095,
  "SPACEUSDT": 0.010105,
  "RESOLVUSDT": 0.06503,
  "1000LUNCUSDT": 0.0353,
  "1000FLOKIUSDT": 0.0292,
  "GWEIUSDT": 0.03047,
  "BEATUSDT": 0.2379,
  "STGUSDT": 0.1471,
  "STXUSDT": 0.2437,
  "VANAUSDT": 1.507,
  "OGUSDT": 3.23,
  "MERLUSDT": 0.04971,
  "LPTUSDT": 2.273,
  "PLUMEUSDT": 0.00959,
  "AGTUSDT": 0.005546,
  "FHEUSDT": 0.03848,
  "EDUUSDT": 0.1235,
  "CLOUSDT": 0.08771,
  "BIRBUSDT": 0.16423,
  "TRBUSDT": 14.645,
  "WUSDT": 0.01896,
  "TRIAUSDT": 0.01471,
  "EULUSDT": 0.928,
  "UAIUSDT": 0.2426,
  "ARUSDT": 1.979,
  "ATHUSDT": 0.005317,
  "TAUSDT": 0.03977,
  "BANKUSDT": 0.03802,
  "WCTUSDT": 0.05972,
  "JASMYUSDT": 0.005623,
  "NMRUSDT": 7.986,
  "LRCUSDT": 0.03281,
  "CFXUSDT": 0.05096,
  "2ZUSDT": 0.06985,
  "IOTAUSDT": 0.068,
  "MANAUSDT": 0.0946,
  "TAGUSDT": 0.0003858,
  "USELESSUSDT": 0.03675,
  "GRTUSDT": 0.02663,
  "API3USDT": 0.2922,
  "COWUSDT": 0.2159,
  "LIGHTUSDT": 0.2321,
  "MMTUSDT": 0.125,
  "MOODENGUSDT": 0.05401,
  "ZORAUSDT": 0.02011,
  "SPXUSDT": 0.308,
  "COAIUSDT": 0.3145,
  "IMXUSDT": 0.1599,
  "1INCHUSDT": 0.0912,
  "SPKUSDT": 0.02098,
  "LUNA2USDT": 0.06186,
  "SAPIENUSDT": 0.10024,
  "QNTUSDT": 64.09,
  "THETAUSDT": 0.1929,
  "RPLUSDT": 2.228,
  "FLOWUSDT": 0.03705,
  "AIAUSDT": 0.099,
  "SFPUSDT": 0.2587,
  "IOUSDT": 0.1137,
  "ZRXUSDT": 0.1063,
  "AXLUSDT": 0.05338,
  "4USDT": 0.00829,
  "JSTUSDT": 0.042463,
  "BREVUSDT": 0.1298,
  "KAIAUSDT": 0.05545,
  "NEIROUSDT": 7.02e-05,
  "PTBUSDT": 0.001294,
  "ARKMUSDT": 0.108,
  "BELUSDT": 0.1145,
  "YFIUSDT": 2772.0,
  "SKRUSDT": 0.018879,
  "KGENUSDT": 0.18128,
  "EGLDUSDT": 4.445,
  "IDOLUSDT": 0.02344,
  "TAKEUSDT": 0.0269,
  "FOLKSUSDT": 1.274,
  "BLUAIUSDT": 0.005219,
  "MEGAUSDT": 0.12997,
  "AIOUSDT": 0.08332,
  "ANIMEUSDT": 0.004899,
  "RUNEUSDT": 0.3989,
  "NOMUSDT": 0.004884,
  "BOMEUSDT": 0.0003902,
  "PEOPLEUSDT": 0.0065,
  "TWTUSDT": 0.5177,
  "MAGICUSDT": 0.06703,
  "SAHARAUSDT": 0.01507,
  "ARPAUSDT": 0.01044,
  "PROVEUSDT": 0.2918,
  "SIGNUSDT": 0.02511,
  "TSTUSDT": 0.01014,
  "MINAUSDT": 0.06001,
  "MANTAUSDT": 0.06892,
  "ACTUSDT": 0.0141,
  "AUSDT": 0.0803,
  "ZKCUSDT": 0.0862,
  "OPENUSDT": 0.1495,
  "KASUSDT": 0.03038,
  "AVAAIUSDT": 0.0074,
  "GMTUSDT": 0.01156,
  "GASUSDT": 1.542,
  "VELVETUSDT": 0.07999,
  "TUTUSDT": 0.01065,
  "TNSRUSDT": 0.04638,
  "TURBOUSDT": 0.0010112,
  "SANTOSUSDT": 1.889,
  "SUPERUSDT": 0.1148,
  "BATUSDT": 0.1171,
  "SOPHUSDT": 0.009103,
  "FIGHTUSDT": 0.006711,
  "GRASSUSDT": 0.1801,
  "XPTUSDT": 2166.16,
  "SWARMSUSDT": 0.00689,
  "CATIUSDT": 0.039,
  "DEXEUSDT": 2.558,
  "XNYUSDT": 0.004564,
  "ZBTUSDT": 0.07131,
  "BSVUSDT": 15.62,
  "FUSDT": 0.005726,
  "STOUSDT": 0.06031,
  "YBUSDT": 0.1528,
  "AKEUSDT": 0.0002649,
  "POPCATUSDT": 0.04923,
  "C98USDT": 0.027,
  "MUBARAKUSDT": 0.01488,
  "SUSHIUSDT": 0.2005,
  "NILUSDT": 0.0492,
  "BABYUSDT": 0.01263,
  "ICNTUSDT": 0.4035,
  "CVXUSDT": 1.883,
  "LAYERUSDT": 0.0847,
  "VELODROMEUSDT": 0.01454,
  "ACHUSDT": 0.007282,
  "XVGUSDT": 0.005989,
  "PLAYUSDT": 0.02201,
  "BLURUSDT": 0.02006,
  "CTSIUSDT": 0.0248,
  "VTHOUSDT": 0.000618,
  "TRUTHUSDT": 0.009614,
  "ASRUSDT": 1.412,
  "SOONUSDT": 0.1652,
  "MASKUSDT": 0.4333,
  "ALTUSDT": 0.00768,
  "SOLVUSDT": 0.00434,
  "RAREUSDT": 0.01872,
  "RAYSOLUSDT": 0.6215,
  "KSMUSDT": 4.766,
  "AIXBTUSDT": 0.01908,
  "GLMUSDT": 0.16374,
  "MEMEUSDT": 0.0006595,
  "EDENUSDT": 0.03355,
  "ONTUSDT": 0.0419,
  "IRUSDT": 0.0943,
  "SONICUSDT": 0.04695,
  "ANKRUSDT": 0.004347,
  "DRIFTUSDT": 0.0866,
  "UMAUSDT": 0.4509,
  "DOLOUSDT": 0.04003,
  "CELOUSDT": 0.076,
  "THEUSDT": 0.2509,
  "APRUSDT": 0.10767,
  "KERNELUSDT": 0.06764,
  "ZEREBROUSDT": 0.00748,
  "FRAXUSDT": 0.6374,
  "MELANIAUSDT": 0.113,
  "SUNUSDT": 0.016967,
  "DEGOUSDT": 0.3334,
  "ERAUSDT": 0.1488,
  "INUSDT": 0.06245,
  "IDUSDT": 0.0466,
  "WOOUSDT": 0.01775,
  "STORJUSDT": 0.0933,
  "RSRUSDT": 0.001439,
  "WALUSDT": 0.0765,
  "KAVAUSDT": 0.0504,
  "QTUMUSDT": 0.911,
  "AKTUSDT": 0.3077,
  "ONUSDT": 0.09315,
  "POLYXUSDT": 0.04214,
  "IOTXUSDT": 0.0045,
  "SKLUSDT": 0.00656,