{
  "BTCUSDT": 71046.4,
  "ETHUSDT": 2085.84,
  "SOLUSDT": 88.97,
  "XRPUSDT": 1.4128,
  "BNBUSDT": 649.87,
  "DOGEUSDT": 0.09425,
  "XAUUSDT": 5076.24,
  "BCHUSDT": 458.61,
  "PAXGUSDT": 5088.08,
  "HYPEUSDT": 30.612,
  "XAGUSDT": 82.04,
  "ZECUSDT": 230.47,
  "WLFIUSDT": 0.1022,
  "SUIUSDT": 0.9578,
  "UNIUSDT": 3.995,
  "TRXUSDT": 0.28254,
  "AVAXUSDT": 9.458,
  "ADAUSDT": 0.2706,
  "LINKUSDT": 9.233,
  "ASTERUSDT": 0.7081,
  "LTCUSDT": 55.8,
  "1000PEPEUSDT": 0.0035156,
  "PUMPUSDT": 0.002042,
  "ENAUSDT": 0.1162,
  "NEARUSDT": 1.272,
  "AAVEUSDT": 118.27,
  "WLDUSDT": 0.412,
  "DOTUSDT": 1.542,
  "XPLUSDT": 0.119,
  "KITEUSDT": 0.27324,
  "HUSDT": 0.17043,
  "FILUSDT": 1.018,
  "TAOUSDT": 187.46,
  "1000SHIBUSDT": 0.005602,
  "TRUMPUSDT": 3.231,
  "BARDUSDT": 1.6148,
  "ZROUSDT": 1.8564,
  "LITUSDT": 1.198,
  "APTUSDT": 0.994,
  "PIPPINUSDT": 0.34413,
  "TONUSDT": 1.3499,
  "ATOMUSDT": 1.85,
  "HBARUSDT": 0.10014,
  "XMRUSDT": 366.9,
  "RIVERUSDT": 15.991,
  "ARBUSDT": 0.1036,
  "XLMUSDT": 0.15762,
  "WIFUSDT": 0.216,
  "ICPUSDT": 2.539,
  "BERAUSDT": 0.537,
  "CRVUSDT": 0.252,
  "MONUSDT": 0.02184,
  "FFUSDT": 0.07263,
  "AXSUSDT": 1.211,
  "SIRENUSDT": 0.48282,
  "FETUSDT": 0.1536,
  "PENGUUSDT": 0.007192,
  "VIRTUALUSDT": 0.726,
  "OPUSDT": 0.1263,
  "ARCUSDT": 0.03741,
  "CCUSDT": 0.15037,
  "ETCUSDT": 8.707,
  "VVVUSDT": 6.157,
  "POLUSDT": 0.10141,
  "BTCDOMUSDT": 5191.0,
  "ETHFIUSDT": 0.5506,
  "PARTIUSDT": 0.08839,
  "IPUSDT": 0.856,
  "ONDOUSDT": 0.2656,
  "1000BONKUSDT": 0.006173,
  "FARTCOINUSDT": 0.1689,
  "POWERUSDT": 0.13987,
  "SEIUSDT": 0.0679,
  "TIAUSDT": 0.342,
  "BANUSDT": 0.11308,
  "CHZUSDT": 0.03793,
  "ENSOUSDT": 1.3688,
  "\u5e01\u5b89\u4eba\u751fUSDT": 0.05818,
  "SAHARAUSDT": 0.02609,
  "JUPUSDT": 0.1876,
  "SENTUSDT": 0.02117,
  "DASHUSDT": 34.65,
  "SIGNUSDT": 0.03336,
  "INJUSDT": 3.055,
  "ESPUSDT": 0.12402,
  "0GUSDT": 0.6183,
  "PHAUSDT": 0.04788,
  "LDOUSDT": 0.3151,
  "GUAUSDT": 0.27609,
  "KAITOUSDT": 0.3551,
  "BUSDT": 0.2232,
  "GWEIUSDT": 0.050462,
  "BANANAS31USDT": 0.005386,
  "ROBOUSDT": 0.04093,
  "STABLEUSDT": 0.027083,
  "RENDERUSDT": 1.387,
  "FORMUSDT": 0.3188,
  "ZKUSDT": 0.01942,
  "HUMAUSDT": 0.016851,
  "ZAMAUSDT": 0.01977,
  "ALCHUSDT": 0.07877,
  "1000RATSUSDT": 0.04875,
  "PENDLEUSDT": 1.2786,
  "OPNUSDT": 0.3705,
  "MORPHOUSDT": 1.9519,
  "JELLYJELLYUSDT": 0.08822,
  "SKYAIUSDT": 0.04104,
  "MANTRAUSDT": 0.02133,
  "PIEVERSEUSDT": 0.5509,
  "ATUSDT": 0.15587,
  "SANDUSDT": 0.08439,
  "BIOUSDT": 0.02061,
  "SKYUSDT": 0.07663,
  "CRCLUSDT": 105.31,
  "GIGGLEUSDT": 28.44,
  "MYXUSDT": 0.339,
  "ZENUSDT": 5.738,
  "CAKEUSDT": 1.39,
  "HOMEUSDT": 0.027258,
  "ALLOUSDT": 0.11802,
  "BULLAUSDT": 0.02555,
  "MUSDT": 1.4855,
  "STRKUSDT": 0.04032,
  "GALAUSDT": 0.00356,
  "STGUSDT": 0.1666,
  "LYNUSDT": 0.31891,
  "ALGOUSDT": 0.088,
  "HANAUSDT": 0.03511,
  "ORCAUSDT": 1.023,
  "MSTRUSDT": 140.02,
  "NIGHTUSDT": 0.06004,
  "TRADOORUSDT": 1.651,
  "TSLAUSDT": 404.39,
  "BTRUSDT": 0.18034,
  "APEUSDT": 0.1017,
  "AEROUSDT": 0.3614,
  "EIGENUSDT": 0.1949,
  "USDCUSDT": 0.999408,
  "ATHUSDT": 0.0068,
  "GPSUSDT": 0.008436,
  "DUSKUSDT": 0.0893,
  "JTOUSDT": 0.2745,
  "GUNUSDT": 0.02021,
  "B2USDT": 0.7172,
  "QUSDT": 0.013656,
  "XPINUSDT": 0.001396,
  "BEAMXUSDT": 0.001925,
  "SYRUPUSDT": 0.23722,
  "NEOUSDT": 2.612,
  "ZILUSDT": 0.00425,
  "UBUSDT": 0.03543,
  "PYTHUSDT": 0.0497,
  "BEATUSDT": 0.2944,
  "XTZUSDT": 0.384,
  "AZTECUSDT": 0.02154,
  "ORDIUSDT": 2.508,
  "METUSDT": 0.1732,
  "1000LUNCUSDT": 0.04315,
  "AVNTUSDT": 0.1694,
  "NXPCUSDT": 0.283,
  "DYDXUSDT": 0.092,
  "MOVEUSDT": 0.02277,
  "VETUSDT": 0.007322,
  "FOGOUSDT": 0.02234,
  "1000FLOKIUSDT": 0.02933,
  "COMPUSDT": 18.05,
  "AGLDUSDT": 0.2569,
  "PNUTUSDT": 0.04738,
  "LAUSDT": 0.2157,
  "ROSEUSDT": 0.01211,
  "SUSDT": 0.04155,
  "COLLECTUSDT": 0.03718,
  "ESPORTSUSDT": 0.2989,
  "LINEAUSDT": 0.003215,
  "CYSUSDT": 0.3926,
  "ZKPUSDT": 0.09167,
  "TAGUSDT": 0.0004435,
  "ENSUSDT": 6.145,
  "AGTUSDT": 0.006631,
  "\u6211\u8e0f\u9a6c\u6765\u4e86USDT": 0.00908,
  "TRBUSDT": 14.957,
  "SPXUSDT": 0.3451,
  "TAUSDT": 0.03831,
  "LPTUSDT": 2.345,
  "SNXUSDT": 0.33,
  "AIXBTUSDT": 0.02836,
  "KAVAUSDT": 0.0598,
  "STXUSDT": 0.2667,
  "RESOLVUSDT": 0.06562,
  "SKRUSDT": 0.023381,
  "AUCTIONUSDT": 4.777,
  "RAVEUSDT": 0.3512,
  "ARUSDT": 1.676,
  "PLUMEUSDT": 0.01,
  "BANKUSDT": 0.04138,
  "JASMYUSDT": 0.005717,
  "EULUSDT": 1.094,
  "GRASSUSDT": 0.2849,
  "JSTUSDT": 0.048362,
  "WUSDT": 0.01878,
  "DEXEUSDT": 3.536,
  "USELESSUSDT": 0.04379,
  "CFXUSDT": 0.04956,
  "AKEUSDT": 0.0003007,
  "IMXUSDT": 0.159,
  "KGENUSDT": 0.23479,
  "4USDT": 0.008792,
  "MANAUSDT": 0.0976,
  "FLOWUSDT": 0.03444,
  "IOTAUSDT": 0.0662,
  "NMRUSDT": 8.117,
  "TRIAUSDT": 0.01799,
  "GRTUSDT": 0.02636,
  "SOMIUSDT": 0.1981,
  "COAIUSDT": 0.3179,
  "CYBERUSDT": 0.5532,
  "MEUSDT": 0.1167,
  "DENTUSDT": 0.000238,
  "EDUUSDT": 0.1031,
  "WCTUSDT": 0.06058,
  "YGGUSDT": 0.04102,
  "PEOPLEUSDT": 0.00721,
  "AWEUSDT": 0.05104,
  "MOODENGUSDT": 0.05034,
  "DAMUSDT": 0.03574,
  "2ZUSDT": 0.07447,
  "BREVUSDT": 0.151,
  "PTBUSDT": 0.001165,
  "WETUSDT": 0.10729,
  "INITUSDT": 0.07914,
  "RUNEUSDT": 0.4383,
  "LIGHTUSDT": 0.1779,
  "QNTUSDT": 66.27,
  "SFPUSDT": 0.2701,
  "FHEUSDT": 0.03388,
  "SPKUSDT": 0.0195,
  "NAORISUSDT": 0.03385,
  "EGLDUSDT": 4.178,
  "API3USDT": 0.2823,
  "1INCHUSDT": 0.0981,
  "MMTUSDT": 0.1175,
  "THETAUSDT": 0.1943,
  "VELVETUSDT": 0.09838,
  "COWUSDT": 0.2489,
  "MERLUSDT": 0.03885,
  "ARKMUSDT": 0.1084,
  "NEIROUSDT": 6.855e-05,
  "CLOUSDT": 0.06893,
  "LAYERUSDT": 0.08552,
  "ZRXUSDT": 0.1084,
  "KASUSDT": 0.03083,
  "FOLKSUSDT": 1.222,
  "BIRBUSDT": 0.14912,
  "VANAUSDT": 1.432,
  "AXLUSDT": 0.05375,
  "HOLOUSDT": 0.06672,
  "POPCATUSDT": 0.05172,
  "AVAAIUSDT": 0.008026,
  "ZORAUSDT": 0.01716,
  "SWARMSUSDT": 0.007324,
  "IOUSDT": 0.1111,
  "KAIAUSDT": 0.05403,
  "MAGICUSDT": 0.06619,
  "SOPHUSDT": 0.00876,
  "TWTUSDT": 0.5006,
  "PROVEUSDT": 0.2741,
  "SPACEUSDT": 0.007006,
  "SUSHIUSDT": 0.2074,
  "BOMEUSDT": 0.0004127,
  "AUSDT": 0.07893,
  "MEMEUSDT": 0.000618,
  "TSTUSDT": 0.00968,
  "LUNA2USDT": 0.06428,
  "LRCUSDT": 0.03186,
  "USUALUSDT": 0.01544,
  "YFIUSDT": 2636.0,
  "VELODROMEUSDT": 0.0172,
  "OPENUSDT": 0.146,
  "ACTUSDT": 0.01361,
  "SUNUSDT": 0.015792,
  "GMTUSDT": 0.0116,
  "BLUAIUSDT": 0.00463,
  "NILUSDT": 0.05163,
  "BATUSDT": 0.1023,
  "TURBOUSDT": 0.0009917,
  "CATIUSDT": 0.03956,
  "AIAUSDT": 0.08121,
  "ANIMEUSDT": 0.004683,
  "STEEMUSDT": 0.05765,
  "SUPERUSDT": 0.1202,
  "STOUSDT": 0.06021,
  "KERNELUSDT": 0.08283,
  "MEGAUSDT": 0.12982,
  "AIOUSDT": 0.0839,
  "EDENUSDT": 0.0354,
  "BABYUSDT": 0.01157,
  "MIRAUSDT": 0.08922,
  "SOONUSDT": 0.1666,
  "AKTUSDT": 0.3447,
  "OGUSDT": 2.816,
  "TUTUSDT": 0.0103,
  "GASUSDT": 1.607,
  "MANTAUSDT": 0.06481,
  "TNSRUSDT": 0.04522,
  "HIPPOUSDT": 0.000771,
  "ZBTUSDT": 0.07294,
  "IOTXUSDT": 0.00557,
  "BSVUSDT": 14.71,
  "KNCUSDT": 0.1333,
  "RPLUSDT": 1.952,
  "AIOTUSDT": 0.02631,
  "MUBARAKUSDT": 0.01428,
  "MASKUSDT": 0.4517,
  "MINAUSDT": 0.0566,
  "ALTUSDT": 0.007304,
  "ALICEUSDT": 0.127,
  "XVGUSDT": 0.005442,
  "KATUSDT": 0.01599,
  "CELOUSDT": 0.079,
  "XPTUSDT": 2121.46,
  "FUSDT": 0.005508,
  "ASRUSDT": 1.349,
  "UMAUSDT": 0.4243,
  "AINUSDT": 0.03943,
  "FIOUSDT": 0.00874,
  "UAIUSDT": 0.219,
  "FIGHTUSDT": 0.005639,
  "SAPIENUSDT": 0.08002,
  "BLURUSDT": 0.0196,
  "REDUSDT": 0.1388,
  "COOKIEUSDT": 0.02059,
  "SOLVUSDT": 0.003964,
  "KSMUSDT": 4.681,
  "ENJUSDT": 0.01908,
  "GLMUSDT": 0.13249,
  "INUSDT": 0.06893,
  "ZEREBROUSDT": 0.007123,
  "YBUSDT": 0.1688,
  "SKLUSDT": 0.00671,
  "TRUTHUSDT": 0.009639,
  "ONTUSDT": 0.0426,
  "ANKRUSDT": 0.004197,
  "KMNOUSDT": 0.02325,
  "NOMUSDT": 0.003578,
  "KOMAUSDT": 0.008002,
  "GMXUSDT": 7.154,
  "AMZNUSDT": 219.59,
  "1000SATSUSDT": 1.12e-05,
  "POLYXUSDT": 0.04161,
  "ERAUSDT": 0.1469,
  "XNYUSDT": 0.00586,
  "SANTOSUSDT": 1.318,
  "RAYSOLUSDT": 0.6125,
  "ACHUSDT": 0.007182,
  "ELSAUSDT": 0.08388,