{
  "BTCUSDT": 68398.2,
  "ETHUSDT": 1989.33,
  "SOLUSDT": 86.27,
  "XRPUSDT": 1.4413,
  "BNBUSDT": 628.27,
  "BCHUSDT": 564.47,
  "DOGEUSDT": 0.09952,
  "HYPEUSDT": 29.903,
  "XAGUSDT": 84.62,
  "XAUUSDT": 5118.44,
  "WLFIUSDT": 0.121,
  "PAXGUSDT": 5149.24,
  "ZECUSDT": 259.12,
  "TRXUSDT": 0.28731,
  "SUIUSDT": 0.9542,
  "ASTERUSDT": 0.7286,
  "LINKUSDT": 8.952,
  "ADAUSDT": 0.2808,
  "UNIUSDT": 3.62,
  "AVAXUSDT": 9.27,
  "LTCUSDT": 55.31,
  "1000PEPEUSDT": 0.0041987,
  "PUMPUSDT": 0.002111,
  "ENAUSDT": 0.1093,
  "AAVEUSDT": 123.73,
  "PIPPINUSDT": 0.48656,
  "NEARUSDT": 1.053,
  "KITEUSDT": 0.21711,
  "LITUSDT": 1.52,
  "WLDUSDT": 0.3898,
  "TRUMPUSDT": 3.494,
  "FILUSDT": 0.971,
  "TAOUSDT": 184.6,
  "XPLUSDT": 0.0974,
  "DOTUSDT": 1.362,
  "ARCUSDT": 0.07135,
  "ZROUSDT": 1.6908,
  "ATOMUSDT": 2.325,
  "APTUSDT": 0.8967,
  "TONUSDT": 1.3339,
  "XLMUSDT": 0.16209,
  "1000SHIBUSDT": 0.006431,
  "HBARUSDT": 0.1004,
  "ARBUSDT": 0.0993,
  "ENSOUSDT": 1.8897,
  "ICPUSDT": 2.233,
  "AXSUSDT": 1.335,
  "BERAUSDT": 0.581,
  "RIVERUSDT": 8.323,
  "ETCUSDT": 9.219,
  "OPUSDT": 0.1283,
  "HUSDT": 0.16222,
  "XMRUSDT": 329.03,
  "MONUSDT": 0.02101,
  "POWERUSDT": 0.44832,
  "WIFUSDT": 0.2249,
  "FETUSDT": 0.1669,
  "FFUSDT": 0.07984,
  "PENGUUSDT": 0.00694,
  "CRVUSDT": 0.242,
  "AZTECUSDT": 0.03382,
  "BARDUSDT": 0.7563,
  "FARTCOINUSDT": 0.1862,
  "INJUSDT": 3.748,
  "1000BONKUSDT": 0.006347,
  "POLUSDT": 0.11088,
  "BANUSDT": 0.12981,
  "IPUSDT": 1.1,
  "\u5e01\u5b89\u4eba\u751fUSDT": 0.08518,
  "PARTIUSDT": 0.10211,
  "DASHUSDT": 34.4,
  "CHZUSDT": 0.03567,
  "RAVEUSDT": 0.60305,
  "BTCDOMUSDT": 5086.4,
  "ZAMAUSDT": 0.02561,
  "TIAUSDT": 0.3359,
  "0GUSDT": 0.683,
  "SENTUSDT": 0.02262,
  "VIRTUALUSDT": 0.6473,
  "ONDOUSDT": 0.2697,
  "ETHFIUSDT": 0.4647,
  "SEIUSDT": 0.071,
  "ZKUSDT": 0.02003,
  "VVVUSDT": 4.275,
  "JUPUSDT": 0.1583,
  "LYNUSDT": 0.29902,
  "STABLEUSDT": 0.029216,
  "MYXUSDT": 1.036,
  "BIOUSDT": 0.02853,
  "ALCHUSDT": 0.08148,
  "RENDERUSDT": 1.482,
  "SIRENUSDT": 0.24724,
  "CCUSDT": 0.16063,
  "QUSDT": 0.02285,
  "PENDLEUSDT": 1.233,
  "LDOUSDT": 0.3331,
  "KAITOUSDT": 0.304,
  "ESPUSDT": 0.08214,
  "1000RATSUSDT": 0.04628,
  "HOMEUSDT": 0.029127,
  "BTRUSDT": 0.20289,
  "DUSKUSDT": 0.08288,
  "ZENUSDT": 5.867,
  "OPNUSDT": 0.6367,
  "NIGHTUSDT": 0.05775,
  "BANANAS31USDT": 0.004579,
  "SANDUSDT": 0.08532,
  "HANAUSDT": 0.03626,
  "ALGOUSDT": 0.09,
  "CAKEUSDT": 1.3329,
  "ATUSDT": 0.15899,
  "STRKUSDT": 0.04528,
  "SKYAIUSDT": 0.03811,
  "JTOUSDT": 0.3033,
  "TRADOORUSDT": 1.411,
  "ORCAUSDT": 1.071,
  "ZILUSDT": 0.0043,
  "ALLOUSDT": 0.12107,
  "UBUSDT": 0.03662,
  "GUNUSDT": 0.02861,
  "MORPHOUSDT": 1.6245,
  "GPSUSDT": 0.012955,
  "PIEVERSEUSDT": 0.4228,
  "YGGUSDT": 0.04785,
  "MUSDT": 1.3413,
  "SKYUSDT": 0.0641,
  "USDCUSDT": 0.999786,
  "GALAUSDT": 0.00392,
  "OMUSDT": 0.06408,
  "SNXUSDT": 0.403,
  "APEUSDT": 0.1099,
  "GIGGLEUSDT": 29.21,
  "\u6211\u8e0f\u9a6c\u6765\u4e86USDT": 0.015605,
  "ROSEUSDT": 0.01347,
  "B2USDT": 0.7211,
  "AWEUSDT": 0.05647,
  "PYTHUSDT": 0.05413,
  "BULLAUSDT": 0.02861,
  "METUSDT": 0.2117,
  "XPINUSDT": 0.001701,
  "HUMAUSDT": 0.012924,
  "BEAMXUSDT": 0.002303,
  "CYSUSDT": 0.387,
  "AVNTUSDT": 0.1893,
  "SYRUPUSDT": 0.23443,
  "AEROUSDT": 0.3326,
  "JELLYJELLYUSDT": 0.06549,
  "EIGENUSDT": 0.1945,
  "BUSDT": 0.1311,
  "MSTRUSDT": 131.7,
  "INITUSDT": 0.09888,
  "COMPUSDT": 18.12,
  "NAORISUSDT": 0.0446,
  "DYDXUSDT": 0.101,
  "XTZUSDT": 0.391,
  "ORDIUSDT": 2.68,
  "ZKPUSDT": 0.09289,
  "MEUSDT": 0.1293,
  "TSLAUSDT": 411.47,
  "MOVEUSDT": 0.02386,
  "ENSUSDT": 6.801,
  "GUAUSDT": 0.147,
  "ESPORTSUSDT": 0.33793,
  "FOGOUSDT": 0.02672,
  "VETUSDT": 0.007756,
  "FORMUSDT": 0.2112,
  "NXPCUSDT": 0.27,
  "NEOUSDT": 2.774,
  "PNUTUSDT": 0.04861,
  "CYBERUSDT": 0.5764,
  "COLLECTUSDT": 0.0502,
  "AUCTIONUSDT": 5.052,
  "VANAUSDT": 1.608,
  "SUSDT": 0.04398,
  "LAUSDT": 0.21,
  "1000LUNCUSDT": 0.03659,
  "LINEAUSDT": 0.003448,
  "SPACEUSDT": 0.010104,
  "SOMIUSDT": 0.2089,
  "STGUSDT": 0.1463,
  "RESOLVUSDT": 0.06511,
  "EULUSDT": 1.016,
  "BEATUSDT": 0.2423,
  "LPTUSDT": 2.364,
  "1000FLOKIUSDT": 0.03046,
  "OGUSDT": 3.309,
  "PLUMEUSDT": 0.01009,
  "STXUSDT": 0.2554,
  "GWEIUSDT": 0.029515,
  "MERLUSDT": 0.05132,
  "FHEUSDT": 0.04021,
  "CLOUSDT": 0.08954,
  "TRBUSDT": 15.325,
  "BIRBUSDT": 0.17136,
  "EDUUSDT": 0.1243,
  "ATHUSDT": 0.005557,
  "UAIUSDT": 0.2435,
  "WUSDT": 0.01981,
  "JASMYUSDT": 0.005898,
  "MOODENGUSDT": 0.05717,
  "LRCUSDT": 0.0332,
  "NMRUSDT": 8.177,
  "GRTUSDT": 0.02815,
  "SPXUSDT": 0.3277,
  "BANKUSDT": 0.03897,
  "2ZUSDT": 0.07279,
  "WCTUSDT": 0.06145,
  "CFXUSDT": 0.05318,
  "MANAUSDT": 0.0989,
  "AGTUSDT": 0.005313,
  "MMTUSDT": 0.1298,
  "ARUSDT": 2.024,
  "TRIAUSDT": 0.01653,
  "RPLUSDT": 2.344,
  "USELESSUSDT": 0.04229,
  "AGLDUSDT": 0.2629,
  "API3USDT": 0.3022,
  "TAUSDT": 0.03831,
  "LIGHTUSDT": 0.2377,
  "IMXUSDT": 0.1695,
  "ZORAUSDT": 0.02064,
  "COAIUSDT": 0.3229,
  "LUNA2USDT": 0.06442,
  "AIAUSDT": 0.10322,
  "IOUSDT": 0.1241,
  "PTBUSDT": 0.001407,
  "IOTAUSDT": 0.0696,
  "ZRXUSDT": 0.1115,
  "TAGUSDT": 0.0003655,
  "FLOWUSDT": 0.03835,
  "THETAUSDT": 0.203,
  "BREVUSDT": 0.1401,
  "4USDT": 0.00894,
  "SFPUSDT": 0.2726,
  "SPKUSDT": 0.02093,
  "QNTUSDT": 66.57,
  "AXLUSDT": 0.05569,
  "JSTUSDT": 0.042826,
  "1INCHUSDT": 0.0936,
  "FOLKSUSDT": 1.361,
  "KAIAUSDT": 0.0563,
  "NEIROUSDT": 7.47e-05,
  "SKRUSDT": 0.019181,
  "RUNEUSDT": 0.4137,
  "ARKMUSDT": 0.1132,
  "YFIUSDT": 2835.0,
  "NOMUSDT": 0.005397,
  "FIGHTUSDT": 0.007261,
  "EGLDUSDT": 4.612,
  "SIGNUSDT": 0.02702,
  "BOMEUSDT": 0.0004164,
  "ANIMEUSDT": 0.005035,
  "KGENUSDT": 0.18123,
  "MEGAUSDT": 0.13152,
  "SAHARAUSDT": 0.01589,
  "MAGICUSDT": 0.06974,
  "COWUSDT": 0.2091,
  "TWTUSDT": 0.5244,
  "PROVEUSDT": 0.3024,
  "XNYUSDT": 0.004573,
  "PEOPLEUSDT": 0.00683,
  "BLUAIUSDT": 0.005055,
  "ZKCUSDT": 0.0909,
  "MANTAUSDT": 0.07136,
  "KASUSDT": 0.03141,
  "AUSDT": 0.0835,
  "ACTUSDT": 0.01467,
  "GASUSDT": 1.601,
  "AVAAIUSDT": 0.00766,
  "TSTUSDT": 0.0106,
  "AIOUSDT": 0.07983,
  "MINAUSDT": 0.06244,
  "OPENUSDT": 0.1513,
  "TURBOUSDT": 0.0010738,
  "TAKEUSDT": 0.02378,
  "TRUTHUSDT": 0.010169,
  "BATUSDT": 0.122,
  "GMTUSDT": 0.01207,
  "TUTUSDT": 0.01111,
  "GRASSUSDT": 0.1905,
  "BSVUSDT": 16.35,
  "SANTOSUSDT": 1.881,
  "SWARMSUSDT": 0.00711,
  "POPCATUSDT": 0.05249,
  "SUPERUSDT": 0.1197,
  "VELVETUSDT": 0.07998,
  "SOPHUSDT": 0.009268,
  "TNSRUSDT": 0.04947,
  "SUSHIUSDT": 0.2105,
  "FUSDT": 0.00594,
  "CATIUSDT": 0.04017,
  "ZBTUSDT": 0.07318,
  "NILUSDT": 0.05033,
  "IDOLUSDT": 0.02154,
  "YBUSDT": 0.1602,
  "LAYERUSDT": 0.0889,
  "XPTUSDT": 2161.63,
  "CTSIUSDT": 0.027,
  "AKEUSDT": 0.0002699,
  "BABYUSDT": 0.01309,
  "MUBARAKUSDT": 0.01546,
  "C98USDT": 0.0268,
  "VELODROMEUSDT": 0.01493,
  "CVXUSDT": 1.946,
  "KSMUSDT": 4.928,
  "XVGUSDT": 0.006116,
  "SOLVUSDT": 0.00454,
  "RAYSOLUSDT": 0.659,
  "ACHUSDT": 0.007549,
  "BLURUSDT": 0.02101,
  "ICNTUSDT": 0.3954,
  "MASKUSDT": 0.4522,
  "DOLOUSDT": 0.04078,
  "EDENUSDT": 0.03557,
  "SAPIENUSDT": 0.09035,
  "ALTUSDT": 0.00811,
  "GLMUSDT": 0.16939,
  "ASRUSDT": 1.417,
  "DEXEUSDT": 2.412,
  "AIXBTUSDT": 0.02009,
  "ANKRUSDT": 0.004548,
  "SOONUSDT": 0.1684,
  "STOUSDT": 0.056,
  "MEMEUSDT": 0.0006906,
  "UMAUSDT": 0.471,
  "WOOUSDT": 0.01851,
  "CELOUSDT": 0.078,
  "ONTUSDT": 0.0438,
  "RAREUSDT": 0.01903,
  "DRIFTUSDT": 0.091,
  "SONICUSDT": 0.04945,
  "ONUSDT": 0.10173,
  "IRUSDT": 0.08855,
  "THEUSDT": 0.2591,
  "SUNUSDT": 0.016952,
  "DEGOUSDT": 0.3483,
  "ERAUSDT": 0.1557,
  "FRAXUSDT": 0.6679,
  "ZEREBROUSDT": 0.00783,
  "KERNELUSDT": 0.06954,
  "MELANIAUSDT": 0.1162,
  "GMXUSDT": 6.777,
  "PLAYUSDT": 0.02161,
  "IDUSDT": 0.04792,
  "RSRUSDT": 0.001501,
  "PROMUSDT": 1.291,
  "KAVAUSDT": 0.0523,
  "IOTXUSDT": 0.0049,
  "BROCCOLI714USDT": 0.01415,
  "HYPERUSDT": 0.0968,
  "WALUSDT": 0.0802,
  "KMNOUSDT": 0.02787,
  "BANANAUSDT": 4.506,
  "POLYXUSDT": 0.04386,
  "BASUSDT": 0.005129,
  "LSKUSDT": 0.1426,
  "TUSDT": 0.00708,