{
  "BTCUSDT": 73455.1,
  "ETHUSDT": 2171.37,
  "SOLUSDT": 93.59,
  "XRPUSDT": 1.4623,
  "BNBUSDT": 662.42,
  "DOGEUSDT": 0.10268,
  "XAUUSDT": 5142.55,
  "BCHUSDT": 467.67,
  "PAXGUSDT": 5152.68,
  "HYPEUSDT": 32.344,
  "ZECUSDT": 247.56,
  "XAGUSDT": 83.47,
  "WLFIUSDT": 0.1082,
  "TRXUSDT": 0.28749,
  "UNIUSDT": 4.04,
  "SUIUSDT": 0.9804,
  "ADAUSDT": 0.2816,
  "AVAXUSDT": 9.642,
  "1000PEPEUSDT": 0.003733,
  "LINKUSDT": 9.541,
  "ASTERUSDT": 0.7244,
  "LTCUSDT": 57.42,
  "PUMPUSDT": 0.002111,
  "NEARUSDT": 1.322,
  "ENAUSDT": 0.1182,
  "AAVEUSDT": 118.15,
  "WLDUSDT": 0.4268,
  "DOTUSDT": 1.559,
  "XPLUSDT": 0.1153,
  "FILUSDT": 1.029,
  "1000SHIBUSDT": 0.005788,
  "TAOUSDT": 192.92,
  "TRUMPUSDT": 3.461,
  "LITUSDT": 1.342,
  "ZROUSDT": 2.0168,
  "RIVERUSDT": 18.547,
  "PIPPINUSDT": 0.34794,
  "KITEUSDT": 0.22947,
  "APTUSDT": 1.0208,
  "TONUSDT": 1.3117,
  "HBARUSDT": 0.10201,
  "ATOMUSDT": 1.897,
  "HUSDT": 0.12531,
  "XLMUSDT": 0.16484,
  "XMRUSDT": 357.55,
  "ARBUSDT": 0.1063,
  "WIFUSDT": 0.2195,
  "MONUSDT": 0.02321,
  "BERAUSDT": 0.5568,
  "CRVUSDT": 0.263,
  "ICPUSDT": 2.529,
  "VIRTUALUSDT": 0.7717,
  "PENGUUSDT": 0.007419,
  "FETUSDT": 0.1574,
  "AXSUSDT": 1.24,
  "FFUSDT": 0.07351,
  "OPUSDT": 0.1302,
  "ARCUSDT": 0.03967,
  "ETCUSDT": 8.95,
  "CCUSDT": 0.15689,
  "POLUSDT": 0.10494,
  "VVVUSDT": 6.523,
  "1000BONKUSDT": 0.006406,
  "ONDOUSDT": 0.2726,
  "BTCDOMUSDT": 5173.9,
  "ETHFIUSDT": 0.5475,
  "FARTCOINUSDT": 0.1782,
  "SAHARAUSDT": 0.02903,
  "IPUSDT": 0.873,
  "PARTIUSDT": 0.08642,
  "TIAUSDT": 0.3422,
  "CHZUSDT": 0.03751,
  "BARDUSDT": 0.85,
  "POWERUSDT": 0.167,
  "\u5e01\u5b89\u4eba\u751fUSDT": 0.06276,
  "DASHUSDT": 36.09,
  "BANUSDT": 0.10892,
  "SEIUSDT": 0.0704,
  "SIRENUSDT": 0.37304,
  "ENSOUSDT": 1.3253,
  "SENTUSDT": 0.02134,
  "JUPUSDT": 0.1939,
  "INJUSDT": 3.159,
  "PHAUSDT": 0.04875,
  "KAITOUSDT": 0.3633,
  "0GUSDT": 0.6225,
  "1000RATSUSDT": 0.05068,
  "BUSDT": 0.2219,
  "ESPUSDT": 0.11824,
  "GUAUSDT": 0.27336,
  "FORMUSDT": 0.3252,
  "RENDERUSDT": 1.442,
  "STABLEUSDT": 0.029154,
  "LDOUSDT": 0.3241,
  "BANANAS31USDT": 0.005099,
  "PENDLEUSDT": 1.3198,
  "ROBOUSDT": 0.04479,
  "ALCHUSDT": 0.08039,
  "ZKUSDT": 0.01924,
  "QUSDT": 0.028132,
  "SIGNUSDT": 0.02992,
  "ZAMAUSDT": 0.01911,
  "SKYAIUSDT": 0.04194,
  "MANTRAUSDT": 0.02243,
  "MORPHOUSDT": 1.9158,
  "JELLYJELLYUSDT": 0.08626,
  "GIGGLEUSDT": 31.03,
  "ATUSDT": 0.15677,
  "PIEVERSEUSDT": 0.5376,
  "CRCLUSDT": 104.85,
  "BIOUSDT": 0.0215,
  "CAKEUSDT": 1.4262,
  "SANDUSDT": 0.0882,
  "GWEIUSDT": 0.041629,
  "HOMEUSDT": 0.029194,
  "ZENUSDT": 5.893,
  "BULLAUSDT": 0.02681,
  "SKYUSDT": 0.07667,
  "ALLOUSDT": 0.11995,
  "NIGHTUSDT": 0.0624,
  "GALAUSDT": 0.00369,
  "STRKUSDT": 0.04158,
  "ALGOUSDT": 0.09,
  "MSTRUSDT": 147.8,
  "STGUSDT": 0.1784,
  "LYNUSDT": 0.29881,
  "MYXUSDT": 0.325,
  "MUSDT": 1.3713,
  "HANAUSDT": 0.03513,
  "AEROUSDT": 0.3725,
  "EIGENUSDT": 0.1986,
  "HUMAUSDT": 0.014368,
  "BTRUSDT": 0.1789,
  "OPNUSDT": 0.5237,
  "TSLAUSDT": 407.94,
  "APEUSDT": 0.1055,
  "AZTECUSDT": 0.02371,
  "GPSUSDT": 0.008826,
  "USDCUSDT": 0.999211,
  "GUNUSDT": 0.02065,
  "SYRUPUSDT": 0.24902,
  "TRADOORUSDT": 1.482,
  "ZILUSDT": 0.00439,
  "BEAMXUSDT": 0.001976,
  "NEOUSDT": 2.718,
  "ATHUSDT": 0.00648,
  "ORDIUSDT": 2.59,
  "JTOUSDT": 0.2793,
  "DUSKUSDT": 0.0873,
  "XPINUSDT": 0.001378,
  "B2USDT": 0.6997,
  "PYTHUSDT": 0.05137,
  "1000LUNCUSDT": 0.0449,
  "VETUSDT": 0.007573,
  "METUSDT": 0.1786,
  "XTZUSDT": 0.392,
  "DYDXUSDT": 0.1,
  "TAUSDT": 0.05058,
  "UBUSDT": 0.03356,
  "NXPCUSDT": 0.2786,
  "AVNTUSDT": 0.1757,
  "BEATUSDT": 0.2792,
  "MOVEUSDT": 0.02285,
  "1000FLOKIUSDT": 0.03021,
  "ROSEUSDT": 0.01232,
  "PNUTUSDT": 0.04921,
  "COMPUSDT": 18.25,
  "FOGOUSDT": 0.02285,
  "LAUSDT": 0.2126,
  "CYSUSDT": 0.386,
  "ENSUSDT": 6.408,
  "\u6211\u8e0f\u9a6c\u6765\u4e86USDT": 0.010826,
  "AIXBTUSDT": 0.03012,
  "SPXUSDT": 0.3703,
  "LINEAUSDT": 0.003311,
  "SUSDT": 0.0429,
  "ESPORTSUSDT": 0.29704,
  "TRBUSDT": 15.153,
  "COLLECTUSDT": 0.03829,
  "ZKPUSDT": 0.08978,
  "SNXUSDT": 0.334,
  "KAVAUSDT": 0.059,
  "TAGUSDT": 0.0004204,
  "LPTUSDT": 2.405,
  "AGLDUSDT": 0.2341,
  "USELESSUSDT": 0.04725,
  "ARUSDT": 1.705,
  "AUCTIONUSDT": 4.852,
  "BANKUSDT": 0.04178,
  "GRASSUSDT": 0.292,
  "ORCAUSDT": 0.91,
  "4USDT": 0.00967,
  "RAVEUSDT": 0.36224,
  "JASMYUSDT": 0.0059,
  "WETUSDT": 0.11634,
  "SKRUSDT": 0.022565,
  "STXUSDT": 0.2718,
  "EULUSDT": 1.159,
  "PLUMEUSDT": 0.00982,
  "TRIAUSDT": 0.01785,
  "MANAUSDT": 0.1002,
  "WUSDT": 0.01924,
  "CFXUSDT": 0.05144,
  "AGTUSDT": 0.006038,
  "IOTAUSDT": 0.0694,
  "MOODENGUSDT": 0.05319,
  "DEXEUSDT": 3.591,
  "IMXUSDT": 0.1617,
  "CYBERUSDT": 0.5601,
  "MEUSDT": 0.1164,
  "JSTUSDT": 0.046156,
  "DENTUSDT": 0.000258,
  "COAIUSDT": 0.3276,
  "RESOLVUSDT": 0.05951,
  "RUNEUSDT": 0.4453,
  "PEOPLEUSDT": 0.00726,
  "FLOWUSDT": 0.03504,
  "SOMIUSDT": 0.1965,
  "GRTUSDT": 0.02686,
  "YGGUSDT": 0.03991,
  "WCTUSDT": 0.06098,
  "EDUUSDT": 0.1035,
  "NMRUSDT": 7.862,
  "KGENUSDT": 0.2237,
  "AWEUSDT": 0.0512,
  "THETAUSDT": 0.2005,
  "SFPUSDT": 0.2777,
  "PTBUSDT": 0.001183,
  "KASUSDT": 0.03219,
  "MERLUSDT": 0.04229,
  "QNTUSDT": 65.8,
  "NEIROUSDT": 7.224e-05,
  "SPKUSDT": 0.02012,
  "API3USDT": 0.2882,
  "2ZUSDT": 0.07474,
  "MMTUSDT": 0.1181,
  "INITUSDT": 0.0797,
  "LIGHTUSDT": 0.1888,
  "1INCHUSDT": 0.1003,
  "MEMEUSDT": 0.0006454,
  "AXLUSDT": 0.05515,
  "ZRXUSDT": 0.1082,
  "LAYERUSDT": 0.0881,
  "USUALUSDT": 0.01657,
  "NAORISUSDT": 0.03086,
  "COWUSDT": 0.2437,
  "ARKMUSDT": 0.1122,
  "CLOUSDT": 0.07102,
  "BIRBUSDT": 0.14957,
  "EGLDUSDT": 4.315,
  "FOLKSUSDT": 1.202,
  "SPACEUSDT": 0.00743,
  "VANAUSDT": 1.466,
  "BREVUSDT": 0.1464,
  "IOUSDT": 0.1153,
  "ZORAUSDT": 0.01756,
  "POPCATUSDT": 0.05276,
  "KAIAUSDT": 0.05488,
  "BOMEUSDT": 0.0004305,
  "AKEUSDT": 0.0002524,
  "PROVEUSDT": 0.2801,
  "YFIUSDT": 2757.0,
  "TWTUSDT": 0.5129,
  "SWARMSUSDT": 0.007429,
  "TSTUSDT": 0.01012,
  "STEEMUSDT": 0.05836,
  "SOPHUSDT": 0.008745,
  "SUSHIUSDT": 0.2115,
  "TURBOUSDT": 0.001029,
  "GMTUSDT": 0.01201,
  "LRCUSDT": 0.03177,
  "SUNUSDT": 0.01597,
  "AVAAIUSDT": 0.007943,
  "AUSDT": 0.0804,
  "AIAUSDT": 0.08625,
  "COOKIEUSDT": 0.02237,
  "ACTUSDT": 0.01403,
  "HIPPOUSDT": 0.0008254,
  "LUNA2USDT": 0.06605,
  "MEGAUSDT": 0.13729,
  "ANIMEUSDT": 0.004802,
  "MUBARAKUSDT": 0.01481,
  "NILUSDT": 0.05307,
  "VELVETUSDT": 0.08612,
  "VELODROMEUSDT": 0.01703,
  "OPENUSDT": 0.1481,
  "BATUSDT": 0.1051,
  "OGUSDT": 2.843,
  "KNCUSDT": 0.1406,
  "CATIUSDT": 0.04009,
  "MIRAUSDT": 0.0901,
  "TUTUSDT": 0.01083,
  "GASUSDT": 1.66,
  "FHEUSDT": 0.02934,
  "STOUSDT": 0.06014,
  "MANTAUSDT": 0.06677,
  "BLUAIUSDT": 0.004428,
  "BSVUSDT": 15.62,
  "BABYUSDT": 0.01157,
  "SUPERUSDT": 0.1202,
  "DAMUSDT": 0.02977,
  "AIOUSDT": 0.08064,
  "AKTUSDT": 0.3414,
  "SOONUSDT": 0.1647,
  "TNSRUSDT": 0.04589,
  "ALICEUSDT": 0.132,
  "ZBTUSDT": 0.07456,
  "MASKUSDT": 0.467,
  "RPLUSDT": 2.014,
  "MINAUSDT": 0.05864,
  "MAGICUSDT": 0.0627,
  "XVGUSDT": 0.005709,
  "FIOUSDT": 0.00985,
  "UMAUSDT": 0.4401,
  "KSMUSDT": 4.888,
  "KERNELUSDT": 0.07554,
  "SAPIENUSDT": 0.08541,
  "ALTUSDT": 0.007493,
  "FIGHTUSDT": 0.006098,
  "FUSDT": 0.005656,
  "KMNOUSDT": 0.02385,
  "BLURUSDT": 0.02021,
  "INUSDT": 0.07226,
  "ASRUSDT": 1.326,
  "NOMUSDT": 0.003593,
  "REDUSDT": 0.1423,
  "ONTUSDT": 0.0445,
  "GMXUSDT": 7.497,
  "ZEREBROUSDT": 0.007475,
  "ENJUSDT": 0.01957,
  "CELOUSDT": 0.079,
  "STBLUSDT": 0.0414,
  "ANKRUSDT": 0.004336,
  "RSRUSDT": 0.001665,
  "RAYSOLUSDT": 0.6421,
  "AINUSDT": 0.03865,
  "1000SATSUSDT": 1.17e-05,
  "YBUSDT": 0.1706,
  "XNYUSDT": 0.005818,
  "POLYXUSDT": 0.04266,
  "KOMAUSDT": 0.008184,
  "IOTXUSDT": 0.0053,
  "TRUTHUSDT": 0.009557,
  "WALUSDT": 0.08092,
  "GLMUSDT": 0.1339,
  "EDENUSDT": 0.03393,
  "SKLUSDT": 0.00692,
  "XPTUSDT": 2167.15,
  "QTUMUSDT": 0.952,
  "NEWTUSDT": 0.06922,
  "TAKEUSDT": 0.01891,
  "DRIFTUSDT": 0.0887,
  "UAIUSDT": 0.2015,
  "ERAUSDT": 0.1433,
  "HOLOUSDT": 0.06074,
  "KATUSDT": 0.01513,