{
  "BTCUSDT": 67583.6,
  "ETHUSDT": 1948.64,
  "SOLUSDT": 83.86,
  "XRPUSDT": 1.3982,
  "BNBUSDT": 618.99,
  "BCHUSDT": 572.84,
  "DOGEUSDT": 0.09594,
  "HYPEUSDT": 29.27,
  "XAGUSDT": 84.88,
  "PAXGUSDT": 5138.45,
  "XAUUSDT": 5118.77,
  "WLFIUSDT": 0.1176,
  "ZECUSDT": 248.3,
  "TRXUSDT": 0.28917,
  "SUIUSDT": 0.922,
  "ASTERUSDT": 0.7022,
  "LINKUSDT": 8.711,
  "ADAUSDT": 0.2723,
  "UNIUSDT": 3.479,
  "LTCUSDT": 53.54,
  "AVAXUSDT": 8.882,
  "PUMPUSDT": 0.002046,
  "1000PEPEUSDT": 0.004058,
  "PIPPINUSDT": 0.62134,
  "ENAUSDT": 0.1018,
  "KITEUSDT": 0.2527,
  "ARCUSDT": 0.09571,
  "AAVEUSDT": 117.79,
  "NEARUSDT": 1.015,
  "TRUMPUSDT": 3.367,
  "WLDUSDT": 0.3758,
  "LITUSDT": 1.457,
  "FILUSDT": 0.928,
  "TAOUSDT": 174.79,
  "XPLUSDT": 0.0911,
  "DOTUSDT": 1.319,
  "ZROUSDT": 1.7216,
  "ATOMUSDT": 2.26,
  "TONUSDT": 1.3342,
  "ENSOUSDT": 1.9379,
  "APTUSDT": 0.8224,
  "XLMUSDT": 0.15493,
  "HBARUSDT": 0.09749,
  "1000SHIBUSDT": 0.006167,
  "BERAUSDT": 0.59,
  "AXSUSDT": 1.285,
  "ARBUSDT": 0.0938,
  "ICPUSDT": 2.114,
  "OPUSDT": 0.1219,
  "RIVERUSDT": 8.225,
  "HUSDT": 0.16279,
  "XMRUSDT": 319.15,
  "POWERUSDT": 0.4519,
  "MONUSDT": 0.01973,
  "ETCUSDT": 8.681,
  "WIFUSDT": 0.2126,
  "BARDUSDT": 0.7811,
  "FETUSDT": 0.1587,
  "FFUSDT": 0.07845,
  "CRVUSDT": 0.228,
  "PENGUUSDT": 0.006599,
  "RAVEUSDT": 0.653,
  "FARTCOINUSDT": 0.1769,
  "BANUSDT": 0.13286,
  "1000BONKUSDT": 0.006078,
  "INJUSDT": 3.561,
  "PARTIUSDT": 0.10747,
  "IPUSDT": 1.062,
  "SIRENUSDT": 0.28466,
  "POLUSDT": 0.10603,
  "DASHUSDT": 33.33,
  "CHZUSDT": 0.03449,
  "BTCDOMUSDT": 5134.0,
  "\u5e01\u5b89\u4eba\u751fUSDT": 0.07249,
  "TIAUSDT": 0.3162,
  "AZTECUSDT": 0.0308,
  "SENTUSDT": 0.02123,
  "OPNUSDT": 0.641,
  "ONDOUSDT": 0.2609,
  "0GUSDT": 0.6324,
  "ETHFIUSDT": 0.4439,
  "VIRTUALUSDT": 0.6206,
  "SEIUSDT": 0.0691,
  "LYNUSDT": 0.3172,
  "ZKUSDT": 0.01904,
  "AGLDUSDT": 0.3283,
  "JUPUSDT": 0.1518,
  "ZAMAUSDT": 0.02232,
  "VVVUSDT": 4.113,
  "STABLEUSDT": 0.028339,
  "MYXUSDT": 0.862,
  "ALCHUSDT": 0.07955,
  "CCUSDT": 0.15726,
  "BTRUSDT": 0.21428,
  "PENDLEUSDT": 1.1935,
  "BIOUSDT": 0.02686,
  "KAITOUSDT": 0.2952,
  "QUSDT": 0.022241,
  "HOMEUSDT": 0.029997,
  "LDOUSDT": 0.3094,
  "1000RATSUSDT": 0.04582,
  "DUSKUSDT": 0.08095,
  "RENDERUSDT": 1.408,
  "ATUSDT": 0.16593,
  "BANANAS31USDT": 0.004602,
  "ALGOUSDT": 0.0869,
  "HANAUSDT": 0.03708,
  "NIGHTUSDT": 0.05737,
  "ZENUSDT": 5.712,
  "TRADOORUSDT": 1.52,
  "SKYAIUSDT": 0.03867,
  "SANDUSDT": 0.08155,
  "JTOUSDT": 0.3048,
  "ESPUSDT": 0.07031,
  "STRKUSDT": 0.04332,
  "OMUSDT": 0.0681,
  "ALLOUSDT": 0.12054,
  "GUNUSDT": 0.02877,
  "MUSDT": 1.3889,
  "CAKEUSDT": 1.2933,
  "MORPHOUSDT": 1.5797,
  "GPSUSDT": 0.013225,
  "SNXUSDT": 0.414,
  "ZILUSDT": 0.004,
  "USDCUSDT": 0.99981,
  "PIEVERSEUSDT": 0.4063,
  "UBUSDT": 0.03425,
  "SKYUSDT": 0.06475,
  "ORCAUSDT": 1.005,
  "APEUSDT": 0.1071,
  "NAORISUSDT": 0.05189,
  "GALAUSDT": 0.00366,
  "GIGGLEUSDT": 27.91,
  "AWEUSDT": 0.05423,
  "B2USDT": 0.72,
  "ROSEUSDT": 0.0131,
  "\u6211\u8e0f\u9a6c\u6765\u4e86USDT": 0.014446,
  "BULLAUSDT": 0.02795,
  "PYTHUSDT": 0.05174,
  "XPINUSDT": 0.001686,
  "CYBERUSDT": 0.5973,
  "METUSDT": 0.2024,
  "HUMAUSDT": 0.012608,
  "BEAMXUSDT": 0.002203,
  "GUAUSDT": 0.16345,
  "BUSDT": 0.1347,
  "JELLYJELLYUSDT": 0.06627,
  "AVNTUSDT": 0.1811,
  "CYSUSDT": 0.3759,
  "MSTRUSDT": 130.84,
  "YGGUSDT": 0.04495,
  "AEROUSDT": 0.317,
  "SYRUPUSDT": 0.222,
  "EIGENUSDT": 0.1814,
  "SPACEUSDT": 0.01102,
  "TSLAUSDT": 411.44,
  "VETUSDT": 0.007476,
  "DYDXUSDT": 0.095,
  "NXPCUSDT": 0.2701,
  "ESPORTSUSDT": 0.33429,
  "XTZUSDT": 0.376,
  "ORDIUSDT": 2.51,
  "INITUSDT": 0.09072,
  "MOVEUSDT": 0.02289,
  "FORMUSDT": 0.2054,
  "COMPUSDT": 17.36,
  "NEOUSDT": 2.667,
  "ZKPUSDT": 0.08683,
  "COLLECTUSDT": 0.04909,
  "SOMIUSDT": 0.2183,
  "MEUSDT": 0.123,
  "FOGOUSDT": 0.02609,
  "LINEAUSDT": 0.003392,
  "AUCTIONUSDT": 4.907,
  "LAUSDT": 0.2073,
  "SUSDT": 0.04164,
  "PNUTUSDT": 0.04635,
  "ENSUSDT": 6.398,
  "1000LUNCUSDT": 0.03569,
  "BEATUSDT": 0.2401,
  "1000FLOKIUSDT": 0.02922,
  "RESOLVUSDT": 0.0655,
  "GWEIUSDT": 0.030336,
  "VANAUSDT": 1.506,
  "STGUSDT": 0.1488,
  "OGUSDT": 3.289,
  "STXUSDT": 0.2454,
  "MERLUSDT": 0.04989,
  "CLOUSDT": 0.08901,
  "LPTUSDT": 2.271,
  "PLUMEUSDT": 0.00962,
  "AGTUSDT": 0.005537,
  "FHEUSDT": 0.03849,
  "EDUUSDT": 0.1234,
  "BIRBUSDT": 0.16286,
  "TRBUSDT": 14.651,
  "UAIUSDT": 0.2452,
  "TRIAUSDT": 0.01525,
  "EULUSDT": 0.932,
  "BANKUSDT": 0.03957,
  "WUSDT": 0.01885,
  "ATHUSDT": 0.005359,
  "ARUSDT": 1.964,
  "WCTUSDT": 0.05952,
  "TAUSDT": 0.0394,
  "NMRUSDT": 7.986,
  "JASMYUSDT": 0.005639,
  "TAGUSDT": 0.0003894,
  "SAPIENUSDT": 0.10217,
  "MANAUSDT": 0.0941,
  "2ZUSDT": 0.06992,
  "LRCUSDT": 0.03193,
  "USELESSUSDT": 0.0382,
  "CFXUSDT": 0.05112,
  "API3USDT": 0.2932,
  "GRTUSDT": 0.02668,
  "LIGHTUSDT": 0.2318,
  "MOODENGUSDT": 0.05401,
  "MMTUSDT": 0.1255,
  "ZORAUSDT": 0.01993,
  "IOTAUSDT": 0.0675,
  "SPXUSDT": 0.3094,
  "COWUSDT": 0.2085,
  "COAIUSDT": 0.3175,
  "AIAUSDT": 0.10196,
  "IMXUSDT": 0.1596,
  "LUNA2USDT": 0.06226,
  "FLOWUSDT": 0.0373,
  "1INCHUSDT": 0.0916,
  "RPLUSDT": 2.253,
  "QNTUSDT": 64.34,
  "SPKUSDT": 0.02064,
  "THETAUSDT": 0.1939,
  "IOUSDT": 0.1145,
  "4USDT": 0.00835,
  "AXLUSDT": 0.05377,
  "SFPUSDT": 0.2579,
  "ZRXUSDT": 0.1062,
  "JSTUSDT": 0.042483,
  "BREVUSDT": 0.1308,
  "BELUSDT": 0.1136,
  "KAIAUSDT": 0.05524,
  "NEIROUSDT": 7.01e-05,
  "PTBUSDT": 0.001283,
  "SKRUSDT": 0.018856,
  "ARKMUSDT": 0.1074,
  "YFIUSDT": 2773.0,
  "KGENUSDT": 0.18001,
  "EGLDUSDT": 4.396,
  "FOLKSUSDT": 1.286,
  "BLUAIUSDT": 0.005359,
  "MEGAUSDT": 0.12978,
  "TAKEUSDT": 0.0267,
  "NOMUSDT": 0.004938,
  "RUNEUSDT": 0.4005,
  "MAGICUSDT": 0.06736,
  "ANIMEUSDT": 0.00488,
  "TWTUSDT": 0.5173,
  "AIOUSDT": 0.08289,
  "BOMEUSDT": 0.0003915,
  "PEOPLEUSDT": 0.00647,
  "PROVEUSDT": 0.2907,
  "SAHARAUSDT": 0.01508,
  "MANTAUSDT": 0.06937,
  "ZKCUSDT": 0.0865,
  "SIGNUSDT": 0.02518,
  "XNYUSDT": 0.004766,
  "MINAUSDT": 0.05996,
  "OPENUSDT": 0.1484,
  "AUSDT": 0.0801,
  "TSTUSDT": 0.01018,
  "ACTUSDT": 0.01407,
  "FIGHTUSDT": 0.006863,
  "KASUSDT": 0.03006,
  "GASUSDT": 1.551,
  "AVAAIUSDT": 0.0074,
  "GMTUSDT": 0.01149,
  "TUTUSDT": 0.0107,
  "SUPERUSDT": 0.1164,
  "VELVETUSDT": 0.07962,
  "SANTOSUSDT": 1.895,
  "TNSRUSDT": 0.04664,
  "BATUSDT": 0.1174,
  "IDOLUSDT": 0.02182,
  "GRASSUSDT": 0.1808,
  "TURBOUSDT": 0.001013,
  "SOPHUSDT": 0.009097,
  "XPTUSDT": 2160.52,
  "CATIUSDT": 0.03894,
  "SWARMSUSDT": 0.00686,
  "VTHOUSDT": 0.0006227,
  "C98USDT": 0.0271,
  "ZBTUSDT": 0.07092,
  "FUSDT": 0.005743,
  "BSVUSDT": 15.64,
  "AKEUSDT": 0.0002669,
  "YBUSDT": 0.1526,
  "SUSHIUSDT": 0.1992,
  "POPCATUSDT": 0.04923,
  "NILUSDT": 0.0488,
  "BABYUSDT": 0.01264,
  "TRUTHUSDT": 0.00981,
  "MUBARAKUSDT": 0.01458,
  "ICNTUSDT": 0.4017,
  "CVXUSDT": 1.879,
  "LAYERUSDT": 0.084,
  "VELODROMEUSDT": 0.01464,
  "STOUSDT": 0.05674,
  "DEXEUSDT": 2.465,
  "XVGUSDT": 0.005987,
  "ACHUSDT": 0.007262,
  "CTSIUSDT": 0.0249,
  "ARPAUSDT": 0.01,
  "ASRUSDT": 1.409,
  "KSMUSDT": 4.752,
  "SOONUSDT": 0.1652,
  "BLURUSDT": 0.01986,
  "MASKUSDT": 0.4329,
  "RAREUSDT": 0.01867,
  "SOLVUSDT": 0.00433,
  "RAYSOLUSDT": 0.6233,
  "ALTUSDT": 0.00756,
  "GLMUSDT": 0.16418,
  "AIXBTUSDT": 0.01913,
  "CELOUSDT": 0.075,
  "EDENUSDT": 0.03388,
  "PLAYUSDT": 0.0211,
  "ANKRUSDT": 0.004377,
  "ONTUSDT": 0.0419,
  "DRIFTUSDT": 0.0861,
  "IRUSDT": 0.09368,
  "MEMEUSDT": 0.0006554,
  "DOLOUSDT": 0.04033,
  "UMAUSDT": 0.4492,
  "THEUSDT": 0.2515,
  "FRAXUSDT": 0.6511,
  "ZEREBROUSDT": 0.00757,
  "SONICUSDT": 0.0464,
  "KERNELUSDT": 0.06736,
  "SUNUSDT": 0.01694,
  "DEGOUSDT": 0.3359,
  "MELANIAUSDT": 0.1139,
  "APRUSDT": 0.10324,
  "ERAUSDT": 0.1483,
  "ONUSDT": 0.09458,
  "IDUSDT": 0.04623,
  "IOTXUSDT": 0.00458,
  "WOOUSDT": 0.01755,
  "KAVAUSDT": 0.0505,
  "STORJUSDT": 0.0942,
  "WALUSDT": 0.0765,
  "RSRUSDT": 0.001432,
  "BASUSDT": 0.005189,
  "QTUMUSDT": 0.913,
  "POLYXUSDT": 0.04204,
  "HYPERUSDT": 0.0939,
  "INUSDT": 0.06125,