{
  "XRP/USDUSDT": 1.3874,
  "NILUSDT": 0.05072,
  "ROBOUSDT": 0.05944,
  "PLTRUSDT": 146.75,
  "POWERUSDT": 1.7096,
  "OPNUSDT": 0.5909,
  "COINUSDT": 183.9,
  "1000RATSUSDT": 0.03595,
  "WLD/USDCUSDT": 0.4159,
  "SIRENUSDT": 0.41792,
  "1000CHEEMSUSDT": 0.0005027,
  "QUSDT": 0.025642,
  "TRIAUSDT": 0.01942,
  "GTCUSDT": 0.085,
  "ARPAUSDT": 0.00958,
  "0GUSDT": 0.6281,
  "PROMPTUSDT": 0.04419,
  "XPDUSDT": 1779.0,
  "JASMYUSDT": 0.005452,
  "TAKEUSDT": 0.02217
}