{
  "BTCUSDT": 69857.7,
  "ETHUSDT": 2026.74,
  "SOLUSDT": 87.22,
  "XRPUSDT": 1.5325,
  "ETH/USDCUSDT": 2005.41,
  "BTC/USDCUSDT": 68948.0,
  "DOGEUSDT": 0.10837,
  "1000PEPEUSDT": 0.0046524,
  "SPACEUSDT": 0.008707,
  "ZECUSDT": 297.14,
  "PIPPINUSDT": 0.7074,
  "BTC/USDUSDT": 69787.6,
  "ETH/USDUSDT": 2025.66,
  "BNBUSDT": 621.03,
  "RIVERUSDT": 12.944,
  "XRP/USDCUSDT": 1.5318,
  "VVVUSDT": 3.978,
  "SOL/USDCUSDT": 87.19,
  "HYPEUSDT": 30.88,
  "ADAUSDT": 0.2851,
  "SUIUSDT": 0.9892,
  "EULUSDT": 1.172,
  "LINKUSDT": 8.862,
  "BTRUSDT": 0.20179,
  "XAUUSDT": 5038.3,
  "ASTERUSDT": 0.7186,
  "AVAXUSDT": 9.37,
  "TAOUSDT": 185.83,
  "PENGUUSDT": 0.007246,
  "BCHUSDT": 558.06,
  "DOGE/USDCUSDT": 0.10832,
  "WIFUSDT": 0.2351,
  "KITEUSDT": 0.22517,
  "FILUSDT": 0.969,
  "PUMPUSDT": 0.002248,
  "XRP/USDUSDT": 1.5275,
  "1000SHIBUSDT": 0.006612,
  "UNIUSDT": 3.509,
  "TAKEUSDT": 0.03522,
  "BERAUSDT": 0.6576,
  "LTCUSDT": 55.06,
  "1000PEPE/USDCUSDT": 0.0046472,
  "ENAUSDT": 0.1234,
  "1000BONKUSDT": 0.006642,
  "USELESSUSDT": 0.04192,
  "FARTCOINUSDT": 0.2026,
  "SIRENUSDT": 0.1396,
  "NEARUSDT": 1.056,
  "DASHUSDT": 38.02,
  "WLFIUSDT": 0.1025,
  "SOL/USDUSDT": 86.64,
  "AAVEUSDT": 126.02,
  "DOGE/USDUSDT": 0.10829,
  "BEATUSDT": 0.2442,
  "MOODENGUSDT": 0.05703,
  "COMPUSDT": 21.39,
  "AXSUSDT": 1.394,
  "HUSDT": 0.23548,
  "DOTUSDT": 1.367,
  "WLDUSDT": 0.41,
  "ZROUSDT": 1.8205,
  "XLMUSDT": 0.1733,
  "CLOUSDT": 0.08192,
  "POWERUSDT": 0.19744,
  "OMUSDT": 0.05905,
  "HBARUSDT": 0.10092,
  "ZEC/USDCUSDT": 296.85,
  "MERLUSDT": 0.06591,
  "\u6211\u8e0f\u9a6c\u6765\u4e86USDT": 0.027514,
  "0GUSDT": 0.6628,
  "PYTHUSDT": 0.05588,
  "\u5e01\u5b89\u4eba\u751fUSDT": 0.10567,
  "VIRTUALUSDT": 0.6496,
  "IPUSDT": 1.124,
  "TRUMPUSDT": 3.44,
  "XAGUSDT": 77.46,
  "PAXGUSDT": 5033.21,
  "APTUSDT": 0.9281,
  "ZAMAUSDT": 0.0205,
  "AZTECUSDT": 0.02288,
  "XPLUSDT": 0.0985,
  "POLUSDT": 0.10555,
  "BNB/USDCUSDT": 621.17,
  "XMRUSDT": 337.15,
  "ARBUSDT": 0.1151,
  "CRVUSDT": 0.253,
  "ONUSDT": 0.10919,
  "TRXUSDT": 0.28047,
  "ZKPUSDT": 0.10348,
  "ARCUSDT": 0.07998,
  "NAORISUSDT": 0.02949,
  "FIGHTUSDT": 0.007618,
  "ETCUSDT": 8.782,
  "LITUSDT": 1.604,
  "1000FLOKIUSDT": 0.03264,
  "MYXUSDT": 1.877,
  "MONUSDT": 0.02326,
  "ESPUSDT": 0.05703,
  "OPUSDT": 0.189,
  "ONDOUSDT": 0.2795,
  "ICPUSDT": 2.432,
  "COWUSDT": 0.208,
  "TIAUSDT": 0.3421,
  "ZENUSDT": 6.264,
  "GPSUSDT": 0.012745,
  "RENDERUSDT": 1.427,
  "MUBARAKUSDT": 0.01747,
  "SPORTFUNUSDT": 0.04103,
  "FETUSDT": 0.1714,
  "ETH/BTCUSDT": 2005.5744442,
  "BNB/USDUSDT": 624.28,
  "SUI/USDCUSDT": 0.9887,
  "SPXUSDT": 0.3163,
  "ATOMUSDT": 2.116,
  "TRIAUSDT": 0.01628,
  "JUPUSDT": 0.162,
  "MOVEUSDT": 0.02431,
  "DUSKUSDT": 0.10121,
  "MORPHOUSDT": 1.3618,
  "ADA/USDUSDT": 0.2851,
  "SENTUSDT": 0.02218,
  "GALAUSDT": 0.00413,
  "TONUSDT": 1.4697,
  "MASKUSDT": 0.4748,
  "PENDLEUSDT": 1.252,
  "NEIROUSDT": 7.76e-05,
  "MEUSDT": 0.144,
  "RECALLUSDT": 0.05115,
  "SEIUSDT": 0.0755,
  "APRUSDT": 0.10752,
  "ZKUSDT": 0.02205,
  "CHZUSDT": 0.0414,
  "SANDUSDT": 0.08805,
  "INJUSDT": 3.13,
  "POPCATUSDT": 0.05437,
  "LIGHTUSDT": 0.2491,
  "COAIUSDT": 0.3837,
  "BIRBUSDT": 0.20222,
  "FHEUSDT": 0.04292,
  "TRBUSDT": 15.844,
  "ADA/USDCUSDT": 0.285,
  "GIGGLEUSDT": 32.17,
  "ROSEUSDT": 0.01264,
  "VETUSDT": 0.008388,
  "ALGOUSDT": 0.096,
  "LINEAUSDT": 0.003741,
  "PNUTUSDT": 0.05103,
  "PLAYUSDT": 0.02668,
  "DYDXUSDT": 0.108,
  "ENSOUSDT": 1.0933,
  "LDOUSDT": 0.3437,
  "TURBOUSDT": 0.001125,
  "ENSUSDT": 6.679,
  "FIL/USDCUSDT": 0.969,
  "1000LUNCUSDT": 0.03467,
  "ENA/USDCUSDT": 0.1233,
  "STGUSDT": 0.1577,
  "ETHFIUSDT": 0.4801,
  "CYSUSDT": 0.51,
  "SUI/USDUSDT": 0.9885,
  "ALLOUSDT": 0.09519,
  "PROMUSDT": 1.296,
  "BROCCOLI714USDT": 0.01449,
  "ORDIUSDT": 2.804,
  "MEMEUSDT": 0.0007181,
  "DEEPUSDT": 0.02942,
  "WIF/USDCUSDT": 0.2349,
  "STRKUSDT": 0.04911,
  "PENGU/USDCUSDT": 0.00724,
  "BOMEUSDT": 0.0004343,
  "ZILUSDT": 0.00434,
  "BASUSDT": 0.005374,
  "STABLEUSDT": 0.023473,
  "LINK/USDCUSDT": 8.858,
  "EIGENUSDT": 0.2091,
  "AIAUSDT": 0.12,
  "FOGOUSDT": 0.02252,
  "SUSDT": 0.04869,
  "XNYUSDT": 0.007162,
  "CAKEUSDT": 1.3106,
  "TOSHIUSDT": 0.000228,
  "LPTUSDT": 2.429,
  "TNSRUSDT": 0.05264,
  "FFUSDT": 0.07882,
  "ACTUSDT": 0.01506,
  "GUNUSDT": 0.02313,
  "AVNTUSDT": 0.2008,
  "BCH/USDCUSDT": 557.73,
  "COLLECTUSDT": 0.07874,
  "PEOPLEUSDT": 0.00709,
  "YFIUSDT": 2882.0,
  "AIXBTUSDT": 0.02111,
  "AEROUSDT": 0.3162,
  "STXUSDT": 0.2658,
  "NOMUSDT": 0.005491,
  "LINK/USDUSDT": 8.856,
  "FIL/USDUSDT": 0.969,
  "JTOUSDT": 0.2711,
  "LUNA2USDT": 0.06341,
  "FUNUSDT": 0.001226,
  "SNXUSDT": 0.295,
  "LTC/USDCUSDT": 55.05,
  "AWEUSDT": 0.09263,
  "AUCTIONUSDT": 5.187,
  "CFXUSDT": 0.05455,
  "LYNUSDT": 0.22546,
  "SKRUSDT": 0.022537,
  "AVAX/USDCUSDT": 9.365,
  "QNTUSDT": 71.45,
  "GRASSUSDT": 0.2114,
  "SOMIUSDT": 0.1992,
  "C98USDT": 0.0325,
  "LAUSDT": 0.2114,
  "RVNUSDT": 0.0063,
  "ARKMUSDT": 0.1185,
  "MANAUSDT": 0.1037,
  "BANANAS31USDT": 0.004977,
  "ZKCUSDT": 0.098,
  "MUSDT": 1.3032,
  "ARUSDT": 2.01,
  "AXLUSDT": 0.06108,
  "APEUSDT": 0.1313,
  "BTCDOMUSDT": 5056.2,
  "BSVUSDT": 17.08,
  "1000BONK/USDCUSDT": 0.006639,
  "BIOUSDT": 0.02448,
  "CCUSDT": 0.16106,
  "OGUSDT": 4.819,
  "HANAUSDT": 0.03954,
  "BULLAUSDT": 0.02423,
  "JASMYUSDT": 0.005939,
  "KSMUSDT": 4.668,
  "GWEIUSDT": 0.025949,
  "LRCUSDT": 0.03347,
  "METUSDT": 0.2237,
  "HUMAUSDT": 0.013723,
  "RESOLVUSDT": 0.06212,
  "BREVUSDT": 0.1424,
  "GRTUSDT": 0.02781,
  "OPENUSDT": 0.1662,
  "ACUUSDT": 0.11559,
  "WIF/USDUSDT": 0.2349,
  "PTBUSDT": 0.00136,
  "EGLDUSDT": 5.013,
  "FLOWUSDT": 0.04289,
  "ACHUSDT": 0.007697,
  "BANKUSDT": 0.04059,
  "NEAR/USDCUSDT": 1.055,
  "TSTUSDT": 0.01124,
  "AEVOUSDT": 0.02722,
  "TRADOORUSDT": 1.322,
  "IOTAUSDT": 0.0695,
  "TIA/USDCUSDT": 0.3419,
  "1000SHIB/USDCUSDT": 0.006609,
  "VINEUSDT": 0.01952,
  "BANUSDT": 0.09709,
  "JCTUSDT": 0.001817,
  "KAITOUSDT": 0.3183,
  "WUSDT": 0.02032,
  "INXUSDT": 0.01309,
  "THETAUSDT": 0.2093,
  "KAIAUSDT": 0.05804,
  "ARB/USDCUSDT": 0.1151,
  "SYRUPUSDT": 0.26695,
  "UNI/USDUSDT": 3.507,
  "BCH/USDUSDT": 557.78,
  "RUNEUSDT": 0.409,
  "1MBABYDOGEUSDT": 0.0004154,
  "YBUSDT": 0.1766,
  "NIGHTUSDT": 0.05716,
  "FOLKSUSDT": 1.365,
  "PARTIUSDT": 0.10594,
  "GMTUSDT": 0.01255,
  "ACEUSDT": 0.1757,
  "ALCHUSDT": 0.08487,
  "FRAXUSDT": 0.6169,
  "XVGUSDT": 0.006136,
  "SKYUSDT": 0.06663,
  "SAGAUSDT": 0.03288,
  "INITUSDT": 0.07351,
  "CLANKERUSDT": 31.6,
  "4USDT": 0.01019,
  "USTCUSDT": 0.005036,
  "PIEVERSEUSDT": 0.4176,
  "XTZUSDT": 0.399,
  "SQDUSDT": 0.03936,
  "RSRUSDT": 0.001577,
  "MINAUSDT": 0.06698,
  "ATHUSDT": 0.006147,
  "IRUSDT": 0.07487,
  "LTC/USDUSDT": 55.03,
  "2ZUSDT": 0.07779,
  "ZORAUSDT": 0.02114,
  "MANTAUSDT": 0.07622,
  "VANAUSDT": 1.568,
  "WLFI/USDCUSDT": 0.1025,
  "XPDUSDT": 1690.47,
  "CRV/USDCUSDT": 0.2529,
  "BRETTUSDT": 0.00788,
  "MEWUSDT": 0.000659,
  "NOTUSDT": 0.000405,
  "WLD/USDCUSDT": 0.4097,
  "IP/USDCUSDT": 1.123,
  "1000000MOGUSDT": 0.1762,
  "KGENUSDT": 0.17432,
  "SUSHIUSDT": 0.2095,
  "XPINUSDT": 0.001688,
  "BARDUSDT": 0.789,
  "FORMUSDT": 0.2207,
  "RAYSOLUSDT": 0.633,
  "SLPUSDT": 0.0006655,
  "MSTRUSDT": 134.51,
  "IOUSDT": 0.1071,
  "AAVE/USDCUSDT": 125.87,
  "ZBTUSDT": 0.07144,
  "BATUSDT": 0.1302,
  "DRIFTUSDT": 0.0916,
  "NILUSDT": 0.0548,
  "HEMIUSDT": 0.01012,
  "NXPCUSDT": 0.2689,
  "GOATUSDT": 0.0239,
  "MMTUSDT": 0.1325,
  "API3USDT": 0.3143,
  "WCTUSDT": 0.06253,
  "ALICEUSDT": 0.113,
  "AVAX/USDUSDT": 9.36,
  "KASUSDT": 0.03219,
  "AAVE/USDUSDT": 125.93,
  "PLUMEUSDT": 0.01119,
  "IMXUSDT": 0.1672,
  "FUSDT": 0.006294,
  "MELANIAUSDT": 0.1201,
  "NEOUSDT": 2.834,
  "TREEUSDT": 0.07456,
  "1INCHUSDT": 0.0953,
  "ATUSDT": 0.15992,
  "MIRAUSDT": 0.0912,
  "AIOUSDT": 0.07964,
  "ELSAUSDT": 0.08372,
  "LAYERUSDT": 0.0896,
  "MAGICUSDT": 0.06863,
  "NMRUSDT": 8.438,
  "KNCUSDT": 0.1433,
  "UNI/USDCUSDT": 3.504,
  "SKLUSDT": 0.00681,
  "GLMUSDT": 0.19,
  "SYNUSDT": 0.04694,
  "SAHARAUSDT": 0.01602,