{
  "BTCUSDT": 67768.8,
  "ETHUSDT": 1973.22,
  "SOLUSDT": 84.51,
  "XRPUSDT": 1.4236,
  "BNBUSDT": 628.48,
  "BCHUSDT": 558.81,
  "DOGEUSDT": 0.10048,
  "HYPEUSDT": 29.998,
  "XAGUSDT": 84.24,
  "WLFIUSDT": 0.1172,
  "PAXGUSDT": 5109.91,
  "ZECUSDT": 259.66,
  "XAUUSDT": 5103.13,
  "TRXUSDT": 0.28574,
  "SUIUSDT": 0.9548,
  "ASTERUSDT": 0.7195,
  "ADAUSDT": 0.2841,
  "LINKUSDT": 8.941,
  "LTCUSDT": 55.12,
  "UNIUSDT": 3.459,
  "AVAXUSDT": 9.144,
  "1000PEPEUSDT": 0.00423,
  "PUMPUSDT": 0.002099,
  "KITEUSDT": 0.27021,
  "ENAUSDT": 0.1109,
  "AAVEUSDT": 117.26,
  "NEARUSDT": 1.047,
  "PIPPINUSDT": 0.48443,
  "WLDUSDT": 0.3886,
  "TRUMPUSDT": 3.557,
  "LITUSDT": 1.481,
  "FILUSDT": 0.954,
  "TAOUSDT": 178.57,
  "ARCUSDT": 0.07441,
  "XPLUSDT": 0.0946,
  "DOTUSDT": 1.34,
  "ZROUSDT": 1.6307,
  "ATOMUSDT": 2.345,
  "APTUSDT": 0.8785,
  "TONUSDT": 1.34,
  "1000SHIBUSDT": 0.006393,
  "HBARUSDT": 0.09985,
  "XLMUSDT": 0.16174,
  "ARBUSDT": 0.0961,
  "AXSUSDT": 1.291,
  "BERAUSDT": 0.5947,
  "OPUSDT": 0.1274,
  "ICPUSDT": 2.198,
  "RIVERUSDT": 8.211,
  "ENSOUSDT": 1.8317,
  "HUSDT": 0.16208,
  "XMRUSDT": 333.69,
  "MONUSDT": 0.02092,
  "FETUSDT": 0.1679,
  "WIFUSDT": 0.2247,
  "CRVUSDT": 0.246,
  "FFUSDT": 0.07881,
  "ETCUSDT": 8.681,
  "PENGUUSDT": 0.006885,
  "BARDUSDT": 0.7626,
  "1000BONKUSDT": 0.006383,
  "FARTCOINUSDT": 0.1859,
  "IPUSDT": 1.116,
  "PARTIUSDT": 0.10756,
  "BANUSDT": 0.12819,
  "\u5e01\u5b89\u4eba\u751fUSDT": 0.08909,
  "DASHUSDT": 34.71,
  "INJUSDT": 3.41,
  "POLUSDT": 0.1054,
  "AZTECUSDT": 0.03046,
  "CHZUSDT": 0.03548,
  "BTCDOMUSDT": 5075.6,
  "RAVEUSDT": 0.57602,
  "POWERUSDT": 0.38186,
  "VVVUSDT": 4.363,
  "VIRTUALUSDT": 0.6463,
  "SENTUSDT": 0.02263,
  "TIAUSDT": 0.3309,
  "ONDOUSDT": 0.2671,
  "ZAMAUSDT": 0.02368,
  "BIOUSDT": 0.03157,
  "ETHFIUSDT": 0.4704,
  "SEIUSDT": 0.0714,
  "ZKUSDT": 0.02014,
  "JUPUSDT": 0.1607,
  "0GUSDT": 0.6521,
  "STABLEUSDT": 0.030074,
  "LYNUSDT": 0.29028,
  "RENDERUSDT": 1.496,
  "CCUSDT": 0.16412,
  "MYXUSDT": 1.04,
  "ALCHUSDT": 0.08143,
  "KAITOUSDT": 0.3079,
  "ALLOUSDT": 0.13772,
  "PENDLEUSDT": 1.2137,
  "LDOUSDT": 0.3297,
  "1000RATSUSDT": 0.04779,
  "SIRENUSDT": 0.22195,
  "ORCAUSDT": 1.149,
  "HOMEUSDT": 0.028421,
  "BTRUSDT": 0.18369,
  "NIGHTUSDT": 0.06042,
  "ZENUSDT": 5.783,
  "DUSKUSDT": 0.08899,
  "QUSDT": 0.020642,
  "JTOUSDT": 0.3134,
  "BANANAS31USDT": 0.004589,
  "ATUSDT": 0.16061,
  "SANDUSDT": 0.08414,
  "UBUSDT": 0.04005,
  "OMUSDT": 0.06634,
  "SKYAIUSDT": 0.03837,
  "STRKUSDT": 0.04593,
  "ALGOUSDT": 0.0904,
  "CAKEUSDT": 1.2967,
  "HANAUSDT": 0.03424,
  "GPSUSDT": 0.01314,
  "TRADOORUSDT": 1.368,
  "MORPHOUSDT": 1.5576,
  "ESPUSDT": 0.06679,
  "GUNUSDT": 0.02838,
  "PIEVERSEUSDT": 0.4144,
  "SKYUSDT": 0.0642,
  "MUSDT": 1.3412,
  "ZILUSDT": 0.00409,
  "GALAUSDT": 0.00392,
  "USDCUSDT": 0.999783,
  "CYSUSDT": 0.4117,
  "APEUSDT": 0.1112,
  "\u6211\u8e0f\u9a6c\u6765\u4e86USDT": 0.016472,
  "GIGGLEUSDT": 29.46,
  "ROSEUSDT": 0.01293,
  "B2USDT": 0.7251,
  "SNXUSDT": 0.378,
  "PYTHUSDT": 0.0536,
  "METUSDT": 0.2126,
  "JELLYJELLYUSDT": 0.06711,
  "BEAMXUSDT": 0.002301,
  "XPINUSDT": 0.001649,
  "VANAUSDT": 1.734,
  "HUMAUSDT": 0.012365,
  "AWEUSDT": 0.05908,
  "NAORISUSDT": 0.0465,
  "AVNTUSDT": 0.1899,
  "EIGENUSDT": 0.1974,
  "SYRUPUSDT": 0.2281,
  "MSTRUSDT": 131.18,
  "BUSDT": 0.1316,
  "COMPUSDT": 18.22,
  "INITUSDT": 0.09954,
  "MOVEUSDT": 0.02413,
  "XTZUSDT": 0.392,
  "GUAUSDT": 0.15452,
  "TSLAUSDT": 411.35,
  "DYDXUSDT": 0.099,
  "AEROUSDT": 0.3117,
  "MEUSDT": 0.1299,
  "BULLAUSDT": 0.02626,
  "FOGOUSDT": 0.02685,
  "SPACEUSDT": 0.010052,
  "VETUSDT": 0.007766,
  "ORDIUSDT": 2.613,
  "NXPCUSDT": 0.2744,
  "ZKPUSDT": 0.09206,
  "FORMUSDT": 0.2126,
  "CYBERUSDT": 0.5646,
  "NEOUSDT": 2.764,
  "LAUSDT": 0.2071,
  "1000LUNCUSDT": 0.03752,
  "COLLECTUSDT": 0.05501,
  "AUCTIONUSDT": 5.1,
  "ENSUSDT": 6.611,
  "PNUTUSDT": 0.04878,
  "LINEAUSDT": 0.003594,
  "SOMIUSDT": 0.2134,
  "ESPORTSUSDT": 0.32369,
  "SUSDT": 0.04342,
  "BEATUSDT": 0.2621,
  "STGUSDT": 0.1409,
  "RESOLVUSDT": 0.06515,
  "1000FLOKIUSDT": 0.03063,
  "OGUSDT": 3.367,
  "PLUMEUSDT": 0.01023,
  "LPTUSDT": 2.355,
  "STXUSDT": 0.2554,
  "MERLUSDT": 0.05322,
  "TRBUSDT": 15.144,
  "GWEIUSDT": 0.029132,
  "BIRBUSDT": 0.17938,
  "FHEUSDT": 0.03969,
  "LRCUSDT": 0.03323,
  "EDUUSDT": 0.1264,
  "ATHUSDT": 0.005624,
  "2ZUSDT": 0.07538,
  "WUSDT": 0.02016,
  "BANKUSDT": 0.04031,
  "MOODENGUSDT": 0.05617,
  "CLOUSDT": 0.08319,
  "SPXUSDT": 0.3243,
  "WCTUSDT": 0.06235,
  "MANAUSDT": 0.0979,
  "UAIUSDT": 0.2426,
  "EULUSDT": 0.955,
  "JASMYUSDT": 0.005756,
  "NMRUSDT": 8.249,
  "CFXUSDT": 0.05199,
  "RPLUSDT": 2.411,
  "ARUSDT": 2.017,
  "USELESSUSDT": 0.04394,
  "MMTUSDT": 0.1301,
  "API3USDT": 0.3045,
  "TAUSDT": 0.03874,
  "ZORAUSDT": 0.02091,
  "LIGHTUSDT": 0.2372,
  "TRIAUSDT": 0.01707,
  "COAIUSDT": 0.3254,
  "AIAUSDT": 0.10581,
  "LUNA2USDT": 0.06513,
  "NOMUSDT": 0.005832,
  "IOTAUSDT": 0.0709,
  "GRTUSDT": 0.02709,
  "4USDT": 0.00919,
  "IMXUSDT": 0.1649,
  "SFPUSDT": 0.2786,
  "SPKUSDT": 0.02129,
  "FLOWUSDT": 0.03788,
  "SKRUSDT": 0.020676,
  "TAGUSDT": 0.0003573,
  "JSTUSDT": 0.043436,
  "RUNEUSDT": 0.4148,
  "ZRXUSDT": 0.1093,
  "AXLUSDT": 0.05617,
  "1INCHUSDT": 0.0933,
  "FOLKSUSDT": 1.365,
  "PTBUSDT": 0.001351,
  "ARKMUSDT": 0.1147,
  "THETAUSDT": 0.1981,
  "BREVUSDT": 0.1382,
  "QNTUSDT": 66.39,
  "KAIAUSDT": 0.05637,
  "NEIROUSDT": 7.48e-05,
  "AGTUSDT": 0.004703,
  "YFIUSDT": 2847.0,
  "XNYUSDT": 0.00523,
  "MEGAUSDT": 0.13119,
  "ANIMEUSDT": 0.005039,
  "EGLDUSDT": 4.571,
  "BOMEUSDT": 0.000424,
  "COWUSDT": 0.2073,
  "PROVEUSDT": 0.3163,
  "MAGICUSDT": 0.06968,
  "KGENUSDT": 0.17784,
  "ZKCUSDT": 0.0919,
  "TAKEUSDT": 0.02434,
  "SAHARAUSDT": 0.01559,
  "TWTUSDT": 0.5314,
  "PEOPLEUSDT": 0.00691,
  "GASUSDT": 1.604,
  "BLUAIUSDT": 0.005131,
  "MANTAUSDT": 0.07133,
  "ACTUSDT": 0.01473,
  "AUSDT": 0.0817,
  "DOLOUSDT": 0.04168,
  "TSTUSDT": 0.01057,
  "MINAUSDT": 0.06305,
  "SIGNUSDT": 0.0254,
  "AVAAIUSDT": 0.00767,
  "NILUSDT": 0.05258,
  "FIGHTUSDT": 0.006837,
  "TUTUSDT": 0.01112,
  "TNSRUSDT": 0.05011,
  "SANTOSUSDT": 1.933,
  "KASUSDT": 0.03119,
  "TURBOUSDT": 0.0010783,
  "SUPERUSDT": 0.1201,
  "GRASSUSDT": 0.1905,
  "GMTUSDT": 0.01203,
  "VELVETUSDT": 0.08031,
  "OPENUSDT": 0.1557,
  "BSVUSDT": 16.12,
  "SWARMSUSDT": 0.00715,
  "FUSDT": 0.005953,
  "AIOUSDT": 0.07633,
  "BATUSDT": 0.1213,
  "IOUSDT": 0.1143,
  "MUBARAKUSDT": 0.01614,
  "IDOLUSDT": 0.02194,
  "YBUSDT": 0.1641,
  "POPCATUSDT": 0.05189,
  "SOPHUSDT": 0.009341,
  "CATIUSDT": 0.04047,
  "ZBTUSDT": 0.07223,
  "BABYUSDT": 0.01335,
  "AKEUSDT": 0.0002733,
  "CVXUSDT": 1.998,
  "XPTUSDT": 2160.89,
  "ICNTUSDT": 0.4132,
  "DEXEUSDT": 2.395,
  "XVGUSDT": 0.006127,
  "C98USDT": 0.0279,
  "RAYSOLUSDT": 0.6532,
  "ALTUSDT": 0.00823,
  "SUSHIUSDT": 0.2035,
  "LAYERUSDT": 0.0863,
  "EDENUSDT": 0.03576,
  "YGGUSDT": 0.0398,
  "MASKUSDT": 0.4552,
  "VELODROMEUSDT": 0.01442,
  "GLMUSDT": 0.16839,
  "ACHUSDT": 0.007474,
  "SOLVUSDT": 0.00459,
  "TRUTHUSDT": 0.009761,
  "ONTUSDT": 0.0444,
  "CELOUSDT": 0.078,
  "AIXBTUSDT": 0.02051,
  "BLURUSDT": 0.02056,
  "KSMUSDT": 4.962,
  "MEMEUSDT": 0.0006845,
  "SOONUSDT": 0.1712,
  "SONICUSDT": 0.05104,
  "ASRUSDT": 1.415,
  "FIDAUSDT": 0.02027,
  "DRIFTUSDT": 0.0941,
  "SAPIENUSDT": 0.08831,
  "CTSIUSDT": 0.0258,
  "SUNUSDT": 0.016963,
  "MELANIAUSDT": 0.1187,
  "STOUSDT": 0.05536,
  "ANKRUSDT": 0.004537,
  "RAREUSDT": 0.01922,
  "IRUSDT": 0.08556,
  "KERNELUSDT": 0.0702,
  "THEUSDT": 0.2622,
  "UMAUSDT": 0.468,
  "ERAUSDT": 0.1585,
  "ZEREBROUSDT": 0.00801,
  "FRAXUSDT": 0.6592,
  "PLAYUSDT": 0.02115,
  "GMXUSDT": 6.901,
  "DEGOUSDT": 0.349,
  "PROMUSDT": 1.352,
  "LSKUSDT": 0.1467,
  "KAVAUSDT": 0.0522,
  "IRYSUSDT": 0.02467,
  "IDUSDT": 0.04837,
  "WALUSDT": 0.0809,
  "HYPERUSDT": 0.0979,
  "AKTUSDT": 0.3241,
  "STORJUSDT": 0.0979,
  "KMNOUSDT": 0.02806,
  "POLYXUSDT": 0.04434,
  "RSRUSDT": 0.001498,
  "STBLUSDT": 0.03745,
  "QTUMUSDT": 0.952,
  "ONUSDT": 0.09311,
  "AINUSDT": 0.03304,