{
  "ARPAUSDT": 0.01053,
  "NAORISUSDT": 0.05021,
  "IDOLUSDT": 0.02448,
  "CTKUSDT": 0.2428,
  "PROMUSDT": 1.319,
  "OPNUSDT": 0.6555,
  "SPACEUSDT": 0.010099,
  "INXUSDT": 0.011958,
  "EPICUSDT": 0.2864,
  "AGLDUSDT": 0.3762,
  "COWUSDT": 0.2188,
  "AGTUSDT": 0.005655,
  "\u5e01\u5b89\u4eba\u751fUSDT": 0.06855,
  "ATUSDT": 0.17148,
  "LINK/USDCUSDT": 8.629,
  "DEXEUSDT": 2.59,
  "TOWNSUSDT": 0.003541,
  "HEIUSDT": 0.0835,
  "ZETAUSDT": 0.05416,
  "BICOUSDT": 0.02227
}