{
  "BTCUSDT": 68154.9,
  "ETHUSDT": 1979.73,
  "SOLUSDT": 85.92,
  "XRPUSDT": 1.4406,
  "BNBUSDT": 624.94,
  "BCHUSDT": 566.32,
  "DOGEUSDT": 0.09956,
  "HYPEUSDT": 29.721,
  "XAGUSDT": 84.59,
  "WLFIUSDT": 0.1196,
  "XAUUSDT": 5113.6,
  "PAXGUSDT": 5133.59,
  "ZECUSDT": 258.88,
  "TRXUSDT": 0.28749,
  "SUIUSDT": 0.9478,
  "ASTERUSDT": 0.7214,
  "ADAUSDT": 0.2805,
  "LINKUSDT": 8.859,
  "UNIUSDT": 3.61,
  "AVAXUSDT": 9.218,
  "LTCUSDT": 55.69,
  "1000PEPEUSDT": 0.0041873,
  "PUMPUSDT": 0.002104,
  "ENAUSDT": 0.1086,
  "AAVEUSDT": 121.66,
  "PIPPINUSDT": 0.48807,
  "NEARUSDT": 1.051,
  "KITEUSDT": 0.22413,
  "WLDUSDT": 0.3885,
  "TRUMPUSDT": 3.48,
  "LITUSDT": 1.494,
  "FILUSDT": 0.977,
  "XPLUSDT": 0.0981,
  "TAOUSDT": 181.13,
  "DOTUSDT": 1.365,
  "ARCUSDT": 0.07131,
  "ZROUSDT": 1.6799,
  "ATOMUSDT": 2.342,
  "APTUSDT": 0.8917,
  "TONUSDT": 1.3449,
  "XLMUSDT": 0.16197,
  "1000SHIBUSDT": 0.006422,
  "HBARUSDT": 0.1002,
  "ICPUSDT": 2.259,
  "ARBUSDT": 0.0992,
  "ENSOUSDT": 1.8826,
  "AXSUSDT": 1.326,
  "BERAUSDT": 0.5805,
  "ETCUSDT": 9.237,
  "RIVERUSDT": 8.318,
  "OPUSDT": 0.1287,
  "HUSDT": 0.162,
  "XMRUSDT": 325.88,
  "MONUSDT": 0.02097,
  "POWERUSDT": 0.45166,
  "FETUSDT": 0.1669,
  "WIFUSDT": 0.2239,
  "PENGUUSDT": 0.006917,
  "FFUSDT": 0.0792,
  "CRVUSDT": 0.242,
  "AZTECUSDT": 0.03361,
  "INJUSDT": 3.874,
  "BARDUSDT": 0.7541,
  "FARTCOINUSDT": 0.1848,
  "1000BONKUSDT": 0.006334,
  "POLUSDT": 0.11117,
  "\u5e01\u5b89\u4eba\u751fUSDT": 0.08533,
  "IPUSDT": 1.1,
  "BANUSDT": 0.12788,
  "PARTIUSDT": 0.10247,
  "DASHUSDT": 34.39,
  "CHZUSDT": 0.03582,
  "BTCDOMUSDT": 5085.5,
  "RAVEUSDT": 0.5906,
  "ZAMAUSDT": 0.02513,
  "TIAUSDT": 0.3363,
  "SENTUSDT": 0.02274,
  "0GUSDT": 0.6784,
  "VIRTUALUSDT": 0.6459,
  "ONDOUSDT": 0.2694,
  "ETHFIUSDT": 0.4653,
  "SEIUSDT": 0.0708,
  "ZKUSDT": 0.0199,
  "VVVUSDT": 4.347,
  "JUPUSDT": 0.1576,
  "LYNUSDT": 0.30365,
  "MYXUSDT": 1.048,
  "STABLEUSDT": 0.029134,
  "BIOUSDT": 0.02873,
  "ESPUSDT": 0.08673,
  "ALCHUSDT": 0.08133,
  "RENDERUSDT": 1.479,
  "CCUSDT": 0.16054,
  "PENDLEUSDT": 1.2316,
  "QUSDT": 0.022514,
  "LDOUSDT": 0.3316,
  "KAITOUSDT": 0.3026,
  "1000RATSUSDT": 0.0469,
  "SIRENUSDT": 0.23233,
  "HOMEUSDT": 0.02893,
  "BTRUSDT": 0.19584,
  "DUSKUSDT": 0.08308,
  "ZENUSDT": 5.849,
  "NIGHTUSDT": 0.058,
  "BANANAS31USDT": 0.004596,
  "SANDUSDT": 0.08493,
  "ATUSDT": 0.15985,
  "ALGOUSDT": 0.09,
  "HANAUSDT": 0.03585,
  "CAKEUSDT": 1.324,
  "STRKUSDT": 0.04532,
  "SKYAIUSDT": 0.03791,
  "JTOUSDT": 0.3041,
  "ALLOUSDT": 0.12133,
  "ORCAUSDT": 1.071,
  "TRADOORUSDT": 1.395,
  "UBUSDT": 0.03674,
  "MORPHOUSDT": 1.6155,
  "GUNUSDT": 0.02845,
  "ZILUSDT": 0.00419,
  "GPSUSDT": 0.012964,
  "PIEVERSEUSDT": 0.4204,
  "YGGUSDT": 0.04799,
  "MUSDT": 1.3468,
  "SKYUSDT": 0.06427,
  "USDCUSDT": 0.999786,
  "OMUSDT": 0.0636,
  "GALAUSDT": 0.00392,
  "\u6211\u8e0f\u9a6c\u6765\u4e86USDT": 0.015808,
  "APEUSDT": 0.1097,
  "ROSEUSDT": 0.01346,
  "GIGGLEUSDT": 29.08,
  "SNXUSDT": 0.401,
  "B2USDT": 0.7202,
  "PYTHUSDT": 0.05411,
  "AWEUSDT": 0.05661,
  "CYSUSDT": 0.3907,
  "METUSDT": 0.2117,
  "XPINUSDT": 0.00171,
  "HUMAUSDT": 0.012834,
  "BEAMXUSDT": 0.002284,
  "AVNTUSDT": 0.1889,
  "AEROUSDT": 0.3343,
  "JELLYJELLYUSDT": 0.06597,
  "EIGENUSDT": 0.1942,
  "BULLAUSDT": 0.02704,
  "SYRUPUSDT": 0.23189,
  "INITUSDT": 0.10109,
  "OPNUSDT": 0.6577,
  "BUSDT": 0.1302,
  "MSTRUSDT": 131.41,
  "COMPUSDT": 18.23,
  "DYDXUSDT": 0.101,
  "XTZUSDT": 0.39,
  "NAORISUSDT": 0.0437,
  "ORDIUSDT": 2.678,
  "ZKPUSDT": 0.0928,
  "MEUSDT": 0.1293,
  "FOGOUSDT": 0.02705,
  "TSLAUSDT": 411.51,
  "MOVEUSDT": 0.02385,
  "GUAUSDT": 0.14738,
  "ENSUSDT": 6.771,
  "ESPORTSUSDT": 0.33581,
  "VETUSDT": 0.007772,
  "NEOUSDT": 2.775,
  "FORMUSDT": 0.2096,
  "NXPCUSDT": 0.2702,
  "COLLECTUSDT": 0.05131,
  "CYBERUSDT": 0.5785,
  "PNUTUSDT": 0.04863,
  "VANAUSDT": 1.604,
  "SUSDT": 0.04409,
  "AUCTIONUSDT": 5.047,
  "LAUSDT": 0.2124,
  "SPACEUSDT": 0.010123,
  "1000LUNCUSDT": 0.03683,
  "LINEAUSDT": 0.003434,
  "STGUSDT": 0.1457,
  "SOMIUSDT": 0.2071,
  "RESOLVUSDT": 0.06561,
  "BEATUSDT": 0.2401,
  "EULUSDT": 1.007,
  "GWEIUSDT": 0.030256,
  "LPTUSDT": 2.369,
  "1000FLOKIUSDT": 0.03042,
  "OGUSDT": 3.312,
  "PLUMEUSDT": 0.01004,
  "STXUSDT": 0.2542,
  "CLOUSDT": 0.08957,
  "MERLUSDT": 0.05084,
  "TRBUSDT": 15.335,
  "FHEUSDT": 0.03962,
  "BIRBUSDT": 0.17118,
  "EDUUSDT": 0.1239,
  "ATHUSDT": 0.005547,
  "LRCUSDT": 0.03335,
  "UAIUSDT": 0.2438,
  "WUSDT": 0.01982,
  "GRTUSDT": 0.02801,
  "MOODENGUSDT": 0.05676,
  "NMRUSDT": 8.184,
  "MANAUSDT": 0.0995,
  "JASMYUSDT": 0.005857,
  "2ZUSDT": 0.07277,
  "BANKUSDT": 0.03858,
  "SPXUSDT": 0.3232,
  "CFXUSDT": 0.05319,
  "WCTUSDT": 0.06102,
  "MMTUSDT": 0.1301,
  "ARUSDT": 2.03,
  "AGLDUSDT": 0.2657,
  "RPLUSDT": 2.349,
  "AGTUSDT": 0.005209,
  "IOUSDT": 0.1271,
  "API3USDT": 0.3015,
  "LIGHTUSDT": 0.2409,
  "USELESSUSDT": 0.04182,
  "TRIAUSDT": 0.0164,
  "TAUSDT": 0.03835,
  "IMXUSDT": 0.1678,
  "COAIUSDT": 0.3243,
  "ZORAUSDT": 0.02058,
  "FLOWUSDT": 0.03869,
  "LUNA2USDT": 0.06424,
  "BREVUSDT": 0.1436,
  "AIAUSDT": 0.10269,
  "IOTAUSDT": 0.0696,
  "PTBUSDT": 0.001402,
  "THETAUSDT": 0.2027,
  "ZRXUSDT": 0.1112,
  "4USDT": 0.00891,
  "SFPUSDT": 0.2724,
  "SPKUSDT": 0.02082,
  "TAGUSDT": 0.0003533,
  "QNTUSDT": 65.25,
  "JSTUSDT": 0.042854,
  "AXLUSDT": 0.05529,
  "1INCHUSDT": 0.093,
  "FOLKSUSDT": 1.365,
  "RUNEUSDT": 0.4134,
  "NEIROUSDT": 7.45e-05,
  "KAIAUSDT": 0.05605,
  "NOMUSDT": 0.005434,
  "SKRUSDT": 0.019181,
  "ARKMUSDT": 0.1134,
  "SIGNUSDT": 0.02707,
  "YFIUSDT": 2823.0,
  "FIGHTUSDT": 0.007315,
  "EGLDUSDT": 4.596,
  "ANIMEUSDT": 0.005021,
  "BOMEUSDT": 0.0004144,
  "MEGAUSDT": 0.13166,
  "KGENUSDT": 0.17927,
  "SAHARAUSDT": 0.01573,
  "MAGICUSDT": 0.06967,
  "TWTUSDT": 0.5224,
  "BLUAIUSDT": 0.005115,
  "PROVEUSDT": 0.3024,
  "COWUSDT": 0.2075,
  "PEOPLEUSDT": 0.00682,
  "AVAAIUSDT": 0.0078,
  "MANTAUSDT": 0.07129,
  "ZKCUSDT": 0.0905,
  "XNYUSDT": 0.004528,
  "ACTUSDT": 0.01467,
  "KASUSDT": 0.03133,
  "AUSDT": 0.0827,
  "GASUSDT": 1.6,
  "AIOUSDT": 0.07989,
  "TSTUSDT": 0.01059,
  "OPENUSDT": 0.1526,
  "MINAUSDT": 0.06262,
  "TURBOUSDT": 0.0010704,
  "TAKEUSDT": 0.02408,
  "GMTUSDT": 0.01207,
  "TUTUSDT": 0.01109,
  "TRUTHUSDT": 0.010069,
  "GRASSUSDT": 0.1899,
  "BATUSDT": 0.1214,
  "BSVUSDT": 16.43,
  "SWARMSUSDT": 0.00711,
  "SANTOSUSDT": 1.883,
  "SUPERUSDT": 0.1196,
  "SOPHUSDT": 0.009286,
  "VELVETUSDT": 0.07943,
  "ZBTUSDT": 0.07321,
  "TNSRUSDT": 0.04949,
  "SUSHIUSDT": 0.21,
  "NILUSDT": 0.05085,
  "POPCATUSDT": 0.05167,
  "FUSDT": 0.005908,
  "CATIUSDT": 0.04006,
  "IDOLUSDT": 0.02147,
  "AKEUSDT": 0.000275,
  "YBUSDT": 0.1597,
  "XPTUSDT": 2161.13,
  "LAYERUSDT": 0.0884,
  "SAPIENUSDT": 0.09232,
  "CTSIUSDT": 0.0266,
  "MUBARAKUSDT": 0.01559,
  "VELODROMEUSDT": 0.01496,
  "BABYUSDT": 0.01309,
  "CVXUSDT": 1.962,
  "KSMUSDT": 4.967,
  "C98USDT": 0.0266,
  "ACHUSDT": 0.007585,
  "XVGUSDT": 0.006069,
  "RAYSOLUSDT": 0.6536,
  "BLURUSDT": 0.02096,
  "ICNTUSDT": 0.3939,
  "DOLOUSDT": 0.04107,
  "SOLVUSDT": 0.00451,
  "EDENUSDT": 0.03511,
  "MASKUSDT": 0.451,
  "ALTUSDT": 0.00807,
  "GLMUSDT": 0.16988,
  "AIXBTUSDT": 0.02014,
  "ASRUSDT": 1.41,
  "DEXEUSDT": 2.409,
  "ANKRUSDT": 0.004549,
  "SOONUSDT": 0.1679,
  "WOOUSDT": 0.01852,
  "CELOUSDT": 0.078,
  "STOUSDT": 0.05595,
  "ONTUSDT": 0.044,
  "MEMEUSDT": 0.000688,
  "UMAUSDT": 0.469,
  "ONUSDT": 0.10372,
  "DRIFTUSDT": 0.0909,
  "RAREUSDT": 0.01896,
  "SONICUSDT": 0.04947,
  "IRUSDT": 0.0889,
  "THEUSDT": 0.2595,
  "FRAXUSDT": 0.6722,
  "KERNELUSDT": 0.06964,
  "SUNUSDT": 0.016918,
  "DEGOUSDT": 0.3477,
  "ZEREBROUSDT": 0.00781,
  "MELANIAUSDT": 0.1158,
  "ERAUSDT": 0.1549,
  "GMXUSDT": 6.784,
  "IDUSDT": 0.0479,
  "PROMUSDT": 1.293,
  "RSRUSDT": 0.001492,
  "KAVAUSDT": 0.0523,
  "PLAYUSDT": 0.02106,
  "IOTXUSDT": 0.0049,
  "HYPERUSDT": 0.097,
  "KMNOUSDT": 0.02783,
  "BROCCOLI714USDT": 0.01406,
  "WALUSDT": 0.0799,
  "LSKUSDT": 0.1407,
  "BANANAUSDT": 4.5,
  "POLYXUSDT": 0.04385,
  "TUSDT": 0.007067,
  "BASUSDT": 0.00514,