{
  "BTCUSDT": 62789.1,
  "ETHUSDT": 1810.65,
  "SOLUSDT": 76.32,
  "XRPUSDT": 1.329,
  "BNBUSDT": 582.06,
  "DOGEUSDT": 0.09077,
  "XAGUSDT": 87.71,
  "BCHUSDT": 478.26,
  "XAUUSDT": 5154.1,
  "HYPEUSDT": 26.345,
  "PAXGUSDT": 5167.99,
  "WLFIUSDT": 0.1074,
  "ZECUSDT": 232.95,
  "TRXUSDT": 0.28021,
  "PIPPINUSDT": 0.77453,
  "SUIUSDT": 0.8476,
  "ASTERUSDT": 0.6839,
  "ADAUSDT": 0.2559,
  "AVAXUSDT": 8.253,
  "UNIUSDT": 3.266,
  "LINKUSDT": 8.113,
  "LTCUSDT": 50.46,
  "1000PEPEUSDT": 0.0038971,
  "PUMPUSDT": 0.001744,
  "ENAUSDT": 0.0959,
  "NEARUSDT": 0.972,
  "KITEUSDT": 0.24313,
  "ARCUSDT": 0.09454,
  "WLDUSDT": 0.373,
  "AAVEUSDT": 112.64,
  "LITUSDT": 1.38,
  "FILUSDT": 0.87,
  "TRUMPUSDT": 3.275,
  "DOTUSDT": 1.234,
  "TAOUSDT": 164.7,
  "XPLUSDT": 0.0852,
  "ENSOUSDT": 2.3022,
  "ESPUSDT": 0.17929,
  "TONUSDT": 1.3192,
  "ATOMUSDT": 2.024,
  "BERAUSDT": 0.5915,
  "APTUSDT": 0.8066,
  "HBARUSDT": 0.09326,
  "1000SHIBUSDT": 0.005904,
  "ZROUSDT": 1.4671,
  "XLMUSDT": 0.14846,
  "ARBUSDT": 0.0908,
  "ICPUSDT": 2.058,
  "RIVERUSDT": 8.415,
  "AXSUSDT": 1.205,
  "XMRUSDT": 320.62,
  "OPUSDT": 0.1158,
  "MONUSDT": 0.02039,
  "CRVUSDT": 0.217,
  "WIFUSDT": 0.194,
  "FFUSDT": 0.07787,
  "PENGUUSDT": 0.006263,
  "BARDUSDT": 0.7587,
  "FETUSDT": 0.1512,
  "ETCUSDT": 8.117,
  "POLUSDT": 0.10554,
  "1000BONKUSDT": 0.005751,
  "BANUSDT": 0.123,
  "IPUSDT": 1.001,
  "HUSDT": 0.13803,
  "PARTIUSDT": 0.0965,
  "FARTCOINUSDT": 0.1419,
  "BTCDOMUSDT": 5111.2,
  "INJUSDT": 3.16,
  "CHZUSDT": 0.03403,
  "SENTUSDT": 0.0229,
  "ETHFIUSDT": 0.4501,
  "VIRTUALUSDT": 0.5759,
  "ONDOUSDT": 0.2428,
  "DASHUSDT": 31.79,
  "\u5e01\u5b89\u4eba\u751fUSDT": 0.05995,
  "TIAUSDT": 0.2943,
  "SIRENUSDT": 0.30467,
  "0GUSDT": 0.6182,
  "SEIUSDT": 0.0651,
  "ZKUSDT": 0.01883,
  "ZAMAUSDT": 0.02278,
  "POWERUSDT": 0.38483,
  "LYNUSDT": 0.31377,
  "STABLEUSDT": 0.028496,
  "JUPUSDT": 0.1414,
  "CCUSDT": 0.16005,
  "ALCHUSDT": 0.07672,
  "KAITOUSDT": 0.2913,
  "LDOUSDT": 0.2943,
  "PENDLEUSDT": 1.1721,
  "HOMEUSDT": 0.030011,
  "RENDERUSDT": 1.335,
  "BANANAS31USDT": 0.004699,
  "1000RATSUSDT": 0.04454,
  "QUSDT": 0.02115,
  "SKRUSDT": 0.025647,
  "UBUSDT": 0.0403,
  "BIOUSDT": 0.02424,
  "NIGHTUSDT": 0.05585,
  "SKYAIUSDT": 0.0387,
  "ATUSDT": 0.15886,
  "BULLAUSDT": 0.03071,
  "STRKUSDT": 0.04061,
  "ZENUSDT": 5.273,
  "BTRUSDT": 0.1885,
  "CAKEUSDT": 1.1797,
  "DUSKUSDT": 0.0783,
  "OPNUSDT": 0.4772,
  "AZTECUSDT": 0.02427,
  "GPSUSDT": 0.011771,
  "SANDUSDT": 0.07766,
  "VVVUSDT": 3.324,
  "ALGOUSDT": 0.0832,
  "PIEVERSEUSDT": 0.442,
  "MUSDT": 1.4027,
  "MYXUSDT": 0.436,
  "HANAUSDT": 0.03283,
  "MORPHOUSDT": 1.5536,
  "GUAUSDT": 0.18058,
  "FOGOUSDT": 0.02921,
  "USDCUSDT": 0.999649,
  "TRADOORUSDT": 1.477,
  "GALAUSDT": 0.00344,
  "LAUSDT": 0.2126,
  "GUNUSDT": 0.02725,
  "ZILUSDT": 0.00401,
  "APEUSDT": 0.1012,
  "JTOUSDT": 0.2731,
  "SKYUSDT": 0.06229,
  "ROSEUSDT": 0.01195,
  "B2USDT": 0.7508,
  "METUSDT": 0.1718,
  "ALLOUSDT": 0.09199,
  "ORCAUSDT": 0.916,
  "GIGGLEUSDT": 24.82,
  "COLLECTUSDT": 0.05167,
  "XPINUSDT": 0.00153,
  "TSLAUSDT": 398.37,
  "AGLDUSDT": 0.2756,
  "BEAMXUSDT": 0.001902,
  "JELLYJELLYUSDT": 0.06299,
  "\u6211\u8e0f\u9a6c\u6765\u4e86USDT": 0.011647,
  "EIGENUSDT": 0.1802,
  "HUMAUSDT": 0.011679,
  "BUSDT": 0.1276,
  "SYRUPUSDT": 0.1956,
  "MSTRUSDT": 120.91,
  "AEROUSDT": 0.3125,
  "PYTHUSDT": 0.0496,
  "STEEMUSDT": 0.05451,
  "RAVEUSDT": 0.258,
  "ESPORTSUSDT": 0.34054,
  "AWEUSDT": 0.05088,
  "VETUSDT": 0.007121,
  "AVNTUSDT": 0.1701,
  "SNXUSDT": 0.345,
  "LPTUSDT": 2.202,
  "DEXEUSDT": 3.329,
  "ORDIUSDT": 2.299,
  "XTZUSDT": 0.366,
  "DYDXUSDT": 0.088,
  "NEOUSDT": 2.613,
  "NXPCUSDT": 0.2578,
  "ZKPUSDT": 0.08421,
  "MOVEUSDT": 0.02082,
  "FORMUSDT": 0.1902,
  "SUSDT": 0.03914,
  "RESOLVUSDT": 0.06714,
  "CYSUSDT": 0.3743,
  "SOMIUSDT": 0.199,
  "COMPUSDT": 17.3,
  "AUCTIONUSDT": 4.733,
  "PNUTUSDT": 0.04298,
  "MEUSDT": 0.1146,
  "CYBERUSDT": 0.5257,
  "ENSUSDT": 5.895,
  "GWEIUSDT": 0.030382,
  "STGUSDT": 0.1287,
  "STXUSDT": 0.2316,
  "1000FLOKIUSDT": 0.02761,
  "1000LUNCUSDT": 0.0345,
  "BEATUSDT": 0.2172,
  "LINEAUSDT": 0.003172,
  "TRIAUSDT": 0.01805,
  "WUSDT": 0.01845,
  "TRBUSDT": 13.841,
  "VANAUSDT": 1.381,
  "UAIUSDT": 0.243,
  "YGGUSDT": 0.03988,
  "CLOUSDT": 0.09025,
  "PLUMEUSDT": 0.00887,
  "EULUSDT": 0.955,
  "BANKUSDT": 0.0384,
  "NAORISUSDT": 0.03499,
  "EDUUSDT": 0.1181,
  "JASMYUSDT": 0.005574,
  "SPACEUSDT": 0.009005,
  "TAUSDT": 0.04062,
  "INITUSDT": 0.08156,
  "SPXUSDT": 0.2758,
  "USELESSUSDT": 0.03658,
  "MERLUSDT": 0.04427,
  "MANAUSDT": 0.0893,
  "ATHUSDT": 0.004914,
  "NMRUSDT": 7.57,
  "2ZUSDT": 0.06588,
  "ARUSDT": 1.821,
  "JSTUSDT": 0.045161,
  "TAGUSDT": 0.0003796,
  "WCTUSDT": 0.05579,
  "GRTUSDT": 0.02553,
  "BIRBUSDT": 0.15486,
  "IMXUSDT": 0.1526,
  "API3USDT": 0.2778,
  "AGTUSDT": 0.004989,
  "OGUSDT": 2.935,
  "CFXUSDT": 0.04773,
  "MMTUSDT": 0.1181,
  "QNTUSDT": 62.89,
  "MOODENGUSDT": 0.04976,
  "IOTAUSDT": 0.0653,
  "FLOWUSDT": 0.03462,
  "SPKUSDT": 0.01997,
  "COAIUSDT": 0.2979,
  "COWUSDT": 0.2155,
  "ZRXUSDT": 0.1014,
  "1INCHUSDT": 0.0859,
  "ZORAUSDT": 0.01869,
  "LRCUSDT": 0.03234,
  "SFPUSDT": 0.2486,
  "LUNA2USDT": 0.06129,
  "KAIAUSDT": 0.05209,
  "RUNEUSDT": 0.3814,
  "THETAUSDT": 0.1827,
  "AKEUSDT": 0.0003125,
  "LIGHTUSDT": 0.2092,
  "IOUSDT": 0.1072,
  "ARKMUSDT": 0.1035,
  "NEIROUSDT": 6.54e-05,
  "FHEUSDT": 0.02809,
  "PTBUSDT": 0.001201,
  "FIGHTUSDT": 0.007014,
  "YFIUSDT": 2623.0,
  "4USDT": 0.0076,
  "XNYUSDT": 0.005378,
  "BREVUSDT": 0.1294,
  "UMAUSDT": 0.4547,
  "SIGNUSDT": 0.02277,
  "KGENUSDT": 0.18425,
  "AXLUSDT": 0.05002,
  "EGLDUSDT": 4.187,
  "TNSRUSDT": 0.04837,
  "IDOLUSDT": 0.02241,
  "GASUSDT": 1.505,
  "SAHARAUSDT": 0.01429,
  "VELVETUSDT": 0.08712,
  "KASUSDT": 0.02943,
  "ANIMEUSDT": 0.004605,
  "GMTUSDT": 0.01089,
  "PROVEUSDT": 0.2746,
  "AIAUSDT": 0.08357,
  "RPLUSDT": 1.954,
  "ACTUSDT": 0.01342,
  "BOMEUSDT": 0.0003699,
  "TWTUSDT": 0.489,
  "BLUAIUSDT": 0.004983,
  "AINUSDT": 0.04173,
  "AIOUSDT": 0.07607,
  "SXTUSDT": 0.02365,
  "PEOPLEUSDT": 0.00616,
  "TSTUSDT": 0.00947,
  "AUSDT": 0.0764,
  "FOLKSUSDT": 1.147,
  "OPENUSDT": 0.1436,
  "MAGICUSDT": 0.06277,
  "MINAUSDT": 0.05675,
  "XPTUSDT": 2166.96,
  "KERNELUSDT": 0.07503,
  "MEGAUSDT": 0.1272,
  "NOMUSDT": 0.004396,
  "BATUSDT": 0.1145,
  "STOUSDT": 0.05799,
  "GRASSUSDT": 0.1705,
  "YBUSDT": 0.1541,
  "POPCATUSDT": 0.04555,
  "SUSHIUSDT": 0.1897,
  "AVAAIUSDT": 0.00675,
  "MANTAUSDT": 0.06367,
  "BSVUSDT": 14.82,
  "TURBOUSDT": 0.0009557,
  "CATIUSDT": 0.03666,
  "ZBTUSDT": 0.06816,
  "TUTUSDT": 0.00964,
  "SOPHUSDT": 0.008454,
  "ZKCUSDT": 0.0808,
  "STORJUSDT": 0.0905,
  "ACHUSDT": 0.00688,
  "SUPERUSDT": 0.1059,
  "FUSDT": 0.005404,
  "BABYUSDT": 0.01175,
  "VELODROMEUSDT": 0.01376,
  "ICNTUSDT": 0.3958,
  "GLMUSDT": 0.14661,
  "SWARMSUSDT": 0.00607,
  "LAYERUSDT": 0.0798,
  "BLURUSDT": 0.01899,
  "DAMUSDT": 0.02202,
  "KSMUSDT": 4.536,
  "SAPIENUSDT": 0.08611,
  "NILUSDT": 0.04681,
  "TAKEUSDT": 0.02237,
  "MASKUSDT": 0.4032,
  "ARPAUSDT": 0.00933,
  "SOONUSDT": 0.1567,
  "XVGUSDT": 0.0057,
  "ASRUSDT": 1.33,
  "AIXBTUSDT": 0.01808,
  "CVXUSDT": 1.709,
  "ONTUSDT": 0.0396,
  "SOLVUSDT": 0.00411,
  "SONICUSDT": 0.04453,
  "TRUTHUSDT": 0.009411,
  "CRCLUSDT": 60.44,
  "CTSIUSDT": 0.0242,
  "BELUSDT": 0.0942,
  "ALTUSDT": 0.0072,
  "RAYSOLUSDT": 0.5717,
  "INUSDT": 0.0636,
  "C98USDT": 0.0242,
  "DRIFTUSDT": 0.0787,
  "RAREUSDT": 0.01776,
  "MEMEUSDT": 0.0006365,
  "SUNUSDT": 0.016379,
  "ANKRUSDT": 0.004116,
  "EDENUSDT": 0.03154,
  "SANTOSUSDT": 1.571,
  "MUBARAKUSDT": 0.01348,
  "PROMPTUSDT": 0.04367,
  "CELOUSDT": 0.073,
  "THEUSDT": 0.2387,
  "AKTUSDT": 0.2934,
  "ERAUSDT": 0.14,
  "OGNUSDT": 0.0221,
  "DEGOUSDT": 0.3103,
  "MELANIAUSDT": 0.1074,
  "FRAXUSDT": 0.6301,
  "KOMAUSDT": 0.00729,
  "KMNOUSDT": 0.02321,
  "ARIAUSDT": 0.07112,
  "POLYXUSDT": 0.04031,
  "WETUSDT": 0.07991,
  "IDUSDT": 0.0425,
  "ELSAUSDT": 0.07869,
  "BASUSDT": 0.005589,
  "HYPERUSDT": 0.0884,