{
  "TRUTHUSDT": 0.011522,
  "ALICEUSDT": 0.132,
  "MAGMAUSDT": 0.10012,
  "MYXUSDT": 0.412,
  "RAVEUSDT": 0.33077,
  "RAYSOLUSDT": 0.5622,
  "PIPPINUSDT": 0.62633,
  "POWERUSDT": 1.82238,
  "ONTUSDT": 0.04,
  "JELLYJELLYUSDT": 0.06951,
  "KAIAUSDT": 0.05358,
  "AIXBTUSDT": 0.02047,
  "LYNUSDT": 0.28417,
  "CKBUSDT": 0.001441,
  "SPACEUSDT": 0.008159,
  "ONEUSDT": 0.00219,
  "FOLKSUSDT": 1.326,
  "BEATUSDT": 0.227,
  "WLFI/USDCUSDT": 0.1072,
  "MEMEUSDT": 0.0005593
}