{
  "BTCUSDT": 73494.0,
  "ETHUSDT": 2159.21,
  "SOLUSDT": 92.82,
  "XRPUSDT": 1.4499,
  "BNBUSDT": 665.38,
  "DOGEUSDT": 0.09782,
  "XAUUSDT": 5163.1,
  "BCHUSDT": 467.0,
  "PAXGUSDT": 5171.1,
  "HYPEUSDT": 32.041,
  "XAGUSDT": 84.49,
  "ZECUSDT": 240.58,
  "WLFIUSDT": 0.1048,
  "UNIUSDT": 4.072,
  "TRXUSDT": 0.28459,
  "SUIUSDT": 0.9743,
  "ADAUSDT": 0.2772,
  "AVAXUSDT": 9.564,
  "ASTERUSDT": 0.7348,
  "LINKUSDT": 9.452,
  "1000PEPEUSDT": 0.0036196,
  "LTCUSDT": 57.16,
  "PUMPUSDT": 0.00211,
  "ENAUSDT": 0.1185,
  "NEARUSDT": 1.307,
  "AAVEUSDT": 118.53,
  "WLDUSDT": 0.42,
  "DOTUSDT": 1.548,
  "XPLUSDT": 0.116,
  "FILUSDT": 1.038,
  "KITEUSDT": 0.25658,
  "TAOUSDT": 190.9,
  "1000SHIBUSDT": 0.005707,
  "TRUMPUSDT": 3.412,
  "LITUSDT": 1.322,
  "ZROUSDT": 1.9264,
  "HUSDT": 0.13958,
  "APTUSDT": 1.0136,
  "PIPPINUSDT": 0.34652,
  "TONUSDT": 1.3579,
  "HBARUSDT": 0.10157,
  "XMRUSDT": 373.23,
  "BARDUSDT": 1.4809,
  "ATOMUSDT": 1.886,
  "RIVERUSDT": 17.423,
  "ARBUSDT": 0.1054,
  "XLMUSDT": 0.16087,
  "WIFUSDT": 0.2203,
  "ICPUSDT": 2.569,
  "BERAUSDT": 0.5461,
  "MONUSDT": 0.02275,
  "CRVUSDT": 0.257,
  "PENGUUSDT": 0.007371,
  "FFUSDT": 0.07381,
  "SIRENUSDT": 0.49263,
  "VIRTUALUSDT": 0.7553,
  "AXSUSDT": 1.218,
  "FETUSDT": 0.1569,
  "OPUSDT": 0.13,
  "CCUSDT": 0.15563,
  "VVVUSDT": 6.777,
  "ETCUSDT": 8.934,
  "ARCUSDT": 0.03646,
  "POLUSDT": 0.10421,
  "FARTCOINUSDT": 0.1823,
  "ETHFIUSDT": 0.5559,
  "IPUSDT": 0.879,
  "BTCDOMUSDT": 5212.7,
  "ONDOUSDT": 0.2726,
  "1000BONKUSDT": 0.006302,
  "TIAUSDT": 0.344,
  "PARTIUSDT": 0.08644,
  "SEIUSDT": 0.06936,
  "POWERUSDT": 0.13602,
  "CHZUSDT": 0.03884,
  "SAHARAUSDT": 0.02712,
  "\u5e01\u5b89\u4eba\u751fUSDT": 0.06118,
  "ENSOUSDT": 1.34,
  "JUPUSDT": 0.1984,
  "BANUSDT": 0.10669,
  "DASHUSDT": 35.26,
  "PHAUSDT": 0.05148,
  "SENTUSDT": 0.02143,
  "BUSDT": 0.2386,
  "INJUSDT": 3.118,
  "ESPUSDT": 0.1237,
  "BANANAS31USDT": 0.00575,
  "0GUSDT": 0.6188,
  "KAITOUSDT": 0.3629,
  "SIGNUSDT": 0.03268,
  "ROBOUSDT": 0.04289,
  "GUAUSDT": 0.27075,
  "RENDERUSDT": 1.417,
  "STABLEUSDT": 0.028244,
  "LDOUSDT": 0.3174,
  "FORMUSDT": 0.3279,
  "1000RATSUSDT": 0.04976,
  "ZAMAUSDT": 0.01927,
  "PENDLEUSDT": 1.3213,
  "ALCHUSDT": 0.07993,
  "MANTRAUSDT": 0.02146,
  "ZKUSDT": 0.01927,
  "JELLYJELLYUSDT": 0.08915,
  "MORPHOUSDT": 1.9532,
  "SKYAIUSDT": 0.04133,
  "CRCLUSDT": 106.62,
  "GWEIUSDT": 0.045608,
  "PIEVERSEUSDT": 0.5569,
  "GIGGLEUSDT": 29.82,
  "ATUSDT": 0.15529,
  "CAKEUSDT": 1.4199,
  "SANDUSDT": 0.0873,
  "BIOUSDT": 0.02116,
  "ZENUSDT": 5.926,
  "SKYUSDT": 0.07718,
  "HOMEUSDT": 0.028529,
  "ALLOUSDT": 0.11845,
  "GALAUSDT": 0.00366,
  "BULLAUSDT": 0.02623,
  "HUMAUSDT": 0.015383,
  "STRKUSDT": 0.04155,
  "MUSDT": 1.4669,
  "LYNUSDT": 0.31713,
  "ALGOUSDT": 0.0894,
  "NIGHTUSDT": 0.06134,
  "MSTRUSDT": 149.23,
  "HANAUSDT": 0.03523,
  "STGUSDT": 0.171,
  "OPNUSDT": 0.4563,
  "MYXUSDT": 0.2991,
  "EIGENUSDT": 0.1999,
  "TRADOORUSDT": 1.619,
  "TSLAUSDT": 405.72,
  "AEROUSDT": 0.3705,
  "CYSUSDT": 0.4461,
  "BTRUSDT": 0.17746,
  "APEUSDT": 0.1038,
  "USDCUSDT": 0.999276,
  "GPSUSDT": 0.008432,
  "SYRUPUSDT": 0.24579,
  "GUNUSDT": 0.02028,
  "ATHUSDT": 0.006686,
  "JTOUSDT": 0.2787,
  "BEAMXUSDT": 0.001964,
  "XPINUSDT": 0.001407,
  "DUSKUSDT": 0.08858,
  "AZTECUSDT": 0.02243,
  "ZILUSDT": 0.00433,
  "B2USDT": 0.7032,
  "NEOUSDT": 2.668,
  "ORDIUSDT": 2.589,
  "UBUSDT": 0.03595,
  "QUSDT": 0.013009,
  "DYDXUSDT": 0.098,
  "1000LUNCUSDT": 0.04415,
  "PYTHUSDT": 0.05089,
  "METUSDT": 0.1769,
  "XTZUSDT": 0.387,
  "VETUSDT": 0.007516,
  "NXPCUSDT": 0.2828,
  "MOVEUSDT": 0.02283,
  "AVNTUSDT": 0.1754,
  "PNUTUSDT": 0.04958,
  "BEATUSDT": 0.2736,
  "FOGOUSDT": 0.02271,
  "TAGUSDT": 0.0004747,
  "1000FLOKIUSDT": 0.02977,
  "ROSEUSDT": 0.01232,
  "COMPUSDT": 18.27,
  "LAUSDT": 0.2135,
  "SUSDT": 0.04299,
  "\u6211\u8e0f\u9a6c\u6765\u4e86USDT": 0.010666,
  "LINEAUSDT": 0.003287,
  "ESPORTSUSDT": 0.30854,
  "ENSUSDT": 6.362,
  "SPXUSDT": 0.3649,
  "AIXBTUSDT": 0.03043,
  "COLLECTUSDT": 0.03426,
  "KAVAUSDT": 0.0603,
  "TRBUSDT": 15.166,
  "ZKPUSDT": 0.0903,
  "TAUSDT": 0.03956,
  "SNXUSDT": 0.334,
  "RESOLVUSDT": 0.06573,
  "AGTUSDT": 0.006537,
  "AGLDUSDT": 0.2493,
  "LPTUSDT": 2.387,
  "ARUSDT": 1.709,
  "STXUSDT": 0.2718,
  "ORCAUSDT": 0.925,
  "USELESSUSDT": 0.04766,
  "RAVEUSDT": 0.36114,
  "GRASSUSDT": 0.2906,
  "BANKUSDT": 0.04121,
  "PLUMEUSDT": 0.01009,
  "AUCTIONUSDT": 4.843,
  "SKRUSDT": 0.02384,
  "JASMYUSDT": 0.005841,
  "EULUSDT": 1.128,
  "WUSDT": 0.01907,
  "IMXUSDT": 0.161,
  "CFXUSDT": 0.0508,
  "DEXEUSDT": 3.575,
  "JSTUSDT": 0.04841,
  "TRIAUSDT": 0.01742,
  "MANAUSDT": 0.1003,
  "4USDT": 0.008973,
  "IOTAUSDT": 0.0681,
  "WETUSDT": 0.10996,
  "COAIUSDT": 0.3266,
  "MEUSDT": 0.1175,
  "FLOWUSDT": 0.03472,
  "PEOPLEUSDT": 0.00745,
  "MOODENGUSDT": 0.0521,
  "SOMIUSDT": 0.2001,
  "CYBERUSDT": 0.5616,
  "BREVUSDT": 0.1546,
  "KGENUSDT": 0.22906,
  "EDUUSDT": 0.1056,
  "YGGUSDT": 0.04059,
  "GRTUSDT": 0.02696,
  "NMRUSDT": 7.91,
  "RUNEUSDT": 0.4432,
  "WCTUSDT": 0.06054,
  "THETAUSDT": 0.2003,
  "DENTUSDT": 0.000238,
  "SPKUSDT": 0.02024,
  "AWEUSDT": 0.05118,
  "PTBUSDT": 0.001186,
  "SFPUSDT": 0.2757,
  "MERLUSDT": 0.04137,
  "QNTUSDT": 66.21,
  "INITUSDT": 0.07796,
  "API3USDT": 0.2895,
  "NEIROUSDT": 7.195e-05,
  "LIGHTUSDT": 0.1845,
  "EGLDUSDT": 4.237,
  "MMTUSDT": 0.1182,
  "2ZUSDT": 0.07397,
  "COWUSDT": 0.2499,
  "1INCHUSDT": 0.0994,
  "VELVETUSDT": 0.09836,
  "NAORISUSDT": 0.03256,
  "FOLKSUSDT": 1.285,
  "ARKMUSDT": 0.1105,
  "ZRXUSDT": 0.1087,
  "LAYERUSDT": 0.08731,
  "BIRBUSDT": 0.15122,
  "HOLOUSDT": 0.06708,
  "AXLUSDT": 0.05463,
  "CLOUSDT": 0.07008,
  "DAMUSDT": 0.03386,
  "AIOTUSDT": 0.02768,
  "VANAUSDT": 1.459,
  "KASUSDT": 0.0313,
  "ZORAUSDT": 0.01763,
  "MEMEUSDT": 0.0006425,
  "SPACEUSDT": 0.007264,
  "IOUSDT": 0.1135,
  "AVAAIUSDT": 0.008322,
  "AKEUSDT": 0.000251,
  "SWARMSUSDT": 0.007538,
  "TWTUSDT": 0.5161,
  "KAIAUSDT": 0.05479,
  "POPCATUSDT": 0.05268,
  "PROVEUSDT": 0.2803,
  "USUALUSDT": 0.01575,
  "LRCUSDT": 0.03171,
  "BOMEUSDT": 0.0004273,
  "YFIUSDT": 2706.0,
  "TSTUSDT": 0.01001,
  "SOPHUSDT": 0.008708,
  "TURBOUSDT": 0.0010204,
  "AUSDT": 0.07916,
  "ACTUSDT": 0.01395,
  "SUNUSDT": 0.015941,
  "NILUSDT": 0.05341,
  "STOUSDT": 0.06189,
  "SUSHIUSDT": 0.2115,
  "GMTUSDT": 0.01195,
  "OPENUSDT": 0.1506,
  "AIAUSDT": 0.08409,
  "MIRAUSDT": 0.09254,
  "BLUAIUSDT": 0.004696,
  "SUPERUSDT": 0.1237,
  "BATUSDT": 0.1051,
  "LUNA2USDT": 0.06593,
  "STEEMUSDT": 0.05748,
  "VELODROMEUSDT": 0.01683,
  "CATIUSDT": 0.04037,
  "ANIMEUSDT": 0.004767,
  "MUBARAKUSDT": 0.01506,
  "FHEUSDT": 0.02942,
  "TNSRUSDT": 0.04637,
  "BABYUSDT": 0.01161,
  "MEGAUSDT": 0.13105,
  "HIPPOUSDT": 0.0007941,
  "GASUSDT": 1.635,
  "AKTUSDT": 0.3406,
  "SOONUSDT": 0.1704,
  "MANTAUSDT": 0.06616,
  "TUTUSDT": 0.01062,
  "OGUSDT": 2.801,
  "AIOUSDT": 0.08068,
  "BSVUSDT": 15.29,
  "RPLUSDT": 2.018,
  "ZBTUSDT": 0.0747,
  "MAGICUSDT": 0.06408,
  "COOKIEUSDT": 0.02202,
  "MASKUSDT": 0.4553,
  "KERNELUSDT": 0.07882,
  "KNCUSDT": 0.1358,
  "EDENUSDT": 0.0348,
  "COINUSDT": 214.0,
  "ALICEUSDT": 0.132,
  "MINAUSDT": 0.05764,
  "IOTXUSDT": 0.00548,
  "SAPIENUSDT": 0.08435,
  "ALTUSDT": 0.007466,
  "KSMUSDT": 4.858,
  "ASRUSDT": 1.345,
  "XNYUSDT": 0.00647,
  "UMAUSDT": 0.4299,
  "FUSDT": 0.00562,
  "FIGHTUSDT": 0.005781,
  "1000SATSUSDT": 1.19e-05,
  "BLURUSDT": 0.02001,
  "INUSDT": 0.07126,
  "XPTUSDT": 2176.75,
  "AINUSDT": 0.04001,
  "FIOUSDT": 0.00899,
  "XVGUSDT": 0.00554,
  "CELOUSDT": 0.079,
  "ZEREBROUSDT": 0.007331,
  "NOMUSDT": 0.003616,
  "SKLUSDT": 0.00672,
  "UAIUSDT": 0.2165,
  "ONTUSDT": 0.0439,
  "ENJUSDT": 0.01924,
  "ANKRUSDT": 0.00428,
  "KATUSDT": 0.01586,
  "TRUTHUSDT": 0.009626,
  "YBUSDT": 0.1712,
  "KOMAUSDT": 0.008177,
  "GMXUSDT": 7.342,
  "REDUSDT": 0.1419,
  "KMNOUSDT": 0.02315,
  "RAYSOLUSDT": 0.6235,
  "GLMUSDT": 0.13445,
  "ACHUSDT": 0.007279,
  "POLYXUSDT": 0.04228,
  "QTUMUSDT": 0.95,
  "SANTOSUSDT": 1.315,
  "TAKEUSDT": 0.01908,
  "ERAUSDT": 0.1468,