{
  "BTCUSDT": 68261.6,
  "ETHUSDT": 1984.9,
  "SOLUSDT": 86.01,
  "XRPUSDT": 1.4379,
  "BNBUSDT": 625.98,
  "BCHUSDT": 564.15,
  "DOGEUSDT": 0.09932,
  "HYPEUSDT": 29.762,
  "XAGUSDT": 84.58,
  "XAUUSDT": 5117.42,
  "WLFIUSDT": 0.1206,
  "PAXGUSDT": 5144.0,
  "ZECUSDT": 259.15,
  "TRXUSDT": 0.28759,
  "SUIUSDT": 0.9473,
  "ASTERUSDT": 0.7252,
  "LINKUSDT": 8.896,
  "ADAUSDT": 0.2799,
  "UNIUSDT": 3.61,
  "AVAXUSDT": 9.222,
  "LTCUSDT": 55.31,
  "1000PEPEUSDT": 0.0041873,
  "PUMPUSDT": 0.0021,
  "ENAUSDT": 0.1088,
  "AAVEUSDT": 122.16,
  "PIPPINUSDT": 0.4906,
  "NEARUSDT": 1.05,
  "KITEUSDT": 0.22169,
  "WLDUSDT": 0.3886,
  "LITUSDT": 1.498,
  "TRUMPUSDT": 3.488,
  "FILUSDT": 0.97,
  "XPLUSDT": 0.0982,
  "TAOUSDT": 182.3,
  "DOTUSDT": 1.359,
  "ARCUSDT": 0.07136,
  "ZROUSDT": 1.684,
  "ATOMUSDT": 2.333,
  "APTUSDT": 0.8924,
  "TONUSDT": 1.3281,
  "XLMUSDT": 0.16162,
  "1000SHIBUSDT": 0.006413,
  "HBARUSDT": 0.10015,
  "ARBUSDT": 0.0992,
  "ENSOUSDT": 1.8944,
  "ICPUSDT": 2.226,
  "AXSUSDT": 1.326,
  "BERAUSDT": 0.5822,
  "ETCUSDT": 9.194,
  "OPUSDT": 0.1277,
  "RIVERUSDT": 8.286,
  "HUSDT": 0.16239,
  "XMRUSDT": 327.43,
  "MONUSDT": 0.02099,
  "POWERUSDT": 0.44765,
  "FETUSDT": 0.1665,
  "WIFUSDT": 0.2241,
  "FFUSDT": 0.07981,
  "PENGUUSDT": 0.006914,
  "CRVUSDT": 0.242,
  "AZTECUSDT": 0.03343,
  "BARDUSDT": 0.758,
  "INJUSDT": 3.791,
  "FARTCOINUSDT": 0.185,
  "1000BONKUSDT": 0.006325,
  "POLUSDT": 0.11028,
  "BANUSDT": 0.12845,
  "IPUSDT": 1.099,
  "\u5e01\u5b89\u4eba\u751fUSDT": 0.08506,
  "PARTIUSDT": 0.10271,
  "DASHUSDT": 34.65,
  "CHZUSDT": 0.03565,
  "BTCDOMUSDT": 5089.9,
  "RAVEUSDT": 0.58711,
  "ZAMAUSDT": 0.02551,
  "TIAUSDT": 0.3352,
  "0GUSDT": 0.6805,
  "SENTUSDT": 0.02254,
  "VIRTUALUSDT": 0.646,
  "ONDOUSDT": 0.2687,
  "ETHFIUSDT": 0.4635,
  "SEIUSDT": 0.0707,
  "ZKUSDT": 0.01996,
  "VVVUSDT": 4.301,
  "JUPUSDT": 0.1579,
  "LYNUSDT": 0.29817,
  "STABLEUSDT": 0.029217,
  "MYXUSDT": 1.041,
  "BIOUSDT": 0.02832,
  "ALCHUSDT": 0.08119,
  "RENDERUSDT": 1.48,
  "CCUSDT": 0.16104,
  "SIRENUSDT": 0.24401,
  "QUSDT": 0.022709,
  "ESPUSDT": 0.08227,
  "PENDLEUSDT": 1.2264,
  "LDOUSDT": 0.3319,
  "KAITOUSDT": 0.3029,
  "1000RATSUSDT": 0.04623,
  "BTRUSDT": 0.20043,
  "HOMEUSDT": 0.029031,
  "DUSKUSDT": 0.08322,
  "ZENUSDT": 5.848,
  "NIGHTUSDT": 0.05781,
  "BANANAS31USDT": 0.004569,
  "SANDUSDT": 0.08492,
  "HANAUSDT": 0.03623,
  "ALGOUSDT": 0.0896,
  "CAKEUSDT": 1.3305,
  "ATUSDT": 0.15897,
  "STRKUSDT": 0.04519,
  "SKYAIUSDT": 0.03789,
  "TRADOORUSDT": 1.428,
  "JTOUSDT": 0.3029,
  "OPNUSDT": 0.6341,
  "ORCAUSDT": 1.066,
  "UBUSDT": 0.03668,
  "GUNUSDT": 0.02883,
  "MORPHOUSDT": 1.6195,
  "ZILUSDT": 0.00422,
  "PIEVERSEUSDT": 0.4229,
  "GPSUSDT": 0.012863,
  "ALLOUSDT": 0.11932,
  "YGGUSDT": 0.04781,
  "MUSDT": 1.3393,
  "SKYUSDT": 0.06404,
  "USDCUSDT": 0.999765,
  "OMUSDT": 0.0639,
  "GALAUSDT": 0.00391,
  "SNXUSDT": 0.41,
  "APEUSDT": 0.1095,
  "\u6211\u8e0f\u9a6c\u6765\u4e86USDT": 0.015657,
  "ROSEUSDT": 0.01351,
  "GIGGLEUSDT": 29.09,
  "B2USDT": 0.7222,
  "PYTHUSDT": 0.05395,
  "AWEUSDT": 0.05648,
  "METUSDT": 0.2114,
  "XPINUSDT": 0.001694,
  "CYSUSDT": 0.3849,
  "HUMAUSDT": 0.012764,
  "BULLAUSDT": 0.02791,
  "BEAMXUSDT": 0.002284,
  "AVNTUSDT": 0.1885,
  "SYRUPUSDT": 0.23361,
  "AEROUSDT": 0.333,
  "JELLYJELLYUSDT": 0.06589,
  "EIGENUSDT": 0.1942,
  "BUSDT": 0.1305,
  "MSTRUSDT": 131.5,
  "INITUSDT": 0.099,
  "NAORISUSDT": 0.04488,
  "DYDXUSDT": 0.1,
  "COMPUSDT": 18.08,
  "XTZUSDT": 0.39,
  "ORDIUSDT": 2.666,
  "ZKPUSDT": 0.09289,
  "FOGOUSDT": 0.0272,
  "MEUSDT": 0.1292,
  "MOVEUSDT": 0.0239,
  "TSLAUSDT": 411.58,
  "GUAUSDT": 0.14698,
  "ENSUSDT": 6.764,
  "ESPORTSUSDT": 0.33702,
  "FORMUSDT": 0.2105,
  "VETUSDT": 0.00774,
  "NEOUSDT": 2.772,
  "NXPCUSDT": 0.2695,
  "COLLECTUSDT": 0.05155,
  "CYBERUSDT": 0.576,
  "PNUTUSDT": 0.04846,
  "AUCTIONUSDT": 5.047,
  "SUSDT": 0.04397,
  "VANAUSDT": 1.6,
  "SPACEUSDT": 0.010223,
  "LAUSDT": 0.211,
  "1000LUNCUSDT": 0.03652,
  "LINEAUSDT": 0.003439,
  "SOMIUSDT": 0.21,
  "STGUSDT": 0.1458,
  "RESOLVUSDT": 0.06516,
  "EULUSDT": 1.02,
  "BEATUSDT": 0.2404,
  "LPTUSDT": 2.358,
  "1000FLOKIUSDT": 0.03045,
  "OGUSDT": 3.306,
  "GWEIUSDT": 0.02983,
  "PLUMEUSDT": 0.01003,
  "STXUSDT": 0.2542,
  "FHEUSDT": 0.04049,
  "MERLUSDT": 0.05114,
  "CLOUSDT": 0.09003,
  "TRBUSDT": 15.284,
  "BIRBUSDT": 0.17044,
  "EDUUSDT": 0.1241,
  "ATHUSDT": 0.005546,
  "UAIUSDT": 0.2437,
  "WUSDT": 0.01976,
  "LRCUSDT": 0.03318,
  "MOODENGUSDT": 0.05677,
  "JASMYUSDT": 0.005867,
  "BANKUSDT": 0.03898,
  "NMRUSDT": 8.169,
  "GRTUSDT": 0.02797,
  "2ZUSDT": 0.07258,
  "WCTUSDT": 0.0613,
  "TRIAUSDT": 0.01657,
  "MANAUSDT": 0.0986,
  "CFXUSDT": 0.05314,
  "SPXUSDT": 0.324,
  "AGTUSDT": 0.005303,
  "MMTUSDT": 0.1292,
  "ARUSDT": 2.021,
  "RPLUSDT": 2.349,
  "USELESSUSDT": 0.04214,
  "API3USDT": 0.3016,
  "TAUSDT": 0.0382,
  "LIGHTUSDT": 0.2389,
  "AGLDUSDT": 0.2613,
  "IMXUSDT": 0.1678,
  "ZORAUSDT": 0.02058,
  "COAIUSDT": 0.3224,
  "LUNA2USDT": 0.06423,
  "IOUSDT": 0.1232,
  "AIAUSDT": 0.10297,
  "PTBUSDT": 0.001401,
  "FLOWUSDT": 0.03845,
  "IOTAUSDT": 0.0696,
  "BREVUSDT": 0.1405,
  "TAGUSDT": 0.000365,
  "THETAUSDT": 0.2023,
  "ZRXUSDT": 0.1109,
  "4USDT": 0.00891,
  "SFPUSDT": 0.2718,
  "SPKUSDT": 0.02087,
  "QNTUSDT": 66.12,
  "AXLUSDT": 0.05541,
  "JSTUSDT": 0.042862,
  "1INCHUSDT": 0.0932,
  "FOLKSUSDT": 1.36,
  "KAIAUSDT": 0.05614,
  "NEIROUSDT": 7.43e-05,
  "SKRUSDT": 0.019226,
  "RUNEUSDT": 0.4127,
  "ARKMUSDT": 0.1128,
  "YFIUSDT": 2829.0,
  "NOMUSDT": 0.005403,
  "FIGHTUSDT": 0.007199,
  "EGLDUSDT": 4.598,
  "SIGNUSDT": 0.02702,
  "KGENUSDT": 0.18315,
  "ANIMEUSDT": 0.005021,
  "BOMEUSDT": 0.0004142,
  "MEGAUSDT": 0.13069,
  "SAHARAUSDT": 0.0158,
  "MAGICUSDT": 0.06969,
  "COWUSDT": 0.2086,
  "TWTUSDT": 0.5217,
  "BLUAIUSDT": 0.005111,
  "PROVEUSDT": 0.3022,
  "XNYUSDT": 0.004557,
  "ZKCUSDT": 0.0907,
  "PEOPLEUSDT": 0.0068,
  "MANTAUSDT": 0.07104,
  "AUSDT": 0.0833,
  "KASUSDT": 0.03136,
  "ACTUSDT": 0.01463,
  "GASUSDT": 1.596,
  "AVAAIUSDT": 0.00766,
  "TSTUSDT": 0.01061,
  "AIOUSDT": 0.0795,
  "MINAUSDT": 0.06228,
  "OPENUSDT": 0.151,
  "TAKEUSDT": 0.02394,
  "TURBOUSDT": 0.0010693,
  "GMTUSDT": 0.01204,
  "BATUSDT": 0.1215,
  "TUTUSDT": 0.01106,
  "GRASSUSDT": 0.1898,
  "BSVUSDT": 16.35,
  "TRUTHUSDT": 0.01002,
  "SWARMSUSDT": 0.00711,
  "SANTOSUSDT": 1.872,
  "SUPERUSDT": 0.1195,
  "POPCATUSDT": 0.05218,
  "VELVETUSDT": 0.07962,
  "TNSRUSDT": 0.04951,
  "SOPHUSDT": 0.009251,
  "SUSHIUSDT": 0.2099,
  "FUSDT": 0.005925,
  "ZBTUSDT": 0.07307,
  "CATIUSDT": 0.04007,
  "NILUSDT": 0.05032,
  "IDOLUSDT": 0.02156,
  "LAYERUSDT": 0.089,
  "YBUSDT": 0.1597,
  "XPTUSDT": 2160.88,
  "AKEUSDT": 0.0002722,
  "CTSIUSDT": 0.0269,
  "MUBARAKUSDT": 0.01539,
  "C98USDT": 0.0268,
  "CVXUSDT": 1.958,
  "BABYUSDT": 0.01305,
  "VELODROMEUSDT": 0.01492,
  "SAPIENUSDT": 0.09168,
  "SOLVUSDT": 0.00452,
  "KSMUSDT": 4.915,
  "XVGUSDT": 0.006107,
  "RAYSOLUSDT": 0.6557,
  "BLURUSDT": 0.02094,
  "ICNTUSDT": 0.3938,
  "ACHUSDT": 0.007533,
  "MASKUSDT": 0.4501,
  "DOLOUSDT": 0.04085,
  "EDENUSDT": 0.03539,
  "ALTUSDT": 0.00807,
  "GLMUSDT": 0.16972,
  "AIXBTUSDT": 0.02005,
  "DEXEUSDT": 2.414,
  "ASRUSDT": 1.415,
  "ANKRUSDT": 0.004545,
  "SOONUSDT": 0.1681,
  "WOOUSDT": 0.01849,
  "STOUSDT": 0.05581,
  "MEMEUSDT": 0.0006876,
  "UMAUSDT": 0.4687,
  "RAREUSDT": 0.01901,
  "ONTUSDT": 0.0436,
  "DRIFTUSDT": 0.0909,
  "CELOUSDT": 0.077,
  "SONICUSDT": 0.04946,
  "ONUSDT": 0.10166,
  "IRUSDT": 0.08822,
  "THEUSDT": 0.2591,
  "SUNUSDT": 0.016956,
  "DEGOUSDT": 0.348,
  "ERAUSDT": 0.1558,
  "FRAXUSDT": 0.6678,
  "ZEREBROUSDT": 0.00777,
  "KERNELUSDT": 0.06938,
  "MELANIAUSDT": 0.1156,
  "GMXUSDT": 6.757,
  "IDUSDT": 0.04779,
  "RSRUSDT": 0.001497,
  "PLAYUSDT": 0.02137,
  "PROMUSDT": 1.291,
  "KAVAUSDT": 0.052,
  "HYPERUSDT": 0.0966,
  "IOTXUSDT": 0.00488,
  "KMNOUSDT": 0.02776,
  "WALUSDT": 0.0799,
  "BROCCOLI714USDT": 0.01408,
  "POLYXUSDT": 0.04374,
  "BANANAUSDT": 4.49,
  "LSKUSDT": 0.1413,
  "BASUSDT": 0.005136,
  "TUSDT": 0.007063,