{
  "BTCUSDT": 65459.8,
  "ETHUSDT": 1908.05,
  "SOLUSDT": 82.38,
  "XRPUSDT": 1.3747,
  "BNBUSDT": 600.48,
  "DOGEUSDT": 0.09333,
  "XAGUSDT": 90.59,
  "BCHUSDT": 491.25,
  "XAUUSDT": 5184.06,
  "HYPEUSDT": 26.887,
  "PAXGUSDT": 5197.09,
  "WLFIUSDT": 0.1143,
  "ZECUSDT": 238.88,
  "TRXUSDT": 0.28649,
  "SUIUSDT": 0.8896,
  "PIPPINUSDT": 0.78296,
  "ASTERUSDT": 0.6964,
  "ADAUSDT": 0.2685,
  "UNIUSDT": 3.525,
  "LTCUSDT": 52.76,
  "LINKUSDT": 8.518,
  "AVAXUSDT": 8.621,
  "1000PEPEUSDT": 0.0039662,
  "ARCUSDT": 0.12858,
  "PUMPUSDT": 0.00174,
  "ENAUSDT": 0.1013,
  "KITEUSDT": 0.26338,
  "NEARUSDT": 1.005,
  "WLDUSDT": 0.3978,
  "AAVEUSDT": 117.45,
  "FILUSDT": 0.909,
  "TRUMPUSDT": 3.421,
  "LITUSDT": 1.382,
  "ENSOUSDT": 2.7222,
  "TAOUSDT": 174.17,
  "DOTUSDT": 1.285,
  "XPLUSDT": 0.088,
  "APTUSDT": 0.853,
  "ATOMUSDT": 2.042,
  "ESPUSDT": 0.16185,
  "TONUSDT": 1.2955,
  "BERAUSDT": 0.6092,
  "1000SHIBUSDT": 0.005987,
  "ZROUSDT": 1.4891,
  "HBARUSDT": 0.09733,
  "XLMUSDT": 0.15351,
  "RIVERUSDT": 9.487,
  "ICPUSDT": 2.195,
  "ARBUSDT": 0.0935,
  "AXSUSDT": 1.282,
  "XMRUSDT": 337.45,
  "OPUSDT": 0.1175,
  "WIFUSDT": 0.1966,
  "MONUSDT": 0.0202,
  "CRVUSDT": 0.236,
  "PENGUUSDT": 0.006697,
  "FFUSDT": 0.0773,
  "FETUSDT": 0.1557,
  "BARDUSDT": 0.7678,
  "POWERUSDT": 0.71664,
  "POLUSDT": 0.11447,
  "ETCUSDT": 8.423,
  "VIRTUALUSDT": 0.6927,
  "PARTIUSDT": 0.10929,
  "1000BONKUSDT": 0.005905,
  "SIRENUSDT": 0.37399,
  "IPUSDT": 1.023,
  "BANUSDT": 0.12126,
  "HUSDT": 0.13801,
  "ETHFIUSDT": 0.5082,
  "FARTCOINUSDT": 0.1564,
  "BTCDOMUSDT": 5090.0,
  "CHZUSDT": 0.03392,
  "SENTUSDT": 0.02397,
  "INJUSDT": 3.176,
  "ONDOUSDT": 0.2549,
  "DASHUSDT": 33.39,
  "\u5e01\u5b89\u4eba\u751fUSDT": 0.06189,
  "TIAUSDT": 0.3127,
  "SEIUSDT": 0.0681,
  "0GUSDT": 0.6463,
  "ZKUSDT": 0.01995,
  "ZAMAUSDT": 0.02323,
  "JUPUSDT": 0.1484,
  "KAITOUSDT": 0.3213,
  "STABLEUSDT": 0.028417,
  "PENDLEUSDT": 1.2615,
  "CCUSDT": 0.16156,
  "ALCHUSDT": 0.07927,
  "1000RATSUSDT": 0.05023,
  "LYNUSDT": 0.33027,
  "LDOUSDT": 0.3048,
  "PIEVERSEUSDT": 0.5106,
  "RENDERUSDT": 1.396,
  "HOMEUSDT": 0.029979,
  "MYXUSDT": 0.39,
  "GUAUSDT": 0.21277,
  "ATUSDT": 0.15941,
  "SKYAIUSDT": 0.04128,
  "BULLAUSDT": 0.01971,
  "BANANAS31USDT": 0.004638,
  "QUSDT": 0.020978,
  "GUNUSDT": 0.03283,
  "BIOUSDT": 0.02521,
  "CAKEUSDT": 1.2624,
  "MORPHOUSDT": 1.774,
  "NIGHTUSDT": 0.05741,
  "GPSUSDT": 0.010206,
  "ZENUSDT": 5.515,
  "UBUSDT": 0.04092,
  "SANDUSDT": 0.08043,
  "VVVUSDT": 3.904,
  "DUSKUSDT": 0.09114,
  "OPNUSDT": 0.568,
  "HANAUSDT": 0.03574,
  "MUSDT": 1.4258,
  "BTRUSDT": 0.18854,
  "AZTECUSDT": 0.0245,
  "ALGOUSDT": 0.0855,
  "STRKUSDT": 0.0417,
  "LAUSDT": 0.247,
  "GALAUSDT": 0.00353,
  "USDCUSDT": 0.999686,
  "ZILUSDT": 0.00428,
  "JTOUSDT": 0.289,
  "TRADOORUSDT": 1.489,
  "SKYUSDT": 0.06649,
  "APEUSDT": 0.1039,
  "ALLOUSDT": 0.10343,
  "SKRUSDT": 0.022652,
  "FOGOUSDT": 0.02874,
  "COLLECTUSDT": 0.05265,
  "GIGGLEUSDT": 25.35,
  "ROSEUSDT": 0.01294,
  "AEROUSDT": 0.3339,
  "SYRUPUSDT": 0.22175,
  "XPINUSDT": 0.001586,
  "DENTUSDT": 0.000243,
  "METUSDT": 0.1798,
  "EIGENUSDT": 0.1943,
  "BEAMXUSDT": 0.001982,
  "B2USDT": 0.7353,
  "MSTRUSDT": 127.5,
  "\u6211\u8e0f\u9a6c\u6765\u4e86USDT": 0.012281,
  "ORCAUSDT": 0.924,
  "PYTHUSDT": 0.0521,
  "VETUSDT": 0.007214,
  "HUMAUSDT": 0.011789,
  "TSLAUSDT": 409.28,
  "SOMIUSDT": 0.2218,
  "SNXUSDT": 0.364,
  "AVNTUSDT": 0.1788,
  "BUSDT": 0.1257,
  "JELLYJELLYUSDT": 0.06293,
  "ORDIUSDT": 2.394,
  "AWEUSDT": 0.05157,
  "MOVEUSDT": 0.02181,
  "DYDXUSDT": 0.094,
  "NEOUSDT": 2.642,
  "DEXEUSDT": 3.443,
  "RAVEUSDT": 0.2582,
  "NXPCUSDT": 0.2663,
  "XTZUSDT": 0.373,
  "ZKPUSDT": 0.08467,
  "AGLDUSDT": 0.2852,
  "ESPORTSUSDT": 0.32157,
  "LPTUSDT": 2.3,
  "SUSDT": 0.03976,
  "GWEIUSDT": 0.032317,
  "FORMUSDT": 0.1944,
  "LINEAUSDT": 0.003011,
  "CYBERUSDT": 0.5516,
  "COMPUSDT": 18.07,
  "AUCTIONUSDT": 4.902,
  "PNUTUSDT": 0.04562,
  "MEUSDT": 0.119,
  "STXUSDT": 0.247,
  "CYSUSDT": 0.367,
  "ENSUSDT": 6.135,
  "RESOLVUSDT": 0.06765,
  "STGUSDT": 0.1304,
  "TRIAUSDT": 0.02057,
  "1000FLOKIUSDT": 0.02868,
  "1000LUNCUSDT": 0.03556,
  "STEEMUSDT": 0.05827,
  "AKEUSDT": 0.0003601,
  "PLUMEUSDT": 0.00945,
  "TRBUSDT": 14.336,
  "YGGUSDT": 0.04087,
  "WUSDT": 0.01913,
  "BANKUSDT": 0.04135,
  "2ZUSDT": 0.07519,
  "VANAUSDT": 1.453,
  "BEATUSDT": 0.22,
  "USELESSUSDT": 0.04146,
  "EULUSDT": 1.014,
  "UAIUSDT": 0.2471,
  "JASMYUSDT": 0.005751,
  "SPXUSDT": 0.2998,
  "MANAUSDT": 0.0916,
  "EDUUSDT": 0.1138,
  "IMXUSDT": 0.1651,
  "INITUSDT": 0.08583,
  "CLOUSDT": 0.08746,
  "HOLOUSDT": 0.06585,
  "ATHUSDT": 0.005171,
  "WCTUSDT": 0.05974,
  "ARUSDT": 1.921,
  "MERLUSDT": 0.04526,
  "GRTUSDT": 0.02622,
  "NMRUSDT": 7.916,
  "TAUSDT": 0.039,
  "JSTUSDT": 0.045807,
  "CFXUSDT": 0.04978,
  "QNTUSDT": 64.94,
  "SPACEUSDT": 0.008986,
  "OGUSDT": 3.026,
  "MMTUSDT": 0.1223,
  "API3USDT": 0.2908,
  "TAGUSDT": 0.0003699,
  "KSMUSDT": 5.39,
  "MOODENGUSDT": 0.05167,
  "IOTAUSDT": 0.0674,
  "FLOWUSDT": 0.03589,
  "COAIUSDT": 0.3079,
  "NAORISUSDT": 0.03277,
  "ZRXUSDT": 0.1045,
  "SPKUSDT": 0.02034,
  "ZORAUSDT": 0.01962,
  "AGTUSDT": 0.004836,
  "BIRBUSDT": 0.16369,
  "1INCHUSDT": 0.0901,
  "KAIAUSDT": 0.05437,
  "LIGHTUSDT": 0.225,
  "SFPUSDT": 0.2543,
  "FIGHTUSDT": 0.007729,
  "4USDT": 0.00793,
  "RUNEUSDT": 0.3981,
  "LRCUSDT": 0.0331,
  "THETAUSDT": 0.1823,
  "IOUSDT": 0.1133,
  "COWUSDT": 0.2185,
  "ARKMUSDT": 0.1093,
  "AXLUSDT": 0.05342,
  "SIGNUSDT": 0.02367,
  "NEIROUSDT": 6.83e-05,
  "BREVUSDT": 0.1311,
  "FHEUSDT": 0.02969,
  "PTBUSDT": 0.00127,
  "KASUSDT": 0.02944,
  "LUNA2USDT": 0.06176,
  "YFIUSDT": 2696.0,
  "KERNELUSDT": 0.08199,
  "OPENUSDT": 0.1505,
  "EGLDUSDT": 4.401,
  "IDOLUSDT": 0.02326,
  "RPLUSDT": 1.982,
  "GASUSDT": 1.578,
  "KGENUSDT": 0.18771,
  "XNYUSDT": 0.005453,
  "SAHARAUSDT": 0.01556,
  "ANIMEUSDT": 0.004785,
  "PROVEUSDT": 0.2928,
  "AIAUSDT": 0.08674,
  "BSVUSDT": 15.96,
  "BLUAIUSDT": 0.005189,
  "VELVETUSDT": 0.08585,
  "TWTUSDT": 0.5093,
  "GRASSUSDT": 0.1911,
  "XPTUSDT": 2296.08,
  "AUSDT": 0.0807,
  "TNSRUSDT": 0.04858,
  "ACTUSDT": 0.01377,
  "AVAAIUSDT": 0.0075,
  "MINAUSDT": 0.05745,
  "AINUSDT": 0.04506,
  "GMTUSDT": 0.01117,
  "BOMEUSDT": 0.0003865,
  "BATUSDT": 0.1195,
  "PEOPLEUSDT": 0.00634,
  "MAGICUSDT": 0.0639,
  "UMAUSDT": 0.4752,
  "VELODROMEUSDT": 0.01548,
  "STOUSDT": 0.05922,
  "POPCATUSDT": 0.04839,
  "DAMUSDT": 0.02774,
  "FOLKSUSDT": 1.198,
  "TSTUSDT": 0.00958,
  "MEGAUSDT": 0.13011,
  "AIOUSDT": 0.07488,
  "TURBOUSDT": 0.0010004,
  "SUSHIUSDT": 0.198,
  "SOPHUSDT": 0.009019,
  "BABYUSDT": 0.0126,
  "MANTAUSDT": 0.06457,
  "ZBTUSDT": 0.07222,
  "YBUSDT": 0.1585,
  "NOMUSDT": 0.004516,
  "CATIUSDT": 0.03855,
  "ACHUSDT": 0.007053,
  "SWARMSUSDT": 0.00675,
  "ZKCUSDT": 0.0863,
  "TUTUSDT": 0.00975,
  "SUPERUSDT": 0.1113,
  "CRCLUSDT": 62.88,
  "FUSDT": 0.005616,
  "LAYERUSDT": 0.0828,
  "GLMUSDT": 0.15021,
  "MASKUSDT": 0.4237,
  "XVGUSDT": 0.005905,
  "SOONUSDT": 0.1676,
  "MEMEUSDT": 0.0006402,
  "SAPIENUSDT": 0.08952,
  "STORJUSDT": 0.0963,
  "BLURUSDT": 0.01974,
  "CVXUSDT": 1.818,
  "ONTUSDT": 0.0414,
  "NILUSDT": 0.04721,
  "AIXBTUSDT": 0.01968,
  "SONICUSDT": 0.0481,
  "RAREUSDT": 0.01843,
  "C98USDT": 0.0259,
  "ICNTUSDT": 0.381,
  "ASRUSDT": 1.361,
  "ARPAUSDT": 0.00967,
  "INUSDT": 0.06619,
  "TRUTHUSDT": 0.009459,
  "ALTUSDT": 0.00746,
  "SUNUSDT": 0.016504,
  "ENJUSDT": 0.02028,
  "SXTUSDT": 0.02201,
  "EDENUSDT": 0.03291,
  "MUBARAKUSDT": 0.0141,
  "DRIFTUSDT": 0.0842,
  "BELUSDT": 0.0994,
  "SOLVUSDT": 0.00435,
  "KMNOUSDT": 0.02282,
  "ANKRUSDT": 0.004314,
  "TAKEUSDT": 0.02078,
  "ERAUSDT": 0.1436,
  "RAYSOLUSDT": 0.6025,
  "WETUSDT": 0.08945,
  "CELOUSDT": 0.075,
  "CTSIUSDT": 0.0243,
  "MELANIAUSDT": 0.112,
  "KOMAUSDT": 0.00774,
  "PROMPTUSDT": 0.04595,
  "DEGOUSDT": 0.3229,
  "THEUSDT": 0.2465,
  "MIRAUSDT": 0.0871,
  "SANTOSUSDT": 1.5,
  "RSRUSDT": 0.001488,
  "GMXUSDT": 6.624,
  "POLYXUSDT": 0.04188,
  "WALUSDT": 0.0751,
  "DYMUSDT": 0.0393,