{
  "BTCUSDT": 73200.4,
  "ETHUSDT": 2144.6,
  "BTC/USDCUSDT": 72574.8,
  "ETH/USDCUSDT": 2126.86,
  "SOLUSDT": 91.2,
  "BTC/USDUSDT": 72722.1,
  "XAGUSDT": 84.47,
  "XAUUSDT": 5176.01,
  "DOGEUSDT": 0.09627,
  "XRPUSDT": 1.4245,
  "ETH/USDUSDT": 2145.74,
  "MANTRAUSDT": 0.02149,
  "BNBUSDT": 654.37,
  "1000PEPEUSDT": 0.0035711,
  "ZECUSDT": 237.52,
  "SOL/USDCUSDT": 91.21,
  "RIVERUSDT": 17.133,
  "HYPEUSDT": 32.081,
  "BARDUSDT": 1.4464,
  "PHAUSDT": 0.05104,
  "ADAUSDT": 0.2729,
  "PIPPINUSDT": 0.3336,
  "SUIUSDT": 0.9553,
  "PAXGUSDT": 5189.22,
  "POWERUSDT": 0.14262,
  "NEARUSDT": 1.308,
  "XRP/USDCUSDT": 1.4245,
  "AVAXUSDT": 9.479,
  "ROBOUSDT": 0.04334,
  "BCHUSDT": 461.78,
  "SOL/USDUSDT": 90.25,
  "FILUSDT": 1.038,
  "LINKUSDT": 9.298,
  "VVVUSDT": 6.653,
  "SIRENUSDT": 0.43057,
  "DOTUSDT": 1.54,
  "TAOUSDT": 187.07,
  "SAHARAUSDT": 0.02689,
  "AAVEUSDT": 116.92,
  "TSLAUSDT": 406.49,
  "WLFIUSDT": 0.1034,
  "WLDUSDT": 0.4155,
  "LTCUSDT": 56.63,
  "PUMPUSDT": 0.002031,
  "ENAUSDT": 0.1177,
  "ASTERUSDT": 0.7209,
  "FORMUSDT": 0.312,
  "ETH/BTCUSDT": 2127.2063396,
  "QUSDT": 0.013028,
  "XPLUSDT": 0.1114,
  "DOGE/USDCUSDT": 0.09627,
  "1000RATSUSDT": 0.04865,
  "DOGE/USDUSDT": 0.09626,
  "UNIUSDT": 4.027,
  "1000SHIBUSDT": 0.005638,
  "CRCLUSDT": 105.73,
  "KITEUSDT": 0.2474,
  "GIGGLEUSDT": 29.06,
  "BNB/USDUSDT": 654.56,
  "WIFUSDT": 0.2176,
  "SIGNUSDT": 0.03187,
  "FARTCOINUSDT": 0.1748,
  "XRP/USDUSDT": 1.4199,
  "BNB/USDCUSDT": 654.68,
  "PENGUUSDT": 0.007184,
  "TRXUSDT": 0.2843,
  "VIRTUALUSDT": 0.7383,
  "CRVUSDT": 0.254,
  "APTUSDT": 1.0091,
  "XLMUSDT": 0.15907,
  "ARBUSDT": 0.104,
  "ENSOUSDT": 1.3878,
  "TRUMPUSDT": 3.385,
  "HBARUSDT": 0.10062,
  "AIXBTUSDT": 0.0308,
  "XMRUSDT": 366.13,
  "ZROUSDT": 1.9003,
  "ARCUSDT": 0.03801,
  "1000BONKUSDT": 0.006213,
  "ETCUSDT": 8.801,
  "AIOTUSDT": 0.02831,
  "BANANAS31USDT": 0.005096,
  "OPUSDT": 0.1293,
  "IPUSDT": 0.873,
  "AXSUSDT": 1.206,
  "MSTRUSDT": 146.36,
  "GALAUSDT": 0.00359,
  "KAVAUSDT": 0.0596,
  "DASHUSDT": 34.98,
  "ESPUSDT": 0.12176,
  "ONDOUSDT": 0.2668,
  "TONUSDT": 1.3459,
  "LITUSDT": 1.314,
  "ICPUSDT": 2.546,
  "COOKIEUSDT": 0.02184,
  "RENDERUSDT": 1.397,
  "FETUSDT": 0.1545,
  "AZTECUSDT": 0.02222,
  "HUMAUSDT": 0.014743,
  "WETUSDT": 0.10923,
  "SEIUSDT": 0.06812,
  "ZEC/USDCUSDT": 237.47,
  "SPXUSDT": 0.359,
  "COINUSDT": 209.11,
  "ADA/USDUSDT": 0.2729,
  "OPNUSDT": 0.469,
  "MONUSDT": 0.02237,
  "INJUSDT": 3.105,
  "HOODUSDT": 83.0,
  "TIAUSDT": 0.3414,
  "ATOMUSDT": 1.876,
  "BERAUSDT": 0.5365,
  "PEOPLEUSDT": 0.00734,
  "\u5e01\u5b89\u4eba\u751fUSDT": 0.0601,
  "CHZUSDT": 0.03872,
  "DENTUSDT": 0.000237,
  "SUI/USDCUSDT": 0.955,
  "MYXUSDT": 0.2997,
  "1000PEPE/USDCUSDT": 0.0035708,
  "SNXUSDT": 0.336,
  "JUPUSDT": 0.1954,
  "HUSDT": 0.14126,
  "MAGMAUSDT": 0.12817,
  "ALGOUSDT": 0.089,
  "POLUSDT": 0.10276,
  "ALLOUSDT": 0.11729,
  "LDOUSDT": 0.3155,
  "JELLYJELLYUSDT": 0.08503,
  "ZAMAUSDT": 0.01916,
  "CYSUSDT": 0.42,
  "XPTUSDT": 2198.65,
  "USELESSUSDT": 0.04647,
  "MOODENGUSDT": 0.05099,
  "SANDUSDT": 0.08659,
  "BCH/USDCUSDT": 461.67,
  "PLTRUSDT": 153.75,
  "EIGENUSDT": 0.1985,
  "ADA/USDCUSDT": 0.2728,
  "STABLEUSDT": 0.027852,
  "SKRUSDT": 0.023309,
  "INTCUSDT": 45.65,
  "LYNUSDT": 0.311,
  "1000FLOKIUSDT": 0.02925,
  "BREVUSDT": 0.1549,
  "SUI/USDUSDT": 0.9552,
  "ETHFIUSDT": 0.5474,
  "ATHUSDT": 0.006701,
  "RAVEUSDT": 0.36085,
  "BIOUSDT": 0.02092,
  "ZENUSDT": 5.831,
  "CAKEUSDT": 1.4027,
  "GUNUSDT": 0.01998,
  "PENDLEUSDT": 1.3026,
  "MORPHOUSDT": 1.9019,
  "0GUSDT": 0.6166,
  "ORDIUSDT": 2.552,
  "MEMEUSDT": 0.0006324,
  "LINK/USDCUSDT": 9.298,
  "FIL/USDCUSDT": 1.038,
  "LINK/USDUSDT": 9.297,
  "RESOLVUSDT": 0.06523,
  "GPSUSDT": 0.008448,
  "BEATUSDT": 0.2789,
  "HOLOUSDT": 0.06525,
  "NEIROUSDT": 7.08e-05,
  "FFUSDT": 0.07311,
  "ZILUSDT": 0.00431,
  "CCUSDT": 0.15653,
  "RIFUSDT": 0.03542,
  "BULLAUSDT": 0.02642,
  "AVAX/USDCUSDT": 9.476,
  "SPACEUSDT": 0.007189,
  "SKYUSDT": 0.07668,
  "AGLDUSDT": 0.2379,
  "GWEIUSDT": 0.045016,
  "KASUSDT": 0.03113,
  "TRIAUSDT": 0.01811,
  "COWUSDT": 0.2438,
  "ENSUSDT": 6.264,
  "SKYAIUSDT": 0.04031,
  "TAUSDT": 0.03838,
  "VETUSDT": 0.007443,
  "TRBUSDT": 15.013,
  "APEUSDT": 0.1035,
  "BASUSDT": 0.006357,
  "JASMYUSDT": 0.005726,
  "NEAR/USDCUSDT": 1.309,
  "TAGUSDT": 0.0004604,
  "DYDXUSDT": 0.098,
  "DUSKUSDT": 0.08793,
  "BUSDT": 0.2384,
  "ROSEUSDT": 0.01234,
  "HIPPOUSDT": 0.0007953,
  "GRASSUSDT": 0.2909,
  "1000LUNCUSDT": 0.04392,
  "JTOUSDT": 0.275,
  "MIRAUSDT": 0.09116,
  "ALICEUSDT": 0.129,
  "PLUMEUSDT": 0.01005,
  "KATUSDT": 0.01589,
  "STRKUSDT": 0.04097,
  "AEROUSDT": 0.3619,
  "KAITOUSDT": 0.3576,
  "PNUTUSDT": 0.04852,
  "PYTHUSDT": 0.05031,
  "STXUSDT": 0.2686,
  "USUALUSDT": 0.01549,
  "ENA/USDCUSDT": 0.1177,
  "LTC/USDCUSDT": 56.6,
  "SENTUSDT": 0.02117,
  "RPLUSDT": 2.026,
  "TURBOUSDT": 0.001005,
  "PHBUSDT": 0.1564,
  "ARUSDT": 1.71,
  "INUSDT": 0.0705,
  "AMZNUSDT": 216.64,
  "ZKUSDT": 0.01907,
  "XTZUSDT": 0.383,
  "FOGOUSDT": 0.02269,
  "THETAUSDT": 0.2002,
  "LINEAUSDT": 0.003243,
  "STGUSDT": 0.1696,
  "MUBARAKUSDT": 0.01483,
  "BOMEUSDT": 0.0004205,
  "GUAUSDT": 0.27157,
  "RUNEUSDT": 0.4364,
  "GMTUSDT": 0.01187,
  "EGLDUSDT": 4.201,
  "AVNTUSDT": 0.1743,
  "BCH/USDUSDT": 461.81,
  "COMPUSDT": 18.1,
  "IP/USDCUSDT": 0.874,
  "KNCUSDT": 0.1347,
  "LPTUSDT": 2.364,
  "LTC/USDUSDT": 56.61,
  "GRTUSDT": 0.02668,
  "ORCAUSDT": 0.906,
  "LAYERUSDT": 0.08658,
  "COLLECTUSDT": 0.03665,
  "INITUSDT": 0.0788,
  "MANAUSDT": 0.0994,
  "\u6211\u8e0f\u9a6c\u6765\u4e86USDT": 0.010625,
  "XNYUSDT": 0.006645,
  "ARKMUSDT": 0.1093,
  "USDCUSDT": 0.999343,
  "SYRUPUSDT": 0.24114,
  "1INCHUSDT": 0.0985,
  "AAVE/USDCUSDT": 116.94,
  "CFXUSDT": 0.05027,
  "SOMIUSDT": 0.1986,
  "AAVE/USDUSDT": 116.94,
  "BANKUSDT": 0.04045,
  "XPDUSDT": 1681.77,
  "STEEMUSDT": 0.05676,
  "AKTUSDT": 0.3344,
  "FIL/USDUSDT": 1.037,
  "IMXUSDT": 0.1582,
  "LAUSDT": 0.2135,
  "UNI/USDUSDT": 4.026,
  "FIOUSDT": 0.00891,
  "EULUSDT": 1.124,
  "BTCDOMUSDT": 5228.0,
  "ACUUSDT": 0.10113,
  "ZKPUSDT": 0.08922,
  "MEUSDT": 0.1163,
  "BELUSDT": 0.0976,
  "WIF/USDCUSDT": 0.2174,
  "MASKUSDT": 0.4524,
  "CGPTUSDT": 0.02241,
  "SAPIENUSDT": 0.0831,
  "SUSHIUSDT": 0.2091,
  "BLESSUSDT": 0.005109,
  "ARB/USDCUSDT": 0.104,
  "CYBERUSDT": 0.5535,
  "PARTIUSDT": 0.08553,
  "IOTAUSDT": 0.0676,
  "WLD/USDCUSDT": 0.4154,
  "NEOUSDT": 2.642,
  "PENGU/USDCUSDT": 0.007182,
  "ATUSDT": 0.15543,
  "RAYSOLUSDT": 0.6138,
  "POPCATUSDT": 0.05143,
  "NXPCUSDT": 0.2803,
  "DOT/USDUSDT": 1.538,
  "AXLUSDT": 0.05425,
  "BIRBUSDT": 0.15023,
  "SUSDT": 0.04222,
  "PIEVERSEUSDT": 0.5544,
  "MERLUSDT": 0.04068,
  "1000SHIB/USDCUSDT": 0.005639,
  "QNTUSDT": 65.13,
  "4USDT": 0.008894,
  "WUSDT": 0.01892,
  "CLOUSDT": 0.07075,
  "JSTUSDT": 0.048486,
  "YGGUSDT": 0.04038,
  "GMXUSDT": 7.294,
  "NIGHTUSDT": 0.06064,
  "SUPERUSDT": 0.1243,
  "MOVEUSDT": 0.02267,
  "TRADOORUSDT": 1.63,
  "MUSDT": 1.4471,
  "IOTXUSDT": 0.00548,
  "BTRUSDT": 0.17686,
  "ACHUSDT": 0.007266,
  "1000SATSUSDT": 1.17e-05,
  "METUSDT": 0.1755,
  "DEXEUSDT": 3.546,
  "KGENUSDT": 0.2311,
  "WLFI/USDCUSDT": 0.1033,
  "AIUSDT": 0.0219,
  "LIGHTUSDT": 0.1843,
  "AVAX/USDUSDT": 9.47,
  "CVXUSDT": 1.931,
  "KSMUSDT": 4.845,
  "FLOWUSDT": 0.03417,
  "UBUSDT": 0.0356,
  "RSRUSDT": 0.001615,
  "FOLKSUSDT": 1.266,
  "UNI/USDCUSDT": 4.023,
  "KAIAUSDT": 0.05472,
  "NEWTUSDT": 0.06878,
  "BRETTUSDT": 0.007646,
  "BANUSDT": 0.10565,
  "AUCTIONUSDT": 4.799,
  "METISUSDT": 3.424,
  "LUNA2USDT": 0.06552,
  "YFIUSDT": 2710.0,
  "ZORAUSDT": 0.01745,
  "GOATUSDT": 0.01911,
  "LABUSDT": 0.18262,
  "IOUSDT": 0.113,
  "AIOUSDT": 0.08124,
  "CRV/USDCUSDT": 0.2543,
  "SAGAUSDT": 0.0327,
  "PROVEUSDT": 0.2774,
  "ICNTUSDT": 0.3281,
  "WCTUSDT": 0.06021,
  "TAKEUSDT": 0.01888,
  "XVGUSDT": 0.005476,
  "C98USDT": 0.0263,
  "CELOUSDT": 0.078,
  "ZKCUSDT": 0.08558,
  "NOTUSDT": 0.0003793,
  "ONEUSDT": 0.00249,
  "API3USDT": 0.2875,
  "NEAR/USDUSDT": 1.309,
  "HBAR/USDCUSDT": 0.10063,