{
  "BTCUSDT": 67788.3,
  "ETHUSDT": 1973.71,
  "SOLUSDT": 84.54,
  "XRPUSDT": 1.4213,
  "BNBUSDT": 627.32,
  "BCHUSDT": 559.0,
  "DOGEUSDT": 0.10028,
  "HYPEUSDT": 30.035,
  "XAGUSDT": 84.52,
  "WLFIUSDT": 0.1175,
  "PAXGUSDT": 5117.03,
  "ZECUSDT": 259.72,
  "XAUUSDT": 5110.17,
  "TRXUSDT": 0.28545,
  "SUIUSDT": 0.955,
  "ASTERUSDT": 0.7204,
  "ADAUSDT": 0.2844,
  "LINKUSDT": 8.975,
  "LTCUSDT": 55.21,
  "UNIUSDT": 3.457,
  "AVAXUSDT": 9.151,
  "1000PEPEUSDT": 0.0042258,
  "PUMPUSDT": 0.002099,
  "KITEUSDT": 0.27062,
  "ENAUSDT": 0.1106,
  "AAVEUSDT": 117.36,
  "NEARUSDT": 1.049,
  "PIPPINUSDT": 0.48295,
  "WLDUSDT": 0.3886,
  "TRUMPUSDT": 3.555,
  "LITUSDT": 1.486,
  "FILUSDT": 0.951,
  "TAOUSDT": 178.77,
  "ARCUSDT": 0.07447,
  "XPLUSDT": 0.0946,
  "DOTUSDT": 1.336,
  "ZROUSDT": 1.6289,
  "ATOMUSDT": 2.354,
  "APTUSDT": 0.8785,
  "TONUSDT": 1.3437,
  "1000SHIBUSDT": 0.006395,
  "HBARUSDT": 0.09986,
  "XLMUSDT": 0.16176,
  "ARBUSDT": 0.0963,
  "AXSUSDT": 1.287,
  "BERAUSDT": 0.5946,
  "OPUSDT": 0.1274,
  "ICPUSDT": 2.196,
  "RIVERUSDT": 8.193,
  "ENSOUSDT": 1.8438,
  "HUSDT": 0.16266,
  "XMRUSDT": 333.73,
  "MONUSDT": 0.02086,
  "FETUSDT": 0.1679,
  "WIFUSDT": 0.2248,
  "CRVUSDT": 0.246,
  "FFUSDT": 0.07882,
  "ETCUSDT": 8.692,
  "PENGUUSDT": 0.006891,
  "1000BONKUSDT": 0.006384,
  "BARDUSDT": 0.7618,
  "FARTCOINUSDT": 0.1864,
  "IPUSDT": 1.117,
  "BANUSDT": 0.12953,
  "PARTIUSDT": 0.10723,
  "\u5e01\u5b89\u4eba\u751fUSDT": 0.08882,
  "DASHUSDT": 34.48,
  "INJUSDT": 3.418,
  "POLUSDT": 0.10534,
  "AZTECUSDT": 0.0307,
  "CHZUSDT": 0.03554,
  "BTCDOMUSDT": 5081.0,
  "RAVEUSDT": 0.57454,
  "POWERUSDT": 0.38026,
  "VVVUSDT": 4.359,
  "VIRTUALUSDT": 0.6478,
  "SENTUSDT": 0.02265,
  "TIAUSDT": 0.331,
  "ONDOUSDT": 0.2672,
  "ZAMAUSDT": 0.02373,
  "BIOUSDT": 0.03131,
  "ETHFIUSDT": 0.4703,
  "SEIUSDT": 0.0713,
  "ZKUSDT": 0.02013,
  "JUPUSDT": 0.1602,
  "0GUSDT": 0.6524,
  "STABLEUSDT": 0.030238,
  "LYNUSDT": 0.28964,
  "RENDERUSDT": 1.497,
  "CCUSDT": 0.16287,
  "MYXUSDT": 1.03,
  "ALCHUSDT": 0.08139,
  "ALLOUSDT": 0.14056,
  "KAITOUSDT": 0.3081,
  "PENDLEUSDT": 1.2137,
  "SIRENUSDT": 0.22631,
  "LDOUSDT": 0.33,
  "1000RATSUSDT": 0.04781,
  "ORCAUSDT": 1.144,
  "HOMEUSDT": 0.028428,
  "NIGHTUSDT": 0.06045,
  "BTRUSDT": 0.18278,
  "ZENUSDT": 5.778,
  "DUSKUSDT": 0.08898,
  "QUSDT": 0.020653,
  "JTOUSDT": 0.3139,
  "BANANAS31USDT": 0.004605,
  "ATUSDT": 0.16044,
  "SANDUSDT": 0.08418,
  "UBUSDT": 0.03996,
  "OMUSDT": 0.06669,
  "SKYAIUSDT": 0.03835,
  "STRKUSDT": 0.046,
  "ALGOUSDT": 0.0906,
  "CAKEUSDT": 1.2951,
  "HANAUSDT": 0.03421,
  "MORPHOUSDT": 1.5754,
  "GPSUSDT": 0.013097,
  "TRADOORUSDT": 1.369,
  "ESPUSDT": 0.06725,
  "GUNUSDT": 0.0283,
  "PIEVERSEUSDT": 0.4146,
  "SKYUSDT": 0.06425,
  "MUSDT": 1.3409,
  "ZILUSDT": 0.0041,
  "USDCUSDT": 0.999784,
  "GALAUSDT": 0.00392,
  "CYSUSDT": 0.409,
  "\u6211\u8e0f\u9a6c\u6765\u4e86USDT": 0.016469,
  "APEUSDT": 0.1109,
  "GIGGLEUSDT": 29.5,
  "ROSEUSDT": 0.01292,
  "SNXUSDT": 0.379,
  "B2USDT": 0.7232,
  "PYTHUSDT": 0.05356,
  "METUSDT": 0.2126,
  "JELLYJELLYUSDT": 0.06724,
  "BEAMXUSDT": 0.002301,
  "XPINUSDT": 0.001657,
  "HUMAUSDT": 0.012378,
  "AWEUSDT": 0.05878,
  "AVNTUSDT": 0.1904,
  "NAORISUSDT": 0.04605,
  "EIGENUSDT": 0.1976,
  "VANAUSDT": 1.715,
  "SYRUPUSDT": 0.22804,
  "MSTRUSDT": 131.08,
  "BUSDT": 0.1317,
  "COMPUSDT": 18.22,
  "INITUSDT": 0.09952,
  "MOVEUSDT": 0.02412,
  "GUAUSDT": 0.15491,
  "XTZUSDT": 0.392,
  "TSLAUSDT": 411.38,
  "DYDXUSDT": 0.099,
  "AEROUSDT": 0.3121,
  "BULLAUSDT": 0.02635,
  "SPACEUSDT": 0.010077,
  "MEUSDT": 0.1302,
  "FOGOUSDT": 0.02675,
  "VETUSDT": 0.00777,
  "ORDIUSDT": 2.615,
  "NXPCUSDT": 0.2749,
  "ZKPUSDT": 0.09195,
  "CYBERUSDT": 0.5646,
  "FORMUSDT": 0.2127,
  "NEOUSDT": 2.768,
  "LAUSDT": 0.2068,
  "1000LUNCUSDT": 0.03743,
  "AUCTIONUSDT": 5.098,
  "COLLECTUSDT": 0.05468,
  "ENSUSDT": 6.608,
  "PNUTUSDT": 0.04879,
  "SOMIUSDT": 0.2138,
  "LINEAUSDT": 0.00358,
  "ESPORTSUSDT": 0.32238,
  "SUSDT": 0.04335,
  "RESOLVUSDT": 0.06525,
  "BEATUSDT": 0.2646,
  "STGUSDT": 0.1408,
  "1000FLOKIUSDT": 0.03063,
  "OGUSDT": 3.365,
  "PLUMEUSDT": 0.01022,
  "STXUSDT": 0.2555,
  "LPTUSDT": 2.352,
  "MERLUSDT": 0.05329,
  "GWEIUSDT": 0.029549,
  "TRBUSDT": 15.176,
  "FHEUSDT": 0.03976,
  "BIRBUSDT": 0.17936,
  "LRCUSDT": 0.0333,
  "EDUUSDT": 0.1259,
  "ATHUSDT": 0.005632,
  "2ZUSDT": 0.07537,
  "WUSDT": 0.02024,
  "MOODENGUSDT": 0.05625,
  "BANKUSDT": 0.04037,
  "CLOUSDT": 0.0833,
  "SPXUSDT": 0.3244,
  "MANAUSDT": 0.0978,
  "WCTUSDT": 0.0622,
  "EULUSDT": 0.961,
  "UAIUSDT": 0.2428,
  "CFXUSDT": 0.05209,
  "JASMYUSDT": 0.005767,
  "NMRUSDT": 8.239,
  "RPLUSDT": 2.397,
  "ARUSDT": 2.016,
  "MMTUSDT": 0.1302,
  "USELESSUSDT": 0.0439,
  "API3USDT": 0.3041,
  "TAUSDT": 0.03887,
  "ZORAUSDT": 0.02088,
  "LIGHTUSDT": 0.2371,
  "TRIAUSDT": 0.01706,
  "COAIUSDT": 0.3255,
  "AIAUSDT": 0.10631,
  "LUNA2USDT": 0.06503,
  "IOTAUSDT": 0.071,
  "4USDT": 0.00922,
  "GRTUSDT": 0.02712,
  "NOMUSDT": 0.005812,
  "IMXUSDT": 0.1649,
  "SFPUSDT": 0.2785,
  "FLOWUSDT": 0.03798,
  "SPKUSDT": 0.02128,
  "TAGUSDT": 0.0003606,
  "SKRUSDT": 0.020632,
  "JSTUSDT": 0.043426,
  "RUNEUSDT": 0.4153,
  "ZRXUSDT": 0.1097,
  "AXLUSDT": 0.05608,
  "1INCHUSDT": 0.0935,
  "FOLKSUSDT": 1.37,
  "PTBUSDT": 0.001352,
  "ARKMUSDT": 0.1147,
  "THETAUSDT": 0.1989,
  "QNTUSDT": 66.57,
  "BREVUSDT": 0.1378,
  "KAIAUSDT": 0.05637,
  "NEIROUSDT": 7.48e-05,
  "AGTUSDT": 0.004697,
  "YFIUSDT": 2853.0,
  "XNYUSDT": 0.005214,
  "MEGAUSDT": 0.13126,
  "ANIMEUSDT": 0.005056,
  "EGLDUSDT": 4.582,
  "COWUSDT": 0.208,
  "BOMEUSDT": 0.0004244,
  "PROVEUSDT": 0.3162,
  "MAGICUSDT": 0.06967,
  "KGENUSDT": 0.17807,
  "TAKEUSDT": 0.02442,
  "ZKCUSDT": 0.0921,
  "SAHARAUSDT": 0.01561,
  "TWTUSDT": 0.529,
  "PEOPLEUSDT": 0.00691,
  "BLUAIUSDT": 0.005132,
  "GASUSDT": 1.603,
  "MANTAUSDT": 0.07143,
  "ACTUSDT": 0.01472,
  "DOLOUSDT": 0.04143,
  "AUSDT": 0.0815,
  "TSTUSDT": 0.01057,
  "FIGHTUSDT": 0.006909,
  "MINAUSDT": 0.06298,
  "SIGNUSDT": 0.02534,
  "AVAAIUSDT": 0.00768,
  "NILUSDT": 0.05254,
  "TUTUSDT": 0.01112,
  "TNSRUSDT": 0.05007,
  "SANTOSUSDT": 1.933,
  "TURBOUSDT": 0.0010806,
  "KASUSDT": 0.03119,
  "SUPERUSDT": 0.1202,
  "VELVETUSDT": 0.08075,
  "GRASSUSDT": 0.1905,
  "GMTUSDT": 0.01202,
  "OPENUSDT": 0.1557,
  "BSVUSDT": 16.13,
  "SWARMSUSDT": 0.00716,
  "AIOUSDT": 0.07649,
  "FUSDT": 0.005957,
  "BATUSDT": 0.1213,
  "MUBARAKUSDT": 0.01617,
  "IOUSDT": 0.1136,
  "YBUSDT": 0.1641,
  "IDOLUSDT": 0.02192,
  "POPCATUSDT": 0.05189,
  "SOPHUSDT": 0.009339,
  "CATIUSDT": 0.0405,
  "ZBTUSDT": 0.07214,
  "BABYUSDT": 0.01338,
  "AKEUSDT": 0.0002728,
  "CVXUSDT": 1.997,
  "XPTUSDT": 2162.63,
  "ICNTUSDT": 0.4125,
  "DEXEUSDT": 2.395,
  "C98USDT": 0.0279,
  "XVGUSDT": 0.006132,
  "RAYSOLUSDT": 0.6535,
  "SUSHIUSDT": 0.2036,
  "LAYERUSDT": 0.0865,
  "ALTUSDT": 0.00824,
  "YGGUSDT": 0.03986,
  "EDENUSDT": 0.03584,
  "VELODROMEUSDT": 0.01441,
  "MASKUSDT": 0.4552,
  "GLMUSDT": 0.16871,
  "ACHUSDT": 0.007486,
  "TRUTHUSDT": 0.009769,
  "KSMUSDT": 4.931,
  "SOLVUSDT": 0.00458,
  "FIDAUSDT": 0.01985,
  "ONTUSDT": 0.0443,
  "CELOUSDT": 0.077,
  "BLURUSDT": 0.02055,
  "AIXBTUSDT": 0.02047,
  "MEMEUSDT": 0.0006849,
  "SONICUSDT": 0.05129,
  "SOONUSDT": 0.1712,
  "ASRUSDT": 1.415,
  "DRIFTUSDT": 0.0938,
  "SAPIENUSDT": 0.0881,
  "CTSIUSDT": 0.0258,
  "SUNUSDT": 0.016966,
  "STOUSDT": 0.05537,
  "RAREUSDT": 0.01922,
  "ANKRUSDT": 0.004532,
  "IRUSDT": 0.0858,
  "KERNELUSDT": 0.07045,
  "MELANIAUSDT": 0.1175,
  "THEUSDT": 0.2621,
  "PLAYUSDT": 0.02137,
  "UMAUSDT": 0.4676,
  "ERAUSDT": 0.1585,
  "FRAXUSDT": 0.6607,
  "ZEREBROUSDT": 0.00802,
  "DEGOUSDT": 0.3494,
  "GMXUSDT": 6.9,
  "PROMUSDT": 1.351,
  "LSKUSDT": 0.1467,
  "KAVAUSDT": 0.0522,
  "IRYSUSDT": 0.02474,
  "IDUSDT": 0.04834,
  "WALUSDT": 0.0811,
  "HYPERUSDT": 0.098,
  "AKTUSDT": 0.3239,
  "POLYXUSDT": 0.04462,
  "KMNOUSDT": 0.02808,
  "STORJUSDT": 0.0977,
  "RSRUSDT": 0.0015,
  "STBLUSDT": 0.03739,
  "AINUSDT": 0.03313,
  "ONUSDT": 0.09317,
  "QTUMUSDT": 0.951,