{
  "AXLUSDT": 0.06198,
  "ARCUSDT": 0.12363,
  "COLLECTUSDT": 0.0578,
  "POWERUSDT": 0.74208,
  "YBUSDT": 0.1621,
  "SAND/USDUSDT": 0.0806,
  "LQTYUSDT": 0.2706,
  "BROCCOLIF3BUSDT": 0.003557,
  "SKYAIUSDT": 0.04215,
  "WOOUSDT": 0.01581,
  "PROMPTUSDT": 0.04708,
  "GUAUSDT": 0.21934,
  "SONICUSDT": 0.04855,
  "MUBARAKUSDT": 0.01416,
  "WIFUSDT": 0.1983,
  "SIRENUSDT": 0.37389,
  "STEEMUSDT": 0.06046,
  "CRV/USDCUSDT": 0.2403,
  "AKEUSDT": 0.00036,
  "ONUSDT": 0.0833
}