{
  "BTCUSDT": 66961.5,
  "ETHUSDT": 1948.05,
  "SOLUSDT": 82.37,
  "XRPUSDT": 1.4044,
  "BNBUSDT": 607.07,
  "BCHUSDT": 561.76,
  "DOGEUSDT": 0.09814,
  "HYPEUSDT": 29.045,
  "XAGUSDT": 78.39,
  "WLFIUSDT": 0.1162,
  "PAXGUSDT": 5007.97,
  "ZECUSDT": 263.53,
  "XAUUSDT": 5004.51,
  "TRXUSDT": 0.28527,
  "SUIUSDT": 0.9243,
  "ASTERUSDT": 0.7159,
  "1000PEPEUSDT": 0.0042165,
  "LINKUSDT": 8.556,
  "LTCUSDT": 52.68,
  "AVAXUSDT": 8.902,
  "ADAUSDT": 0.2727,
  "UNIUSDT": 3.374,
  "PUMPUSDT": 0.00207,
  "ENAUSDT": 0.1106,
  "KITEUSDT": 0.24078,
  "NEARUSDT": 1.004,
  "AAVEUSDT": 123.53,
  "PIPPINUSDT": 0.48205,
  "LITUSDT": 1.475,
  "WLDUSDT": 0.3732,
  "TRUMPUSDT": 3.42,
  "FILUSDT": 0.913,
  "ARCUSDT": 0.07732,
  "XPLUSDT": 0.0937,
  "TAOUSDT": 177.19,
  "DOTUSDT": 1.284,
  "ATOMUSDT": 2.294,
  "APTUSDT": 0.8648,
  "TONUSDT": 1.3622,
  "ZROUSDT": 1.4795,
  "HBARUSDT": 0.09749,
  "1000SHIBUSDT": 0.006189,
  "BERAUSDT": 0.5811,
  "XLMUSDT": 0.15844,
  "ARBUSDT": 0.0977,
  "AXSUSDT": 1.239,
  "RIVERUSDT": 8.362,
  "HUSDT": 0.16757,
  "OPUSDT": 0.1386,
  "ICPUSDT": 2.166,
  "XMRUSDT": 337.57,
  "MONUSDT": 0.02048,
  "WIFUSDT": 0.2158,
  "FETUSDT": 0.1619,
  "FFUSDT": 0.07962,
  "CRVUSDT": 0.24,
  "ENSOUSDT": 1.6314,
  "BARDUSDT": 0.764,
  "PENGUUSDT": 0.006599,
  "ETCUSDT": 8.263,
  "IPUSDT": 1.107,
  "FARTCOINUSDT": 0.1804,
  "1000BONKUSDT": 0.006138,
  "INJUSDT": 3.299,
  "CHZUSDT": 0.03846,
  "PARTIUSDT": 0.10021,
  "DASHUSDT": 34.6,
  "BANUSDT": 0.11994,
  "POWERUSDT": 0.37914,
  "POLUSDT": 0.10502,
  "\u5e01\u5b89\u4eba\u751fUSDT": 0.08535,
  "BTCDOMUSDT": 5111.1,
  "SENTUSDT": 0.02074,
  "TIAUSDT": 0.3179,
  "ONDOUSDT": 0.2612,
  "VIRTUALUSDT": 0.6248,
  "ETHFIUSDT": 0.4573,
  "SEIUSDT": 0.0701,
  "ZKUSDT": 0.01988,
  "ZAMAUSDT": 0.02014,
  "RAVEUSDT": 0.49028,
  "0GUSDT": 0.6114,
  "JUPUSDT": 0.1508,
  "STABLEUSDT": 0.029333,
  "LYNUSDT": 0.28929,
  "ORCAUSDT": 1.233,
  "ALCHUSDT": 0.08186,
  "SIRENUSDT": 0.21874,
  "VVVUSDT": 3.609,
  "OMUSDT": 0.06859,
  "CCUSDT": 0.15828,
  "KAITOUSDT": 0.2958,
  "PENDLEUSDT": 1.19,
  "NIGHTUSDT": 0.06302,
  "LDOUSDT": 0.3222,
  "1000RATSUSDT": 0.04587,
  "RENDERUSDT": 1.398,
  "ESPUSDT": 0.07196,
  "QUSDT": 0.021121,
  "DUSKUSDT": 0.08743,
  "BTRUSDT": 0.17814,
  "ATUSDT": 0.16099,
  "HOMEUSDT": 0.027047,
  "ZENUSDT": 5.81,
  "HANAUSDT": 0.03667,
  "SANDUSDT": 0.08221,
  "JTOUSDT": 0.2821,
  "STRKUSDT": 0.04447,
  "BANANAS31USDT": 0.004441,
  "SKYAIUSDT": 0.03784,
  "TRADOORUSDT": 1.446,
  "MYXUSDT": 0.898,
  "UBUSDT": 0.03701,
  "GUNUSDT": 0.02829,
  "GPSUSDT": 0.013149,
  "CAKEUSDT": 1.2506,
  "ALGOUSDT": 0.089,
  "CYSUSDT": 0.4077,
  "MUSDT": 1.3517,
  "PIEVERSEUSDT": 0.4121,
  "SKYUSDT": 0.06419,
  "APEUSDT": 0.1099,
  "GALAUSDT": 0.00377,
  "USDCUSDT": 0.999939,
  "JELLYJELLYUSDT": 0.07256,
  "GIGGLEUSDT": 29.36,
  "ZILUSDT": 0.004,
  "\u6211\u8e0f\u9a6c\u6765\u4e86USDT": 0.015334,
  "ROSEUSDT": 0.01233,
  "XPINUSDT": 0.001883,
  "INITUSDT": 0.10367,
  "B2USDT": 0.7067,
  "PYTHUSDT": 0.05262,
  "ALLOUSDT": 0.10532,
  "METUSDT": 0.2142,
  "AVNTUSDT": 0.1866,
  "MORPHOUSDT": 1.3818,
  "HUMAUSDT": 0.012587,
  "SPACEUSDT": 0.009694,
  "NAORISUSDT": 0.04331,
  "MOVEUSDT": 0.02379,
  "BUSDT": 0.1355,
  "SNXUSDT": 0.338,
  "BEAMXUSDT": 0.002233,
  "MSTRUSDT": 128.66,
  "SYRUPUSDT": 0.22797,
  "CYBERUSDT": 0.5718,
  "COMPUSDT": 17.96,
  "1000LUNCUSDT": 0.03671,
  "BULLAUSDT": 0.02696,
  "MEUSDT": 0.128,
  "ZKPUSDT": 0.09287,
  "COLLECTUSDT": 0.06395,
  "GUAUSDT": 0.15325,
  "XTZUSDT": 0.382,
  "EIGENUSDT": 0.1923,
  "TSLAUSDT": 411.39,
  "AEROUSDT": 0.3099,
  "AUCTIONUSDT": 4.991,
  "LAUSDT": 0.2023,
  "DYDXUSDT": 0.098,
  "VETUSDT": 0.007707,
  "ENSUSDT": 6.456,
  "BIOUSDT": 0.02245,
  "FORMUSDT": 0.2109,
  "ESPORTSUSDT": 0.35116,
  "NEOUSDT": 2.676,
  "NXPCUSDT": 0.2561,
  "ORDIUSDT": 2.574,
  "AWEUSDT": 0.06298,
  "PNUTUSDT": 0.04751,
  "SUSDT": 0.04273,
  "BEATUSDT": 0.252,
  "SOMIUSDT": 0.2078,
  "FOGOUSDT": 0.02354,
  "LINEAUSDT": 0.003265,
  "OGUSDT": 3.374,
  "FHEUSDT": 0.04141,
  "1000FLOKIUSDT": 0.02986,
  "MERLUSDT": 0.05533,
  "PLUMEUSDT": 0.01012,
  "BIRBUSDT": 0.17694,
  "RESOLVUSDT": 0.06046,
  "CLOUSDT": 0.0883,
  "LPTUSDT": 2.311,
  "STXUSDT": 0.2492,
  "STGUSDT": 0.1278,
  "LRCUSDT": 0.03233,
  "VANAUSDT": 1.419,
  "SPXUSDT": 0.3245,
  "BANKUSDT": 0.04186,
  "EDUUSDT": 0.1228,
  "TRBUSDT": 15.054,
  "AZTECUSDT": 0.01917,
  "ATHUSDT": 0.005498,
  "RPLUSDT": 2.211,
  "LIGHTUSDT": 0.2551,
  "WUSDT": 0.01935,
  "GWEIUSDT": 0.027508,
  "UAIUSDT": 0.24,
  "MANAUSDT": 0.0959,
  "TRIAUSDT": 0.01562,
  "NMRUSDT": 8.196,
  "2ZUSDT": 0.06995,
  "MOODENGUSDT": 0.05542,
  "WCTUSDT": 0.05951,
  "LUNA2USDT": 0.06574,
  "ZORAUSDT": 0.02097,
  "JASMYUSDT": 0.00561,
  "API3USDT": 0.2996,
  "CFXUSDT": 0.05074,
  "EULUSDT": 0.898,
  "TAGUSDT": 0.0003906,
  "AIAUSDT": 0.1053,
  "ARUSDT": 1.936,
  "MMTUSDT": 0.1258,
  "COAIUSDT": 0.3229,
  "SFPUSDT": 0.2771,
  "FLOWUSDT": 0.03538,
  "SPKUSDT": 0.02094,
  "TAUSDT": 0.03575,
  "GRTUSDT": 0.02637,
  "USELESSUSDT": 0.04043,
  "4USDT": 0.00897,
  "IMXUSDT": 0.1573,
  "1INCHUSDT": 0.0914,
  "IOTAUSDT": 0.0677,
  "JSTUSDT": 0.042127,
  "ZRXUSDT": 0.1063,
  "TAKEUSDT": 0.02629,
  "QNTUSDT": 66.39,
  "FOLKSUSDT": 1.396,
  "KAIAUSDT": 0.05574,
  "YFIUSDT": 2787.0,
  "ARKMUSDT": 0.1091,
  "XNYUSDT": 0.004999,
  "THETAUSDT": 0.1918,
  "PTBUSDT": 0.001313,
  "SKRUSDT": 0.019203,
  "NEIROUSDT": 7.21e-05,
  "ANIMEUSDT": 0.005023,
  "MEGAUSDT": 0.13081,
  "KGENUSDT": 0.18571,
  "AXLUSDT": 0.05482,
  "COWUSDT": 0.1984,
  "EGLDUSDT": 4.522,
  "BREVUSDT": 0.1262,
  "AGTUSDT": 0.004288,
  "ZKCUSDT": 0.0894,
  "RUNEUSDT": 0.3959,
  "SAHARAUSDT": 0.01526,
  "BOMEUSDT": 0.0004108,
  "GASUSDT": 1.594,
  "BLUAIUSDT": 0.005158,
  "TSTUSDT": 0.01045,
  "PEOPLEUSDT": 0.0067,
  "FUSDT": 0.005915,
  "MAGICUSDT": 0.06944,
  "NOMUSDT": 0.005208,
  "NILUSDT": 0.0532,
  "MANTAUSDT": 0.07082,
  "TUTUSDT": 0.01104,
  "TWTUSDT": 0.5171,
  "AVAAIUSDT": 0.00761,
  "PROVEUSDT": 0.302,
  "SANTOSUSDT": 1.959,
  "ACTUSDT": 0.01475,
  "KASUSDT": 0.03012,
  "MUBARAKUSDT": 0.01629,
  "BSVUSDT": 16.18,
  "AUSDT": 0.0806,
  "TURBOUSDT": 0.0010309,
  "MINAUSDT": 0.06224,
  "IOUSDT": 0.1085,
  "BATUSDT": 0.1198,
  "VELVETUSDT": 0.07845,
  "TNSRUSDT": 0.04896,
  "FIGHTUSDT": 0.006416,
  "GMTUSDT": 0.01185,
  "GRASSUSDT": 0.1832,
  "OPENUSDT": 0.1541,
  "XPTUSDT": 2084.36,
  "ZBTUSDT": 0.07173,
  "SIGNUSDT": 0.02512,
  "YBUSDT": 0.1631,
  "CATIUSDT": 0.04021,
  "IDOLUSDT": 0.02146,
  "RAYSOLUSDT": 0.6375,
  "SUPERUSDT": 0.1214,
  "SOPHUSDT": 0.009157,
  "AIOUSDT": 0.07467,
  "SWARMSUSDT": 0.00699,
  "BABYUSDT": 0.01341,
  "CVXUSDT": 1.976,
  "XVGUSDT": 0.00603,
  "POPCATUSDT": 0.04952,
  "SONICUSDT": 0.05211,
  "C98USDT": 0.0273,
  "SUSHIUSDT": 0.1994,
  "AKEUSDT": 0.0002628,
  "IRUSDT": 0.08387,
  "SUNUSDT": 0.017324,
  "DOLOUSDT": 0.04051,
  "ACHUSDT": 0.00748,
  "ICNTUSDT": 0.3921,
  "LAYERUSDT": 0.0841,
  "ONTUSDT": 0.0441,
  "MASKUSDT": 0.4447,
  "PROMUSDT": 1.354,
  "VELODROMEUSDT": 0.01413,
  "BLURUSDT": 0.02028,
  "CELOUSDT": 0.077,
  "GLMUSDT": 0.1693,
  "YGGUSDT": 0.03887,
  "ALTUSDT": 0.00797,
  "MEMEUSDT": 0.0006714,
  "ASRUSDT": 1.417,
  "STOUSDT": 0.05469,
  "SOLVUSDT": 0.00445,
  "SOONUSDT": 0.1652,
  "FRAXUSDT": 0.662,
  "RAREUSDT": 0.01914,
  "CTSIUSDT": 0.0251,
  "LSKUSDT": 0.1527,
  "EDENUSDT": 0.03423,
  "IRYSUSDT": 0.02413,
  "DEXEUSDT": 2.299,
  "UMAUSDT": 0.4661,
  "THEUSDT": 0.2652,
  "ZEREBROUSDT": 0.00791,
  "AIXBTUSDT": 0.01989,
  "TRUTHUSDT": 0.009897,
  "DEGOUSDT": 0.3545,
  "KMNOUSDT": 0.02789,
  "ERAUSDT": 0.1548,
  "MELANIAUSDT": 0.1139,
  "BASUSDT": 0.00593,
  "ANKRUSDT": 0.004398,
  "STORJUSDT": 0.0953,
  "DRIFTUSDT": 0.0844,
  "ONUSDT": 0.09733,
  "KERNELUSDT": 0.06492,
  "GMXUSDT": 6.526,
  "IDUSDT": 0.04863,
  "QTUMUSDT": 0.931,
  "STBLUSDT": 0.03834,
  "ARPAUSDT": 0.00983,
  "POLYXUSDT": 0.04375,
  "KSMUSDT": 4.531,
  "WALUSDT": 0.0789,
  "RSRUSDT": 0.001457,
  "HYPERUSDT": 0.0978,
  "ARIAUSDT": 0.07362,
  "INUSDT": 0.06041,
  "BROCCOLI714USDT": 0.01388,
  "KOMAUSDT": 0.00732,