{
  "BTCUSDT": 69818.4,
  "ETHUSDT": 2082.9,
  "SOLUSDT": 87.76,
  "XRPUSDT": 1.4973,
  "BNBUSDT": 630.95,
  "DOGEUSDT": 0.11044,
  "BCHUSDT": 565.4,
  "HYPEUSDT": 31.622,
  "PAXGUSDT": 5025.4,
  "ZECUSDT": 324.11,
  "XAGUSDT": 77.44,
  "XAUUSDT": 5035.99,
  "SUIUSDT": 1.0266,
  "TRXUSDT": 0.28265,
  "1000PEPEUSDT": 0.0047798,
  "ASTERUSDT": 0.7335,
  "ADAUSDT": 0.2958,
  "LINKUSDT": 9.13,
  "LTCUSDT": 56.17,
  "PIPPINUSDT": 0.71886,
  "AVAXUSDT": 9.622,
  "UNIUSDT": 3.651,
  "PUMPUSDT": 0.002297,
  "ENAUSDT": 0.1277,
  "AAVEUSDT": 129.37,
  "NEARUSDT": 1.087,
  "WLFIUSDT": 0.1069,
  "LITUSDT": 1.699,
  "KITEUSDT": 0.20037,
  "WLDUSDT": 0.4304,
  "TRUMPUSDT": 3.592,
  "FILUSDT": 1.019,
  "XPLUSDT": 0.1025,
  "ARCUSDT": 0.07991,
  "TAOUSDT": 189.42,
  "ZROUSDT": 1.9021,
  "HUSDT": 0.20162,
  "DOTUSDT": 1.416,
  "1000SHIBUSDT": 0.007,
  "TONUSDT": 1.504,
  "RIVERUSDT": 14.793,
  "APTUSDT": 0.9859,
  "HBARUSDT": 0.10366,
  "BERAUSDT": 0.6862,
  "ATOMUSDT": 2.188,
  "XLMUSDT": 0.17377,
  "AXSUSDT": 1.49,
  "XMRUSDT": 358.69,
  "ARBUSDT": 0.1203,
  "MONUSDT": 0.0238,
  "WIFUSDT": 0.2534,
  "ICPUSDT": 2.56,
  "FARTCOINUSDT": 0.2147,
  "DASHUSDT": 40.8,
  "PENGUUSDT": 0.007929,
  "CRVUSDT": 0.265,
  "1000BONKUSDT": 0.007179,
  "FETUSDT": 0.1821,
  "IPUSDT": 1.177,
  "FFUSDT": 0.08321,
  "ETCUSDT": 8.964,
  "\u5e01\u5b89\u4eba\u751fUSDT": 0.11024,
  "BARDUSDT": 0.8178,
  "OPUSDT": 0.198,
  "CHZUSDT": 0.04347,
  "BTRUSDT": 0.20285,
  "POLUSDT": 0.10856,
  "VIRTUALUSDT": 0.6846,
  "PARTIUSDT": 0.10922,
  "TIAUSDT": 0.3578,
  "SENTUSDT": 0.02327,
  "ONDOUSDT": 0.292,
  "BTCDOMUSDT": 5020.7,
  "JUPUSDT": 0.1651,
  "ZKUSDT": 0.02327,
  "ETHFIUSDT": 0.5004,
  "SEIUSDT": 0.0779,
  "ZAMAUSDT": 0.02124,
  "SPACEUSDT": 0.011766,
  "0GUSDT": 0.6273,
  "ZENUSDT": 6.744,
  "LDOUSDT": 0.361,
  "CCUSDT": 0.16646,
  "PENDLEUSDT": 1.292,
  "BANUSDT": 0.09136,
  "ALCHUSDT": 0.08559,
  "INJUSDT": 3.281,
  "RENDERUSDT": 1.529,
  "SKYUSDT": 0.07017,
  "UBUSDT": 0.04669,
  "KAITOUSDT": 0.3325,
  "ENSOUSDT": 1.1585,
  "ATUSDT": 0.16046,
  "BANANAS31USDT": 0.004981,
  "\u6211\u8e0f\u9a6c\u6765\u4e86USDT": 0.026901,
  "OMUSDT": 0.06065,
  "1000RATSUSDT": 0.04931,
  "STABLEUSDT": 0.023468,
  "OGUSDT": 5.04,
  "CYSUSDT": 0.4894,
  "SANDUSDT": 0.09177,
  "GIGGLEUSDT": 34.12,
  "NIGHTUSDT": 0.05923,
  "HANAUSDT": 0.03816,
  "POWERUSDT": 0.26798,
  "PYTHUSDT": 0.05872,
  "STRKUSDT": 0.05185,
  "QUSDT": 0.020685,
  "ROSEUSDT": 0.01332,
  "AWEUSDT": 0.09071,
  "MSTRUSDT": 134.89,
  "DUSKUSDT": 0.10883,
  "COMPUSDT": 20.42,
  "HOMEUSDT": 0.027587,
  "CAKEUSDT": 1.3465,
  "SKYAIUSDT": 0.03911,
  "ALGOUSDT": 0.0999,
  "PIEVERSEUSDT": 0.4326,
  "METUSDT": 0.2289,
  "TRADOORUSDT": 1.384,
  "MYXUSDT": 2.353,
  "USDCUSDT": 0.999938,
  "GPSUSDT": 0.011681,
  "ZILUSDT": 0.0046,
  "GALAUSDT": 0.0043,
  "AVNTUSDT": 0.2133,
  "LYNUSDT": 0.22333,
  "BEATUSDT": 0.3259,
  "ENSUSDT": 6.87,
  "LINEAUSDT": 0.003958,
  "MORPHOUSDT": 1.3731,
  "MUSDT": 1.3497,
  "ESPUSDT": 0.06102,
  "AUCTIONUSDT": 5.449,
  "SUSDT": 0.0506,
  "GUNUSDT": 0.02488,
  "BUSDT": 0.1493,
  "EIGENUSDT": 0.219,
  "B2USDT": 0.7153,
  "VVVUSDT": 3.01,
  "SIRENUSDT": 0.15035,
  "VETUSDT": 0.008743,
  "MOODENGUSDT": 0.06334,
  "AEROUSDT": 0.3297,
  "BEAMXUSDT": 0.002494,
  "PNUTUSDT": 0.05517,
  "MEUSDT": 0.1537,
  "XTZUSDT": 0.423,
  "BIRBUSDT": 0.20269,
  "BIOUSDT": 0.02608,
  "LAUSDT": 0.2242,
  "FORMUSDT": 0.2309,
  "SYRUPUSDT": 0.28373,
  "XPINUSDT": 0.001624,
  "COLLECTUSDT": 0.07094,
  "HUMAUSDT": 0.013526,
  "DYDXUSDT": 0.113,
  "ZKPUSDT": 0.09484,
  "MOVEUSDT": 0.02431,
  "TAKEUSDT": 0.04381,
  "TSLAUSDT": 417.97,
  "NEOUSDT": 2.931,
  "1000LUNCUSDT": 0.03476,
  "RESOLVUSDT": 0.06228,
  "LPTUSDT": 2.514,
  "ORDIUSDT": 2.968,
  "BULLAUSDT": 0.02439,
  "JELLYJELLYUSDT": 0.05759,
  "AIAUSDT": 0.12878,
  "RAVEUSDT": 0.37715,
  "COAIUSDT": 0.4371,
  "LRCUSDT": 0.0344,
  "1000FLOKIUSDT": 0.03461,
  "SOMIUSDT": 0.1981,
  "NXPCUSDT": 0.2887,
  "FOGOUSDT": 0.02329,
  "GUAUSDT": 0.14331,
  "ESPORTSUSDT": 0.3591,
  "STXUSDT": 0.2779,
  "COWUSDT": 0.2216,
  "ATHUSDT": 0.006514,
  "FHEUSDT": 0.04134,
  "JTOUSDT": 0.2857,
  "STGUSDT": 0.1648,
  "VANAUSDT": 1.635,
  "MERLUSDT": 0.05938,
  "PLUMEUSDT": 0.01175,
  "XNYUSDT": 0.006468,
  "ALLOUSDT": 0.08272,
  "TRIAUSDT": 0.02079,
  "CLOUSDT": 0.08498,
  "TRBUSDT": 16.543,
  "WCTUSDT": 0.06649,
  "SPXUSDT": 0.3541,
  "API3USDT": 0.3247,
  "ARUSDT": 2.134,
  "BANKUSDT": 0.04049,
  "EDUUSDT": 0.1316,
  "2ZUSDT": 0.08151,
  "NMRUSDT": 8.805,
  "CFXUSDT": 0.0573,
  "JASMYUSDT": 0.006236,
  "WUSDT": 0.0216,
  "QNTUSDT": 75.21,
  "XVGUSDT": 0.006569,
  "FLOWUSDT": 0.04477,
  "4USDT": 0.01094,
  "GWEIUSDT": 0.02747,
  "MANAUSDT": 0.1075,
  "LIGHTUSDT": 0.2582,
  "EULUSDT": 1.026,
  "AZTECUSDT": 0.02402,
  "ZKCUSDT": 0.1011,
  "MUBARAKUSDT": 0.01882,
  "ACTUSDT": 0.01609,
  "APEUSDT": 0.1348,
  "BREVUSDT": 0.1506,
  "KAIAUSDT": 0.0592,
  "IRYSUSDT": 0.04344,
  "UAIUSDT": 0.2421,
  "NEIROUSDT": 8.28e-05,
  "TAUSDT": 0.03669,
  "THETAUSDT": 0.222,
  "TAGUSDT": 0.0003764,
  "SFPUSDT": 0.2813,
  "GRTUSDT": 0.02907,
  "BOMEUSDT": 0.0004584,
  "IOTAUSDT": 0.0725,
  "IMXUSDT": 0.1747,
  "1INCHUSDT": 0.0996,
  "MMTUSDT": 0.1395,
  "ZORAUSDT": 0.0221,
  "TNSRUSDT": 0.05679,
  "JSTUSDT": 0.041434,
  "ZRXUSDT": 0.1155,
  "EGLDUSDT": 5.291,
  "C98USDT": 0.0322,
  "AGTUSDT": 0.004893,
  "RUNEUSDT": 0.4223,
  "SPKUSDT": 0.02271,
  "SKRUSDT": 0.024081,
  "FRAXUSDT": 0.6516,
  "TSTUSDT": 0.01182,
  "GRASSUSDT": 0.2176,
  "AXLUSDT": 0.06346,
  "FOLKSUSDT": 1.457,
  "YFIUSDT": 2869.0,
  "ANIMEUSDT": 0.00585,
  "SNXUSDT": 0.311,
  "BSVUSDT": 17.49,
  "NOMUSDT": 0.005701,
  "POPCATUSDT": 0.06019,
  "FUSDT": 0.006496,
  "MEGAUSDT": 0.12952,
  "FIGHTUSDT": 0.006696,
  "PROVEUSDT": 0.3349,
  "PTBUSDT": 0.001377,
  "TWTUSDT": 0.5298,
  "MANTAUSDT": 0.0798,
  "PEOPLEUSDT": 0.00745,
  "AUSDT": 0.0904,
  "NILUSDT": 0.05579,
  "MINAUSDT": 0.06924,
  "ARKMUSDT": 0.1264,
  "KASUSDT": 0.03345,
  "ACHUSDT": 0.008071,
  "TURBOUSDT": 0.0012089,
  "NAORISUSDT": 0.03354,
  "KGENUSDT": 0.17986,
  "GASUSDT": 1.719,
  "TUTUSDT": 0.01209,
  "YBUSDT": 0.1843,
  "GMTUSDT": 0.01321,
  "BLUAIUSDT": 0.006054,
  "ICNTUSDT": 0.4549,
  "ONUSDT": 0.11046,
  "SAHARAUSDT": 0.01678,
  "SOPHUSDT": 0.010196,
  "SIGNUSDT": 0.02889,
  "MAGICUSDT": 0.0719,
  "AVAAIUSDT": 0.00812,
  "BATUSDT": 0.1369,
  "BASUSDT": 0.006577,
  "CYBERUSDT": 0.5961,
  "MEMEUSDT": 0.0007786,
  "OPENUSDT": 0.1753,
  "SWARMSUSDT": 0.00782,
  "LAYERUSDT": 0.0952,
  "DEEPUSDT": 0.02904,
  "CATIUSDT": 0.04325,
  "ZBTUSDT": 0.07503,
  "BABYUSDT": 0.01411,
  "AKEUSDT": 0.0003036,
  "SANTOSUSDT": 1.917,
  "SOONUSDT": 0.1928,
  "BROCCOLI714USDT": 0.01559,
  "BLURUSDT": 0.0223,
  "TRUTHUSDT": 0.01508,
  "SONICUSDT": 0.05055,
  "SUPERUSDT": 0.1334,
  "CELOUSDT": 0.09,
  "AIXBTUSDT": 0.02314,
  "YGGUSDT": 0.04343,
  "AIOUSDT": 0.08176,
  "SUSHIUSDT": 0.2193,
  "LUNA2USDT": 0.0647,
  "IOUSDT": 0.1128,
  "ONTUSDT": 0.0483,
  "THEUSDT": 0.274,
  "SOLVUSDT": 0.0051,
  "ALTUSDT": 0.0091,
  "INUSDT": 0.06674,
  "TOSHIUSDT": 0.00025,
  "GLMUSDT": 0.19822,
  "STOUSDT": 0.05717,
  "SUNUSDT": 0.017464,
  "CTSIUSDT": 0.0282,
  "IDOLUSDT": 0.02039,
  "SYNUSDT": 0.04927,
  "VELODROMEUSDT": 0.01519,
  "USELESSUSDT": 0.03992,
  "XPTUSDT": 2068.58,
  "ZEREBROUSDT": 0.00884,
  "MASKUSDT": 0.4853,
  "DYMUSDT": 0.04758,
  "WALUSDT": 0.0883,
  "IDUSDT": 0.05553,
  "INITUSDT": 0.07077,
  "ASRUSDT": 1.455,
  "RSRUSDT": 0.001682,
  "RAREUSDT": 0.02046,
  "KERNELUSDT": 0.06837,
  "HYPERUSDT": 0.107,
  "MELANIAUSDT": 0.1232,
  "QTUMUSDT": 1.024,
  "SKLUSDT": 0.00722,
  "ANKRUSDT": 0.004785,
  "ERAUSDT": 0.1659,
  "CVXUSDT": 1.998,
  "HEMIUSDT": 0.01056,
  "VELVETUSDT": 0.08144,
  "STBLUSDT": 0.04119,
  "BANANAUSDT": 4.909,
  "KAVAUSDT": 0.0581,
  "LISTAUSDT": 0.0966,
  "DEXEUSDT": 2.419,
  "GUSDT": 0.004147,
  "AINUSDT": 0.0355,
  "KMNOUSDT": 0.03075,
  "ORCAUSDT": 0.822,
  "NOTUSDT": 0.0004299,
  "EDENUSDT": 0.03436,
  "ARPAUSDT": 0.01049,
  "POLYXUSDT": 0.04746,
  "SAPIENUSDT": 0.09229,
  "RAYSOLUSDT": 0.6592,