{
  "BTCUSDT": 67679.8,
  "ETHUSDT": 2039.98,
  "SOLUSDT": 87.34,
  "XRPUSDT": 1.4117,
  "BNBUSDT": 628.07,
  "DOGEUSDT": 0.09871,
  "BCHUSDT": 480.12,
  "XAGUSDT": 90.22,
  "HYPEUSDT": 29.084,
  "XAUUSDT": 5189.76,
  "PAXGUSDT": 5200.49,
  "WLFIUSDT": 0.1149,
  "ADAUSDT": 0.2921,
  "ZECUSDT": 238.89,
  "TRXUSDT": 0.2847,
  "UNIUSDT": 3.891,
  "SUIUSDT": 0.9482,
  "AVAXUSDT": 9.408,
  "LINKUSDT": 9.186,
  "ASTERUSDT": 0.7011,
  "LTCUSDT": 55.94,
  "PIPPINUSDT": 0.76144,
  "1000PEPEUSDT": 0.0038892,
  "PUMPUSDT": 0.001886,
  "ENAUSDT": 0.1062,
  "NEARUSDT": 1.138,
  "DOTUSDT": 1.611,
  "AAVEUSDT": 118.91,
  "WLDUSDT": 0.4064,
  "KITEUSDT": 0.24973,
  "FILUSDT": 1.028,
  "TRUMPUSDT": 3.403,
  "TAOUSDT": 187.3,
  "XPLUSDT": 0.0984,
  "LITUSDT": 1.387,
  "POWERUSDT": 1.81469,
  "1000SHIBUSDT": 0.006039,
  "HBARUSDT": 0.10489,
  "ZROUSDT": 1.7002,
  "TONUSDT": 1.307,
  "ATOMUSDT": 1.904,
  "APTUSDT": 0.9988,
  "ARBUSDT": 0.1043,
  "BERAUSDT": 0.6344,
  "XLMUSDT": 0.16549,
  "ICPUSDT": 2.6,
  "RIVERUSDT": 10.96,
  "XMRUSDT": 350.97,
  "AXSUSDT": 1.382,
  "WIFUSDT": 0.214,
  "MONUSDT": 0.02137,
  "CRVUSDT": 0.254,
  "OPUSDT": 0.123,
  "FETUSDT": 0.1653,
  "PENGUUSDT": 0.007156,
  "ETCUSDT": 8.98,
  "FFUSDT": 0.08135,
  "VIRTUALUSDT": 0.7106,
  "FARTCOINUSDT": 0.179,
  "HUSDT": 0.11864,
  "ARCUSDT": 0.03211,
  "POLUSDT": 0.11459,
  "\u5e01\u5b89\u4eba\u751fUSDT": 0.072,
  "ESPUSDT": 0.14306,
  "1000BONKUSDT": 0.006276,
  "CCUSDT": 0.17468,
  "IPUSDT": 1.009,
  "PARTIUSDT": 0.09553,
  "ENSOUSDT": 1.5253,
  "STABLEUSDT": 0.03697,
  "ETHFIUSDT": 0.5139,
  "ONDOUSDT": 0.27,
  "TIAUSDT": 0.3397,
  "BANUSDT": 0.11478,
  "BTCDOMUSDT": 5006.1,
  "INJUSDT": 3.243,
  "SENTUSDT": 0.02377,
  "CHZUSDT": 0.03318,
  "BARDUSDT": 0.8597,
  "DASHUSDT": 34.79,
  "0GUSDT": 0.6607,
  "SEIUSDT": 0.0714,
  "VVVUSDT": 5.009,
  "JUPUSDT": 0.1591,
  "ZKUSDT": 0.01975,
  "ZAMAUSDT": 0.02372,
  "KAITOUSDT": 0.3324,
  "SIRENUSDT": 0.36593,
  "GUAUSDT": 0.24134,
  "DENTUSDT": 0.000365,
  "PENDLEUSDT": 1.3138,
  "LDOUSDT": 0.3146,
  "ALCHUSDT": 0.07807,
  "MORPHOUSDT": 1.8765,
  "SKYAIUSDT": 0.04468,
  "QUSDT": 0.023293,
  "LYNUSDT": 0.32854,
  "MYXUSDT": 0.459,
  "BANANAS31USDT": 0.004733,
  "RENDERUSDT": 1.48,
  "HOMEUSDT": 0.029058,
  "NIGHTUSDT": 0.06012,
  "ATUSDT": 0.15981,
  "CAKEUSDT": 1.3226,
  "1000LUNCUSDT": 0.0454,
  "PIEVERSEUSDT": 0.5189,
  "1000RATSUSDT": 0.04218,
  "SANDUSDT": 0.08715,
  "ZENUSDT": 5.693,
  "BIOUSDT": 0.02265,
  "ALGOUSDT": 0.0897,
  "GALAUSDT": 0.00383,
  "ALLOUSDT": 0.11476,
  "GUNUSDT": 0.03097,
  "GPSUSDT": 0.009588,
  "GIGGLEUSDT": 27.44,
  "AZTECUSDT": 0.0237,
  "MUSDT": 1.4375,
  "HANAUSDT": 0.03593,
  "JTOUSDT": 0.2866,
  "DUSKUSDT": 0.09127,
  "BUSDT": 0.1515,
  "STRKUSDT": 0.04278,
  "USDCUSDT": 0.999423,
  "BTRUSDT": 0.18712,
  "APEUSDT": 0.109,
  "UBUSDT": 0.03795,
  "SKYUSDT": 0.06836,
  "AEROUSDT": 0.3663,
  "CRCLUSDT": 87.6,
  "OPNUSDT": 0.5455,
  "BULLAUSDT": 0.01567,
  "MSTRUSDT": 134.81,
  "SYRUPUSDT": 0.23922,
  "TRADOORUSDT": 1.421,
  "METUSDT": 0.1865,
  "FOGOUSDT": 0.02987,
  "RAVEUSDT": 0.36134,
  "LAUSDT": 0.2347,
  "GWEIUSDT": 0.034842,
  "XPINUSDT": 0.001544,
  "ZILUSDT": 0.00425,
  "TSLAUSDT": 407.8,
  "B2USDT": 0.7258,
  "HUMAUSDT": 0.011864,
  "PYTHUSDT": 0.05306,
  "\u6211\u8e0f\u9a6c\u6765\u4e86USDT": 0.012885,
  "BEAMXUSDT": 0.001967,
  "EIGENUSDT": 0.1977,
  "ROSEUSDT": 0.0133,
  "AVNTUSDT": 0.1858,
  "VETUSDT": 0.00769,
  "ORDIUSDT": 2.56,
  "NEOUSDT": 2.835,
  "JELLYJELLYUSDT": 0.06358,
  "COLLECTUSDT": 0.04068,
  "MOVEUSDT": 0.02204,
  "DYDXUSDT": 0.1,
  "LINEAUSDT": 0.003217,
  "COMPUSDT": 19.25,
  "NXPCUSDT": 0.2779,
  "SKRUSDT": 0.021401,
  "ORCAUSDT": 0.903,
  "XTZUSDT": 0.398,
  "FORMUSDT": 0.1961,
  "ZKPUSDT": 0.0844,
  "CYBERUSDT": 0.5463,
  "LPTUSDT": 2.388,
  "SUSDT": 0.04196,
  "ESPORTSUSDT": 0.31028,
  "STGUSDT": 0.1485,
  "WETUSDT": 0.11577,
  "PNUTUSDT": 0.04741,
  "MIRAUSDT": 0.1092,
  "SNXUSDT": 0.349,
  "AUCTIONUSDT": 4.885,
  "TRIAUSDT": 0.02134,
  "STXUSDT": 0.2711,
  "SOMIUSDT": 0.2135,
  "AWEUSDT": 0.05398,
  "ARUSDT": 1.71,
  "MEUSDT": 0.1211,
  "1000FLOKIUSDT": 0.03015,
  "BEATUSDT": 0.2087,
  "ENSUSDT": 6.402,
  "YGGUSDT": 0.03985,
  "WUSDT": 0.01942,
  "AXLUSDT": 0.05636,
  "AGLDUSDT": 0.2678,
  "TRBUSDT": 14.861,
  "JASMYUSDT": 0.005824,
  "API3USDT": 0.2976,
  "PLUMEUSDT": 0.00961,
  "RESOLVUSDT": 0.0622,
  "SPXUSDT": 0.3221,
  "FLOWUSDT": 0.03942,
  "BANKUSDT": 0.03891,
  "IMXUSDT": 0.1726,
  "CLOUSDT": 0.08238,
  "DEXEUSDT": 3.575,
  "MERLUSDT": 0.04515,
  "INITUSDT": 0.08244,
  "2ZUSDT": 0.07949,
  "STEEMUSDT": 0.06696,
  "USELESSUSDT": 0.04199,
  "CYSUSDT": 0.3498,
  "EDUUSDT": 0.1141,
  "VANAUSDT": 1.468,
  "EULUSDT": 0.985,
  "CFXUSDT": 0.0505,
  "SPACEUSDT": 0.009424,
  "HOTUSDT": 0.000446,
  "ATHUSDT": 0.00515,
  "GRASSUSDT": 0.231,
  "UAIUSDT": 0.2462,
  "IOTAUSDT": 0.0698,
  "TAUSDT": 0.03862,
  "FOLKSUSDT": 1.504,
  "MANAUSDT": 0.0996,
  "LUNA2USDT": 0.07225,
  "JSTUSDT": 0.046104,
  "OGUSDT": 3.037,
  "MMTUSDT": 0.1232,
  "NMRUSDT": 7.877,
  "COAIUSDT": 0.3148,
  "QNTUSDT": 64.76,
  "MOODENGUSDT": 0.05459,
  "WCTUSDT": 0.06038,
  "XPTUSDT": 2411.48,
  "BIRBUSDT": 0.16821,
  "GRTUSDT": 0.02715,
  "4USDT": 0.00846,
  "LIGHTUSDT": 0.2049,
  "SPKUSDT": 0.02055,
  "AKEUSDT": 0.0002911,
  "SFPUSDT": 0.2679,
  "AGTUSDT": 0.004978,
  "KASUSDT": 0.03145,
  "RUNEUSDT": 0.409,
  "ZRXUSDT": 0.1091,
  "YBUSDT": 0.1819,
  "KERNELUSDT": 0.0871,
  "NAORISUSDT": 0.03038,
  "TAGUSDT": 0.0003398,
  "1INCHUSDT": 0.0962,
  "LRCUSDT": 0.03352,
  "SAHARAUSDT": 0.01631,
  "BATUSDT": 0.1093,
  "ZORAUSDT": 0.01914,
  "NEIROUSDT": 7.265e-05,
  "THETAUSDT": 0.1958,
  "KAIAUSDT": 0.05659,
  "BREVUSDT": 0.1429,
  "IOUSDT": 0.1153,
  "SIGNUSDT": 0.02383,
  "EGLDUSDT": 4.65,
  "ARKMUSDT": 0.1108,
  "PTBUSDT": 0.001126,
  "FHEUSDT": 0.02955,
  "COWUSDT": 0.2162,
  "YFIUSDT": 2799.0,
  "NOMUSDT": 0.003967,
  "RPLUSDT": 1.96,
  "KGENUSDT": 0.18749,
  "ANIMEUSDT": 0.004982,
  "BLUAIUSDT": 0.00518,
  "GMTUSDT": 0.01207,
  "ZBTUSDT": 0.07736,
  "AUSDT": 0.0816,
  "PEOPLEUSDT": 0.00676,
  "OPENUSDT": 0.1539,
  "POPCATUSDT": 0.05017,
  "REDUSDT": 0.1744,
  "PROVEUSDT": 0.2959,
  "AIAUSDT": 0.08698,
  "MEGAUSDT": 0.13242,
  "BSVUSDT": 16.08,
  "VELVETUSDT": 0.08606,
  "TWTUSDT": 0.5032,
  "BOMEUSDT": 0.0003985,
  "KSMUSDT": 5.157,
  "SUSHIUSDT": 0.2114,
  "SWARMSUSDT": 0.007411,
  "ACTUSDT": 0.01427,
  "GASUSDT": 1.6,
  "MAGICUSDT": 0.0648,
  "FIGHTUSDT": 0.006707,
  "STOUSDT": 0.06189,
  "AVAAIUSDT": 0.007615,
  "MINAUSDT": 0.06002,
  "STBLUSDT": 0.04568,
  "TSTUSDT": 0.00979,
  "NILUSDT": 0.05045,
  "VELODROMEUSDT": 0.01654,
  "MEMEUSDT": 0.0006379,
  "TURBOUSDT": 0.0010303,
  "AIXBTUSDT": 0.0206,
  "TNSRUSDT": 0.04875,
  "BABYUSDT": 0.01267,
  "MANTAUSDT": 0.0646,
  "CATIUSDT": 0.03868,
  "TUTUSDT": 0.01038,
  "AIOUSDT": 0.07665,
  "SOPHUSDT": 0.009198,
  "SUPERUSDT": 0.1186,
  "LAYERUSDT": 0.0868,
  "AINUSDT": 0.04266,
  "EDENUSDT": 0.03525,
  "SOONUSDT": 0.169,
  "BLURUSDT": 0.02044,
  "ACHUSDT": 0.007077,
  "FUSDT": 0.005841,
  "UMAUSDT": 0.4542,
  "MASKUSDT": 0.4437,
  "XVGUSDT": 0.005953,
  "MUBARAKUSDT": 0.01374,
  "SUNUSDT": 0.01617,
  "IDUSDT": 0.04603,
  "XNYUSDT": 0.004658,
  "ASRUSDT": 1.368,
  "TAKEUSDT": 0.01994,
  "TRUTHUSDT": 0.009641,
  "ALTUSDT": 0.007564,
  "SAPIENUSDT": 0.08932,
  "HOLOUSDT": 0.05783,
  "CELOUSDT": 0.079,
  "IDOLUSDT": 0.0197,
  "ARPAUSDT": 0.00998,
  "SOLVUSDT": 0.004268,
  "WALUSDT": 0.07825,
  "SONICUSDT": 0.04906,
  "RAREUSDT": 0.01871,
  "C98USDT": 0.0246,
  "CTSIUSDT": 0.0254,
  "ZKCUSDT": 0.0894,
  "ICNTUSDT": 0.3942,
  "KMNOUSDT": 0.02216,
  "INUSDT": 0.06832,
  "BELUSDT": 0.1005,
  "ANKRUSDT": 0.004357,
  "MELANIAUSDT": 0.1108,
  "RAYSOLUSDT": 0.6201,
  "ERAUSDT": 0.147,
  "GLMUSDT": 0.13864,
  "ONTUSDT": 0.0436,
  "DAMUSDT": 0.0242,
  "KOMAUSDT": 0.007794,
  "DEGOUSDT": 0.3202,
  "DRIFTUSDT": 0.0843,
  "CVXUSDT": 1.723,
  "STORJUSDT": 0.0963,
  "SANTOSUSDT": 1.373,
  "SKLUSDT": 0.00673,
  "ARIAUSDT": 0.08011,
  "GMXUSDT": 6.867,
  "POLYXUSDT": 0.04354,
  "ENJUSDT": 0.02021,