{
  "BTCUSDT": 67942.4,
  "ETHUSDT": 1971.0,
  "SOLUSDT": 84.98,
  "XRPUSDT": 1.4214,
  "BNBUSDT": 621.67,
  "BCHUSDT": 563.36,
  "DOGEUSDT": 0.09721,
  "HYPEUSDT": 29.774,
  "XAGUSDT": 84.69,
  "XAUUSDT": 5111.31,
  "PAXGUSDT": 5124.33,
  "ZECUSDT": 255.54,
  "WLFIUSDT": 0.119,
  "TRXUSDT": 0.28855,
  "SUIUSDT": 0.9359,
  "ASTERUSDT": 0.7138,
  "LINKUSDT": 8.83,
  "UNIUSDT": 3.59,
  "ADAUSDT": 0.277,
  "LTCUSDT": 54.39,
  "AVAXUSDT": 9.027,
  "PUMPUSDT": 0.002095,
  "1000PEPEUSDT": 0.0040857,
  "ENAUSDT": 0.1048,
  "AAVEUSDT": 119.35,
  "PIPPINUSDT": 0.48871,
  "NEARUSDT": 1.03,
  "WLDUSDT": 0.3818,
  "LITUSDT": 1.493,
  "TRUMPUSDT": 3.398,
  "KITEUSDT": 0.21936,
  "FILUSDT": 0.946,
  "ARCUSDT": 0.07712,
  "TAOUSDT": 178.62,
  "XPLUSDT": 0.0946,
  "DOTUSDT": 1.351,
  "ZROUSDT": 1.7434,
  "ATOMUSDT": 2.289,
  "APTUSDT": 0.8607,
  "TONUSDT": 1.3223,
  "XLMUSDT": 0.15544,
  "HBARUSDT": 0.09834,
  "1000SHIBUSDT": 0.00628,
  "AXSUSDT": 1.323,
  "ENSOUSDT": 1.9015,
  "ARBUSDT": 0.0963,
  "BERAUSDT": 0.5726,
  "ICPUSDT": 2.155,
  "RIVERUSDT": 7.891,
  "OPUSDT": 0.125,
  "HUSDT": 0.1628,
  "XMRUSDT": 323.73,
  "ETCUSDT": 8.778,
  "POWERUSDT": 0.44544,
  "MONUSDT": 0.02032,
  "WIFUSDT": 0.2175,
  "FETUSDT": 0.1623,
  "FFUSDT": 0.07872,
  "CRVUSDT": 0.234,
  "PENGUUSDT": 0.006697,
  "BARDUSDT": 0.7568,
  "RAVEUSDT": 0.6567,
  "BANUSDT": 0.13521,
  "INJUSDT": 3.647,
  "FARTCOINUSDT": 0.1791,
  "\u5e01\u5b89\u4eba\u751fUSDT": 0.08416,
  "1000BONKUSDT": 0.006172,
  "IPUSDT": 1.091,
  "PARTIUSDT": 0.10459,
  "AZTECUSDT": 0.03299,
  "POLUSDT": 0.10764,
  "DASHUSDT": 33.83,
  "BTCDOMUSDT": 5110.1,
  "CHZUSDT": 0.03509,
  "0GUSDT": 0.6588,
  "TIAUSDT": 0.3242,
  "ONDOUSDT": 0.264,
  "SENTUSDT": 0.02147,
  "VIRTUALUSDT": 0.6329,
  "SIRENUSDT": 0.27085,
  "ETHFIUSDT": 0.451,
  "SEIUSDT": 0.07,
  "ZKUSDT": 0.01954,
  "VVVUSDT": 4.279,
  "JUPUSDT": 0.1542,
  "LYNUSDT": 0.30042,
  "ZAMAUSDT": 0.02191,
  "OPNUSDT": 0.6188,
  "MYXUSDT": 1.003,
  "STABLEUSDT": 0.028275,
  "ALCHUSDT": 0.08026,
  "CCUSDT": 0.16014,
  "BIOUSDT": 0.02682,
  "KAITOUSDT": 0.2977,
  "PENDLEUSDT": 1.1971,
  "QUSDT": 0.021802,
  "LDOUSDT": 0.3219,
  "HOMEUSDT": 0.029912,
  "1000RATSUSDT": 0.04608,
  "RENDERUSDT": 1.436,
  "DUSKUSDT": 0.08083,
  "BTRUSDT": 0.1967,
  "NIGHTUSDT": 0.05858,
  "HANAUSDT": 0.03677,
  "BANANAS31USDT": 0.004547,
  "ZENUSDT": 5.762,
  "ALGOUSDT": 0.0883,
  "ATUSDT": 0.15986,
  "SKYAIUSDT": 0.03834,
  "OMUSDT": 0.07028,
  "STRKUSDT": 0.04425,
  "SANDUSDT": 0.08279,
  "TRADOORUSDT": 1.431,
  "ESPUSDT": 0.07523,
  "JTOUSDT": 0.3111,
  "MORPHOUSDT": 1.6318,
  "CAKEUSDT": 1.3105,
  "ORCAUSDT": 1.025,
  "ALLOUSDT": 0.12037,
  "GUNUSDT": 0.02821,
  "ZILUSDT": 0.00409,
  "MUSDT": 1.3567,
  "GPSUSDT": 0.0132,
  "UBUSDT": 0.03476,
  "CYBERUSDT": 0.6333,
  "SKYUSDT": 0.06427,
  "USDCUSDT": 0.99981,
  "PIEVERSEUSDT": 0.4044,
  "GALAUSDT": 0.00381,
  "GIGGLEUSDT": 28.35,
  "APEUSDT": 0.107,
  "B2USDT": 0.7217,
  "AWEUSDT": 0.05412,
  "SNXUSDT": 0.401,
  "ROSEUSDT": 0.01325,
  "\u6211\u8e0f\u9a6c\u6765\u4e86USDT": 0.014816,
  "PYTHUSDT": 0.05276,
  "BEAMXUSDT": 0.00225,
  "YGGUSDT": 0.04432,
  "HUMAUSDT": 0.012635,
  "BULLAUSDT": 0.02756,
  "XPINUSDT": 0.001651,
  "METUSDT": 0.2069,
  "CYSUSDT": 0.3861,
  "AVNTUSDT": 0.1844,
  "BUSDT": 0.1325,
  "JELLYJELLYUSDT": 0.06519,
  "SYRUPUSDT": 0.22738,
  "MSTRUSDT": 131.3,
  "EIGENUSDT": 0.1873,
  "AEROUSDT": 0.3199,
  "GUAUSDT": 0.15081,
  "NXPCUSDT": 0.2787,
  "XTZUSDT": 0.383,
  "NAORISUSDT": 0.04351,
  "DYDXUSDT": 0.098,
  "TSLAUSDT": 411.61,
  "COMPUSDT": 17.74,
  "ORDIUSDT": 2.578,
  "FORMUSDT": 0.211,
  "ESPORTSUSDT": 0.33229,
  "MEUSDT": 0.1253,
  "MOVEUSDT": 0.02309,
  "VETUSDT": 0.007535,
  "NEOUSDT": 2.72,
  "ZKPUSDT": 0.08839,
  "SPACEUSDT": 0.009943,
  "COLLECTUSDT": 0.04726,
  "AUCTIONUSDT": 4.954,
  "FOGOUSDT": 0.02542,
  "PNUTUSDT": 0.04711,
  "ENSUSDT": 6.556,
  "INITUSDT": 0.09006,
  "LAUSDT": 0.2102,
  "LINEAUSDT": 0.003364,
  "SUSDT": 0.04193,
  "1000LUNCUSDT": 0.03614,
  "RESOLVUSDT": 0.06535,
  "STGUSDT": 0.1508,
  "VANAUSDT": 1.548,
  "SOMIUSDT": 0.2032,
  "BEATUSDT": 0.2436,
  "1000FLOKIUSDT": 0.02958,
  "OGUSDT": 3.278,
  "PLUMEUSDT": 0.00984,
  "LPTUSDT": 2.305,
  "STXUSDT": 0.2499,
  "MERLUSDT": 0.05041,
  "AGTUSDT": 0.005476,
  "EULUSDT": 0.972,
  "FHEUSDT": 0.03893,
  "BIRBUSDT": 0.16661,
  "EDUUSDT": 0.1247,
  "GWEIUSDT": 0.029187,
  "TRBUSDT": 14.931,
  "CLOUSDT": 0.08531,
  "ATHUSDT": 0.005445,
  "UAIUSDT": 0.2445,
  "ARUSDT": 1.988,
  "WUSDT": 0.01929,
  "BANKUSDT": 0.03856,
  "ZORAUSDT": 0.02048,
  "NMRUSDT": 8.034,
  "LRCUSDT": 0.03254,
  "WCTUSDT": 0.05995,
  "2ZUSDT": 0.07128,
  "MANAUSDT": 0.0955,
  "CFXUSDT": 0.05151,
  "JASMYUSDT": 0.005685,
  "GRTUSDT": 0.02709,
  "TRIAUSDT": 0.0153,
  "MOODENGUSDT": 0.05493,
  "API3USDT": 0.2978,
  "SPXUSDT": 0.3105,
  "TAUSDT": 0.03823,
  "USELESSUSDT": 0.03902,
  "MMTUSDT": 0.1259,
  "PTBUSDT": 0.001429,
  "LIGHTUSDT": 0.2355,
  "RPLUSDT": 2.317,
  "IMXUSDT": 0.1627,
  "TAGUSDT": 0.0003689,
  "IOTAUSDT": 0.0685,
  "LUNA2USDT": 0.06329,
  "AIAUSDT": 0.10133,
  "COAIUSDT": 0.3087,
  "AGLDUSDT": 0.2419,
  "FLOWUSDT": 0.03772,
  "ZRXUSDT": 0.1097,
  "IOUSDT": 0.1178,
  "THETAUSDT": 0.1975,
  "AXLUSDT": 0.05518,
  "SFPUSDT": 0.2662,
  "QNTUSDT": 65.47,
  "1INCHUSDT": 0.0921,
  "JSTUSDT": 0.042695,
  "SPKUSDT": 0.02029,
  "4USDT": 0.00859,
  "BREVUSDT": 0.1322,
  "KAIAUSDT": 0.05685,
  "SKRUSDT": 0.018902,
  "MEGAUSDT": 0.13328,
  "FOLKSUSDT": 1.3,
  "ARKMUSDT": 0.1103,
  "YFIUSDT": 2787.0,
  "NEIROUSDT": 7.12e-05,
  "RUNEUSDT": 0.4049,
  "FIGHTUSDT": 0.007234,
  "ANIMEUSDT": 0.00495,
  "NOMUSDT": 0.005184,
  "EGLDUSDT": 4.495,
  "KGENUSDT": 0.17676,
  "TWTUSDT": 0.5208,
  "COWUSDT": 0.2087,
  "KASUSDT": 0.03088,
  "BOMEUSDT": 0.0003996,
  "PEOPLEUSDT": 0.0066,
  "SIGNUSDT": 0.02568,
  "ZKCUSDT": 0.0879,
  "BLUAIUSDT": 0.00501,
  "SAHARAUSDT": 0.01531,
  "MAGICUSDT": 0.06769,
  "PROVEUSDT": 0.2931,
  "OPENUSDT": 0.1506,
  "XNYUSDT": 0.004488,
  "MANTAUSDT": 0.06946,
  "AIOUSDT": 0.0807,
  "MINAUSDT": 0.06128,
  "AUSDT": 0.0811,
  "TSTUSDT": 0.01037,
  "GASUSDT": 1.571,
  "AVAAIUSDT": 0.00747,
  "TAKEUSDT": 0.02383,
  "ACTUSDT": 0.01404,
  "SANTOSUSDT": 1.907,
  "TUTUSDT": 0.01084,
  "GMTUSDT": 0.01167,
  "BATUSDT": 0.1197,
  "SUPERUSDT": 0.117,
  "TNSRUSDT": 0.04749,
  "TURBOUSDT": 0.0010285,
  "VELVETUSDT": 0.07953,
  "GRASSUSDT": 0.1827,
  "IDOLUSDT": 0.02174,
  "SOPHUSDT": 0.009024,
  "SUSHIUSDT": 0.2035,
  "XPTUSDT": 2161.62,
  "VTHOUSDT": 0.0006626,
  "CATIUSDT": 0.03951,
  "TRUTHUSDT": 0.010084,
  "SWARMSUSDT": 0.00692,
  "BSVUSDT": 15.82,
  "YBUSDT": 0.156,
  "FUSDT": 0.005729,
  "POPCATUSDT": 0.05026,
  "ZBTUSDT": 0.0713,
  "AKEUSDT": 0.0002679,
  "MUBARAKUSDT": 0.01487,
  "NILUSDT": 0.04883,
  "LAYERUSDT": 0.0858,
  "BABYUSDT": 0.01287,
  "C98USDT": 0.0261,
  "ACHUSDT": 0.007373,
  "VELODROMEUSDT": 0.01479,
  "ICNTUSDT": 0.3974,
  "KSMUSDT": 4.833,
  "XVGUSDT": 0.006026,
  "CVXUSDT": 1.866,
  "STOUSDT": 0.05739,
  "SAPIENUSDT": 0.09137,
  "CTSIUSDT": 0.0251,
  "BLURUSDT": 0.02032,
  "ASRUSDT": 1.417,
  "MASKUSDT": 0.4432,
  "APRUSDT": 0.10953,
  "ALTUSDT": 0.00777,
  "RAYSOLUSDT": 0.6363,
  "FRAXUSDT": 0.6754,
  "SOLVUSDT": 0.00432,
  "DEXEUSDT": 2.383,
  "GLMUSDT": 0.16492,
  "EDENUSDT": 0.03434,
  "AIXBTUSDT": 0.01951,
  "SOONUSDT": 0.1663,
  "RAREUSDT": 0.01877,
  "ONTUSDT": 0.0427,
  "CELOUSDT": 0.077,
  "ANKRUSDT": 0.004395,
  "UMAUSDT": 0.4576,
  "MEMEUSDT": 0.0006671,
  "DOLOUSDT": 0.03953,
  "THEUSDT": 0.2568,
  "DRIFTUSDT": 0.0869,
  "IRUSDT": 0.09007,
  "SONICUSDT": 0.04663,
  "WOOUSDT": 0.01797,
  "ZEREBROUSDT": 0.00767,
  "SUNUSDT": 0.016966,
  "DEGOUSDT": 0.3406,
  "ERAUSDT": 0.152,
  "MELANIAUSDT": 0.114,
  "KERNELUSDT": 0.06686,
  "IDUSDT": 0.04706,
  "PLAYUSDT": 0.02212,
  "GMXUSDT": 6.601,
  "KAVAUSDT": 0.0512,
  "IOTXUSDT": 0.00477,
  "KMNOUSDT": 0.0276,
  "RSRUSDT": 0.001456,
  "POLYXUSDT": 0.04317,
  "HYPERUSDT": 0.0949,
  "LSKUSDT": 0.138,
  "WALUSDT": 0.0774,
  "STORJUSDT": 0.0942,
  "TUSDT": 0.006937,
  "SKLUSDT": 0.00667,