{
  "BTCUSDT": 68305.5,
  "ETHUSDT": 2078.27,
  "BTC/USDCUSDT": 68204.8,
  "SOLUSDT": 87.6,
  "ETH/USDCUSDT": 2063.06,
  "XAGUSDT": 89.47,
  "XRPUSDT": 1.4463,
  "BTC/USDUSDT": 68755.8,
  "XAUUSDT": 5195.74,
  "DOGEUSDT": 0.10001,
  "ETH/USDUSDT": 2079.73,
  "POWERUSDT": 1.01896,
  "ENSOUSDT": 1.559,
  "BNBUSDT": 627.3,
  "DOTUSDT": 1.585,
  "SOL/USDCUSDT": 87.6,
  "1000PEPEUSDT": 0.0040578,
  "ARCUSDT": 0.03077,
  "ADAUSDT": 0.2937,
  "ZECUSDT": 250.06,
  "PIPPINUSDT": 0.75352,
  "FILUSDT": 1.004,
  "SUIUSDT": 0.9538,
  "ESPUSDT": 0.13867,
  "HYPEUSDT": 28.226,
  "AVAXUSDT": 9.41,
  "BCHUSDT": 501.52,
  "DENTUSDT": 0.000246,
  "XRP/USDCUSDT": 1.4464,
  "LINKUSDT": 9.29,
  "NEARUSDT": 1.136,
  "UNIUSDT": 3.995,
  "RIVERUSDT": 9.748,
  "PAXGUSDT": 5203.05,
  "SIRENUSDT": 0.39161,
  "LTCUSDT": 56.61,
  "APTUSDT": 0.9567,
  "SOL/USDUSDT": 86.61,
  "PUMPUSDT": 0.001827,
  "BARDUSDT": 0.8446,
  "ASTERUSDT": 0.7095,
  "TAOUSDT": 183.63,
  "VIRTUALUSDT": 0.6927,
  "ENAUSDT": 0.1101,
  "WIFUSDT": 0.2125,
  "AXLUSDT": 0.05597,
  "KITEUSDT": 0.28646,
  "AAVEUSDT": 114.78,
  "ARBUSDT": 0.1,
  "CRCLUSDT": 83.31,
  "XPLUSDT": 0.099,
  "OPUSDT": 0.123,
  "WLDUSDT": 0.4066,
  "TIAUSDT": 0.3424,
  "PENGUUSDT": 0.007109,
  "STEEMUSDT": 0.06465,
  "WLFIUSDT": 0.1135,
  "VVVUSDT": 4.081,
  "DOGE/USDUSDT": 0.10001,
  "AXSUSDT": 1.325,
  "FARTCOINUSDT": 0.1708,
  "DOGE/USDCUSDT": 0.10001,
  "BNB/USDCUSDT": 627.44,
  "XRP/USDUSDT": 1.4453,
  "BNB/USDUSDT": 627.59,
  "ETH/BTCUSDT": 2062.459336,
  "ATOMUSDT": 1.932,
  "OPNUSDT": 0.5608,
  "ICPUSDT": 2.393,
  "HBARUSDT": 0.10209,
  "LITUSDT": 1.498,
  "1000SHIBUSDT": 0.006158,
  "XLMUSDT": 0.16262,
  "TRXUSDT": 0.2868,
  "ETCUSDT": 8.992,
  "ARUSDT": 1.733,
  "HOLOUSDT": 0.05837,
  "ALLOUSDT": 0.11162,
  "BERAUSDT": 0.6309,
  "1000BONKUSDT": 0.006305,
  "BULLAUSDT": 0.01689,
  "ZROUSDT": 1.5757,
  "TSLAUSDT": 414.94,
  "MYXUSDT": 0.383,
  "TONUSDT": 1.2777,
  "INJUSDT": 3.222,
  "XMRUSDT": 349.88,
  "ONDOUSDT": 0.271,
  "AZTECUSDT": 0.02463,
  "MORPHOUSDT": 1.8574,
  "GRIFFAINUSDT": 0.00937,
  "\u5e01\u5b89\u4eba\u751fUSDT": 0.0638,
  "TRUMPUSDT": 3.493,
  "GWEIUSDT": 0.032814,
  "GALAUSDT": 0.00377,
  "CRVUSDT": 0.252,
  "DASHUSDT": 35.31,
  "HUSDT": 0.13513,
  "RAVEUSDT": 0.30523,
  "ADA/USDUSDT": 0.2937,
  "SKRUSDT": 0.021084,
  "TRIAUSDT": 0.02192,
  "COLLECTUSDT": 0.05606,
  "MONUSDT": 0.02229,
  "GIGGLEUSDT": 26.68,
  "ZAMAUSDT": 0.02432,
  "FIL/USDCUSDT": 1.003,
  "STABLEUSDT": 0.033423,
  "HOODUSDT": 76.9,
  "SEIUSDT": 0.0707,
  "POLUSDT": 0.11199,
  "ADA/USDCUSDT": 0.2937,
  "SANDUSDT": 0.08576,
  "GUAUSDT": 0.22538,
  "FETUSDT": 0.1651,
  "1000PEPE/USDCUSDT": 0.0040571,
  "LAUSDT": 0.2385,
  "AGLDUSDT": 0.2773,
  "IPUSDT": 1.036,
  "ZEC/USDCUSDT": 249.92,
  "SUI/USDCUSDT": 0.9536,
  "PIEVERSEUSDT": 0.5357,
  "RENDERUSDT": 1.455,
  "GPSUSDT": 0.009181,
  "DUSKUSDT": 0.09189,
  "ETHFIUSDT": 0.5212,
  "SOMIUSDT": 0.2102,
  "SPACEUSDT": 0.00869,
  "API3USDT": 0.3025,
  "BCH/USDCUSDT": 501.43,
  "ALGOUSDT": 0.0901,
  "AVAX/USDCUSDT": 9.409,
  "FOGOUSDT": 0.02781,
  "FIGHTUSDT": 0.007632,
  "0GUSDT": 0.6447,
  "BIOUSDT": 0.02446,
  "KSMUSDT": 5.173,
  "SNXUSDT": 0.362,
  "LDOUSDT": 0.3221,
  "XPTUSDT": 2315.49,
  "ORCAUSDT": 0.915,
  "ORDERUSDT": 0.05649,
  "SENTUSDT": 0.02299,
  "DOT/USDUSDT": 1.583,
  "GUNUSDT": 0.03048,
  "CHZUSDT": 0.0343,
  "AKEUSDT": 0.0003191,
  "AEROUSDT": 0.3769,
  "CAKEUSDT": 1.3169,
  "DYDXUSDT": 0.099,
  "1000FLOKIUSDT": 0.02984,
  "FIL/USDUSDT": 1.003,
  "USELESSUSDT": 0.04307,
  "SUI/USDUSDT": 0.9535,
  "MSTRUSDT": 135.27,
  "EIGENUSDT": 0.2005,
  "SPXUSDT": 0.3255,
  "ZILUSDT": 0.00424,
  "DEXEUSDT": 3.536,
  "PENDLEUSDT": 1.2948,
  "CCUSDT": 0.1711,
  "VETUSDT": 0.007709,
  "GRASSUSDT": 0.2029,
  "LYNUSDT": 0.32379,
  "STRKUSDT": 0.04426,
  "JUPUSDT": 0.159,
  "SYRUPUSDT": 0.23272,
  "BOBUSDT": 0.006043,
  "ZENUSDT": 5.662,
  "WETUSDT": 0.10173,
  "LINEAUSDT": 0.003154,
  "NEIROUSDT": 7.09e-05,
  "LINK/USDUSDT": 9.288,
  "JTOUSDT": 0.2857,
  "LINK/USDCUSDT": 9.289,
  "ZKUSDT": 0.02,
  "ORDIUSDT": 2.511,
  "ENSUSDT": 6.444,
  "MOODENGUSDT": 0.05247,
  "COINUSDT": 182.65,
  "LTC/USDCUSDT": 56.61,
  "STBLUSDT": 0.04128,
  "BEATUSDT": 0.2039,
  "CLOUSDT": 0.09083,
  "KAITOUSDT": 0.3245,
  "APEUSDT": 0.107,
  "TRBUSDT": 14.832,
  "NAORISUSDT": 0.03027,
  "ROSEUSDT": 0.01281,
  "\u6211\u8e0f\u9a6c\u6765\u4e86USDT": 0.012644,
  "XPDUSDT": 1795.4,
  "NEAR/USDCUSDT": 1.135,
  "TIA/USDCUSDT": 0.3421,
  "INTCUSDT": 46.51,
  "RESOLVUSDT": 0.06264,
  "METUSDT": 0.1806,
  "ENA/USDCUSDT": 0.11,
  "LPTUSDT": 2.347,
  "YGGUSDT": 0.0404,
  "STXUSDT": 0.2613,
  "BCH/USDUSDT": 501.31,
  "PNUTUSDT": 0.04713,
  "SPORTFUNUSDT": 0.04884,
  "BTCDOMUSDT": 4990.6,
  "STGUSDT": 0.1367,
  "UNI/USDCUSDT": 3.992,
  "SUSHIUSDT": 0.2112,
  "KERNELUSDT": 0.08555,
  "INITUSDT": 0.07831,
  "LTC/USDUSDT": 56.62,
  "MANAUSDT": 0.0984,
  "TURBOUSDT": 0.0010352,
  "AVNTUSDT": 0.1795,
  "UNI/USDUSDT": 3.989,
  "KASUSDT": 0.03113,
  "AIXBTUSDT": 0.02016,
  "ARB/USDCUSDT": 0.0999,
  "NIGHTUSDT": 0.06013,
  "PYTHUSDT": 0.05276,
  "XTZUSDT": 0.392,
  "INXUSDT": 0.012571,
  "GRTUSDT": 0.02721,
  "KMNOUSDT": 0.02287,
  "CYBERUSDT": 0.5443,
  "SUSDT": 0.04183,
  "BIRBUSDT": 0.15603,
  "JASMYUSDT": 0.005935,
  "ZKPUSDT": 0.08514,
  "SKYUSDT": 0.06996,
  "WIF/USDCUSDT": 0.2124,
  "RUNEUSDT": 0.4142,
  "AWEUSDT": 0.05223,
  "SWARMSUSDT": 0.00718,
  "PARTIUSDT": 0.09827,
  "ARKMUSDT": 0.113,
  "COMPUSDT": 18.5,
  "EULUSDT": 1.071,
  "MEMEUSDT": 0.0006397,
  "GASUSDT": 1.604,
  "THETAUSDT": 0.196,
  "LRCUSDT": 0.03429,
  "MUSDT": 1.3354,
  "FFUSDT": 0.07884,
  "BANUSDT": 0.10925,
  "FHEUSDT": 0.02925,
  "MERLUSDT": 0.0449,
  "CRV/USDCUSDT": 0.2514,
  "KAIAUSDT": 0.05658,
  "AAVE/USDCUSDT": 114.72,
  "IMXUSDT": 0.1702,
  "COWUSDT": 0.2198,
  "WOOUSDT": 0.01701,
  "MEUSDT": 0.12,
  "BOMEUSDT": 0.0004007,
  "BREVUSDT": 0.1392,
  "1000LUNCUSDT": 0.03605,
  "TAKEUSDT": 0.01944,
  "MOVEUSDT": 0.0222,
  "WLFI/USDCUSDT": 0.1134,
  "RAYSOLUSDT": 0.622,
  "ACHUSDT": 0.00725,
  "ELSAUSDT": 0.08604,
  "BUSDT": 0.135,
  "CYSUSDT": 0.3577,
  "AVAX/USDUSDT": 9.4,
  "POPCATUSDT": 0.05012,
  "PENGU/USDCUSDT": 0.007108,
  "PEOPLEUSDT": 0.00673,
  "2ZUSDT": 0.07684,
  "C98USDT": 0.0241,
  "IOTAUSDT": 0.07,
  "NOMUSDT": 0.004161,
  "MUBARAKUSDT": 0.0141,
  "AMZNUSDT": 209.83,
  "QNTUSDT": 63.95,
  "SAPIENUSDT": 0.09753,
  "WUSDT": 0.01952,
  "BTRUSDT": 0.18195,
  "BROCCOLIF3BUSDT": 0.003739,
  "CFXUSDT": 0.05089,
  "WLD/USDCUSDT": 0.4064,
  "BATUSDT": 0.1157,
  "JELLYJELLYUSDT": 0.06263,
  "ZETAUSDT": 0.05269,
  "RPLUSDT": 1.966,
  "1INCHUSDT": 0.0954,
  "1000RATSUSDT": 0.04035,
  "ACUUSDT": 0.10964,
  "1MBABYDOGEUSDT": 0.0004055,
  "EGLDUSDT": 4.534,
  "ONTUSDT": 0.0425,
  "UMAUSDT": 0.4563,
  "VANAUSDT": 1.473,
  "FLOWUSDT": 0.03672,
  "TNSRUSDT": 0.04879,
  "USDCUSDT": 0.999405,
  "GMTUSDT": 0.01173,
  "WCTUSDT": 0.05948,
  "COAIUSDT": 0.3215,
  "LIGHTUSDT": 0.2145,
  "ZKCUSDT": 0.0846,
  "ZORAUSDT": 0.01923,
  "FLOCKUSDT": 0.06163,
  "NEOUSDT": 2.806,
  "RSRUSDT": 0.001511,
  "SAGAUSDT": 0.03096,
  "SONICUSDT": 0.04827,
  "SAHARAUSDT": 0.01504,
  "AIAUSDT": 0.09011,
  "LUNA2USDT": 0.06333,
  "WIF/USDUSDT": 0.2123,
  "AUCTIONUSDT": 4.95,
  "DAMUSDT": 0.02468,
  "PROMPTUSDT": 0.04504,
  "PLTRUSDT": 133.98,
  "JSTUSDT": 0.04683,
  "GLMUSDT": 0.1478,
  "OGNUSDT": 0.0211,
  "BANANAS31USDT": 0.0047,
  "ATUSDT": 0.15847,
  "IOUSDT": 0.1151,
  "ONEUSDT": 0.00245,
  "MASKUSDT": 0.4349,
  "NEAR/USDUSDT": 1.135,
  "BASUSDT": 0.006365,
  "ZRXUSDT": 0.1115,
  "1000SATSUSDT": 1.12e-05,
  "DOLOUSDT": 0.03651,
  "AAVE/USDUSDT": 114.76,
  "OP/USDUSDT": 0.1231,
  "FRAXUSDT": 0.6733,
  "HOMEUSDT": 0.029324,
  "ALCHUSDT": 0.08024,
  "MINAUSDT": 0.05935,
  "UAIUSDT": 0.2451,
  "PLUMEUSDT": 0.00951,
  "NILUSDT": 0.0484,
  "ALICEUSDT": 0.105,
  "PTBUSDT": 0.001211,
  "OPENUSDT": 0.1487,
  "YFIUSDT": 2769.0,
  "HUMAUSDT": 0.011693,
  "APT/USDUSDT": 0.956,
  "SXTUSDT": 0.02206,
  "HBAR/USDCUSDT": 0.102,
  "MMTUSDT": 0.1219,
  "4USDT": 0.0082,
  "MIRAUSDT": 0.0849,