{
  "BTCUSDT": 68069.1,
  "ETHUSDT": 1974.98,
  "SOLUSDT": 85.08,
  "XRPUSDT": 1.4213,
  "BNBUSDT": 624.29,
  "BCHUSDT": 573.43,
  "DOGEUSDT": 0.09727,
  "HYPEUSDT": 29.563,
  "XAGUSDT": 84.7,
  "PAXGUSDT": 5125.44,
  "XAUUSDT": 5113.4,
  "WLFIUSDT": 0.118,
  "ZECUSDT": 251.27,
  "TRXUSDT": 0.28894,
  "SUIUSDT": 0.9337,
  "ASTERUSDT": 0.7111,
  "LINKUSDT": 8.805,
  "UNIUSDT": 3.552,
  "ADAUSDT": 0.2761,
  "LTCUSDT": 54.66,
  "AVAXUSDT": 8.983,
  "PUMPUSDT": 0.002083,
  "1000PEPEUSDT": 0.0041004,
  "ENAUSDT": 0.1035,
  "PIPPINUSDT": 0.58846,
  "AAVEUSDT": 118.93,
  "KITEUSDT": 0.24851,
  "NEARUSDT": 1.027,
  "WLDUSDT": 0.3818,
  "LITUSDT": 1.495,
  "TRUMPUSDT": 3.41,
  "ARCUSDT": 0.08172,
  "FILUSDT": 0.942,
  "TAOUSDT": 177.67,
  "XPLUSDT": 0.0938,
  "ENSOUSDT": 2.0425,
  "DOTUSDT": 1.329,
  "ZROUSDT": 1.7124,
  "ATOMUSDT": 2.293,
  "APTUSDT": 0.8515,
  "TONUSDT": 1.3274,
  "BERAUSDT": 0.6103,
  "XLMUSDT": 0.15655,
  "HBARUSDT": 0.09799,
  "1000SHIBUSDT": 0.006222,
  "AXSUSDT": 1.305,
  "ARBUSDT": 0.0958,
  "ICPUSDT": 2.183,
  "RIVERUSDT": 8.245,
  "OPUSDT": 0.1248,
  "HUSDT": 0.16344,
  "XMRUSDT": 324.73,
  "POWERUSDT": 0.45096,
  "ETCUSDT": 8.794,
  "MONUSDT": 0.02007,
  "WIFUSDT": 0.2165,
  "FETUSDT": 0.1622,
  "BARDUSDT": 0.7801,
  "FFUSDT": 0.07894,
  "CRVUSDT": 0.232,
  "PENGUUSDT": 0.006694,
  "RAVEUSDT": 0.6494,
  "FARTCOINUSDT": 0.1808,
  "BANUSDT": 0.13633,
  "INJUSDT": 3.612,
  "\u5e01\u5b89\u4eba\u751fUSDT": 0.08422,
  "1000BONKUSDT": 0.006136,
  "PARTIUSDT": 0.10665,
  "IPUSDT": 1.087,
  "POLUSDT": 0.10692,
  "DASHUSDT": 34.01,
  "SIRENUSDT": 0.27982,
  "BTCDOMUSDT": 5113.5,
  "AZTECUSDT": 0.0313,
  "CHZUSDT": 0.03415,
  "SENTUSDT": 0.02159,
  "ONDOUSDT": 0.2628,
  "TIAUSDT": 0.3219,
  "0GUSDT": 0.6477,
  "VIRTUALUSDT": 0.6307,
  "ETHFIUSDT": 0.4519,
  "SEIUSDT": 0.0701,
  "ZKUSDT": 0.01941,
  "LYNUSDT": 0.30985,
  "ZAMAUSDT": 0.0233,
  "JUPUSDT": 0.1546,
  "VVVUSDT": 4.195,
  "OPNUSDT": 0.5687,
  "STABLEUSDT": 0.028837,
  "MYXUSDT": 0.91,
  "ALCHUSDT": 0.07972,
  "CCUSDT": 0.15891,
  "QUSDT": 0.023597,
  "BIOUSDT": 0.02707,
  "PENDLEUSDT": 1.1982,
  "KAITOUSDT": 0.2988,
  "1000RATSUSDT": 0.04638,
  "LDOUSDT": 0.3191,
  "DUSKUSDT": 0.0817,
  "HOMEUSDT": 0.029836,
  "BTRUSDT": 0.19753,
  "RENDERUSDT": 1.433,
  "TRADOORUSDT": 1.49,
  "BANANAS31USDT": 0.004605,
  "NIGHTUSDT": 0.05825,
  "ATUSDT": 0.16294,
  "ALGOUSDT": 0.0878,
  "JTOUSDT": 0.3165,
  "ZENUSDT": 5.751,
  "HANAUSDT": 0.03627,
  "ESPUSDT": 0.07446,
  "SANDUSDT": 0.08246,
  "SKYAIUSDT": 0.03833,
  "STRKUSDT": 0.04393,
  "OMUSDT": 0.06756,
  "MORPHOUSDT": 1.6217,
  "CAKEUSDT": 1.3102,
  "ALLOUSDT": 0.11971,
  "ORCAUSDT": 1.033,
  "MUSDT": 1.3942,
  "UBUSDT": 0.03587,
  "GUNUSDT": 0.02834,
  "ZILUSDT": 0.00406,
  "SNXUSDT": 0.416,
  "GPSUSDT": 0.013185,
  "PIEVERSEUSDT": 0.4085,
  "SKYUSDT": 0.06514,
  "USDCUSDT": 0.999827,
  "GALAUSDT": 0.00378,
  "GIGGLEUSDT": 28.49,
  "\u6211\u8e0f\u9a6c\u6765\u4e86USDT": 0.015194,
  "APEUSDT": 0.1063,
  "B2USDT": 0.7204,
  "AWEUSDT": 0.05382,
  "ROSEUSDT": 0.01333,
  "PYTHUSDT": 0.0528,
  "CYBERUSDT": 0.6089,
  "HUMAUSDT": 0.012944,
  "METUSDT": 0.2054,
  "BULLAUSDT": 0.02756,
  "XPINUSDT": 0.001674,
  "BEAMXUSDT": 0.002228,
  "AVNTUSDT": 0.1832,
  "JELLYJELLYUSDT": 0.06571,
  "BUSDT": 0.1322,
  "NAORISUSDT": 0.04597,
  "YGGUSDT": 0.0441,
  "GUAUSDT": 0.15826,
  "MSTRUSDT": 131.66,
  "SYRUPUSDT": 0.22579,
  "AEROUSDT": 0.3247,
  "CYSUSDT": 0.3729,
  "EIGENUSDT": 0.1842,
  "SPACEUSDT": 0.011296,
  "ESPORTSUSDT": 0.34455,
  "NXPCUSDT": 0.2739,
  "INITUSDT": 0.0925,
  "XTZUSDT": 0.381,
  "ORDIUSDT": 2.567,
  "TSLAUSDT": 411.69,
  "DYDXUSDT": 0.097,
  "VETUSDT": 0.007557,
  "MEUSDT": 0.124,
  "ZKPUSDT": 0.08855,
  "MOVEUSDT": 0.02305,
  "FORMUSDT": 0.2082,
  "COLLECTUSDT": 0.04903,
  "NEOUSDT": 2.708,
  "COMPUSDT": 17.56,
  "FOGOUSDT": 0.02644,
  "AUCTIONUSDT": 4.999,
  "ENSUSDT": 6.523,
  "LINEAUSDT": 0.003427,
  "SUSDT": 0.04248,
  "SOMIUSDT": 0.2147,
  "PNUTUSDT": 0.04706,
  "LAUSDT": 0.2073,
  "RESOLVUSDT": 0.06526,
  "1000LUNCUSDT": 0.03595,
  "1000FLOKIUSDT": 0.02967,
  "VANAUSDT": 1.543,
  "BEATUSDT": 0.2394,
  "STGUSDT": 0.1487,
  "OGUSDT": 3.316,
  "STXUSDT": 0.2492,
  "MERLUSDT": 0.05102,
  "PLUMEUSDT": 0.00971,
  "AGTUSDT": 0.005556,
  "CLOUSDT": 0.08894,
  "GWEIUSDT": 0.029866,
  "LPTUSDT": 2.308,
  "FHEUSDT": 0.03956,
  "BIRBUSDT": 0.16707,
  "EDUUSDT": 0.1244,
  "TRBUSDT": 14.944,
  "EULUSDT": 0.948,
  "UAIUSDT": 0.2499,
  "TRIAUSDT": 0.01523,
  "BANKUSDT": 0.03932,
  "ARUSDT": 1.982,
  "SAPIENUSDT": 0.09899,
  "ATHUSDT": 0.005357,
  "WUSDT": 0.01912,
  "NMRUSDT": 8.073,
  "CFXUSDT": 0.05217,
  "MANAUSDT": 0.0951,
  "LRCUSDT": 0.03238,
  "JASMYUSDT": 0.005669,
  "WCTUSDT": 0.05967,
  "2ZUSDT": 0.07082,
  "TAUSDT": 0.03883,
  "USELESSUSDT": 0.03858,
  "SPXUSDT": 0.3143,
  "API3USDT": 0.2965,
  "ZORAUSDT": 0.02047,
  "LIGHTUSDT": 0.2387,
  "GRTUSDT": 0.02707,
  "MMTUSDT": 0.1269,
  "MOODENGUSDT": 0.05508,
  "TAGUSDT": 0.0003788,
  "AGLDUSDT": 0.2693,
  "FLOWUSDT": 0.03863,
  "AIAUSDT": 0.10262,
  "COAIUSDT": 0.3155,
  "PTBUSDT": 0.001406,
  "IMXUSDT": 0.1631,
  "RPLUSDT": 2.304,
  "IOTAUSDT": 0.0679,
  "LUNA2USDT": 0.06258,
  "AXLUSDT": 0.05514,
  "IOUSDT": 0.1162,
  "ZRXUSDT": 0.1081,
  "THETAUSDT": 0.1964,
  "1INCHUSDT": 0.0924,
  "QNTUSDT": 65.02,
  "SFPUSDT": 0.2635,
  "4USDT": 0.00856,
  "SPKUSDT": 0.02036,
  "JSTUSDT": 0.042794,
  "BREVUSDT": 0.1311,
  "NEIROUSDT": 7.13e-05,
  "KAIAUSDT": 0.05608,
  "SKRUSDT": 0.019346,
  "ARKMUSDT": 0.1093,
  "FOLKSUSDT": 1.336,
  "KGENUSDT": 0.18267,
  "YFIUSDT": 2795.0,
  "MEGAUSDT": 0.13233,
  "RUNEUSDT": 0.4048,
  "EGLDUSDT": 4.471,
  "ANIMEUSDT": 0.004962,
  "BLUAIUSDT": 0.005249,
  "COWUSDT": 0.213,
  "TAKEUSDT": 0.02578,
  "BOMEUSDT": 0.0003992,
  "MAGICUSDT": 0.06784,
  "TWTUSDT": 0.5163,
  "NOMUSDT": 0.005104,
  "PEOPLEUSDT": 0.00655,
  "PROVEUSDT": 0.2947,
  "MANTAUSDT": 0.07058,
  "AIOUSDT": 0.0824,
  "FIGHTUSDT": 0.007031,
  "KASUSDT": 0.03068,
  "SAHARAUSDT": 0.01522,
  "SIGNUSDT": 0.02561,
  "OPENUSDT": 0.1496,
  "ZKCUSDT": 0.0877,
  "MINAUSDT": 0.06073,
  "TSTUSDT": 0.01028,
  "AUSDT": 0.081,
  "GASUSDT": 1.571,
  "AVAAIUSDT": 0.00751,
  "XNYUSDT": 0.00441,
  "GMTUSDT": 0.0117,
  "ACTUSDT": 0.01407,
  "TNSRUSDT": 0.04798,
  "TUTUSDT": 0.01076,
  "BATUSDT": 0.1194,
  "SANTOSUSDT": 1.913,
  "TURBOUSDT": 0.00103,
  "SUPERUSDT": 0.1166,
  "VELVETUSDT": 0.0796,
  "GRASSUSDT": 0.1824,
  "VTHOUSDT": 0.0006207,
  "IDOLUSDT": 0.02178,
  "XPTUSDT": 2162.32,
  "SOPHUSDT": 0.009066,
  "SWARMSUSDT": 0.00695,
  "BSVUSDT": 15.75,
  "NILUSDT": 0.04985,
  "CATIUSDT": 0.03926,
  "TRUTHUSDT": 0.010153,
  "SUSHIUSDT": 0.2038,
  "ZBTUSDT": 0.07157,
  "FUSDT": 0.005765,
  "YBUSDT": 0.1552,
  "AKEUSDT": 0.0002695,
  "POPCATUSDT": 0.05014,
  "C98USDT": 0.0268,
  "VELODROMEUSDT": 0.0149,
  "ACHUSDT": 0.007327,
  "CTSIUSDT": 0.0255,
  "BABYUSDT": 0.01276,
  "MUBARAKUSDT": 0.0147,
  "LAYERUSDT": 0.0856,
  "ICNTUSDT": 0.4049,
  "XVGUSDT": 0.006047,
  "CVXUSDT": 1.868,
  "STOUSDT": 0.05769,
  "SOONUSDT": 0.1707,
  "ASRUSDT": 1.434,
  "DEXEUSDT": 2.436,
  "KSMUSDT": 4.819,
  "BLURUSDT": 0.02024,
  "PLAYUSDT": 0.021,
  "RAYSOLUSDT": 0.6338,
  "MASKUSDT": 0.4392,
  "ALTUSDT": 0.00767,
  "RAREUSDT": 0.01879,
  "GLMUSDT": 0.16501,
  "AIXBTUSDT": 0.01951,
  "SOLVUSDT": 0.00433,
  "EDENUSDT": 0.03451,
  "ONTUSDT": 0.0429,
  "FRAXUSDT": 0.6662,
  "IRUSDT": 0.09421,
  "CELOUSDT": 0.076,
  "ANKRUSDT": 0.004391,
  "UMAUSDT": 0.462,
  "MEMEUSDT": 0.0006648,
  "DOLOUSDT": 0.04005,
  "DRIFTUSDT": 0.0869,
  "THEUSDT": 0.2548,
  "ARPAUSDT": 0.01013,
  "ZEREBROUSDT": 0.00764,
  "SONICUSDT": 0.04651,
  "SUNUSDT": 0.016997,
  "DEGOUSDT": 0.3376,
  "MELANIAUSDT": 0.1149,
  "WOOUSDT": 0.01795,
  "IDUSDT": 0.04696,
  "ERAUSDT": 0.1507,
  "IOTXUSDT": 0.00464,
  "KERNELUSDT": 0.06621,
  "APRUSDT": 0.10176,
  "ONUSDT": 0.09531,
  "KAVAUSDT": 0.051,
  "BASUSDT": 0.005253,
  "RSRUSDT": 0.001443,
  "SKLUSDT": 0.00667,
  "STORJUSDT": 0.0946,
  "GMXUSDT": 6.438,
  "WALUSDT": 0.0769,
  "HYPERUSDT": 0.0949,
  "POLYXUSDT": 0.0424,