{
  "BTCUSDT": 67432.1,
  "ETHUSDT": 2027.12,
  "SOLUSDT": 85.88,
  "XRPUSDT": 1.3975,
  "BNBUSDT": 624.99,
  "DOGEUSDT": 0.09671,
  "BCHUSDT": 478.17,
  "HYPEUSDT": 28.339,
  "XAGUSDT": 87.98,
  "XAUUSDT": 5185.44,
  "PAXGUSDT": 5196.02,
  "WLFIUSDT": 0.1154,
  "ADAUSDT": 0.2867,
  "ZECUSDT": 238.44,
  "TRXUSDT": 0.28543,
  "UNIUSDT": 3.853,
  "SUIUSDT": 0.9343,
  "AVAXUSDT": 9.313,
  "ASTERUSDT": 0.6994,
  "LINKUSDT": 9.098,
  "PIPPINUSDT": 0.83936,
  "LTCUSDT": 55.42,
  "1000PEPEUSDT": 0.0038242,
  "PUMPUSDT": 0.001767,
  "ENAUSDT": 0.1053,
  "DOTUSDT": 1.596,
  "NEARUSDT": 1.126,
  "AAVEUSDT": 114.23,
  "KITEUSDT": 0.25481,
  "WLDUSDT": 0.3999,
  "FILUSDT": 1.027,
  "TRUMPUSDT": 3.477,
  "LITUSDT": 1.433,
  "TAOUSDT": 182.29,
  "XPLUSDT": 0.0945,
  "HBARUSDT": 0.10267,
  "TONUSDT": 1.2994,
  "ATOMUSDT": 1.876,
  "1000SHIBUSDT": 0.005948,
  "POWERUSDT": 1.72214,
  "ZROUSDT": 1.5867,
  "APTUSDT": 0.9622,
  "ARBUSDT": 0.1003,
  "BERAUSDT": 0.6183,
  "XLMUSDT": 0.16197,
  "RIVERUSDT": 11.204,
  "XMRUSDT": 343.95,
  "AXSUSDT": 1.355,
  "ICPUSDT": 2.434,
  "WIFUSDT": 0.2093,
  "CRVUSDT": 0.249,
  "MONUSDT": 0.02103,
  "OPUSDT": 0.1192,
  "FETUSDT": 0.1614,
  "FFUSDT": 0.08227,
  "PENGUUSDT": 0.006942,
  "ETCUSDT": 8.856,
  "ARCUSDT": 0.03142,
  "VIRTUALUSDT": 0.6704,
  "1000BONKUSDT": 0.006129,
  "HUSDT": 0.12291,
  "FARTCOINUSDT": 0.167,
  "ESPUSDT": 0.14057,
  "POLUSDT": 0.11006,
  "ENSOUSDT": 1.5858,
  "PARTIUSDT": 0.09742,
  "IPUSDT": 0.999,
  "ETHFIUSDT": 0.5105,
  "SENTUSDT": 0.02447,
  "ONDOUSDT": 0.2658,
  "\u5e01\u5b89\u4eba\u751fUSDT": 0.06607,
  "CCUSDT": 0.1729,
  "STABLEUSDT": 0.03617,
  "BANUSDT": 0.11438,
  "BTCDOMUSDT": 5027.8,
  "TIAUSDT": 0.3373,
  "INJUSDT": 3.19,
  "BARDUSDT": 0.8619,
  "CHZUSDT": 0.0322,
  "DASHUSDT": 34.22,
  "0GUSDT": 0.6507,
  "SEIUSDT": 0.0703,
  "ZAMAUSDT": 0.02557,
  "ZKUSDT": 0.01983,
  "JUPUSDT": 0.1548,
  "KAITOUSDT": 0.3257,
  "GUAUSDT": 0.24556,
  "SIRENUSDT": 0.34101,
  "ALCHUSDT": 0.08014,
  "DENTUSDT": 0.000373,
  "LDOUSDT": 0.313,
  "PENDLEUSDT": 1.298,
  "MORPHOUSDT": 1.848,
  "SKYAIUSDT": 0.04483,
  "MYXUSDT": 0.492,
  "LYNUSDT": 0.33,
  "BANANAS31USDT": 0.00481,
  "QUSDT": 0.021727,
  "ATUSDT": 0.16217,
  "1000RATSUSDT": 0.04413,
  "RENDERUSDT": 1.436,
  "HOMEUSDT": 0.029122,
  "NIGHTUSDT": 0.06004,
  "CAKEUSDT": 1.3036,
  "PIEVERSEUSDT": 0.5061,
  "SANDUSDT": 0.08491,
  "BIOUSDT": 0.02281,
  "ZENUSDT": 5.587,
  "GPSUSDT": 0.009402,
  "GUNUSDT": 0.0313,
  "GALAUSDT": 0.0037,
  "ALGOUSDT": 0.0884,
  "BTRUSDT": 0.19635,
  "DUSKUSDT": 0.09341,
  "MUSDT": 1.4396,
  "HANAUSDT": 0.03595,
  "GIGGLEUSDT": 26.93,
  "VVVUSDT": 4.077,
  "ALLOUSDT": 0.1107,
  "UBUSDT": 0.0399,
  "USDCUSDT": 0.999424,
  "STRKUSDT": 0.04276,
  "CRCLUSDT": 86.38,
  "APEUSDT": 0.1059,
  "AZTECUSDT": 0.02327,
  "SKYUSDT": 0.06909,
  "BUSDT": 0.1413,
  "JTOUSDT": 0.2788,
  "GWEIUSDT": 0.035889,
  "BULLAUSDT": 0.01661,
  "OPNUSDT": 0.5387,
  "AEROUSDT": 0.358,
  "SYRUPUSDT": 0.23792,
  "METUSDT": 0.1843,
  "LAUSDT": 0.2371,
  "TRADOORUSDT": 1.404,
  "MSTRUSDT": 132.78,
  "FOGOUSDT": 0.03015,
  "RAVEUSDT": 0.36996,
  "XPINUSDT": 0.001537,
  "B2USDT": 0.7431,
  "ZILUSDT": 0.00414,
  "TSLAUSDT": 407.53,
  "PYTHUSDT": 0.05213,
  "EIGENUSDT": 0.1944,
  "BEAMXUSDT": 0.001935,
  "HUMAUSDT": 0.011336,
  "VETUSDT": 0.007603,
  "ROSEUSDT": 0.01276,
  "ORCAUSDT": 0.903,
  "AVNTUSDT": 0.179,
  "\u6211\u8e0f\u9a6c\u6765\u4e86USDT": 0.01181,
  "NEOUSDT": 2.78,
  "SKRUSDT": 0.021006,
  "ORDIUSDT": 2.438,
  "JELLYJELLYUSDT": 0.06274,
  "LINEAUSDT": 0.003156,
  "MOVEUSDT": 0.0216,
  "NXPCUSDT": 0.272,
  "DYDXUSDT": 0.097,
  "COMPUSDT": 18.92,
  "SOMIUSDT": 0.221,
  "XTZUSDT": 0.391,
  "CYBERUSDT": 0.5474,
  "ZKPUSDT": 0.08411,
  "FORMUSDT": 0.1926,
  "ESPORTSUSDT": 0.31336,
  "COLLECTUSDT": 0.04082,
  "LPTUSDT": 2.344,
  "SUSDT": 0.0406,
  "AWEUSDT": 0.05371,
  "PNUTUSDT": 0.04609,
  "STGUSDT": 0.1384,
  "AUCTIONUSDT": 4.89,
  "SNXUSDT": 0.342,
  "TRIAUSDT": 0.02115,
  "MEUSDT": 0.1195,
  "1000LUNCUSDT": 0.03689,
  "STXUSDT": 0.2603,
  "ARUSDT": 1.637,
  "AXLUSDT": 0.05665,
  "1000FLOKIUSDT": 0.0291,
  "ENSUSDT": 6.207,
  "AGLDUSDT": 0.273,
  "BEATUSDT": 0.2163,
  "JASMYUSDT": 0.005885,
  "CLOUSDT": 0.09419,
  "WUSDT": 0.01919,
  "YGGUSDT": 0.03892,
  "SPXUSDT": 0.3173,
  "TRBUSDT": 14.597,
  "STEEMUSDT": 0.06813,
  "RESOLVUSDT": 0.06253,
  "BANKUSDT": 0.03992,
  "CYSUSDT": 0.3663,
  "PLUMEUSDT": 0.00933,
  "API3USDT": 0.2959,
  "INITUSDT": 0.08111,
  "MIRAUSDT": 0.1066,
  "IMXUSDT": 0.1673,
  "2ZUSDT": 0.07875,
  "VANAUSDT": 1.467,
  "EDUUSDT": 0.1129,
  "JSTUSDT": 0.047469,
  "MERLUSDT": 0.04412,
  "HOTUSDT": 0.000474,
  "EULUSDT": 0.994,
  "SPACEUSDT": 0.009498,
  "USELESSUSDT": 0.04003,
  "ATHUSDT": 0.005065,
  "UAIUSDT": 0.247,
  "CFXUSDT": 0.04977,
  "TAUSDT": 0.03828,
  "BIRBUSDT": 0.17706,
  "DEXEUSDT": 3.299,
  "IOTAUSDT": 0.0694,
  "NMRUSDT": 7.901,
  "MANAUSDT": 0.0968,
  "OGUSDT": 3.005,
  "GRASSUSDT": 0.2252,
  "MMTUSDT": 0.1217,
  "COAIUSDT": 0.3138,
  "WCTUSDT": 0.05957,
  "GRTUSDT": 0.0266,
  "QNTUSDT": 63.49,
  "FLOWUSDT": 0.0364,
  "SPKUSDT": 0.02086,
  "4USDT": 0.00825,
  "MOODENGUSDT": 0.05113,
  "AKEUSDT": 0.0002778,
  "LIGHTUSDT": 0.2001,
  "NAORISUSDT": 0.03122,
  "ZRXUSDT": 0.1085,
  "SFPUSDT": 0.2589,
  "TAGUSDT": 0.0003478,
  "KERNELUSDT": 0.08568,
  "KASUSDT": 0.03142,
  "WETUSDT": 0.1034,
  "AGTUSDT": 0.004788,
  "RUNEUSDT": 0.4044,
  "1INCHUSDT": 0.0949,
  "ZORAUSDT": 0.01909,
  "LRCUSDT": 0.03272,
  "BREVUSDT": 0.1439,
  "KAIAUSDT": 0.05662,
  "THETAUSDT": 0.1926,
  "YBUSDT": 0.1766,
  "IOUSDT": 0.1137,
  "COWUSDT": 0.2204,
  "NEIROUSDT": 7.09e-05,
  "SIGNUSDT": 0.02364,
  "FHEUSDT": 0.03001,
  "ARKMUSDT": 0.1096,
  "KGENUSDT": 0.19072,
  "RPLUSDT": 1.965,
  "EGLDUSDT": 4.469,
  "ANIMEUSDT": 0.004934,
  "YFIUSDT": 2751.0,
  "BATUSDT": 0.1137,
  "PEOPLEUSDT": 0.00669,
  "ZBTUSDT": 0.07479,
  "PTBUSDT": 0.001118,
  "LUNA2USDT": 0.06306,
  "VELVETUSDT": 0.08875,
  "AUSDT": 0.0806,
  "KSMUSDT": 5.102,
  "AIAUSDT": 0.08619,
  "OPENUSDT": 0.1505,
  "MEGAUSDT": 0.13187,
  "SAHARAUSDT": 0.01507,
  "BSVUSDT": 16.13,
  "POPCATUSDT": 0.04864,
  "BLUAIUSDT": 0.005004,
  "SUSHIUSDT": 0.2084,
  "TWTUSDT": 0.4973,
  "PROVEUSDT": 0.2935,
  "GASUSDT": 1.6,
  "STOUSDT": 0.06217,
  "ACTUSDT": 0.01406,
  "MINAUSDT": 0.05913,
  "AVAAIUSDT": 0.00761,
  "SWARMSUSDT": 0.00719,
  "FIGHTUSDT": 0.00675,
  "NOMUSDT": 0.004055,
  "BOMEUSDT": 0.0003891,
  "NILUSDT": 0.04953,
  "MAGICUSDT": 0.06222,
  "FOLKSUSDT": 1.247,
  "TSTUSDT": 0.0098,
  "GMTUSDT": 0.01152,
  "VELODROMEUSDT": 0.01617,
  "AINUSDT": 0.04651,
  "AIXBTUSDT": 0.02001,
  "MEMEUSDT": 0.0006245,
  "TURBOUSDT": 0.0010128,
  "XPTUSDT": 2273.31,
  "MANTAUSDT": 0.06458,
  "AIOUSDT": 0.07709,
  "TNSRUSDT": 0.04714,
  "LAYERUSDT": 0.0868,
  "BLURUSDT": 0.02035,
  "HOLOUSDT": 0.05772,
  "XNYUSDT": 0.005093,
  "CATIUSDT": 0.03847,
  "BABYUSDT": 0.01238,
  "SOPHUSDT": 0.009137,
  "SUPERUSDT": 0.1151,
  "ACHUSDT": 0.007086,
  "TUTUSDT": 0.01014,
  "EDENUSDT": 0.03492,
  "FUSDT": 0.00581,
  "STBLUSDT": 0.04277,
  "XVGUSDT": 0.00592,
  "TRUTHUSDT": 0.010101,
  "UMAUSDT": 0.4535,
  "SOONUSDT": 0.165,
  "ARPAUSDT": 0.01,
  "MASKUSDT": 0.4314,
  "SUNUSDT": 0.016163,
  "MUBARAKUSDT": 0.01338,
  "SONICUSDT": 0.04968,
  "ASRUSDT": 1.35,
  "TAKEUSDT": 0.01926,
  "ICNTUSDT": 0.397,
  "ZKCUSDT": 0.0881,
  "ALTUSDT": 0.00751,
  "RAREUSDT": 0.01858,
  "INUSDT": 0.06844,
  "SOLVUSDT": 0.00418,
  "SAPIENUSDT": 0.08945,
  "KMNOUSDT": 0.02206,
  "WALUSDT": 0.0771,
  "CTSIUSDT": 0.0246,
  "GLMUSDT": 0.13691,
  "CELOUSDT": 0.077,
  "BELUSDT": 0.0995,
  "ANKRUSDT": 0.00435,
  "C98USDT": 0.0235,
  "ONTUSDT": 0.0431,
  "ERAUSDT": 0.1446,
  "MELANIAUSDT": 0.1104,
  "STORJUSDT": 0.0956,
  "KOMAUSDT": 0.00769,
  "DRIFTUSDT": 0.0842,
  "RAYSOLUSDT": 0.6119,
  "DEGOUSDT": 0.3173,
  "IDOLUSDT": 0.01678,
  "ARIAUSDT": 0.08098,
  "DAMUSDT": 0.02341,
  "ELSAUSDT": 0.08792,
  "GMXUSDT": 6.84,
  "SANTOSUSDT": 1.368,
  "PROMPTUSDT": 0.04684,
  "POLYXUSDT": 0.0427,
  "SKLUSDT": 0.00662,
  "RSRUSDT": 0.0015,
  "THEUSDT": 0.2627,