{
  "BTCUSDT": 65817.9,
  "ETHUSDT": 1931.99,
  "SOLUSDT": 82.12,
  "XRPUSDT": 1.3486,
  "BNBUSDT": 611.88,
  "DOGEUSDT": 0.09338,
  "XAGUSDT": 93.49,
  "BCHUSDT": 464.26,
  "XAUUSDT": 5245.11,
  "HYPEUSDT": 28.004,
  "PAXGUSDT": 5257.98,
  "WLFIUSDT": 0.1131,
  "ZECUSDT": 221.75,
  "ADAUSDT": 0.2783,
  "TRXUSDT": 0.2829,
  "UNIUSDT": 3.765,
  "SUIUSDT": 0.9067,
  "ASTERUSDT": 0.6861,
  "LINKUSDT": 8.751,
  "AVAXUSDT": 8.961,
  "LTCUSDT": 54.35,
  "1000PEPEUSDT": 0.0036581,
  "PUMPUSDT": 0.001804,
  "ENAUSDT": 0.1034,
  "PIPPINUSDT": 0.58301,
  "NEARUSDT": 1.1,
  "DOTUSDT": 1.555,
  "AAVEUSDT": 113.76,
  "WLDUSDT": 0.3909,
  "FILUSDT": 0.994,
  "KITEUSDT": 0.24217,
  "TRUMPUSDT": 3.339,
  "TAOUSDT": 178.02,
  "XPLUSDT": 0.095,
  "LITUSDT": 1.366,
  "1000SHIBUSDT": 0.005781,
  "ZROUSDT": 1.6183,
  "TONUSDT": 1.299,
  "POWERUSDT": 1.52351,
  "HBARUSDT": 0.09961,
  "ATOMUSDT": 1.856,
  "APTUSDT": 0.9434,
  "ARBUSDT": 0.1003,
  "RIVERUSDT": 11.19,
  "BERAUSDT": 0.6074,
  "ICPUSDT": 2.455,
  "XLMUSDT": 0.1582,
  "XMRUSDT": 342.87,
  "AXSUSDT": 1.337,
  "WIFUSDT": 0.2056,
  "MONUSDT": 0.02068,
  "CRVUSDT": 0.243,
  "HUSDT": 0.12244,
  "FETUSDT": 0.158,
  "OPUSDT": 0.1205,
  "FFUSDT": 0.07991,
  "ETCUSDT": 8.607,
  "VIRTUALUSDT": 0.6826,
  "PENGUUSDT": 0.006804,
  "CCUSDT": 0.17335,
  "POLUSDT": 0.1088,
  "\u5e01\u5b89\u4eba\u751fUSDT": 0.07152,
  "FARTCOINUSDT": 0.1619,
  "ARCUSDT": 0.03073,
  "PARTIUSDT": 0.09954,
  "IPUSDT": 0.971,
  "1000BONKUSDT": 0.005939,
  "BTCDOMUSDT": 5096.6,
  "ESPUSDT": 0.13047,
  "ETHFIUSDT": 0.4979,
  "STABLEUSDT": 0.034668,
  "TIAUSDT": 0.3247,
  "BANUSDT": 0.11278,
  "ENSOUSDT": 1.4074,
  "CHZUSDT": 0.03304,
  "INJUSDT": 3.101,
  "BARDUSDT": 0.8684,
  "ONDOUSDT": 0.257,
  "SENTUSDT": 0.02301,
  "SAHARAUSDT": 0.02314,
  "DASHUSDT": 33.58,
  "0GUSDT": 0.6343,
  "SEIUSDT": 0.06879,
  "VVVUSDT": 4.612,
  "KAITOUSDT": 0.3409,
  "JUPUSDT": 0.1534,
  "ZKUSDT": 0.01926,
  "ALCHUSDT": 0.08204,
  "SKYAIUSDT": 0.04767,
  "ZAMAUSDT": 0.02235,
  "SIRENUSDT": 0.35001,
  "PENDLEUSDT": 1.2695,
  "QUSDT": 0.023692,
  "MORPHOUSDT": 1.8023,
  "LDOUSDT": 0.3013,
  "LYNUSDT": 0.32099,
  "RENDERUSDT": 1.419,
  "GUAUSDT": 0.21129,
  "HOMEUSDT": 0.029131,
  "ATUSDT": 0.15881,
  "BANANAS31USDT": 0.004618,
  "NIGHTUSDT": 0.05921,
  "BUSDT": 0.1619,
  "BIOUSDT": 0.02254,
  "CAKEUSDT": 1.2901,
  "MYXUSDT": 0.409,
  "ZENUSDT": 5.552,
  "1000LUNCUSDT": 0.04112,
  "1000RATSUSDT": 0.03968,
  "PIEVERSEUSDT": 0.49,
  "ALGOUSDT": 0.0859,
  "GPSUSDT": 0.009249,
  "SANDUSDT": 0.08417,
  "ALLOUSDT": 0.11269,
  "GALAUSDT": 0.00366,
  "MUSDT": 1.4314,
  "HANAUSDT": 0.03558,
  "STRKUSDT": 0.04058,
  "USDCUSDT": 0.999424,
  "GIGGLEUSDT": 26.92,
  "JTOUSDT": 0.2815,
  "BTRUSDT": 0.18016,
  "APEUSDT": 0.105,
  "SKYUSDT": 0.06701,
  "AZTECUSDT": 0.0213,
  "ATHUSDT": 0.005953,
  "DENTUSDT": 0.000269,
  "DUSKUSDT": 0.08414,
  "GUNUSDT": 0.02725,
  "BULLAUSDT": 0.01546,
  "UBUSDT": 0.03568,
  "SYRUPUSDT": 0.23516,
  "AEROUSDT": 0.3417,
  "GWEIUSDT": 0.03436,
  "MSTRUSDT": 129.15,
  "TRADOORUSDT": 1.4,
  "LAUSDT": 0.2346,
  "XPINUSDT": 0.00152,
  "TSLAUSDT": 403.59,
  "METUSDT": 0.1814,
  "ZILUSDT": 0.00424,
  "OPNUSDT": 0.4873,
  "B2USDT": 0.7236,
  "JELLYJELLYUSDT": 0.06732,
  "EIGENUSDT": 0.1866,
  "BEAMXUSDT": 0.001916,
  "HUMAUSDT": 0.011674,
  "FOGOUSDT": 0.02753,
  "CRCLUSDT": 83.63,
  "PYTHUSDT": 0.05046,
  "AVNTUSDT": 0.1829,
  "VETUSDT": 0.007395,
  "ROSEUSDT": 0.01263,
  "\u6211\u8e0f\u9a6c\u6765\u4e86USDT": 0.012137,
  "NEOUSDT": 2.762,
  "RAVEUSDT": 0.33355,
  "ORCAUSDT": 0.9,
  "NXPCUSDT": 0.2749,
  "STGUSDT": 0.1424,
  "ORDIUSDT": 2.477,
  "DYDXUSDT": 0.096,
  "COLLECTUSDT": 0.03757,
  "XTZUSDT": 0.388,
  "MOVEUSDT": 0.02181,
  "COMPUSDT": 18.64,
  "FORMUSDT": 0.1922,
  "SKRUSDT": 0.021411,
  "LINEAUSDT": 0.003131,
  "CYBERUSDT": 0.5542,
  "ZKPUSDT": 0.08199,
  "ESPORTSUSDT": 0.30498,
  "AUCTIONUSDT": 4.797,
  "SUSDT": 0.04035,
  "LPTUSDT": 2.332,
  "PNUTUSDT": 0.04537,
  "SNXUSDT": 0.334,
  "WETUSDT": 0.11578,
  "AWEUSDT": 0.05335,
  "STXUSDT": 0.2594,
  "ENSUSDT": 6.042,
  "AGLDUSDT": 0.2652,
  "MEUSDT": 0.1207,
  "YGGUSDT": 0.03985,
  "SOMIUSDT": 0.2102,
  "WUSDT": 0.019,
  "ARUSDT": 1.66,
  "BEATUSDT": 0.2021,
  "1000FLOKIUSDT": 0.02859,
  "FLOWUSDT": 0.03882,
  "AXLUSDT": 0.05516,
  "TRIAUSDT": 0.01938,
  "TRBUSDT": 14.411,
  "PLUMEUSDT": 0.00945,
  "JASMYUSDT": 0.005625,
  "EULUSDT": 1.001,
  "BANKUSDT": 0.03802,
  "IMXUSDT": 0.1662,
  "ROBOUSDT": 0.03405,
  "RESOLVUSDT": 0.05891,
  "SPXUSDT": 0.3043,
  "2ZUSDT": 0.0764,
  "DEXEUSDT": 3.455,
  "FOLKSUSDT": 1.419,
  "API3USDT": 0.2902,
  "JSTUSDT": 0.04751,
  "MERLUSDT": 0.04352,
  "CYSUSDT": 0.3422,
  "EDUUSDT": 0.1098,
  "CLOUSDT": 0.07234,
  "INITUSDT": 0.08068,
  "USELESSUSDT": 0.03936,
  "CFXUSDT": 0.04883,
  "TAUSDT": 0.03797,
  "NMRUSDT": 7.875,
  "MANAUSDT": 0.0965,
  "AGTUSDT": 0.005241,
  "IOTAUSDT": 0.0673,
  "VANAUSDT": 1.464,
  "AIXBTUSDT": 0.02215,
  "OGUSDT": 2.936,
  "MMTUSDT": 0.1218,
  "WCTUSDT": 0.05975,
  "QNTUSDT": 63.4,
  "GRTUSDT": 0.02637,
  "COAIUSDT": 0.3047,
  "SPKUSDT": 0.02047,
  "BIRBUSDT": 0.15784,
  "MOODENGUSDT": 0.05099,
  "SFPUSDT": 0.2653,
  "LAYERUSDT": 0.0899,
  "NAORISUSDT": 0.0315,
  "MIRAUSDT": 0.0939,
  "GRASSUSDT": 0.2132,
  "LIGHTUSDT": 0.1933,
  "TAGUSDT": 0.0003454,
  "4USDT": 0.00809,
  "STEEMUSDT": 0.0606,
  "AKEUSDT": 0.0002858,
  "ANIMEUSDT": 0.005001,
  "SPACEUSDT": 0.008402,
  "XPTUSDT": 2379.09,
  "KASUSDT": 0.0298,
  "LUNA2USDT": 0.06596,
  "PTBUSDT": 0.001132,
  "ZRXUSDT": 0.1052,
  "1INCHUSDT": 0.0923,
  "RUNEUSDT": 0.3946,
  "LRCUSDT": 0.03312,
  "ZORAUSDT": 0.01853,
  "THETAUSDT": 0.1885,
  "KERNELUSDT": 0.08554,
  "NEIROUSDT": 6.947e-05,
  "IOUSDT": 0.1126,
  "HOTUSDT": 0.000411,
  "BATUSDT": 0.1072,
  "UAIUSDT": 0.2055,
  "KAIAUSDT": 0.05538,
  "EGLDUSDT": 4.485,
  "SIGNUSDT": 0.02312,
  "YBUSDT": 0.1789,
  "BREVUSDT": 0.1379,
  "AVAAIUSDT": 0.00803,
  "ARKMUSDT": 0.109,
  "COWUSDT": 0.2146,
  "YFIUSDT": 2718.0,
  "OPENUSDT": 0.1519,
  "FHEUSDT": 0.02857,
  "ZBTUSDT": 0.07866,
  "KGENUSDT": 0.18005,
  "NOMUSDT": 0.003827,
  "PEOPLEUSDT": 0.00653,
  "SWARMSUSDT": 0.007479,
  "BLUAIUSDT": 0.004928,
  "BSVUSDT": 15.72,
  "MEGAUSDT": 0.13151,
  "AUSDT": 0.0799,
  "VELVETUSDT": 0.08589,
  "RPLUSDT": 1.845,
  "SUSHIUSDT": 0.2032,
  "ACTUSDT": 0.01402,
  "NEWTUSDT": 0.07565,
  "PROVEUSDT": 0.2909,
  "BOMEUSDT": 0.0003829,
  "AIAUSDT": 0.08456,
  "TWTUSDT": 0.4867,
  "POPCATUSDT": 0.04758,
  "GMTUSDT": 0.01157,
  "MAGICUSDT": 0.06353,
  "STOUSDT": 0.06133,
  "TSTUSDT": 0.00966,
  "SOPHUSDT": 0.009133,
  "KSMUSDT": 5.0,
  "REDUSDT": 0.1648,
  "NILUSDT": 0.04952,
  "TURBOUSDT": 0.0009842,
  "STBLUSDT": 0.04572,
  "HOLOUSDT": 0.06057,
  "GASUSDT": 1.569,
  "MINAUSDT": 0.05836,
  "MEMEUSDT": 0.0006105,
  "FIGHTUSDT": 0.006406,
  "SOONUSDT": 0.168,
  "AINUSDT": 0.04446,
  "VELODROMEUSDT": 0.0156,
  "CATIUSDT": 0.0378,
  "MANTAUSDT": 0.06317,
  "C98USDT": 0.0271,
  "TNSRUSDT": 0.04725,
  "SUPERUSDT": 0.1168,
  "TUTUSDT": 0.01011,
  "BABYUSDT": 0.01233,
  "AIOUSDT": 0.0752,
  "XNYUSDT": 0.005448,
  "SAPIENUSDT": 0.09259,
  "BLURUSDT": 0.02013,
  "FUSDT": 0.005838,
  "ACHUSDT": 0.006828,
  "XVGUSDT": 0.005795,
  "MUBARAKUSDT": 0.01359,
  "UMAUSDT": 0.4441,
  "ALTUSDT": 0.007528,
  "SUNUSDT": 0.016012,
  "TRUTHUSDT": 0.009807,
  "MASKUSDT": 0.4275,
  "EDENUSDT": 0.03385,
  "ASRUSDT": 1.341,
  "DAMUSDT": 0.02479,
  "ERAUSDT": 0.1493,
  "INUSDT": 0.06847,
  "IDOLUSDT": 0.01932,
  "RAREUSDT": 0.01853,
  "WALUSDT": 0.07724,
  "DRIFTUSDT": 0.0861,
  "ZKCUSDT": 0.0879,
  "IDUSDT": 0.04476,
  "BELUSDT": 0.0972,
  "CELOUSDT": 0.079,
  "TAKEUSDT": 0.01798,
  "ONTUSDT": 0.0438,
  "CTSIUSDT": 0.0241,
  "KMNOUSDT": 0.02123,
  "SONICUSDT": 0.04689,
  "ANKRUSDT": 0.004254,
  "GLMUSDT": 0.13652,
  "SOLVUSDT": 0.003994,
  "ICNTUSDT": 0.3782,
  "SKLUSDT": 0.00677,
  "SANTOSUSDT": 1.398,
  "MELANIAUSDT": 0.108,
  "ARPAUSDT": 0.00965,
  "RAYSOLUSDT": 0.5954,
  "DEGOUSDT": 0.3092,
  "RSRUSDT": 0.001473,
  "POLYXUSDT": 0.04287,
  "PROMPTUSDT": 0.04611,
  "STORJUSDT": 0.0943,