{
  "BTCUSDT": 63926.9,
  "ETHUSDT": 1863.25,
  "SOLUSDT": 79.01,
  "XRPUSDT": 1.2882,
  "BNBUSDT": 593.97,
  "XAUUSDT": 5359.08,
  "DOGEUSDT": 0.08839,
  "XAGUSDT": 94.31,
  "PAXGUSDT": 5519.56,
  "BCHUSDT": 443.51,
  "HYPEUSDT": 27.321,
  "WLFIUSDT": 0.1061,
  "TRXUSDT": 0.27881,
  "ZECUSDT": 207.36,
  "ADAUSDT": 0.263,
  "UNIUSDT": 3.543,
  "SUIUSDT": 0.8316,
  "ASTERUSDT": 0.6883,
  "LINKUSDT": 8.3,
  "AVAXUSDT": 8.502,
  "LTCUSDT": 51.9,
  "1000PEPEUSDT": 0.0034604,
  "PUMPUSDT": 0.001751,
  "ENAUSDT": 0.0956,
  "PIPPINUSDT": 0.59245,
  "NEARUSDT": 1.061,
  "DOTUSDT": 1.466,
  "AAVEUSDT": 105.98,
  "WLDUSDT": 0.3704,
  "KITEUSDT": 0.25147,
  "FILUSDT": 0.929,
  "POWERUSDT": 1.74883,
  "TRUMPUSDT": 3.235,
  "LITUSDT": 1.318,
  "TAOUSDT": 167.66,
  "XPLUSDT": 0.0891,
  "1000SHIBUSDT": 0.005483,
  "ZROUSDT": 1.5076,
  "TONUSDT": 1.2322,
  "APTUSDT": 0.8766,
  "ATOMUSDT": 1.785,
  "RIVERUSDT": 12.196,
  "HBARUSDT": 0.09483,
  "BERAUSDT": 0.5775,
  "XMRUSDT": 329.78,
  "ICPUSDT": 2.294,
  "ARBUSDT": 0.0919,
  "XLMUSDT": 0.14858,
  "HUSDT": 0.11934,
  "WIFUSDT": 0.1853,
  "AXSUSDT": 1.231,
  "CRVUSDT": 0.231,
  "MONUSDT": 0.01974,
  "FFUSDT": 0.07792,
  "FETUSDT": 0.1457,
  "OPUSDT": 0.1103,
  "ETCUSDT": 8.181,
  "VIRTUALUSDT": 0.6329,
  "CCUSDT": 0.16081,
  "BARDUSDT": 1.0196,
  "PENGUUSDT": 0.006302,
  "PARTIUSDT": 0.09299,
  "POLUSDT": 0.10169,
  "BTCDOMUSDT": 5143.8,
  "FARTCOINUSDT": 0.1542,
  "\u5e01\u5b89\u4eba\u751fUSDT": 0.06476,
  "1000BONKUSDT": 0.005548,
  "ARCUSDT": 0.0274,
  "BANUSDT": 0.1106,
  "IPUSDT": 0.879,
  "INJUSDT": 2.909,
  "ETHFIUSDT": 0.4699,
  "CHZUSDT": 0.03162,
  "TIAUSDT": 0.301,
  "ONDOUSDT": 0.2412,
  "ENSOUSDT": 1.3299,
  "SKYAIUSDT": 0.05333,
  "ESPUSDT": 0.11731,
  "SENTUSDT": 0.02106,
  "0GUSDT": 0.5917,
  "DASHUSDT": 31.11,
  "STABLEUSDT": 0.030706,
  "VVVUSDT": 4.872,
  "SAHARAUSDT": 0.01921,
  "SEIUSDT": 0.0639,
  "JUPUSDT": 0.1459,
  "GWEIUSDT": 0.043406,
  "KAITOUSDT": 0.315,
  "ALCHUSDT": 0.07814,
  "SIRENUSDT": 0.30895,
  "ZKUSDT": 0.01794,
  "ZAMAUSDT": 0.02167,
  "QUSDT": 0.023589,
  "PENDLEUSDT": 1.1818,
  "BUSDT": 0.1779,
  "MORPHOUSDT": 1.7672,
  "LDOUSDT": 0.2834,
  "RENDERUSDT": 1.31,
  "BANANAS31USDT": 0.004607,
  "ATUSDT": 0.15784,
  "HOMEUSDT": 0.028565,
  "GUAUSDT": 0.20949,
  "SIGNUSDT": 0.02614,
  "BULLAUSDT": 0.01791,
  "NIGHTUSDT": 0.05599,
  "LYNUSDT": 0.28138,
  "MYXUSDT": 0.395,
  "MUSDT": 1.469,
  "PIEVERSEUSDT": 0.4756,
  "MSTRUSDT": 128.78,
  "CAKEUSDT": 1.2388,
  "BTRUSDT": 0.18613,
  "ZENUSDT": 5.009,
  "1000RATSUSDT": 0.03699,
  "BIOUSDT": 0.02047,
  "GPSUSDT": 0.009138,
  "USDCUSDT": 0.999428,
  "ALGOUSDT": 0.0824,
  "STRKUSDT": 0.03932,
  "HANAUSDT": 0.03443,
  "ALLOUSDT": 0.1057,
  "SANDUSDT": 0.07789,
  "CRCLUSDT": 83.12,
  "GALAUSDT": 0.0034,
  "UBUSDT": 0.03801,
  "JTOUSDT": 0.2541,
  "SKYUSDT": 0.06502,
  "1000LUNCUSDT": 0.03958,
  "APEUSDT": 0.0945,
  "GUNUSDT": 0.02649,
  "DUSKUSDT": 0.07756,
  "GIGGLEUSDT": 24.07,
  "ATHUSDT": 0.005581,
  "TSLAUSDT": 401.23,
  "JELLYJELLYUSDT": 0.06795,
  "AZTECUSDT": 0.01999,
  "B2USDT": 0.717,
  "OPNUSDT": 0.4718,
  "XPINUSDT": 0.001412,
  "AEROUSDT": 0.3202,
  "TRADOORUSDT": 1.276,
  "SYRUPUSDT": 0.21454,
  "ZILUSDT": 0.00395,
  "PYTHUSDT": 0.0461,
  "METUSDT": 0.1712,
  "HUMAUSDT": 0.011258,
  "DENTUSDT": 0.00027,
  "EIGENUSDT": 0.1734,
  "VETUSDT": 0.00683,
  "BEAMXUSDT": 0.00179,
  "LAYERUSDT": 0.0971,
  "LAUSDT": 0.2154,
  "ROSEUSDT": 0.01114,
  "FOGOUSDT": 0.02555,
  "AVNTUSDT": 0.1663,
  "NEOUSDT": 2.536,
  "COLLECTUSDT": 0.04303,
  "\u6211\u8e0f\u9a6c\u6765\u4e86USDT": 0.011,
  "DYDXUSDT": 0.088,
  "STGUSDT": 0.1327,
  "MOVEUSDT": 0.02063,
  "NXPCUSDT": 0.2609,
  "ORDIUSDT": 2.261,
  "ESPORTSUSDT": 0.3035,
  "XTZUSDT": 0.359,
  "ORCAUSDT": 0.851,
  "ZKPUSDT": 0.07841,
  "AUCTIONUSDT": 4.617,
  "FORMUSDT": 0.1817,
  "EULUSDT": 1.086,
  "BEATUSDT": 0.2209,
  "COMPUSDT": 17.29,
  "PNUTUSDT": 0.04149,
  "SUSDT": 0.0368,
  "RAVEUSDT": 0.31627,
  "LINEAUSDT": 0.002894,
  "STXUSDT": 0.2439,
  "CYBERUSDT": 0.51,
  "LPTUSDT": 2.182,
  "WUSDT": 0.0177,
  "SKRUSDT": 0.019293,
  "SNXUSDT": 0.313,
  "ARUSDT": 1.495,
  "WETUSDT": 0.10054,
  "ENSUSDT": 5.721,
  "SOMIUSDT": 0.2027,
  "1000FLOKIUSDT": 0.02659,
  "AWEUSDT": 0.05132,
  "ROBOUSDT": 0.03728,
  "MEUSDT": 0.1116,
  "TRBUSDT": 13.359,
  "JASMYUSDT": 0.005234,
  "TRIAUSDT": 0.01885,
  "JSTUSDT": 0.046924,
  "PLUMEUSDT": 0.00868,
  "RESOLVUSDT": 0.05798,
  "AGTUSDT": 0.005454,
  "BANKUSDT": 0.03575,
  "BIRBUSDT": 0.1545,
  "FLOWUSDT": 0.03795,
  "AXLUSDT": 0.05135,
  "TAUSDT": 0.03823,
  "AGLDUSDT": 0.2263,
  "DEXEUSDT": 3.338,
  "CYSUSDT": 0.32,
  "CLOUSDT": 0.07123,
  "CFXUSDT": 0.04561,
  "IMXUSDT": 0.1513,
  "2ZUSDT": 0.07073,
  "MANAUSDT": 0.0902,
  "WCTUSDT": 0.05646,
  "GRTUSDT": 0.02457,
  "USELESSUSDT": 0.03697,
  "YGGUSDT": 0.0359,
  "SPXUSDT": 0.2756,
  "IOTAUSDT": 0.0638,
  "MERLUSDT": 0.03958,
  "COAIUSDT": 0.3044,
  "EDUUSDT": 0.1029,
  "API3USDT": 0.2729,
  "INITUSDT": 0.07687,
  "OGUSDT": 2.815,
  "XPTUSDT": 2382.06,
  "SOPHUSDT": 0.008989,
  "NMRUSDT": 7.324,
  "QNTUSDT": 60.87,
  "TAGUSDT": 0.0003418,
  "MMTUSDT": 0.1128,
  "VANAUSDT": 1.385,
  "NAORISUSDT": 0.03129,
  "FOLKSUSDT": 1.296,
  "ALICEUSDT": 0.121,
  "SFPUSDT": 0.2495,
  "MOODENGUSDT": 0.04642,
  "GRASSUSDT": 0.198,
  "PTBUSDT": 0.001107,
  "ZORAUSDT": 0.01791,
  "1INCHUSDT": 0.0868,
  "ZRXUSDT": 0.0979,
  "LIGHTUSDT": 0.1757,
  "THETAUSDT": 0.1764,
  "4USDT": 0.00726,
  "SPKUSDT": 0.01827,
  "ANIMEUSDT": 0.004686,
  "MIRAUSDT": 0.0875,
  "BATUSDT": 0.1028,
  "SPACEUSDT": 0.007927,
  "ARKMUSDT": 0.1002,
  "RUNEUSDT": 0.3788,
  "NEIROUSDT": 6.215e-05,
  "IOUSDT": 0.1035,
  "AIXBTUSDT": 0.02014,
  "LUNA2USDT": 0.06117,
  "EGLDUSDT": 4.189,
  "KASUSDT": 0.02859,
  "YFIUSDT": 2527.0,
  "KAIAUSDT": 0.05245,
  "KGENUSDT": 0.1789,
  "FIGHTUSDT": 0.006776,
  "VELVETUSDT": 0.08492,
  "LRCUSDT": 0.03039,
  "STEEMUSDT": 0.05389,
  "BLUAIUSDT": 0.004837,
  "COWUSDT": 0.2027,
  "AKEUSDT": 0.0002389,
  "UAIUSDT": 0.1682,
  "KERNELUSDT": 0.07522,
  "BREVUSDT": 0.1252,
  "TWTUSDT": 0.478,
  "NOMUSDT": 0.003489,
  "MEGAUSDT": 0.13036,
  "PEOPLEUSDT": 0.006,
  "FHEUSDT": 0.02756,
  "STOUSDT": 0.06117,
  "AUSDT": 0.0747,
  "OPENUSDT": 0.1405,
  "PROVEUSDT": 0.2697,
  "BSVUSDT": 15.07,
  "RPLUSDT": 1.786,
  "POPCATUSDT": 0.04429,
  "SUSHIUSDT": 0.189,
  "SWARMSUSDT": 0.00702,
  "AIAUSDT": 0.07959,
  "AVAAIUSDT": 0.006972,
  "BOMEUSDT": 0.0003511,
  "ACTUSDT": 0.01281,
  "TSTUSDT": 0.00886,
  "GMTUSDT": 0.01081,
  "TURBOUSDT": 0.000901,
  "YBUSDT": 0.1664,
  "HOLOUSDT": 0.05743,
  "TRUTHUSDT": 0.009862,
  "VELODROMEUSDT": 0.01495,
  "KSMUSDT": 4.596,
  "SOONUSDT": 0.1565,
  "CATIUSDT": 0.03646,
  "MANTAUSDT": 0.05903,
  "AINUSDT": 0.0424,
  "MAGICUSDT": 0.05904,
  "ZBTUSDT": 0.0727,
  "STBLUSDT": 0.04122,
  "MINAUSDT": 0.05372,
  "TUTUSDT": 0.00933,
  "GASUSDT": 1.51,
  "SUNUSDT": 0.01557,
  "MEMEUSDT": 0.00056,
  "BABYUSDT": 0.01126,
  "FUSDT": 0.005442,
  "TNSRUSDT": 0.04341,
  "SUPERUSDT": 0.1075,
  "AIOUSDT": 0.07039,
  "TAKEUSDT": 0.01821,
  "XVGUSDT": 0.005275,
  "IOTXUSDT": 0.00481,
  "NEWTUSDT": 0.06798,
  "HOTUSDT": 0.000381,
  "C98USDT": 0.0246,
  "IDOLUSDT": 0.01955,
  "BLURUSDT": 0.0188,
  "ACHUSDT": 0.006505,
  "ALTUSDT": 0.00688,
  "NILUSDT": 0.04532,
  "REDUSDT": 0.1494,
  "MUBARAKUSDT": 0.01275,
  "UMAUSDT": 0.4093,
  "XNYUSDT": 0.004878,
  "SAPIENUSDT": 0.08377,
  "MASKUSDT": 0.3968,
  "GLMUSDT": 0.12634,
  "ASRUSDT": 1.242,
  "INUSDT": 0.0656,
  "WALUSDT": 0.07068,
  "ERAUSDT": 0.1399,
  "CELOUSDT": 0.073,
  "CTSIUSDT": 0.023,
  "ICNTUSDT": 0.3747,
  "ZKCUSDT": 0.0809,
  "RAYSOLUSDT": 0.56,
  "SKLUSDT": 0.00618,
  "KMNOUSDT": 0.02018,
  "ANKRUSDT": 0.003994,
  "KOMAUSDT": 0.007365,
  "EDENUSDT": 0.03127,
  "ONTUSDT": 0.0398,
  "SOLVUSDT": 0.003753,
  "DRIFTUSDT": 0.0809,
  "MELANIAUSDT": 0.104,
  "SONICUSDT": 0.04223,
  "DAMUSDT": 0.02134,
  "IDUSDT": 0.04174,
  "RAREUSDT": 0.01684,
  "ARIAUSDT": 0.07007,
  "DEGOUSDT": 0.2875,
  "POLYXUSDT": 0.04011,
  "GMXUSDT": 6.441,
  "ENJUSDT": 0.01853,