{
  "BTCUSDT": 65079.2,
  "ETHUSDT": 1900.19,
  "SOLUSDT": 81.08,
  "XRPUSDT": 1.3212,
  "BNBUSDT": 603.41,
  "XAUUSDT": 5302.01,
  "DOGEUSDT": 0.09068,
  "XAGUSDT": 94.23,
  "PAXGUSDT": 5426.42,
  "BCHUSDT": 443.33,
  "HYPEUSDT": 29.171,
  "WLFIUSDT": 0.108,
  "TRXUSDT": 0.28112,
  "ZECUSDT": 208.53,
  "UNIUSDT": 3.677,
  "ADAUSDT": 0.2674,
  "ASTERUSDT": 0.6987,
  "SUIUSDT": 0.8562,
  "LINKUSDT": 8.452,
  "AVAXUSDT": 8.682,
  "LTCUSDT": 52.79,
  "1000PEPEUSDT": 0.0035328,
  "PUMPUSDT": 0.001765,
  "ENAUSDT": 0.0993,
  "NEARUSDT": 1.071,
  "PIPPINUSDT": 0.58904,
  "DOTUSDT": 1.52,
  "AAVEUSDT": 107.81,
  "WLDUSDT": 0.3783,
  "KITEUSDT": 0.26107,
  "FILUSDT": 0.946,
  "POWERUSDT": 1.9105,
  "LITUSDT": 1.343,
  "TRUMPUSDT": 3.272,
  "XPLUSDT": 0.0914,
  "TAOUSDT": 171.07,
  "1000SHIBUSDT": 0.005535,
  "ZROUSDT": 1.6268,
  "APTUSDT": 0.8929,
  "TONUSDT": 1.2452,
  "RIVERUSDT": 13.113,
  "ATOMUSDT": 1.802,
  "HBARUSDT": 0.09637,
  "BERAUSDT": 0.5993,
  "XLMUSDT": 0.15116,
  "ICPUSDT": 2.332,
  "XMRUSDT": 329.84,
  "ARBUSDT": 0.0924,
  "WIFUSDT": 0.1829,
  "HUSDT": 0.12159,
  "MONUSDT": 0.02024,
  "AXSUSDT": 1.254,
  "CRVUSDT": 0.233,
  "FFUSDT": 0.07896,
  "FETUSDT": 0.1476,
  "OPUSDT": 0.113,
  "VIRTUALUSDT": 0.6543,
  "ETCUSDT": 8.242,
  "CCUSDT": 0.1669,
  "BARDUSDT": 0.9962,
  "PENGUUSDT": 0.006497,
  "PARTIUSDT": 0.09378,
  "POLUSDT": 0.10395,
  "\u5e01\u5b89\u4eba\u751fUSDT": 0.06993,
  "BTCDOMUSDT": 5134.7,
  "FARTCOINUSDT": 0.1573,
  "SKYAIUSDT": 0.05854,
  "1000BONKUSDT": 0.005606,
  "CHZUSDT": 0.03302,
  "IPUSDT": 0.892,
  "BANUSDT": 0.10968,
  "ETHFIUSDT": 0.4811,
  "ARCUSDT": 0.02618,
  "INJUSDT": 2.942,
  "ONDOUSDT": 0.247,
  "TIAUSDT": 0.3042,
  "ENSOUSDT": 1.3645,
  "DASHUSDT": 31.11,
  "0GUSDT": 0.6177,
  "VVVUSDT": 5.136,
  "ESPUSDT": 0.11596,
  "SENTUSDT": 0.02107,
  "SEIUSDT": 0.06409,
  "STABLEUSDT": 0.030119,
  "GWEIUSDT": 0.045543,
  "KAITOUSDT": 0.3412,
  "JUPUSDT": 0.1489,
  "SAHARAUSDT": 0.01937,
  "ALCHUSDT": 0.08029,
  "BULLAUSDT": 0.023,
  "ZKUSDT": 0.0181,
  "QUSDT": 0.024711,
  "ZAMAUSDT": 0.02175,
  "PENDLEUSDT": 1.2174,
  "SIRENUSDT": 0.30004,
  "BUSDT": 0.1783,
  "LDOUSDT": 0.2895,
  "MORPHOUSDT": 1.7372,
  "RENDERUSDT": 1.327,
  "BANANAS31USDT": 0.004647,
  "ATUSDT": 0.1597,
  "GUAUSDT": 0.21552,
  "HOMEUSDT": 0.02884,
  "SIGNUSDT": 0.0267,
  "NIGHTUSDT": 0.05564,
  "ZENUSDT": 5.064,
  "MYXUSDT": 0.396,
  "PIEVERSEUSDT": 0.4874,
  "CAKEUSDT": 1.2708,
  "MUSDT": 1.4658,
  "BIOUSDT": 0.02062,
  "1000RATSUSDT": 0.0371,
  "GPSUSDT": 0.009528,
  "ALGOUSDT": 0.0841,
  "USDCUSDT": 0.999429,
  "STRKUSDT": 0.0393,
  "BTRUSDT": 0.17962,
  "SANDUSDT": 0.07964,
  "GALAUSDT": 0.00343,
  "HANAUSDT": 0.0345,
  "ALLOUSDT": 0.10642,
  "LYNUSDT": 0.26397,
  "SKYUSDT": 0.06672,
  "1000LUNCUSDT": 0.04082,
  "GIGGLEUSDT": 24.67,
  "JTOUSDT": 0.2594,
  "APEUSDT": 0.0958,
  "GUNUSDT": 0.02654,
  "MSTRUSDT": 129.65,
  "DUSKUSDT": 0.08005,
  "CRCLUSDT": 83.25,
  "ATHUSDT": 0.005621,
  "UBUSDT": 0.03596,
  "TSLAUSDT": 401.51,
  "JELLYJELLYUSDT": 0.06718,
  "AZTECUSDT": 0.02047,
  "B2USDT": 0.7342,
  "TRADOORUSDT": 1.306,
  "XPINUSDT": 0.001429,
  "AEROUSDT": 0.331,
  "OPNUSDT": 0.4577,
  "ZILUSDT": 0.00402,
  "SYRUPUSDT": 0.21444,
  "METUSDT": 0.1759,
  "PYTHUSDT": 0.04656,
  "ROSEUSDT": 0.01118,
  "EIGENUSDT": 0.1722,
  "VETUSDT": 0.006985,
  "HUMAUSDT": 0.01125,
  "STGUSDT": 0.1432,
  "BEAMXUSDT": 0.001831,
  "LAUSDT": 0.2179,
  "\u6211\u8e0f\u9a6c\u6765\u4e86USDT": 0.011507,
  "NEOUSDT": 2.548,
  "FOGOUSDT": 0.02549,
  "AVNTUSDT": 0.1697,
  "DYDXUSDT": 0.089,
  "DENTUSDT": 0.000258,
  "ORDIUSDT": 2.302,
  "NXPCUSDT": 0.2679,
  "MOVEUSDT": 0.02095,
  "RAVEUSDT": 0.34473,
  "XTZUSDT": 0.363,
  "COLLECTUSDT": 0.04153,
  "ZKPUSDT": 0.08149,
  "ESPORTSUSDT": 0.3041,
  "SUSDT": 0.03812,
  "BEATUSDT": 0.2273,
  "LAYERUSDT": 0.0953,
  "AUCTIONUSDT": 4.677,
  "ORCAUSDT": 0.88,
  "LINEAUSDT": 0.002987,
  "FORMUSDT": 0.1818,
  "EULUSDT": 1.079,
  "COMPUSDT": 17.41,
  "PNUTUSDT": 0.0416,
  "ROBOUSDT": 0.03609,
  "STXUSDT": 0.2493,
  "SKRUSDT": 0.020629,
  "LPTUSDT": 2.227,
  "CYBERUSDT": 0.5062,
  "1000FLOKIUSDT": 0.02683,
  "ENSUSDT": 5.839,
  "WUSDT": 0.01791,
  "BIRBUSDT": 0.16406,
  "WETUSDT": 0.09869,
  "SNXUSDT": 0.308,
  "TRBUSDT": 13.419,
  "SOMIUSDT": 0.2036,
  "ARUSDT": 1.512,
  "MEUSDT": 0.1118,
  "JASMYUSDT": 0.005369,
  "AWEUSDT": 0.05157,
  "JSTUSDT": 0.047982,
  "TRIAUSDT": 0.01904,
  "PLUMEUSDT": 0.00885,
  "BANKUSDT": 0.03704,
  "RESOLVUSDT": 0.05854,
  "AGTUSDT": 0.005609,
  "DEXEUSDT": 3.447,
  "AGLDUSDT": 0.2255,
  "USELESSUSDT": 0.03911,
  "AXLUSDT": 0.05221,
  "FLOWUSDT": 0.03772,
  "COAIUSDT": 0.3234,
  "TAUSDT": 0.038,
  "SPXUSDT": 0.2913,
  "IMXUSDT": 0.1544,
  "MANAUSDT": 0.0913,
  "IOTAUSDT": 0.0649,
  "2ZUSDT": 0.07222,
  "CFXUSDT": 0.04631,
  "YGGUSDT": 0.03641,
  "CYSUSDT": 0.3111,
  "CLOUSDT": 0.07104,
  "MERLUSDT": 0.03968,
  "GRTUSDT": 0.02503,
  "WCTUSDT": 0.05749,
  "INITUSDT": 0.07926,
  "FOLKSUSDT": 1.429,
  "API3USDT": 0.2745,
  "OGUSDT": 2.899,
  "EDUUSDT": 0.1028,
  "ALICEUSDT": 0.124,
  "QNTUSDT": 62.01,
  "NMRUSDT": 7.259,
  "TAGUSDT": 0.0003475,
  "SOPHUSDT": 0.009249,
  "MMTUSDT": 0.1136,
  "VANAUSDT": 1.393,
  "MOODENGUSDT": 0.04758,
  "SFPUSDT": 0.251,
  "PTBUSDT": 0.001139,
  "GRASSUSDT": 0.2009,
  "NAORISUSDT": 0.03108,
  "ZRXUSDT": 0.1007,
  "1INCHUSDT": 0.089,
  "LIGHTUSDT": 0.1838,
  "SPKUSDT": 0.01863,
  "ZORAUSDT": 0.01806,
  "THETAUSDT": 0.1793,
  "XPTUSDT": 2374.5,
  "4USDT": 0.00744,
  "ANIMEUSDT": 0.004799,
  "NEIROUSDT": 6.178e-05,
  "RUNEUSDT": 0.385,
  "KAIAUSDT": 0.05342,
  "ARKMUSDT": 0.1009,
  "IOUSDT": 0.1029,
  "BATUSDT": 0.1036,
  "EGLDUSDT": 4.25,
  "AIXBTUSDT": 0.02034,
  "YFIUSDT": 2565.0,
  "TAKEUSDT": 0.02133,
  "SPACEUSDT": 0.007903,
  "STEEMUSDT": 0.0549,
  "KGENUSDT": 0.18048,
  "VELVETUSDT": 0.08439,
  "LRCUSDT": 0.03022,
  "BLUAIUSDT": 0.004944,
  "LUNA2USDT": 0.06255,
  "PEOPLEUSDT": 0.00606,
  "FHEUSDT": 0.02855,
  "KASUSDT": 0.02901,
  "BREVUSDT": 0.1278,
  "AKEUSDT": 0.0002366,
  "COWUSDT": 0.2054,
  "UAIUSDT": 0.1704,
  "TWTUSDT": 0.4797,
  "MEGAUSDT": 0.13059,
  "MIRAUSDT": 0.0849,
  "KERNELUSDT": 0.07533,
  "OPENUSDT": 0.143,
  "GMTUSDT": 0.01093,
  "PROVEUSDT": 0.2782,
  "AUSDT": 0.0771,
  "AIAUSDT": 0.08101,
  "POPCATUSDT": 0.04565,
  "BOMEUSDT": 0.0003567,
  "NOMUSDT": 0.003515,
  "STOUSDT": 0.06094,
  "BSVUSDT": 15.34,
  "AVAAIUSDT": 0.007212,
  "SWARMSUSDT": 0.007101,
  "TRUTHUSDT": 0.010188,
  "SUSHIUSDT": 0.1916,
  "TSTUSDT": 0.00908,
  "ACTUSDT": 0.01291,
  "RPLUSDT": 1.796,
  "VELODROMEUSDT": 0.01529,
  "TURBOUSDT": 0.000917,
  "SUNUSDT": 0.015549,
  "SOONUSDT": 0.1616,
  "MANTAUSDT": 0.0596,
  "KSMUSDT": 4.579,
  "CATIUSDT": 0.03667,
  "XVGUSDT": 0.005404,
  "FIGHTUSDT": 0.006283,
  "BABYUSDT": 0.01145,
  "TUTUSDT": 0.0094,
  "MINAUSDT": 0.05459,
  "SUPERUSDT": 0.1097,
  "FUSDT": 0.00557,
  "GASUSDT": 1.542,
  "YBUSDT": 0.1605,
  "AINUSDT": 0.04193,
  "MEMEUSDT": 0.0005701,
  "MAGICUSDT": 0.05986,
  "XNYUSDT": 0.005484,
  "ZBTUSDT": 0.07346,
  "TNSRUSDT": 0.04327,
  "AIOUSDT": 0.07064,
  "IDOLUSDT": 0.0204,
  "STBLUSDT": 0.04016,
  "C98USDT": 0.0265,
  "ALTUSDT": 0.00701,
  "HOLOUSDT": 0.05816,
  "BLURUSDT": 0.01906,
  "IOTXUSDT": 0.00472,
  "NILUSDT": 0.04542,
  "MUBARAKUSDT": 0.01298,
  "REDUSDT": 0.1452,
  "NEWTUSDT": 0.06799,
  "ACHUSDT": 0.006545,
  "ASRUSDT": 1.293,
  "MASKUSDT": 0.404,
  "UMAUSDT": 0.4139,
  "RAYSOLUSDT": 0.5759,
  "SAPIENUSDT": 0.08403,
  "WALUSDT": 0.07522,
  "GLMUSDT": 0.1292,
  "ONTUSDT": 0.0412,
  "INUSDT": 0.06597,
  "HOTUSDT": 0.000385,
  "ERAUSDT": 0.1419,
  "ANKRUSDT": 0.004117,
  "RAREUSDT": 0.01546,
  "CTSIUSDT": 0.0235,
  "ZKCUSDT": 0.0822,
  "EDENUSDT": 0.03202,
  "ICNTUSDT": 0.3818,
  "KOMAUSDT": 0.007461,
  "KMNOUSDT": 0.02031,
  "CELOUSDT": 0.072,
  "SKLUSDT": 0.00623,
  "SOLVUSDT": 0.003889,
  "SONICUSDT": 0.04391,
  "DRIFTUSDT": 0.0826,
  "DAMUSDT": 0.02205,
  "SANTOSUSDT": 1.341,
  "RSRUSDT": 0.001395,
  "MELANIAUSDT": 0.1048,
  "FIOUSDT": 0.00935,
  "QTUMUSDT": 0.87,
  "POLYXUSDT": 0.04106,
  "ARIAUSDT": 0.06946,