{
  "BTCUSDT": 68737.8,
  "ETHUSDT": 1996.72,
  "SOLUSDT": 84.71,
  "ETH/USDCUSDT": 1974.65,
  "BTC/USDCUSDT": 67894.0,
  "XRPUSDT": 1.4761,
  "INITUSDT": 0.13069,
  "XAGUSDT": 76.7,
  "DOGEUSDT": 0.10029,
  "BTC/USDUSDT": 68656.8,
  "ZECUSDT": 289.24,
  "1000PEPEUSDT": 0.0044803,
  "ETH/USDUSDT": 1995.35,
  "XAUUSDT": 4991.68,
  "SIRENUSDT": 0.22294,
  "SPACEUSDT": 0.011732,
  "PIPPINUSDT": 0.71901,
  "BNBUSDT": 617.08,
  "VVVUSDT": 3.55,
  "TAOUSDT": 192.37,
  "SOL/USDCUSDT": 84.68,
  "HYPEUSDT": 29.917,
  "XRP/USDCUSDT": 1.4755,
  "RIVERUSDT": 12.769,
  "ASTERUSDT": 0.7225,
  "SUIUSDT": 0.9689,
  "ADAUSDT": 0.2825,
  "BCHUSDT": 571.2,
  "AVAXUSDT": 9.143,
  "STABLEUSDT": 0.029873,
  "TRUMPUSDT": 3.392,
  "LINKUSDT": 8.791,
  "PAXGUSDT": 4994.47,
  "LTCUSDT": 54.23,
  "\u6211\u8e0f\u9a6c\u6765\u4e86USDT": 0.020859,
  "XRP/USDUSDT": 1.4749,
  "POWERUSDT": 0.28865,
  "FILUSDT": 0.968,
  "SOL/USDUSDT": 83.99,
  "WLFIUSDT": 0.1005,
  "UNIUSDT": 3.515,
  "FHEUSDT": 0.04141,
  "ENAUSDT": 0.1208,
  "BNB/USDCUSDT": 617.31,
  "ZAMAUSDT": 0.02341,
  "HUSDT": 0.19042,
  "PUMPUSDT": 0.002175,
  "KITEUSDT": 0.21101,
  "NEARUSDT": 1.055,
  "PENGUUSDT": 0.007162,
  "DOTUSDT": 1.357,
  "XPLUSDT": 0.1019,
  "DOGE/USDCUSDT": 0.10025,
  "IPUSDT": 1.167,
  "WIFUSDT": 0.2335,
  "FARTCOINUSDT": 0.1971,
  "AAVEUSDT": 124.99,
  "ZROUSDT": 1.647,
  "LITUSDT": 1.689,
  "MOODENGUSDT": 0.06229,
  "WLDUSDT": 0.4016,
  "BERAUSDT": 0.6525,
  "RPLUSDT": 2.481,
  "AXSUSDT": 1.356,
  "PTBUSDT": 0.001701,
  "OMUSDT": 0.06032,
  "VIRTUALUSDT": 0.6477,
  "LUNA2USDT": 0.06635,
  "TRXUSDT": 0.28352,
  "BTRUSDT": 0.19037,
  "DOGE/USDUSDT": 0.10024,
  "UMAUSDT": 0.5507,
  "1000SHIBUSDT": 0.006526,
  "DASHUSDT": 37.67,
  "EULUSDT": 1.018,
  "APTUSDT": 0.9173,
  "BULLAUSDT": 0.03024,
  "MUBARAKUSDT": 0.01991,
  "HBARUSDT": 0.10059,
  "XLMUSDT": 0.16786,
  "ZEC/USDCUSDT": 288.99,
  "USELESSUSDT": 0.0478,
  "XMRUSDT": 327.23,
  "\u5e01\u5b89\u4eba\u751fUSDT": 0.09989,
  "ARBUSDT": 0.1136,
  "1000BONKUSDT": 0.006507,
  "0GUSDT": 0.6451,
  "ESPUSDT": 0.05766,
  "SAGAUSDT": 0.03414,
  "1000PEPE/USDCUSDT": 0.0044767,
  "DUSKUSDT": 0.1092,
  "BEATUSDT": 0.2628,
  "MOVEUSDT": 0.02578,
  "CRVUSDT": 0.254,
  "ALLOUSDT": 0.08837,
  "STORJUSDT": 0.1077,
  "BNB/USDUSDT": 618.38,
  "TONUSDT": 1.4422,
  "CLOUSDT": 0.07197,
  "OGUSDT": 3.343,
  "SUPERUSDT": 0.1312,
  "TAKEUSDT": 0.031,
  "ATOMUSDT": 2.256,
  "MYXUSDT": 1.887,
  "MONUSDT": 0.02344,
  "ETCUSDT": 8.76,
  "ETH/BTCUSDT": 1974.91356,
  "ICPUSDT": 2.378,
  "TNSRUSDT": 0.05496,
  "ENSOUSDT": 1.0848,
  "SENTUSDT": 0.02218,
  "AZTECUSDT": 0.02227,
  "ONDOUSDT": 0.2745,
  "OPUSDT": 0.1879,
  "COMPUSDT": 19.69,
  "RENDERUSDT": 1.439,
  "FIGHTUSDT": 0.007653,
  "TIAUSDT": 0.34,
  "MERLUSDT": 0.06355,
  "TRIAUSDT": 0.01722,
  "NILUSDT": 0.05808,
  "FETUSDT": 0.1717,
  "MAGICUSDT": 0.07341,
  "POLUSDT": 0.10671,
  "INJUSDT": 3.128,
  "HUMAUSDT": 0.014727,
  "GALAUSDT": 0.00409,
  "LAUSDT": 0.2036,
  "LPTUSDT": 2.471,
  "PROMUSDT": 1.527,
  "PLAYUSDT": 0.02381,
  "SEIUSDT": 0.0747,
  "ZENUSDT": 6.199,
  "CHZUSDT": 0.04109,
  "ARCUSDT": 0.07879,
  "ZKPUSDT": 0.09237,
  "JUPUSDT": 0.1588,
  "MORPHOUSDT": 1.3462,
  "PYTHUSDT": 0.0566,
  "ADA/USDUSDT": 0.2824,
  "SUI/USDCUSDT": 0.9683,
  "MEUSDT": 0.136,
  "ALGOUSDT": 0.0936,
  "ROSEUSDT": 0.01214,
  "TRUTHUSDT": 0.015961,
  "1000LUNCUSDT": 0.0345,
  "PENDLEUSDT": 1.2328,
  "LDOUSDT": 0.3405,
  "SHELLUSDT": 0.03315,
  "SOMIUSDT": 0.197,
  "FOGOUSDT": 0.02334,
  "NEIROUSDT": 7.75e-05,
  "OGNUSDT": 0.0267,
  "GPSUSDT": 0.011411,
  "DYDXUSDT": 0.108,
  "SPXUSDT": 0.3184,
  "SANDUSDT": 0.08718,
  "1000FLOKIUSDT": 0.0321,
  "COWUSDT": 0.2077,
  "SNXUSDT": 0.296,
  "BCH/USDCUSDT": 570.77,
  "NOMUSDT": 0.005545,
  "SUI/USDUSDT": 0.9681,
  "NAORISUSDT": 0.03124,
  "ZKUSDT": 0.02171,
  "ENSUSDT": 6.782,
  "MANTAUSDT": 0.07917,
  "MUSDT": 1.4534,
  "LYNUSDT": 0.23772,
  "DYMUSDT": 0.04697,
  "ADA/USDCUSDT": 0.2824,
  "JCTUSDT": 0.001792,
  "STGUSDT": 0.1422,
  "COAIUSDT": 0.3506,
  "GIGGLEUSDT": 31.99,
  "FRAXUSDT": 0.6702,
  "FIL/USDCUSDT": 0.968,
  "ARIAUSDT": 0.08551,
  "EIGENUSDT": 0.2093,
  "SKLUSDT": 0.00707,
  "LINEAUSDT": 0.003631,
  "BANANAS31USDT": 0.004812,
  "JELLYJELLYUSDT": 0.06023,
  "ENA/USDCUSDT": 0.1208,
  "STRKUSDT": 0.04844,
  "BIRBUSDT": 0.19109,
  "VETUSDT": 0.008266,
  "GUNUSDT": 0.02281,
  "LINK/USDCUSDT": 8.786,
  "ETHFIUSDT": 0.4768,
  "XPINUSDT": 0.001871,
  "MSTRUSDT": 133.99,
  "ONUSDT": 0.0975,
  "CAKEUSDT": 1.3047,
  "ARPAUSDT": 0.01038,
  "LRCUSDT": 0.03481,
  "XANUSDT": 0.00872,
  "COLLECTUSDT": 0.07251,
  "ZILUSDT": 0.00431,
  "POPCATUSDT": 0.05484,
  "SYRUPUSDT": 0.24273,
  "PNUTUSDT": 0.05115,
  "SUSDT": 0.04828,
  "TRUMP/USDCUSDT": 3.393,
  "CYSUSDT": 0.5214,
  "KASUSDT": 0.03173,
  "LINK/USDUSDT": 8.783,
  "TURBOUSDT": 0.001122,
  "XAIUSDT": 0.01064,
  "FIL/USDUSDT": 0.966,
  "AWEUSDT": 0.09703,
  "ORDIUSDT": 2.802,
  "TOSHIUSDT": 0.0002264,
  "GWEIUSDT": 0.028293,
  "ACEUSDT": 0.1707,
  "XPDUSDT": 1726.34,
  "TRBUSDT": 15.741,
  "ARUSDT": 2.014,
  "SKRUSDT": 0.020491,
  "C98USDT": 0.0304,
  "XNYUSDT": 0.005721,
  "AVNTUSDT": 0.2007,
  "ACUUSDT": 0.11457,
  "KSMUSDT": 4.722,
  "CYBERUSDT": 0.5616,
  "FFUSDT": 0.08196,
  "LIGHTUSDT": 0.2338,
  "AVAX/USDCUSDT": 9.138,
  "ALPINEUSDT": 0.4481,
  "BROCCOLI714USDT": 0.01504,
  "KERNELUSDT": 0.06662,
  "RAVEUSDT": 0.39112,
  "CCUSDT": 0.16064,
  "STXUSDT": 0.2642,
  "IP/USDCUSDT": 1.167,
  "AIAUSDT": 0.10744,
  "XPTUSDT": 2046.34,
  "MEMEUSDT": 0.000726,
  "MIRAUSDT": 0.0928,
  "BASUSDT": 0.004946,
  "APEUSDT": 0.1292,
  "VICUSDT": 0.0498,
  "MASKUSDT": 0.471,
  "SPORTFUNUSDT": 0.03751,
  "RESOLVUSDT": 0.06077,
  "CFXUSDT": 0.05525,
  "USTCUSDT": 0.005017,
  "BIOUSDT": 0.02443,
  "EDENUSDT": 0.03409,
  "AIXBTUSDT": 0.02133,
  "BOMEUSDT": 0.0004361,
  "GRTUSDT": 0.02788,
  "LTC/USDCUSDT": 54.21,
  "XTZUSDT": 0.397,
  "BREVUSDT": 0.1354,
  "RUNEUSDT": 0.3983,
  "JTOUSDT": 0.2661,
  "LSKUSDT": 0.1443,
  "DOLOUSDT": 0.03722,
  "EGLDUSDT": 4.841,
  "WLFI/USDCUSDT": 0.1004,
  "MANAUSDT": 0.1018,
  "JASMYUSDT": 0.005955,
  "CUSDT": 0.05731,
  "DEEPUSDT": 0.0283,
  "KAITOUSDT": 0.3158,
  "AEROUSDT": 0.3111,
  "OPENUSDT": 0.158,
  "ARKMUSDT": 0.1177,
  "ESPORTSUSDT": 0.3687,
  "LTC/USDUSDT": 54.21,
  "MMTUSDT": 0.132,
  "AIOUSDT": 0.07488,
  "STOUSDT": 0.05544,
  "PEOPLEUSDT": 0.00707,
  "ARB/USDCUSDT": 0.1136,
  "BATUSDT": 0.1281,
  "BANUSDT": 0.0995,
  "AUCTIONUSDT": 5.274,
  "SYNUSDT": 0.04961,
  "BCH/USDUSDT": 570.71,
  "ACTUSDT": 0.01572,
  "ZKCUSDT": 0.0982,
  "IRYSUSDT": 0.03711,
  "HAEDALUSDT": 0.02928,
  "PARTIUSDT": 0.10663,
  "WUSDT": 0.02042,
  "AXLUSDT": 0.06043,
  "TSLAUSDT": 417.38,
  "SQDUSDT": 0.04093,
  "NIGHTUSDT": 0.05691,
  "SAPIENUSDT": 0.08732,
  "QNTUSDT": 69.79,
  "FLOWUSDT": 0.04062,
  "BEAMXUSDT": 0.002441,
  "BARDUSDT": 0.7976,
  "1000SATSUSDT": 1.2e-05,
  "METUSDT": 0.2213,
  "THETAUSDT": 0.207,
  "BTCDOMUSDT": 5065.1,
  "VANAUSDT": 1.55,
  "LISTAUSDT": 0.094,
  "BABYUSDT": 0.01403,
  "UNI/USDUSDT": 3.513,
  "NEAR/USDCUSDT": 1.054,
  "HOTUSDT": 0.000405,
  "ACHUSDT": 0.00763,
  "IRUSDT": 0.08,
  "MAGMAUSDT": 0.10058,
  "ALCHUSDT": 0.08335,
  "ALICEUSDT": 0.113,
  "KGENUSDT": 0.16686,
  "EDUUSDT": 0.1314,
  "CRV/USDCUSDT": 0.2549,
  "KAIAUSDT": 0.05717,
  "RAYSOLUSDT": 0.6202,
  "NMRUSDT": 8.529,
  "YFIUSDT": 2869.0,
  "PENGU/USDCUSDT": 0.007153,
  "REZUSDT": 0.003106,
  "NEOUSDT": 2.831,
  "4USDT": 0.00996,
  "TREEUSDT": 0.07279,
  "TOWNSUSDT": 0.004033,
  "CHRUSDT": 0.0264,
  "ZORAUSDT": 0.02113,
  "UAIUSDT": 0.2434,
  "WCTUSDT": 0.06274,
  "RECALLUSDT": 0.04834,
  "SOONUSDT": 0.1823,
  "COINUSDT": 164.96,
  "GMTUSDT": 0.01232,
  "SKYUSDT": 0.06645,
  "HANAUSDT": 0.03887,
  "XVGUSDT": 0.006087,
  "PLUMEUSDT": 0.0109,
  "1INCHUSDT": 0.0946,
  "TWTUSDT": 0.5261,
  "B3USDT": 0.0004586,
  "API3USDT": 0.3156,
  "ICNTUSDT": 0.4773,
  "APRUSDT": 0.09742,
  "HEMIUSDT": 0.01055,
  "2ZUSDT": 0.0774,
  "INUSDT": 0.06411,
  "IOUSDT": 0.1085,
  "AVAX/USDUSDT": 9.14,
  "RAREUSDT": 0.02,
  "MINAUSDT": 0.06595,
  "ZRXUSDT": 0.1083,