{
  "BTCUSDT": 66254.6,
  "ETHUSDT": 1943.44,
  "SOLUSDT": 82.9,
  "ETH/USDCUSDT": 1928.1,
  "BTC/USDCUSDT": 65651.1,
  "BTC/USDUSDT": 66181.1,
  "XRPUSDT": 1.3539,
  "ETH/USDUSDT": 1944.16,
  "XAUUSDT": 5372.31,
  "POWERUSDT": 1.76975,
  "DOGEUSDT": 0.09182,
  "XAGUSDT": 97.85,
  "HYPEUSDT": 31.586,
  "BNBUSDT": 613.54,
  "1000PEPEUSDT": 0.0034221,
  "ZECUSDT": 215.25,
  "SOL/USDCUSDT": 82.9,
  "PAXGUSDT": 5426.06,
  "SAHARAUSDT": 0.02265,
  "FIOUSDT": 0.01001,
  "SUIUSDT": 0.8811,
  "ARCUSDT": 0.04006,
  "RIVERUSDT": 14.379,
  "ADAUSDT": 0.2726,
  "PIPPINUSDT": 0.57149,
  "XRP/USDCUSDT": 1.3539,
  "DOTUSDT": 1.519,
  "BCHUSDT": 437.93,
  "AVAXUSDT": 8.935,
  "VVVUSDT": 6.106,
  "NEARUSDT": 1.133,
  "DENTUSDT": 0.000307,
  "LINKUSDT": 8.608,
  "ESPUSDT": 0.12719,
  "FILUSDT": 0.956,
  "GRASSUSDT": 0.2542,
  "SOL/USDUSDT": 81.91,
  "PUMPUSDT": 0.001882,
  "BULLAUSDT": 0.0239,
  "ASTERUSDT": 0.7042,
  "TAOUSDT": 175.24,
  "ZROUSDT": 1.7689,
  "LTCUSDT": 53.04,
  "UNIUSDT": 3.72,
  "SIRENUSDT": 0.25697,
  "AAVEUSDT": 112.29,
  "XRP/USDUSDT": 1.357,
  "ETH/BTCUSDT": 1927.759572,
  "WIFUSDT": 0.1878,
  "TRUMPUSDT": 3.392,
  "ENAUSDT": 0.1023,
  "GWEIUSDT": 0.041051,
  "ARBUSDT": 0.0977,
  "WLDUSDT": 0.3816,
  "WLFIUSDT": 0.1078,
  "KITEUSDT": 0.25395,
  "1000SHIBUSDT": 0.005507,
  "BNB/USDCUSDT": 613.71,
  "VIRTUALUSDT": 0.6823,
  "BARDUSDT": 0.9908,
  "ENSOUSDT": 1.3097,
  "OPUSDT": 0.1204,
  "PENGUUSDT": 0.006648,
  "FARTCOINUSDT": 0.1517,
  "BNB/USDUSDT": 613.91,
  "ALICEUSDT": 0.149,
  "APTUSDT": 0.9194,
  "HIPPOUSDT": 0.0007474,
  "DOGE/USDCUSDT": 0.09182,
  "XLMUSDT": 0.15347,
  "ROBOUSDT": 0.03834,
  "DOGE/USDUSDT": 0.09182,
  "XPLUSDT": 0.096,
  "STEEMUSDT": 0.06119,
  "HBARUSDT": 0.09702,
  "LYNUSDT": 0.34092,
  "ETCUSDT": 8.417,
  "TRXUSDT": 0.28015,
  "1000BONKUSDT": 0.005775,
  "SKYAIUSDT": 0.03997,
  "COSUSDT": 0.001039,
  "DASHUSDT": 31.48,
  "ICPUSDT": 2.36,
  "SIGNUSDT": 0.02565,
  "CRVUSDT": 0.24,
  "GALAUSDT": 0.00345,
  "ATHUSDT": 0.006109,
  "TONUSDT": 1.1931,
  "JUPUSDT": 0.1632,
  "XMRUSDT": 340.66,
  "AXSUSDT": 1.253,
  "SPXUSDT": 0.3152,
  "SUI/USDCUSDT": 0.8809,
  "MYXUSDT": 0.383,
  "LAYERUSDT": 0.0913,
  "TIAUSDT": 0.3143,
  "1000LUNCUSDT": 0.04301,
  "MIRAUSDT": 0.0904,
  "ONDOUSDT": 0.2513,
  "\u5e01\u5b89\u4eba\u751fUSDT": 0.06311,
  "XTZUSDT": 0.367,
  "GIGGLEUSDT": 25.32,
  "INJUSDT": 2.983,
  "ATOMUSDT": 1.781,
  "STGUSDT": 0.1567,
  "RAVEUSDT": 0.36323,
  "FORMUSDT": 0.2122,
  "TAKEUSDT": 0.02148,
  "SEIUSDT": 0.06748,
  "STABLEUSDT": 0.032343,
  "OPNUSDT": 0.4416,
  "HUSDT": 0.12631,
  "SKRUSDT": 0.021804,
  "ADA/USDUSDT": 0.2727,
  "ZKPUSDT": 0.09036,
  "LITUSDT": 1.359,
  "VICUSDT": 0.04493,
  "FETUSDT": 0.1498,
  "ZEC/USDCUSDT": 215.18,
  "RENDERUSDT": 1.33,
  "AZTECUSDT": 0.02141,
  "BERAUSDT": 0.5971,
  "ZAMAUSDT": 0.02061,
  "CHZUSDT": 0.03289,
  "POLUSDT": 0.10393,
  "1000PEPE/USDCUSDT": 0.0034218,
  "BIRBUSDT": 0.15296,
  "NEIROUSDT": 6.558e-05,
  "HOLOUSDT": 0.06076,
  "FIL/USDCUSDT": 0.956,
  "PENDLEUSDT": 1.2513,
  "SPACEUSDT": 0.007331,
  "SANDUSDT": 0.08151,
  "LDOUSDT": 0.2975,
  "BEATUSDT": 0.237,
  "SUI/USDUSDT": 0.881,
  "MONUSDT": 0.02083,
  "WETUSDT": 0.09457,
  "ADA/USDCUSDT": 0.2727,
  "ALGOUSDT": 0.0852,
  "BCH/USDCUSDT": 437.87,
  "0GUSDT": 0.6161,
  "ZENUSDT": 5.214,
  "BIOUSDT": 0.02019,
  "MORPHOUSDT": 1.7027,
  "IPUSDT": 0.86,
  "COLLECTUSDT": 0.04157,
  "LINK/USDUSDT": 8.607,
  "DUSKUSDT": 0.07983,
  "1000FLOKIUSDT": 0.02698,
  "LINK/USDCUSDT": 8.608,
  "SENTUSDT": 0.02087,
  "AVAX/USDCUSDT": 8.935,
  "EULUSDT": 1.048,
  "UAIUSDT": 0.1897,
  "AGLDUSDT": 0.2176,
  "EIGENUSDT": 0.1759,
  "CAKEUSDT": 1.2913,
  "CRCLUSDT": 83.08,
  "ARUSDT": 1.516,
  "ETHFIUSDT": 0.4946,
  "JELLYJELLYUSDT": 0.07084,
  "ROSEUSDT": 0.01097,
  "ORDIUSDT": 2.359,
  "SYRUPUSDT": 0.22859,
  "USELESSUSDT": 0.0402,
  "\u6211\u8e0f\u9a6c\u6765\u4e86USDT": 0.01017,
  "NEWTUSDT": 0.07008,
  "VETUSDT": 0.007075,
  "JTOUSDT": 0.2604,
  "ATUSDT": 0.13825,
  "SUNUSDT": 0.015033,
  "STRKUSDT": 0.03976,
  "APEUSDT": 0.0997,
  "MOODENGUSDT": 0.04778,
  "MSTRUSDT": 128.99,
  "ZILUSDT": 0.00411,
  "TSLAUSDT": 400.24,
  "SNXUSDT": 0.31,
  "TRBUSDT": 13.663,
  "DYDXUSDT": 0.09,
  "GPSUSDT": 0.008888,
  "TRIAUSDT": 0.01851,
  "ZKUSDT": 0.01837,
  "PYTHUSDT": 0.04753,
  "FOGOUSDT": 0.02505,
  "BASUSDT": 0.006834,
  "PNUTUSDT": 0.04293,
  "TURBOUSDT": 0.0009417,
  "TLMUSDT": 0.001741,
  "SUSDT": 0.03887,
  "CYBERUSDT": 0.531,
  "AEROUSDT": 0.3392,
  "LTC/USDCUSDT": 53.02,
  "LINEAUSDT": 0.002993,
  "ENSUSDT": 5.906,
  "HUMAUSDT": 0.012483,
  "FOLKSUSDT": 1.209,
  "GLMUSDT": 0.13256,
  "CCUSDT": 0.16153,
  "CLOUSDT": 0.06883,
  "KSMUSDT": 4.684,
  "SPORTFUNUSDT": 0.04932,
  "NEAR/USDCUSDT": 1.134,
  "1000RATSUSDT": 0.03178,
  "ARB/USDCUSDT": 0.0977,
  "AIXBTUSDT": 0.02028,
  "SOMIUSDT": 0.1922,
  "MANAUSDT": 0.0946,
  "ALLOUSDT": 0.11019,
  "ENA/USDCUSDT": 0.1024,
  "FIL/USDUSDT": 0.956,
  "JASMYUSDT": 0.005398,
  "LAUSDT": 0.2126,
  "INITUSDT": 0.0751,
  "ARKMUSDT": 0.1037,
  "SUSHIUSDT": 0.1953,
  "BOMEUSDT": 0.0003752,
  "THETAUSDT": 0.1843,
  "GMTUSDT": 0.01135,
  "SOPHUSDT": 0.009165,
  "LUNA2USDT": 0.06246,
  "YBUSDT": 0.1706,
  "UBUSDT": 0.03287,
  "ORCAUSDT": 0.864,
  "LTC/USDUSDT": 53.04,
  "AVNTUSDT": 0.1688,
  "PIEVERSEUSDT": 0.5128,
  "BCH/USDUSDT": 438.01,
  "LIGHTUSDT": 0.1897,
  "AAVE/USDCUSDT": 112.28,
  "GRTUSDT": 0.02535,
  "COMPUSDT": 17.5,
  "LPTUSDT": 2.272,
  "IOTAUSDT": 0.0655,
  "MAGMAUSDT": 0.11239,
  "STXUSDT": 0.2526,
  "BTCDOMUSDT": 5096.3,
  "1INCHUSDT": 0.0907,
  "MEUSDT": 0.1145,
  "ACEUSDT": 0.1562,
  "CELOUSDT": 0.077,
  "DOT/USDUSDT": 1.52,
  "AXLUSDT": 0.05222,
  "AAVE/USDUSDT": 112.32,
  "QUSDT": 0.025828,
  "BUSDT": 0.19,
  "KAITOUSDT": 0.3283,
  "KASUSDT": 0.0295,
  "C98USDT": 0.0257,
  "MERLUSDT": 0.03829,
  "NEOUSDT": 2.575,
  "WUSDT": 0.01811,
  "MOVEUSDT": 0.02132,
  "1000SATSUSDT": 1.09e-05,
  "MEMEUSDT": 0.000574,
  "HOTUSDT": 0.000377,
  "PARTIUSDT": 0.089,
  "YGGUSDT": 0.03757,
  "SKYUSDT": 0.06633,
  "XPTUSDT": 2413.77,
  "XPDUSDT": 1825.28,
  "FFUSDT": 0.07834,
  "REDUSDT": 0.1466,
  "CRV/USDCUSDT": 0.2393,
  "RAREUSDT": 0.01583,
  "BREVUSDT": 0.1279,
  "IMXUSDT": 0.1587,
  "TRUTHUSDT": 0.009636,
  "COINUSDT": 174.64,
  "AWEUSDT": 0.05158,
  "BATUSDT": 0.101,
  "TNSRUSDT": 0.04413,
  "CFXUSDT": 0.04645,
  "OGUSDT": 2.723,
  "FIGHTUSDT": 0.006074,
  "PLUMEUSDT": 0.00893,
  "MASKUSDT": 0.415,
  "RUNEUSDT": 0.3907,
  "INUSDT": 0.06901,
  "RAYSOLUSDT": 0.5834,
  "NIGHTUSDT": 0.05688,
  "UNI/USDUSDT": 3.717,
  "ZBTUSDT": 0.0738,
  "WIF/USDCUSDT": 0.1878,
  "PEOPLEUSDT": 0.00614,
  "4USDT": 0.00839,
  "MUSDT": 1.4884,
  "DEXEUSDT": 3.304,
  "INXUSDT": 0.011209,
  "CGPTUSDT": 0.02048,
  "WCTUSDT": 0.0572,
  "UNI/USDCUSDT": 3.716,
  "QNTUSDT": 61.98,
  "EGLDUSDT": 4.31,
  "NOTUSDT": 0.0003454,
  "USDCUSDT": 0.9995,
  "METUSDT": 0.1777,
  "BTRUSDT": 0.17453,
  "KERNELUSDT": 0.07641,
  "PLTRUSDT": 138.49,
  "IOTXUSDT": 0.00438,
  "TRUMP/USDCUSDT": 3.391,
  "ZORAUSDT": 0.01763,
  "2ZUSDT": 0.07187,
  "XNYUSDT": 0.005508,
  "AVAX/USDUSDT": 8.93,
  "NOMUSDT": 0.003426,
  "XANUSDT": 0.006868,
  "ANIMEUSDT": 0.004777,
  "MBOXUSDT": 0.01943,
  "XLM/USDUSDT": 0.15347,
  "SYSUSDT": 0.01072,
  "GUNUSDT": 0.02572,
  "KAVAUSDT": 0.0479,
  "ACHUSDT": 0.006513,
  "WLFI/USDCUSDT": 0.1078,
  "ZKCUSDT": 0.0832,
  "PROVEUSDT": 0.2866,
  "FLOWUSDT": 0.03587,
  "HOODUSDT": 74.89,
  "1MBABYDOGEUSDT": 0.0003746,
  "MUBARAKUSDT": 0.01314,
  "TIA/USDCUSDT": 0.3141,
  "RSRUSDT": 0.00144,
  "NAORISUSDT": 0.03156,
  "DUSDT": 0.006962,
  "YFIUSDT": 2578.0,
  "COAIUSDT": 0.3134,
  "KAIAUSDT": 0.05373,
  "PENGU/USDCUSDT": 0.006643,
  "HBAR/USDCUSDT": 0.09703,
  "SANTOSUSDT": 1.244,
  "SUPERUSDT": 0.1109,
  "FRAXUSDT": 0.5718,
  "JSTUSDT": 0.04732,
  "PTBUSDT": 0.001096,
  "PORTALUSDT": 0.01173,
  "OP/USDUSDT": 0.1204,
  "AUCTIONUSDT": 4.7,
  "FHEUSDT": 0.0288,
  "GUAUSDT": 0.2135,
  "1000CHEEMSUSDT": 0.000451,
  "WOOUSDT": 0.01587,
  "1000SHIB/USDCUSDT": 0.005505,
  "WLD/USDCUSDT": 0.3814,
  "BANANAS31USDT": 0.004748,