{
  "BTCUSDT": 68730.0,
  "ETHUSDT": 2097.11,
  "SOLUSDT": 89.78,
  "XRPUSDT": 1.4679,
  "BNBUSDT": 633.91,
  "DOGEUSDT": 0.10411,
  "BCHUSDT": 509.2,
  "XAGUSDT": 89.13,
  "HYPEUSDT": 28.618,
  "XAUUSDT": 5162.71,
  "PAXGUSDT": 5169.45,
  "WLFIUSDT": 0.1179,
  "UNIUSDT": 4.179,
  "ADAUSDT": 0.3073,
  "ZECUSDT": 254.68,
  "SUIUSDT": 1.0039,
  "TRXUSDT": 0.2859,
  "LINKUSDT": 9.453,
  "AVAXUSDT": 9.648,
  "ASTERUSDT": 0.7254,
  "LTCUSDT": 57.92,
  "PIPPINUSDT": 0.75383,
  "1000PEPEUSDT": 0.0042923,
  "PUMPUSDT": 0.001928,
  "ENAUSDT": 0.1126,
  "ARCUSDT": 0.10989,
  "DOTUSDT": 1.685,
  "KITEUSDT": 0.27185,
  "NEARUSDT": 1.206,
  "AAVEUSDT": 121.61,
  "WLDUSDT": 0.422,
  "FILUSDT": 1.087,
  "XPLUSDT": 0.1075,
  "TRUMPUSDT": 3.598,
  "LITUSDT": 1.503,
  "TAOUSDT": 185.76,
  "APTUSDT": 1.02,
  "POWERUSDT": 0.91509,
  "1000SHIBUSDT": 0.006413,
  "ZROUSDT": 1.5747,
  "HBARUSDT": 0.10408,
  "XLMUSDT": 0.16747,
  "TONUSDT": 1.3162,
  "BERAUSDT": 0.6331,
  "ARBUSDT": 0.1042,
  "ATOMUSDT": 1.988,
  "WIFUSDT": 0.2249,
  "ICPUSDT": 2.535,
  "AXSUSDT": 1.394,
  "BARDUSDT": 0.8144,
  "RIVERUSDT": 8.991,
  "MONUSDT": 0.02238,
  "CRVUSDT": 0.26,
  "XMRUSDT": 343.46,
  "OPUSDT": 0.1288,
  "FETUSDT": 0.1731,
  "PENGUUSDT": 0.007455,
  "ETCUSDT": 9.444,
  "ESPUSDT": 0.15329,
  "1000BONKUSDT": 0.006718,
  "VIRTUALUSDT": 0.7085,
  "ENSOUSDT": 1.8431,
  "FFUSDT": 0.0802,
  "FARTCOINUSDT": 0.1745,
  "POLUSDT": 0.11641,
  "IPUSDT": 1.086,
  "ETHFIUSDT": 0.537,
  "TIAUSDT": 0.361,
  "ONDOUSDT": 0.2855,
  "PARTIUSDT": 0.10139,
  "CHZUSDT": 0.03565,
  "\u5e01\u5b89\u4eba\u751fUSDT": 0.06494,
  "BTCDOMUSDT": 4949.8,
  "DASHUSDT": 35.55,
  "BANUSDT": 0.10854,
  "HUSDT": 0.13389,
  "INJUSDT": 3.339,
  "SIRENUSDT": 0.33486,
  "SENTUSDT": 0.02335,
  "0GUSDT": 0.6741,
  "SEIUSDT": 0.0726,
  "ZKUSDT": 0.02042,
  "JUPUSDT": 0.1655,
  "STABLEUSDT": 0.031714,
  "CCUSDT": 0.16775,
  "KAITOUSDT": 0.3363,
  "ZAMAUSDT": 0.02237,
  "PENDLEUSDT": 1.3082,
  "LDOUSDT": 0.3389,
  "ALCHUSDT": 0.0795,
  "MYXUSDT": 0.432,
  "RENDERUSDT": 1.531,
  "MORPHOUSDT": 1.8357,
  "GUAUSDT": 0.22687,
  "SANDUSDT": 0.09103,
  "LYNUSDT": 0.31834,
  "SKYAIUSDT": 0.04259,
  "QUSDT": 0.021686,
  "HOMEUSDT": 0.029607,
  "1000RATSUSDT": 0.04487,
  "VVVUSDT": 4.136,
  "CAKEUSDT": 1.3451,
  "NIGHTUSDT": 0.06102,
  "ATUSDT": 0.1576,
  "BANANAS31USDT": 0.00466,
  "PIEVERSEUSDT": 0.5036,
  "GIGGLEUSDT": 30.25,
  "BIOUSDT": 0.02551,
  "GPSUSDT": 0.009952,
  "ZENUSDT": 5.81,
  "UBUSDT": 0.04214,
  "ALGOUSDT": 0.0938,
  "AZTECUSDT": 0.02707,
  "STRKUSDT": 0.04564,
  "BULLAUSDT": 0.01779,
  "GUNUSDT": 0.03088,
  "ALLOUSDT": 0.11582,
  "GALAUSDT": 0.00411,
  "DUSKUSDT": 0.08705,
  "USDCUSDT": 0.999359,
  "BTRUSDT": 0.18695,
  "AEROUSDT": 0.3747,
  "OPNUSDT": 0.5811,
  "APEUSDT": 0.1131,
  "JTOUSDT": 0.2996,
  "LAUSDT": 0.2486,
  "HANAUSDT": 0.03365,
  "MUSDT": 1.322,
  "ZILUSDT": 0.00444,
  "SKYUSDT": 0.06962,
  "TRADOORUSDT": 1.455,
  "SYRUPUSDT": 0.23709,
  "BUSDT": 0.1339,
  "METUSDT": 0.1893,
  "MSTRUSDT": 135.12,
  "VETUSDT": 0.008059,
  "BEAMXUSDT": 0.002113,
  "COLLECTUSDT": 0.05313,
  "PYTHUSDT": 0.0556,
  "ROSEUSDT": 0.01318,
  "FOGOUSDT": 0.02799,
  "XPINUSDT": 0.001558,
  "DENTUSDT": 0.000228,
  "SKRUSDT": 0.023081,
  "\u6211\u8e0f\u9a6c\u6765\u4e86USDT": 0.01271,
  "EIGENUSDT": 0.2031,
  "HUMAUSDT": 0.012272,
  "ORCAUSDT": 0.973,
  "ORDIUSDT": 2.666,
  "DYDXUSDT": 0.105,
  "B2USDT": 0.7023,
  "SNXUSDT": 0.379,
  "LINEAUSDT": 0.003401,
  "AVNTUSDT": 0.1873,
  "TSLAUSDT": 416.06,
  "MOVEUSDT": 0.0228,
  "NEOUSDT": 2.848,
  "SUSDT": 0.04406,
  "AWEUSDT": 0.05345,
  "NXPCUSDT": 0.2795,
  "SOMIUSDT": 0.2166,
  "AXLUSDT": 0.05887,
  "PNUTUSDT": 0.04993,
  "JELLYJELLYUSDT": 0.06191,
  "ZKPUSDT": 0.08717,
  "AGLDUSDT": 0.3014,
  "XTZUSDT": 0.403,
  "FORMUSDT": 0.2032,
  "CYBERUSDT": 0.568,
  "1000FLOKIUSDT": 0.03173,
  "STXUSDT": 0.2707,
  "LPTUSDT": 2.441,
  "COMPUSDT": 18.95,
  "ENSUSDT": 6.862,
  "AUCTIONUSDT": 5.076,
  "ARUSDT": 1.903,
  "STGUSDT": 0.1378,
  "ESPORTSUSDT": 0.30791,
  "MEUSDT": 0.1245,
  "1000LUNCUSDT": 0.03732,
  "TRBUSDT": 15.623,
  "CYSUSDT": 0.3736,
  "RAVEUSDT": 0.28441,
  "TRIAUSDT": 0.02233,
  "YGGUSDT": 0.0428,
  "SPXUSDT": 0.3326,
  "WUSDT": 0.02025,
  "PLUMEUSDT": 0.00986,
  "CRCLUSDT": 81.29,
  "BEATUSDT": 0.2251,
  "JASMYUSDT": 0.006024,
  "DEXEUSDT": 3.435,
  "USELESSUSDT": 0.04458,
  "GWEIUSDT": 0.029409,
  "IMXUSDT": 0.1795,
  "VANAUSDT": 1.507,
  "AKEUSDT": 0.0003452,
  "RESOLVUSDT": 0.06388,
  "EDUUSDT": 0.1193,
  "2ZUSDT": 0.07685,
  "MANAUSDT": 0.103,
  "CLOUSDT": 0.09187,
  "CFXUSDT": 0.0533,
  "BANKUSDT": 0.03885,
  "ATHUSDT": 0.005409,
  "MOODENGUSDT": 0.05604,
  "MERLUSDT": 0.04609,
  "INITUSDT": 0.08488,
  "EULUSDT": 1.017,
  "GRTUSDT": 0.02863,
  "FLOWUSDT": 0.03781,
  "WCTUSDT": 0.06226,
  "IOTAUSDT": 0.0727,
  "UAIUSDT": 0.2345,
  "NMRUSDT": 8.141,
  "OGUSDT": 3.08,
  "TAUSDT": 0.03927,
  "QNTUSDT": 66.09,
  "COAIUSDT": 0.3317,
  "API3USDT": 0.303,
  "MMTUSDT": 0.1266,
  "THETAUSDT": 0.2056,
  "ZRXUSDT": 0.1153,
  "SPACEUSDT": 0.008715,
  "RUNEUSDT": 0.4227,
  "TAGUSDT": 0.0003622,
  "SPKUSDT": 0.02125,
  "4USDT": 0.00854,
  "JSTUSDT": 0.044435,
  "KASUSDT": 0.03151,
  "LIGHTUSDT": 0.2248,
  "SFPUSDT": 0.2678,
  "LRCUSDT": 0.03533,
  "1INCHUSDT": 0.0983,
  "STEEMUSDT": 0.06002,
  "AGTUSDT": 0.004963,
  "ARKMUSDT": 0.1195,
  "NEIROUSDT": 7.51e-05,
  "ZORAUSDT": 0.01996,
  "KAIAUSDT": 0.05682,
  "SUSHIUSDT": 0.2364,
  "GRASSUSDT": 0.2146,
  "KSMUSDT": 5.432,
  "NAORISUSDT": 0.03058,
  "FHEUSDT": 0.03153,
  "EGLDUSDT": 4.718,
  "IOUSDT": 0.1184,
  "BREVUSDT": 0.1396,
  "PTBUSDT": 0.001302,
  "HOLOUSDT": 0.06075,
  "COWUSDT": 0.2235,
  "XPTUSDT": 2295.6,
  "BIRBUSDT": 0.16804,
  "LUNA2USDT": 0.06428,
  "SIGNUSDT": 0.02386,
  "RPLUSDT": 2.008,
  "YFIUSDT": 2875.0,
  "OPENUSDT": 0.1541,
  "BATUSDT": 0.1266,
  "POPCATUSDT": 0.05333,
  "AIAUSDT": 0.09105,
  "FIGHTUSDT": 0.007446,
  "BSVUSDT": 16.69,
  "SWARMSUSDT": 0.00738,
  "PEOPLEUSDT": 0.00709,
  "SAHARAUSDT": 0.01574,
  "AUSDT": 0.0845,
  "GASUSDT": 1.652,
  "BOMEUSDT": 0.0004204,
  "KGENUSDT": 0.18351,
  "ANIMEUSDT": 0.004994,
  "TWTUSDT": 0.5228,
  "AVAAIUSDT": 0.00794,
  "ACTUSDT": 0.01461,
  "GMTUSDT": 0.01208,
  "IDOLUSDT": 0.02277,
  "MINAUSDT": 0.06204,
  "BLUAIUSDT": 0.005314,
  "PROVEUSDT": 0.2994,
  "AIXBTUSDT": 0.02133,
  "MAGICUSDT": 0.06559,
  "MEGAUSDT": 0.1323,
  "TURBOUSDT": 0.0010891,
  "TSTUSDT": 0.01029,
  "KERNELUSDT": 0.07947,
  "TNSRUSDT": 0.04988,
  "VELVETUSDT": 0.08529,
  "MANTAUSDT": 0.06925,
  "VELODROMEUSDT": 0.01662,
  "FOLKSUSDT": 1.204,
  "XNYUSDT": 0.005143,
  "AINUSDT": 0.04616,
  "BABYUSDT": 0.01273,
  "YBUSDT": 0.1593,
  "ACHUSDT": 0.007443,
  "TUTUSDT": 0.01072,
  "SOPHUSDT": 0.00943,
  "CATIUSDT": 0.03984,
  "ZBTUSDT": 0.07367,
  "UMAUSDT": 0.4728,
  "SAPIENUSDT": 0.09716,
  "MEMEUSDT": 0.0006723,
  "NOMUSDT": 0.004546,
  "SUPERUSDT": 0.1176,
  "STOUSDT": 0.05853,
  "AIOUSDT": 0.07588,
  "BLURUSDT": 0.02132,
  "NILUSDT": 0.0496,
  "SOONUSDT": 0.1732,
  "CVXUSDT": 1.981,
  "LAYERUSDT": 0.0874,
  "FUSDT": 0.005827,
  "XVGUSDT": 0.006149,
  "MASKUSDT": 0.4543,
  "CELOUSDT": 0.081,
  "MUBARAKUSDT": 0.01463,
  "DAMUSDT": 0.02594,
  "GLMUSDT": 0.15603,
  "ALTUSDT": 0.00794,
  "SUNUSDT": 0.016498,
  "KMNOUSDT": 0.02521,
  "SOLVUSDT": 0.00457,
  "TRUTHUSDT": 0.00948,
  "ASRUSDT": 1.393,
  "TAKEUSDT": 0.02064,
  "EDENUSDT": 0.03406,
  "RAREUSDT": 0.01917,
  "SONICUSDT": 0.04856,
  "KOMAUSDT": 0.00836,
  "C98USDT": 0.0256,
  "MELANIAUSDT": 0.1163,
  "RAYSOLUSDT": 0.6571,
  "ICNTUSDT": 0.3743,
  "ANKRUSDT": 0.004558,
  "ONTUSDT": 0.0442,
  "BELUSDT": 0.1031,
  "STORJUSDT": 0.0992,
  "SANTOSUSDT": 1.513,
  "ERAUSDT": 0.151,
  "DRIFTUSDT": 0.0882,
  "ZKCUSDT": 0.088,
  "INUSDT": 0.06792,
  "CTSIUSDT": 0.0253,
  "ARPAUSDT": 0.00997,
  "DEGOUSDT": 0.3349,
  "WETUSDT": 0.08918,
  "WALUSDT": 0.0826,
  "GMXUSDT": 7.107,
  "SXTUSDT": 0.023,
  "1MBABYDOGEUSDT": 0.0004228,
  "WOOUSDT": 0.01785,
  "RSRUSDT": 0.001563,
  "FRAXUSDT": 0.6712,
  "STBLUSDT": 0.03898,
  "ENJUSDT": 0.02055,
  "POLYXUSDT": 0.04433,