{
  "BTCUSDT": 70271.4,
  "ETHUSDT": 2042.0,
  "SOLUSDT": 88.09,
  "XRPUSDT": 1.5314,
  "BTC/USDCUSDT": 69390.5,
  "ETH/USDCUSDT": 2020.69,
  "DOGEUSDT": 0.10972,
  "1000PEPEUSDT": 0.0046044,
  "SPACEUSDT": 0.008792,
  "ZECUSDT": 302.98,
  "PIPPINUSDT": 0.74338,
  "BTC/USDUSDT": 70213.7,
  "BNBUSDT": 622.77,
  "ETH/USDUSDT": 2027.62,
  "RIVERUSDT": 13.179,
  "XRP/USDCUSDT": 1.531,
  "SOL/USDCUSDT": 88.04,
  "HYPEUSDT": 31.04,
  "VVVUSDT": 3.697,
  "ADAUSDT": 0.2853,
  "SUIUSDT": 0.9881,
  "BTRUSDT": 0.20697,
  "TAOUSDT": 187.18,
  "LINKUSDT": 8.898,
  "XAUUSDT": 5037.39,
  "ASTERUSDT": 0.731,
  "AVAXUSDT": 9.388,
  "EULUSDT": 1.369,
  "PENGUUSDT": 0.007267,
  "SIRENUSDT": 0.14586,
  "BCHUSDT": 556.39,
  "DOGE/USDCUSDT": 0.10964,
  "WIFUSDT": 0.2354,
  "KITEUSDT": 0.22169,
  "TAKEUSDT": 0.03914,
  "FILUSDT": 0.972,
  "PUMPUSDT": 0.002264,
  "XRP/USDUSDT": 1.5263,
  "1000SHIBUSDT": 0.006624,
  "UNIUSDT": 3.53,
  "LTCUSDT": 55.22,
  "BERAUSDT": 0.6616,
  "1000PEPE/USDCUSDT": 0.0045978,
  "ENAUSDT": 0.1238,
  "1000BONKUSDT": 0.00667,
  "USELESSUSDT": 0.04232,
  "FARTCOINUSDT": 0.203,
  "DASHUSDT": 38.59,
  "WLFIUSDT": 0.103,
  "NEARUSDT": 1.062,
  "AAVEUSDT": 126.85,
  "SOL/USDUSDT": 87.24,
  "AXSUSDT": 1.399,
  "MOODENGUSDT": 0.05718,
  "BEATUSDT": 0.2413,
  "ZROUSDT": 1.8621,
  "COMPUSDT": 21.72,
  "DOGE/USDUSDT": 0.10964,
  "WLDUSDT": 0.4098,
  "HUSDT": 0.22407,
  "OMUSDT": 0.05951,
  "DOTUSDT": 1.373,
  "CLOUSDT": 0.08502,
  "POWERUSDT": 0.19582,
  "XLMUSDT": 0.17262,
  "HBARUSDT": 0.10108,
  "PYTHUSDT": 0.05636,
  "ZEC/USDCUSDT": 302.81,
  "\u6211\u8e0f\u9a6c\u6765\u4e86USDT": 0.026836,
  "\u5e01\u5b89\u4eba\u751fUSDT": 0.10764,
  "VIRTUALUSDT": 0.6497,
  "0GUSDT": 0.6586,
  "XAGUSDT": 77.46,
  "TRUMPUSDT": 3.431,
  "IPUSDT": 1.137,
  "COWUSDT": 0.2068,
  "PAXGUSDT": 5037.5,
  "AZTECUSDT": 0.02344,
  "APTUSDT": 0.9403,
  "ZAMAUSDT": 0.02083,
  "XPLUSDT": 0.0987,
  "POLUSDT": 0.10634,
  "MERLUSDT": 0.0697,
  "XMRUSDT": 347.8,
  "CRVUSDT": 0.252,
  "NAORISUSDT": 0.03202,
  "ARBUSDT": 0.1157,
  "BNB/USDCUSDT": 622.91,
  "TRXUSDT": 0.28073,
  "ONUSDT": 0.10903,
  "ARCUSDT": 0.07923,
  "ETCUSDT": 8.821,
  "1000FLOKIUSDT": 0.03265,
  "ESPUSDT": 0.05733,
  "LITUSDT": 1.612,
  "ZKPUSDT": 0.10059,
  "MONUSDT": 0.02339,
  "MYXUSDT": 1.865,
  "MUBARAKUSDT": 0.01767,
  "OPUSDT": 0.1892,
  "ONDOUSDT": 0.2805,
  "FIGHTUSDT": 0.007898,
  "ICPUSDT": 2.453,
  "ZENUSDT": 6.368,
  "TIAUSDT": 0.3446,
  "GPSUSDT": 0.012726,
  "RENDERUSDT": 1.436,
  "SUI/USDCUSDT": 0.9876,
  "TRIAUSDT": 0.01724,
  "ATOMUSDT": 2.125,
  "SPXUSDT": 0.32,
  "FETUSDT": 0.1719,
  "MORPHOUSDT": 1.4001,
  "ETH/BTCUSDT": 2021.0862036,
  "JUPUSDT": 0.1615,
  "MOVEUSDT": 0.02444,
  "DUSKUSDT": 0.1022,
  "SPORTFUNUSDT": 0.04473,
  "TRBUSDT": 15.905,
  "SENTUSDT": 0.02236,
  "GALAUSDT": 0.00416,
  "TONUSDT": 1.4794,
  "MASKUSDT": 0.4787,
  "BNB/USDUSDT": 623.74,
  "PENDLEUSDT": 1.2649,
  "COAIUSDT": 0.3849,
  "ADA/USDUSDT": 0.2851,
  "NEIROUSDT": 7.75e-05,
  "MEUSDT": 0.1459,
  "RECALLUSDT": 0.05474,
  "SEIUSDT": 0.0757,
  "SANDUSDT": 0.08846,
  "CHZUSDT": 0.04153,
  "ZKUSDT": 0.02212,
  "POPCATUSDT": 0.05408,
  "APRUSDT": 0.10594,
  "INJUSDT": 3.143,
  "LIGHTUSDT": 0.2512,
  "BIRBUSDT": 0.2011,
  "ROSEUSDT": 0.0128,
  "LINEAUSDT": 0.003751,
  "GIGGLEUSDT": 32.64,
  "ADA/USDCUSDT": 0.2851,
  "ALGOUSDT": 0.0974,
  "VETUSDT": 0.008465,
  "PNUTUSDT": 0.0511,
  "FHEUSDT": 0.04036,
  "ENSUSDT": 6.711,
  "LDOUSDT": 0.3469,
  "DYDXUSDT": 0.11,
  "TURBOUSDT": 0.0011297,
  "BROCCOLI714USDT": 0.01468,
  "ENSOUSDT": 1.1073,
  "STGUSDT": 0.1614,
  "1000LUNCUSDT": 0.0346,
  "SUSDT": 0.04887,
  "ETHFIUSDT": 0.4795,
  "STABLEUSDT": 0.023955,
  "ENA/USDCUSDT": 0.1238,
  "FIL/USDCUSDT": 0.973,
  "MEMEUSDT": 0.0007237,
  "CYSUSDT": 0.4889,
  "DEEPUSDT": 0.02972,
  "PROMUSDT": 1.301,
  "SUI/USDUSDT": 0.9874,
  "PENGU/USDCUSDT": 0.007266,
  "WIF/USDCUSDT": 0.2353,
  "PLAYUSDT": 0.02763,
  "ORDIUSDT": 2.826,
  "STRKUSDT": 0.0494,
  "BOMEUSDT": 0.0004349,
  "BASUSDT": 0.005904,
  "ZILUSDT": 0.00436,
  "AIAUSDT": 0.12355,
  "EIGENUSDT": 0.2096,
  "FOGOUSDT": 0.02267,
  "TOSHIUSDT": 0.0002275,
  "CAKEUSDT": 1.3168,
  "LINK/USDCUSDT": 8.894,
  "LYNUSDT": 0.2235,
  "TNSRUSDT": 0.05359,
  "ACTUSDT": 0.0152,
  "ALLOUSDT": 0.09268,
  "FFUSDT": 0.07973,
  "GUNUSDT": 0.02339,
  "AVNTUSDT": 0.2023,
  "COLLECTUSDT": 0.07486,
  "YFIUSDT": 2861.0,
  "LPTUSDT": 2.45,
  "STXUSDT": 0.267,
  "AEROUSDT": 0.318,
  "BCH/USDCUSDT": 556.1,
  "AIXBTUSDT": 0.02131,
  "PEOPLEUSDT": 0.00705,
  "CFXUSDT": 0.05493,
  "NOMUSDT": 0.005553,
  "JTOUSDT": 0.2727,
  "LUNA2USDT": 0.06338,
  "LINK/USDUSDT": 8.892,
  "LTC/USDCUSDT": 55.18,
  "FIL/USDUSDT": 0.973,
  "AUCTIONUSDT": 5.184,
  "FUNUSDT": 0.001238,
  "AVAX/USDCUSDT": 9.382,
  "BANANAS31USDT": 0.004999,
  "SKRUSDT": 0.022658,
  "AWEUSDT": 0.09257,
  "SNXUSDT": 0.296,
  "GRASSUSDT": 0.2118,
  "C98USDT": 0.0319,
  "SOMIUSDT": 0.1962,
  "QNTUSDT": 70.35,
  "LAUSDT": 0.2126,
  "ZKCUSDT": 0.0987,
  "ARUSDT": 2.004,
  "ARKMUSDT": 0.1191,
  "AXLUSDT": 0.06164,
  "MANAUSDT": 0.1043,
  "XNYUSDT": 0.007541,
  "SLPUSDT": 0.0006643,
  "VINEUSDT": 0.01989,
  "RVNUSDT": 0.00627,
  "MUSDT": 1.2518,
  "APEUSDT": 0.131,
  "BTCDOMUSDT": 5059.8,
  "CCUSDT": 0.16178,
  "TSTUSDT": 0.01129,
  "HANAUSDT": 0.03935,
  "BSVUSDT": 17.26,
  "1000BONK/USDCUSDT": 0.006664,
  "JASMYUSDT": 0.005962,
  "METUSDT": 0.2259,
  "KSMUSDT": 4.687,
  "BIOUSDT": 0.02458,
  "OGUSDT": 4.892,
  "BULLAUSDT": 0.02439,
  "GWEIUSDT": 0.025908,
  "FLOWUSDT": 0.04328,
  "TRADOORUSDT": 1.33,
  "LRCUSDT": 0.03345,
  "RESOLVUSDT": 0.06169,
  "BREVUSDT": 0.1437,
  "ACUUSDT": 0.11421,
  "OPENUSDT": 0.1671,
  "WIF/USDUSDT": 0.2353,
  "EGLDUSDT": 5.031,
  "GRTUSDT": 0.02791,
  "HUMAUSDT": 0.013516,
  "BANKUSDT": 0.04302,
  "ACHUSDT": 0.007758,
  "AEVOUSDT": 0.02743,
  "NEAR/USDCUSDT": 1.061,
  "1000SHIB/USDCUSDT": 0.006619,
  "IOTAUSDT": 0.0697,
  "CLANKERUSDT": 32.44,
  "BANUSDT": 0.0992,
  "NIGHTUSDT": 0.05676,
  "PARTIUSDT": 0.10695,
  "WUSDT": 0.0204,
  "1MBABYDOGEUSDT": 0.000418,
  "ARB/USDCUSDT": 0.1157,
  "KAITOUSDT": 0.3172,
  "PTBUSDT": 0.001446,
  "ALCHUSDT": 0.08523,
  "THETAUSDT": 0.2102,
  "RUNEUSDT": 0.4089,
  "XVGUSDT": 0.006159,
  "ACEUSDT": 0.177,
  "SYRUPUSDT": 0.26829,
  "UNI/USDUSDT": 3.527,
  "KAIAUSDT": 0.05821,
  "RSRUSDT": 0.00159,
  "FOLKSUSDT": 1.376,
  "ATHUSDT": 0.006177,
  "BCH/USDUSDT": 556.05,
  "MANTAUSDT": 0.07688,
  "SKYUSDT": 0.06736,
  "YBUSDT": 0.1852,
  "XTZUSDT": 0.403,
  "INXUSDT": 0.013652,
  "GMTUSDT": 0.01264,
  "SAGAUSDT": 0.03301,
  "4USDT": 0.01034,
  "TIA/USDCUSDT": 0.3444,
  "FRAXUSDT": 0.6243,
  "PIEVERSEUSDT": 0.4199,
  "XPINUSDT": 0.001704,
  "USTCUSDT": 0.005023,
  "FORMUSDT": 0.2226,
  "XPDUSDT": 1687.52,
  "2ZUSDT": 0.07851,
  "MINAUSDT": 0.06728,
  "CRV/USDCUSDT": 0.2526,
  "BRETTUSDT": 0.00795,
  "WLD/USDCUSDT": 0.4095,
  "VANAUSDT": 1.58,
  "MEWUSDT": 0.0006576,
  "AAVE/USDCUSDT": 126.69,
  "ZORAUSDT": 0.02127,
  "IP/USDCUSDT": 1.137,
  "1000000MOGUSDT": 0.1803,
  "NOTUSDT": 0.0004066,
  "WLFI/USDCUSDT": 0.1029,
  "LTC/USDUSDT": 55.19,
  "IOUSDT": 0.1072,
  "SQDUSDT": 0.03939,
  "HEMIUSDT": 0.01011,
  "ZBTUSDT": 0.07193,
  "MSTRUSDT": 134.51,
  "BARDUSDT": 0.7947,
  "RAYSOLUSDT": 0.6403,
  "DRIFTUSDT": 0.0927,
  "NILUSDT": 0.05397,
  "API3USDT": 0.3152,
  "GOATUSDT": 0.02413,
  "MMTUSDT": 0.1332,
  "BATUSDT": 0.1308,
  "SSVUSDT": 3.356,
  "IMXUSDT": 0.1678,
  "IRUSDT": 0.07736,
  "NXPCUSDT": 0.2686,
  "AIOUSDT": 0.07954,
  "MELANIAUSDT": 0.1203,
  "SUSHIUSDT": 0.2105,
  "JCTUSDT": 0.001722,
  "AAVE/USDUSDT": 126.7,
  "WCTUSDT": 0.06298,
  "NEOUSDT": 2.847,
  "AVAX/USDUSDT": 9.38,
  "PLUMEUSDT": 0.01122,
  "ATUSDT": 0.16028,
  "KASUSDT": 0.03236,
  "LAYERUSDT": 0.09,
  "MAGICUSDT": 0.06917,
  "1INCHUSDT": 0.0961,
  "MIRAUSDT": 0.0913,
  "FUSDT": 0.00628,
  "TWTUSDT": 0.5099,
  "ALICEUSDT": 0.114,
  "HBAR/USDCUSDT": 0.10101,
  "SKLUSDT": 0.00688,
  "ICNTUSDT": 0.4595,
  "TREEUSDT": 0.07516,
  "ELSAUSDT": 0.08517,
  "INITUSDT": 0.07199,
  "DOLOUSDT": 0.0347,
  "UNI/USDCUSDT": 3.524,