{
  "BTCUSDT": 66132.0,
  "ETHUSDT": 1940.16,
  "SOLUSDT": 84.02,
  "XRPUSDT": 1.3497,
  "BNBUSDT": 620.16,
  "XAUUSDT": 5390.72,
  "XAGUSDT": 95.17,
  "DOGEUSDT": 0.09183,
  "PAXGUSDT": 5421.8,
  "HYPEUSDT": 30.548,
  "BCHUSDT": 437.29,
  "WLFIUSDT": 0.1052,
  "TRXUSDT": 0.28113,
  "ZECUSDT": 213.3,
  "ADAUSDT": 0.2714,
  "UNIUSDT": 3.776,
  "SUIUSDT": 0.8929,
  "ASTERUSDT": 0.7002,
  "1000PEPEUSDT": 0.0034682,
  "LINKUSDT": 8.687,
  "AVAXUSDT": 8.96,
  "LTCUSDT": 53.23,
  "PUMPUSDT": 0.001907,
  "NEARUSDT": 1.198,
  "ENAUSDT": 0.1038,
  "DOTUSDT": 1.516,
  "PIPPINUSDT": 0.54339,
  "AAVEUSDT": 114.65,
  "WLDUSDT": 0.385,
  "FILUSDT": 0.974,
  "XPLUSDT": 0.0971,
  "LITUSDT": 1.389,
  "TRUMPUSDT": 3.427,
  "ARCUSDT": 0.05809,
  "TAOUSDT": 177.22,
  "1000SHIBUSDT": 0.005485,
  "KITEUSDT": 0.237,
  "ZROUSDT": 1.8555,
  "RIVERUSDT": 15.119,
  "TONUSDT": 1.1999,
  "POWERUSDT": 1.78928,
  "APTUSDT": 0.9312,
  "ATOMUSDT": 1.793,
  "XMRUSDT": 350.24,
  "HUSDT": 0.12748,
  "HBARUSDT": 0.097,
  "BERAUSDT": 0.5975,
  "ARBUSDT": 0.1003,
  "XLMUSDT": 0.15334,
  "WIFUSDT": 0.1923,
  "ICPUSDT": 2.367,
  "CRVUSDT": 0.242,
  "VVVUSDT": 6.456,
  "MONUSDT": 0.0208,
  "FETUSDT": 0.1481,
  "AXSUSDT": 1.256,
  "FFUSDT": 0.07805,
  "OPUSDT": 0.1226,
  "VIRTUALUSDT": 0.7021,
  "CCUSDT": 0.16072,
  "ETCUSDT": 8.521,
  "PENGUUSDT": 0.006762,
  "PARTIUSDT": 0.09234,
  "SAHARAUSDT": 0.02674,
  "BARDUSDT": 0.9955,
  "POLUSDT": 0.10248,
  "BTCDOMUSDT": 5106.6,
  "1000BONKUSDT": 0.005933,
  "CHZUSDT": 0.03339,
  "ETHFIUSDT": 0.498,
  "ONDOUSDT": 0.2521,
  "BANUSDT": 0.11028,
  "FARTCOINUSDT": 0.1554,
  "TIAUSDT": 0.3239,
  "\u5e01\u5b89\u4eba\u751fUSDT": 0.06362,
  "ENSOUSDT": 1.2754,
  "DASHUSDT": 31.92,
  "IPUSDT": 0.836,
  "INJUSDT": 3.007,
  "SENTUSDT": 0.02131,
  "ESPUSDT": 0.12286,
  "SEIUSDT": 0.06859,
  "STABLEUSDT": 0.032601,
  "JUPUSDT": 0.1694,
  "0GUSDT": 0.613,
  "LYNUSDT": 0.32492,
  "SIRENUSDT": 0.31228,
  "KAITOUSDT": 0.328,
  "BUSDT": 0.1915,
  "ALCHUSDT": 0.07918,
  "ZKUSDT": 0.01843,
  "PENDLEUSDT": 1.278,
  "QUSDT": 0.025629,
  "ATUSDT": 0.15999,
  "ZAMAUSDT": 0.01992,
  "BULLAUSDT": 0.02661,
  "LDOUSDT": 0.301,
  "RENDERUSDT": 1.347,
  "GUAUSDT": 0.23042,
  "SKYAIUSDT": 0.03775,
  "BANANAS31USDT": 0.004813,
  "MORPHOUSDT": 1.794,
  "OPNUSDT": 0.5529,
  "GWEIUSDT": 0.041783,
  "HOMEUSDT": 0.028494,
  "PIEVERSEUSDT": 0.5267,
  "TSLAUSDT": 392.6,
  "MYXUSDT": 0.382,
  "MUSDT": 1.5194,
  "SIGNUSDT": 0.02597,
  "NIGHTUSDT": 0.05716,
  "ZENUSDT": 5.323,
  "CAKEUSDT": 1.3129,
  "SANDUSDT": 0.08275,
  "BIOUSDT": 0.02041,
  "ALGOUSDT": 0.0861,
  "GALAUSDT": 0.00347,
  "GIGGLEUSDT": 25.72,
  "STRKUSDT": 0.03981,
  "USDCUSDT": 0.99954,
  "GPSUSDT": 0.009173,
  "BTRUSDT": 0.17993,
  "STGUSDT": 0.1647,
  "HANAUSDT": 0.03475,
  "ALLOUSDT": 0.10453,
  "APEUSDT": 0.1028,
  "FORMUSDT": 0.2177,
  "SKYUSDT": 0.06729,
  "1000RATSUSDT": 0.03284,
  "DUSKUSDT": 0.0816,
  "JELLYJELLYUSDT": 0.06942,
  "ATHUSDT": 0.006295,
  "JTOUSDT": 0.2694,
  "AZTECUSDT": 0.02147,
  "GUNUSDT": 0.02575,
  "B2USDT": 0.7307,
  "MSTRUSDT": 129.55,
  "UBUSDT": 0.03617,
  "AEROUSDT": 0.3348,
  "SYRUPUSDT": 0.232,
  "TRADOORUSDT": 1.427,
  "1000LUNCUSDT": 0.04248,
  "XPINUSDT": 0.001414,
  "ZILUSDT": 0.00414,
  "EIGENUSDT": 0.1772,
  "HUMAUSDT": 0.012166,
  "BEAMXUSDT": 0.001876,
  "DENTUSDT": 0.000292,
  "ROBOUSDT": 0.04353,
  "ROSEUSDT": 0.01109,
  "GRASSUSDT": 0.3055,
  "METUSDT": 0.1798,
  "LAUSDT": 0.223,
  "XTZUSDT": 0.37,
  "KAVAUSDT": 0.0584,
  "PYTHUSDT": 0.04865,
  "RAVEUSDT": 0.37013,
  "NEOUSDT": 2.596,
  "AVNTUSDT": 0.172,
  "VETUSDT": 0.00713,
  "FOGOUSDT": 0.02521,
  "DYDXUSDT": 0.093,
  "MOVEUSDT": 0.02182,
  "NXPCUSDT": 0.2757,
  "ORDIUSDT": 2.421,
  "\u6211\u8e0f\u9a6c\u6765\u4e86USDT": 0.010545,
  "CRCLUSDT": 80.57,
  "ZKPUSDT": 0.08721,
  "COMPUSDT": 17.71,
  "BEATUSDT": 0.2511,
  "ESPORTSUSDT": 0.30572,
  "1000FLOKIUSDT": 0.02738,
  "SUSDT": 0.03946,
  "KNCUSDT": 0.1521,
  "LINEAUSDT": 0.003028,
  "COLLECTUSDT": 0.03988,
  "PNUTUSDT": 0.04379,
  "AGLDUSDT": 0.2237,
  "ARUSDT": 1.574,
  "ORCAUSDT": 0.869,
  "CYBERUSDT": 0.5533,
  "ENSUSDT": 5.93,
  "TRBUSDT": 13.977,
  "AUCTIONUSDT": 4.752,
  "SNXUSDT": 0.309,
  "SPXUSDT": 0.3201,
  "SKRUSDT": 0.021733,
  "AGTUSDT": 0.005985,
  "WUSDT": 0.01853,
  "STXUSDT": 0.2509,
  "LPTUSDT": 2.287,
  "TRIAUSDT": 0.01918,
  "MEUSDT": 0.1149,
  "TAUSDT": 0.04029,
  "JASMYUSDT": 0.005252,
  "EULUSDT": 1.015,
  "MANAUSDT": 0.0963,
  "PLUMEUSDT": 0.00903,
  "IMXUSDT": 0.1646,
  "ALICEUSDT": 0.151,
  "YGGUSDT": 0.03976,
  "4USDT": 0.00851,
  "BIRBUSDT": 0.14994,
  "RESOLVUSDT": 0.05801,
  "USELESSUSDT": 0.04062,
  "JSTUSDT": 0.04809,
  "WETUSDT": 0.10492,
  "FIOUSDT": 0.01076,
  "BANKUSDT": 0.03535,
  "HIPPOUSDT": 0.0007809,
  "IOTAUSDT": 0.0658,
  "WCTUSDT": 0.05937,
  "LAYERUSDT": 0.0903,
  "DEXEUSDT": 3.342,
  "INITUSDT": 0.07667,
  "MIRAUSDT": 0.0942,
  "GRTUSDT": 0.02561,
  "COAIUSDT": 0.312,
  "AWEUSDT": 0.05088,
  "SOMIUSDT": 0.188,
  "CFXUSDT": 0.04773,
  "2ZUSDT": 0.07268,
  "CLOUSDT": 0.07084,
  "AXLUSDT": 0.05369,
  "PTBUSDT": 0.001213,
  "MERLUSDT": 0.03915,
  "EDUUSDT": 0.1016,
  "API3USDT": 0.2794,
  "SUNUSDT": 0.015733,
  "CYSUSDT": 0.2996,
  "QNTUSDT": 61.43,
  "FLOWUSDT": 0.03522,
  "SFPUSDT": 0.2657,
  "NMRUSDT": 7.403,
  "SPKUSDT": 0.01943,
  "MMTUSDT": 0.1171,
  "AIXBTUSDT": 0.02278,
  "MOODENGUSDT": 0.04844,
  "TAGUSDT": 0.0003405,
  "NAORISUSDT": 0.03135,
  "LIGHTUSDT": 0.1876,
  "FOLKSUSDT": 1.218,
  "NEIROUSDT": 6.646e-05,
  "ARKMUSDT": 0.1054,
  "STEEMUSDT": 0.06011,
  "ZRXUSDT": 0.1049,
  "VANAUSDT": 1.434,
  "BREVUSDT": 0.1359,
  "THETAUSDT": 0.1862,
  "1INCHUSDT": 0.092,
  "RUNEUSDT": 0.3921,
  "IOUSDT": 0.1076,
  "ZORAUSDT": 0.01736,
  "SOPHUSDT": 0.009142,
  "YFIUSDT": 2711.0,
  "EGLDUSDT": 4.349,
  "KASUSDT": 0.02968,
  "KAIAUSDT": 0.05436,
  "ANIMEUSDT": 0.004835,
  "KGENUSDT": 0.18504,
  "SPACEUSDT": 0.00719,
  "MEGAUSDT": 0.13327,
  "LRCUSDT": 0.0309,
  "AKEUSDT": 0.0002406,
  "UAIUSDT": 0.2044,
  "PEOPLEUSDT": 0.00621,
  "XPTUSDT": 2362.92,
  "PROVEUSDT": 0.2964,
  "BLUAIUSDT": 0.004921,
  "AIAUSDT": 0.08419,
  "STOUSDT": 0.06355,
  "BATUSDT": 0.1023,
  "UMAUSDT": 0.4374,
  "COWUSDT": 0.2124,
  "AUSDT": 0.0788,
  "POPCATUSDT": 0.04689,
  "SUSHIUSDT": 0.2003,
  "OGUSDT": 2.823,
  "VELVETUSDT": 0.08202,
  "FHEUSDT": 0.02805,
  "AVAAIUSDT": 0.00732,
  "TSTUSDT": 0.00908,
  "BSVUSDT": 15.07,
  "YBUSDT": 0.1744,
  "OPENUSDT": 0.142,
  "GMTUSDT": 0.01131,
  "LUNA2USDT": 0.06238,
  "TURBOUSDT": 0.000956,
  "TWTUSDT": 0.485,
  "GASUSDT": 1.618,
  "TAKEUSDT": 0.0219,
  "ACTUSDT": 0.01337,
  "CATIUSDT": 0.03941,
  "XNYUSDT": 0.006176,
  "MANTAUSDT": 0.06171,
  "SWARMSUSDT": 0.006827,
  "KERNELUSDT": 0.07565,
  "NEWTUSDT": 0.07442,
  "NOMUSDT": 0.003613,
  "VELODROMEUSDT": 0.01537,
  "BOMEUSDT": 0.0003807,
  "SOONUSDT": 0.1652,
  "SUPERUSDT": 0.1129,
  "BABYUSDT": 0.01132,
  "NILUSDT": 0.04937,
  "KSMUSDT": 4.703,
  "MINAUSDT": 0.05622,
  "TNSRUSDT": 0.04517,
  "TUTUSDT": 0.00975,
  "IOTXUSDT": 0.00489,
  "AIOUSDT": 0.07309,
  "MEMEUSDT": 0.0005768,
  "FUSDT": 0.005559,
  "XVGUSDT": 0.005394,
  "ALTUSDT": 0.007193,
  "ZBTUSDT": 0.07454,
  "AINUSDT": 0.04175,
  "MAGICUSDT": 0.06013,
  "HOLOUSDT": 0.06051,
  "FIGHTUSDT": 0.005794,
  "DAMUSDT": 0.02382,
  "BLURUSDT": 0.01981,
  "RPLUSDT": 1.839,
  "SAPIENUSDT": 0.08195,
  "ACHUSDT": 0.006615,
  "MASKUSDT": 0.4242,
  "ASRUSDT": 1.296,
  "PHAUSDT": 0.02606,
  "BASUSDT": 0.006976,
  "INUSDT": 0.06783,
  "ONTUSDT": 0.0435,
  "MUBARAKUSDT": 0.01316,
  "CELOUSDT": 0.075,
  "REDUSDT": 0.1504,
  "1000SATSUSDT": 1.2e-05,
  "ZETAUSDT": 0.0625,
  "KMNOUSDT": 0.02174,
  "QTUMUSDT": 0.904,
  "KOMAUSDT": 0.007848,
  "GLMUSDT": 0.13197,
  "TRUTHUSDT": 0.009486,
  "POLYXUSDT": 0.04262,
  "ERAUSDT": 0.1445,
  "DRIFTUSDT": 0.087,
  "C98USDT": 0.0258,
  "STBLUSDT": 0.0371,
  "SKLUSDT": 0.00643,
  "WALUSDT": 0.07737,
  "RAYSOLUSDT": 0.5882,
  "ANKRUSDT": 0.004196,
  "EDENUSDT": 0.03157,
  "CTSIUSDT": 0.0238,
  "ZKCUSDT": 0.0842,
  "MELANIAUSDT": 0.1073,
  "ENJUSDT": 0.01879,
  "RSRUSDT": 0.00145,