{
  "BTCUSDT": 63221.7,
  "ETHUSDT": 1828.3,
  "SOLUSDT": 76.85,
  "XRPUSDT": 1.3296,
  "BNBUSDT": 590.27,
  "DOGEUSDT": 0.09127,
  "XAGUSDT": 87.92,
  "BCHUSDT": 484.15,
  "XAUUSDT": 5175.29,
  "HYPEUSDT": 26.311,
  "PAXGUSDT": 5189.06,
  "WLFIUSDT": 0.1064,
  "ZECUSDT": 233.08,
  "TRXUSDT": 0.28075,
  "PIPPINUSDT": 0.76072,
  "SUIUSDT": 0.8599,
  "ASTERUSDT": 0.6961,
  "ADAUSDT": 0.2577,
  "AVAXUSDT": 8.286,
  "UNIUSDT": 3.311,
  "LINKUSDT": 8.178,
  "LTCUSDT": 50.97,
  "1000PEPEUSDT": 0.0039212,
  "PUMPUSDT": 0.001762,
  "ENAUSDT": 0.0955,
  "NEARUSDT": 0.975,
  "ARCUSDT": 0.0948,
  "AAVEUSDT": 113.26,
  "KITEUSDT": 0.21979,
  "WLDUSDT": 0.3677,
  "LITUSDT": 1.371,
  "FILUSDT": 0.874,
  "TRUMPUSDT": 3.275,
  "DOTUSDT": 1.256,
  "TAOUSDT": 168.65,
  "XPLUSDT": 0.0859,
  "TONUSDT": 1.3268,
  "ATOMUSDT": 2.062,
  "ZROUSDT": 1.4961,
  "ENSOUSDT": 2.0806,
  "APTUSDT": 0.8061,
  "BERAUSDT": 0.5712,
  "HBARUSDT": 0.09372,
  "ESPUSDT": 0.16261,
  "1000SHIBUSDT": 0.005943,
  "XLMUSDT": 0.1498,
  "ARBUSDT": 0.0912,
  "ICPUSDT": 2.037,
  "RIVERUSDT": 8.319,
  "AXSUSDT": 1.204,
  "OPUSDT": 0.1155,
  "XMRUSDT": 313.09,
  "MONUSDT": 0.02001,
  "CRVUSDT": 0.219,
  "WIFUSDT": 0.1994,
  "FFUSDT": 0.07585,
  "PENGUUSDT": 0.00627,
  "BARDUSDT": 0.762,
  "FETUSDT": 0.1519,
  "ETCUSDT": 8.196,
  "1000BONKUSDT": 0.005761,
  "POLUSDT": 0.10515,
  "IPUSDT": 1.004,
  "BANUSDT": 0.12194,
  "POWERUSDT": 0.57345,
  "PARTIUSDT": 0.09813,
  "HUSDT": 0.13156,
  "FARTCOINUSDT": 0.1414,
  "BTCDOMUSDT": 5103.4,
  "INJUSDT": 3.216,
  "SENTUSDT": 0.02325,
  "CHZUSDT": 0.03402,
  "ETHFIUSDT": 0.4444,
  "VIRTUALUSDT": 0.5797,
  "ONDOUSDT": 0.2449,
  "DASHUSDT": 31.66,
  "TIAUSDT": 0.2948,
  "\u5e01\u5b89\u4eba\u751fUSDT": 0.05733,
  "0GUSDT": 0.6212,
  "SIRENUSDT": 0.29822,
  "ZAMAUSDT": 0.02273,
  "SEIUSDT": 0.0653,
  "ZKUSDT": 0.01858,
  "LYNUSDT": 0.31498,
  "STABLEUSDT": 0.028885,
  "JUPUSDT": 0.1416,
  "CCUSDT": 0.16151,
  "ALCHUSDT": 0.07768,
  "KAITOUSDT": 0.2894,
  "PENDLEUSDT": 1.1835,
  "LDOUSDT": 0.294,
  "HOMEUSDT": 0.030154,
  "RENDERUSDT": 1.355,
  "1000RATSUSDT": 0.04512,
  "BANANAS31USDT": 0.004722,
  "QUSDT": 0.020983,
  "UBUSDT": 0.04094,
  "NIGHTUSDT": 0.05712,
  "BIOUSDT": 0.02413,
  "ATUSDT": 0.16092,
  "SKYAIUSDT": 0.0385,
  "BTRUSDT": 0.19052,
  "AZTECUSDT": 0.02351,
  "STRKUSDT": 0.0399,
  "OPNUSDT": 0.5496,
  "SKRUSDT": 0.022956,
  "DUSKUSDT": 0.07741,
  "ZENUSDT": 5.335,
  "VVVUSDT": 3.489,
  "CAKEUSDT": 1.1974,
  "SANDUSDT": 0.07789,
  "GPSUSDT": 0.012807,
  "MYXUSDT": 0.519,
  "ALGOUSDT": 0.0832,
  "HANAUSDT": 0.03353,
  "MUSDT": 1.4071,
  "MORPHOUSDT": 1.5536,
  "PIEVERSEUSDT": 0.4204,
  "TRADOORUSDT": 1.505,
  "USDCUSDT": 0.999698,
  "GALAUSDT": 0.00346,
  "BULLAUSDT": 0.0324,
  "JTOUSDT": 0.2778,
  "LAUSDT": 0.2069,
  "GUNUSDT": 0.02752,
  "ZILUSDT": 0.00402,
  "APEUSDT": 0.1015,
  "SKYUSDT": 0.06327,
  "RAVEUSDT": 0.28758,
  "B2USDT": 0.7712,
  "ROSEUSDT": 0.01206,
  "GUAUSDT": 0.16687,
  "AGLDUSDT": 0.2789,
  "STEEMUSDT": 0.0572,
  "XPINUSDT": 0.001616,
  "ALLOUSDT": 0.09178,
  "ORCAUSDT": 0.919,
  "METUSDT": 0.17,
  "TSLAUSDT": 399.48,
  "GIGGLEUSDT": 24.55,
  "EIGENUSDT": 0.1803,
  "BUSDT": 0.1305,
  "HUMAUSDT": 0.011762,
  "BEAMXUSDT": 0.001873,
  "JELLYJELLYUSDT": 0.061,
  "SNXUSDT": 0.35,
  "PYTHUSDT": 0.04959,
  "SYRUPUSDT": 0.19737,
  "\u6211\u8e0f\u9a6c\u6765\u4e86USDT": 0.011246,
  "FOGOUSDT": 0.0273,
  "MSTRUSDT": 122.45,
  "AWEUSDT": 0.05061,
  "VETUSDT": 0.007165,
  "ESPORTSUSDT": 0.33941,
  "AVNTUSDT": 0.1713,
  "LPTUSDT": 2.187,
  "AEROUSDT": 0.3062,
  "COLLECTUSDT": 0.04536,
  "ORDIUSDT": 2.302,
  "NEOUSDT": 2.621,
  "XTZUSDT": 0.367,
  "NXPCUSDT": 0.2563,
  "RESOLVUSDT": 0.06659,
  "DYDXUSDT": 0.087,
  "ZKPUSDT": 0.08375,
  "MOVEUSDT": 0.02089,
  "CYSUSDT": 0.373,
  "FORMUSDT": 0.1877,
  "SUSDT": 0.03914,
  "TRIAUSDT": 0.01811,
  "MEUSDT": 0.1143,
  "PNUTUSDT": 0.04325,
  "CYBERUSDT": 0.5202,
  "COMPUSDT": 17.09,
  "AUCTIONUSDT": 4.74,
  "STGUSDT": 0.1309,
  "ENSUSDT": 5.942,
  "1000LUNCUSDT": 0.03512,
  "GWEIUSDT": 0.030274,
  "DEXEUSDT": 3.256,
  "STXUSDT": 0.2325,
  "SOMIUSDT": 0.1892,
  "1000FLOKIUSDT": 0.02771,
  "LINEAUSDT": 0.00316,
  "BEATUSDT": 0.2049,
  "YGGUSDT": 0.04056,
  "VANAUSDT": 1.384,
  "WUSDT": 0.01815,
  "INITUSDT": 0.08167,
  "PLUMEUSDT": 0.00897,
  "AGTUSDT": 0.005573,
  "TRBUSDT": 13.876,
  "CLOUSDT": 0.09073,
  "NAORISUSDT": 0.03461,
  "EDUUSDT": 0.1186,
  "UAIUSDT": 0.2422,
  "SPACEUSDT": 0.008866,
  "JASMYUSDT": 0.005529,
  "MERLUSDT": 0.04545,
  "BANKUSDT": 0.0373,
  "EULUSDT": 0.932,
  "SPXUSDT": 0.2721,
  "USELESSUSDT": 0.03704,
  "TAUSDT": 0.03953,
  "NMRUSDT": 7.681,
  "MANAUSDT": 0.0895,
  "2ZUSDT": 0.06648,
  "ARUSDT": 1.836,
  "ATHUSDT": 0.004904,
  "TAGUSDT": 0.0003828,
  "JSTUSDT": 0.044932,
  "GRTUSDT": 0.02565,
  "CFXUSDT": 0.04811,
  "BIRBUSDT": 0.1516,
  "LUNA2USDT": 0.06409,
  "WCTUSDT": 0.05597,
  "API3USDT": 0.2781,
  "IMXUSDT": 0.1534,
  "OGUSDT": 2.94,
  "MMTUSDT": 0.1171,
  "MOODENGUSDT": 0.04996,
  "FLOWUSDT": 0.03485,
  "QNTUSDT": 63.25,
  "COAIUSDT": 0.3016,
  "COWUSDT": 0.217,
  "IOTAUSDT": 0.0653,
  "ZRXUSDT": 0.1021,
  "ZORAUSDT": 0.01887,
  "SPKUSDT": 0.01994,
  "1INCHUSDT": 0.0864,
  "LRCUSDT": 0.03251,
  "SFPUSDT": 0.2503,
  "LIGHTUSDT": 0.2198,
  "KAIAUSDT": 0.05282,
  "ARKMUSDT": 0.1034,
  "IDOLUSDT": 0.02325,
  "THETAUSDT": 0.1833,
  "PTBUSDT": 0.00121,
  "4USDT": 0.00757,
  "IOUSDT": 0.108,
  "RUNEUSDT": 0.3819,
  "AKEUSDT": 0.0003072,
  "FIGHTUSDT": 0.007178,
  "FHEUSDT": 0.02823,
  "GASUSDT": 1.499,
  "AXLUSDT": 0.05035,
  "SIGNUSDT": 0.02276,
  "UMAUSDT": 0.4461,
  "RPLUSDT": 1.991,
  "YFIUSDT": 2648.0,
  "NEIROUSDT": 6.62e-05,
  "EGLDUSDT": 4.231,
  "KGENUSDT": 0.17647,
  "TNSRUSDT": 0.04711,
  "BREVUSDT": 0.1256,
  "SAHARAUSDT": 0.01416,
  "XNYUSDT": 0.005074,
  "KASUSDT": 0.0298,
  "GMTUSDT": 0.01083,
  "ANIMEUSDT": 0.00458,
  "BLUAIUSDT": 0.005067,
  "BOMEUSDT": 0.0003725,
  "PROVEUSDT": 0.2718,
  "AIAUSDT": 0.0821,
  "XPTUSDT": 2156.34,
  "TWTUSDT": 0.4923,
  "ACTUSDT": 0.01352,
  "VELVETUSDT": 0.0809,
  "AIOUSDT": 0.07538,
  "AUSDT": 0.0772,
  "TSTUSDT": 0.0095,
  "MINAUSDT": 0.05692,
  "OPENUSDT": 0.1434,
  "PEOPLEUSDT": 0.0062,
  "MAGICUSDT": 0.06297,
  "AVAAIUSDT": 0.007,
  "FOLKSUSDT": 1.141,
  "SXTUSDT": 0.02332,
  "MEGAUSDT": 0.12761,
  "NOMUSDT": 0.004441,
  "STOUSDT": 0.05839,
  "GRASSUSDT": 0.1682,
  "SUSHIUSDT": 0.1898,
  "BATUSDT": 0.1139,
  "YBUSDT": 0.1539,
  "POPCATUSDT": 0.04572,
  "TUTUSDT": 0.00986,
  "CATIUSDT": 0.03711,
  "TURBOUSDT": 0.0009588,
  "MANTAUSDT": 0.06302,
  "BSVUSDT": 14.86,
  "ZBTUSDT": 0.06811,
  "SOPHUSDT": 0.00838,
  "STORJUSDT": 0.0941,
  "KERNELUSDT": 0.0707,
  "SUPERUSDT": 0.1058,
  "FUSDT": 0.005437,
  "ACHUSDT": 0.007027,
  "ZKCUSDT": 0.0805,
  "BABYUSDT": 0.01185,
  "GLMUSDT": 0.14999,
  "ICNTUSDT": 0.3959,
  "ARPAUSDT": 0.00955,
  "SWARMSUSDT": 0.00615,
  "LAYERUSDT": 0.08,
  "ONTUSDT": 0.0404,
  "NILUSDT": 0.04689,
  "SAPIENUSDT": 0.0868,
  "BLURUSDT": 0.01895,
  "AINUSDT": 0.03852,
  "VELODROMEUSDT": 0.01352,
  "TAKEUSDT": 0.02235,
  "DAMUSDT": 0.02192,
  "KSMUSDT": 4.5,
  "PROMPTUSDT": 0.04544,
  "MASKUSDT": 0.4058,
  "SOLVUSDT": 0.00423,
  "XVGUSDT": 0.005719,
  "ASRUSDT": 1.339,
  "SONICUSDT": 0.04403,
  "BELUSDT": 0.096,
  "SOONUSDT": 0.1552,
  "TRUTHUSDT": 0.009753,
  "CVXUSDT": 1.718,
  "AIXBTUSDT": 0.01811,
  "EDENUSDT": 0.03198,
  "RAYSOLUSDT": 0.5768,
  "CTSIUSDT": 0.0239,
  "INUSDT": 0.06432,
  "ALTUSDT": 0.00725,
  "RAREUSDT": 0.01794,
  "MUBARAKUSDT": 0.01363,
  "DRIFTUSDT": 0.0797,
  "ANKRUSDT": 0.004169,
  "MEMEUSDT": 0.0006425,
  "SANTOSUSDT": 1.57,
  "C98USDT": 0.0243,
  "SUNUSDT": 0.016404,
  "CRCLUSDT": 60.46,
  "THEUSDT": 0.2407,
  "AKTUSDT": 0.2933,
  "CELOUSDT": 0.072,
  "ERAUSDT": 0.1408,
  "KMNOUSDT": 0.02389,
  "WETUSDT": 0.08011,
  "ARIAUSDT": 0.07305,
  "DEGOUSDT": 0.3169,
  "MELANIAUSDT": 0.1071,
  "FRAXUSDT": 0.623,
  "POLYXUSDT": 0.04031,
  "FLOCKUSDT": 0.06155,
  "IDUSDT": 0.04256,
  "KOMAUSDT": 0.0072,
  "PROMUSDT": 1.236,
  "KAVAUSDT": 0.0463,
  "ELSAUSDT": 0.07818,
  "HYPERUSDT": 0.0884,