{
  "BTCUSDT": 66538.2,
  "ETHUSDT": 1982.38,
  "SOLUSDT": 85.2,
  "XRPUSDT": 1.3744,
  "BNBUSDT": 621.91,
  "XAUUSDT": 5304.82,
  "DOGEUSDT": 0.09351,
  "XAGUSDT": 94.22,
  "HYPEUSDT": 30.56,
  "PAXGUSDT": 5413.03,
  "BCHUSDT": 446.17,
  "WLFIUSDT": 0.1109,
  "TRXUSDT": 0.28097,
  "ADAUSDT": 0.2785,
  "ZECUSDT": 221.9,
  "UNIUSDT": 3.771,
  "SUIUSDT": 0.9024,
  "ASTERUSDT": 0.7148,
  "LINKUSDT": 8.874,
  "AVAXUSDT": 9.129,
  "LTCUSDT": 54.01,
  "1000PEPEUSDT": 0.0035565,
  "PUMPUSDT": 0.001899,
  "ENAUSDT": 0.104,
  "NEARUSDT": 1.155,
  "PIPPINUSDT": 0.59996,
  "DOTUSDT": 1.57,
  "AAVEUSDT": 113.07,
  "WLDUSDT": 0.389,
  "KITEUSDT": 0.25917,
  "POWERUSDT": 1.93077,
  "FILUSDT": 0.975,
  "LITUSDT": 1.409,
  "XPLUSDT": 0.098,
  "TRUMPUSDT": 3.465,
  "TAOUSDT": 179.3,
  "ZROUSDT": 1.8034,
  "1000SHIBUSDT": 0.005662,
  "TONUSDT": 1.2421,
  "APTUSDT": 0.9402,
  "ATOMUSDT": 1.831,
  "RIVERUSDT": 13.352,
  "HBARUSDT": 0.09913,
  "BERAUSDT": 0.6027,
  "XMRUSDT": 344.97,
  "XLMUSDT": 0.1574,
  "ARBUSDT": 0.1,
  "WIFUSDT": 0.1941,
  "HUSDT": 0.12321,
  "ICPUSDT": 2.379,
  "MONUSDT": 0.02146,
  "CRVUSDT": 0.246,
  "AXSUSDT": 1.297,
  "ARCUSDT": 0.03915,
  "FETUSDT": 0.1548,
  "OPUSDT": 0.1226,
  "FFUSDT": 0.0792,
  "VIRTUALUSDT": 0.7007,
  "PENGUUSDT": 0.006811,
  "ETCUSDT": 8.606,
  "CCUSDT": 0.16665,
  "BARDUSDT": 0.9925,
  "POLUSDT": 0.10662,
  "PARTIUSDT": 0.09227,
  "VVVUSDT": 5.622,
  "1000BONKUSDT": 0.005876,
  "BTCDOMUSDT": 5052.6,
  "CHZUSDT": 0.03395,
  "FARTCOINUSDT": 0.1583,
  "\u5e01\u5b89\u4eba\u751fUSDT": 0.06682,
  "ETHFIUSDT": 0.5021,
  "TIAUSDT": 0.323,
  "ONDOUSDT": 0.258,
  "IPUSDT": 0.897,
  "BANUSDT": 0.10969,
  "DASHUSDT": 32.85,
  "INJUSDT": 3.058,
  "SEIUSDT": 0.06869,
  "ESPUSDT": 0.13038,
  "SAHARAUSDT": 0.02452,
  "ENSOUSDT": 1.3282,
  "SENTUSDT": 0.02111,
  "0GUSDT": 0.6434,
  "JUPUSDT": 0.168,
  "STABLEUSDT": 0.033075,
  "BULLAUSDT": 0.02512,
  "KAITOUSDT": 0.3364,
  "ALCHUSDT": 0.08244,
  "SKYAIUSDT": 0.04082,
  "ZKUSDT": 0.0189,
  "GWEIUSDT": 0.044009,
  "PENDLEUSDT": 1.2933,
  "ZAMAUSDT": 0.02151,
  "QUSDT": 0.024634,
  "LDOUSDT": 0.3025,
  "GUAUSDT": 0.22625,
  "RENDERUSDT": 1.368,
  "BUSDT": 0.1759,
  "ATUSDT": 0.15877,
  "BANANAS31USDT": 0.0047,
  "SIRENUSDT": 0.2499,
  "HOMEUSDT": 0.02943,
  "PIEVERSEUSDT": 0.5287,
  "MORPHOUSDT": 1.6961,
  "NIGHTUSDT": 0.05844,
  "MYXUSDT": 0.401,
  "ZENUSDT": 5.362,
  "SIGNUSDT": 0.02593,
  "MUSDT": 1.4928,
  "GIGGLEUSDT": 26.71,
  "CAKEUSDT": 1.3123,
  "BIOUSDT": 0.0206,
  "1000RATSUSDT": 0.03778,
  "SANDUSDT": 0.08396,
  "STRKUSDT": 0.04117,
  "ALLOUSDT": 0.11151,
  "HANAUSDT": 0.03538,
  "BTRUSDT": 0.18195,
  "GALAUSDT": 0.00351,
  "USDCUSDT": 0.999499,
  "ALGOUSDT": 0.087,
  "STGUSDT": 0.159,
  "GPSUSDT": 0.009278,
  "1000LUNCUSDT": 0.04518,
  "SKYUSDT": 0.06848,
  "DENTUSDT": 0.000328,
  "ATHUSDT": 0.00642,
  "MSTRUSDT": 130.21,
  "LYNUSDT": 0.2672,
  "APEUSDT": 0.1018,
  "AEROUSDT": 0.3508,
  "DUSKUSDT": 0.08253,
  "JTOUSDT": 0.2656,
  "AZTECUSDT": 0.02168,
  "GUNUSDT": 0.02599,
  "SYRUPUSDT": 0.2403,
  "JELLYJELLYUSDT": 0.0676,
  "TRADOORUSDT": 1.394,
  "FIOUSDT": 0.0123,
  "B2USDT": 0.7219,
  "HUMAUSDT": 0.012261,
  "ZILUSDT": 0.00425,
  "OPNUSDT": 0.4646,
  "TSLAUSDT": 401.69,
  "XPINUSDT": 0.001416,
  "EIGENUSDT": 0.1844,
  "UBUSDT": 0.03296,
  "GRASSUSDT": 0.2717,
  "METUSDT": 0.1818,
  "PYTHUSDT": 0.049,
  "XTZUSDT": 0.388,
  "CRCLUSDT": 83.59,
  "BEAMXUSDT": 0.001871,
  "ROSEUSDT": 0.01142,
  "FOGOUSDT": 0.02617,
  "NEOUSDT": 2.712,
  "FORMUSDT": 0.1956,
  "VETUSDT": 0.007219,
  "DYDXUSDT": 0.092,
  "AVNTUSDT": 0.1742,
  "LAUSDT": 0.2167,
  "\u6211\u8e0f\u9a6c\u6765\u4e86USDT": 0.011429,
  "NXPCUSDT": 0.2721,
  "MOVEUSDT": 0.02177,
  "COLLECTUSDT": 0.04331,
  "ORDIUSDT": 2.416,
  "ZKPUSDT": 0.08839,
  "RAVEUSDT": 0.3641,
  "LINEAUSDT": 0.003102,
  "ROBOUSDT": 0.0369,
  "SKRUSDT": 0.022561,
  "ESPORTSUSDT": 0.30108,
  "COMPUSDT": 17.91,
  "AUCTIONUSDT": 4.778,
  "SUSDT": 0.03985,
  "1000FLOKIUSDT": 0.02761,
  "PNUTUSDT": 0.04422,
  "BEATUSDT": 0.2332,
  "ORCAUSDT": 0.881,
  "SPXUSDT": 0.3331,
  "CYBERUSDT": 0.5283,
  "EULUSDT": 1.096,
  "SNXUSDT": 0.318,
  "ENSUSDT": 6.046,
  "LPTUSDT": 2.314,
  "STXUSDT": 0.2567,
  "WETUSDT": 0.10567,
  "TRBUSDT": 14.008,
  "WUSDT": 0.01873,
  "JASMYUSDT": 0.005496,
  "ARUSDT": 1.531,
  "LAYERUSDT": 0.0954,
  "AGLDUSDT": 0.2247,
  "BIRBUSDT": 0.15719,
  "MEUSDT": 0.1171,
  "PLUMEUSDT": 0.00926,
  "SOMIUSDT": 0.202,
  "USELESSUSDT": 0.04151,
  "TRIAUSDT": 0.01817,
  "RESOLVUSDT": 0.05946,
  "TAUSDT": 0.04001,
  "AWEUSDT": 0.05198,
  "BANKUSDT": 0.03594,
  "MANAUSDT": 0.0963,
  "JSTUSDT": 0.046981,
  "STEEMUSDT": 0.06274,
  "AXLUSDT": 0.05356,
  "IMXUSDT": 0.1627,
  "IOTAUSDT": 0.0671,
  "COAIUSDT": 0.3232,
  "AGTUSDT": 0.005418,
  "DEXEUSDT": 3.402,
  "FLOWUSDT": 0.03788,
  "YGGUSDT": 0.03774,
  "MERLUSDT": 0.04135,
  "GRTUSDT": 0.02606,
  "EDUUSDT": 0.1063,
  "2ZUSDT": 0.0742,
  "INITUSDT": 0.07638,
  "CFXUSDT": 0.04818,
  "CLOUSDT": 0.07028,
  "API3USDT": 0.2824,
  "OGUSDT": 2.979,
  "SUNUSDT": 0.014847,
  "WCTUSDT": 0.05887,
  "CYSUSDT": 0.3116,
  "QNTUSDT": 62.86,
  "NMRUSDT": 7.563,
  "MMTUSDT": 0.1178,
  "MOODENGUSDT": 0.04963,
  "SFPUSDT": 0.2625,
  "TAGUSDT": 0.0003463,
  "SPKUSDT": 0.01923,
  "LIGHTUSDT": 0.1904,
  "NAORISUSDT": 0.03053,
  "NEIROUSDT": 6.624e-05,
  "THETAUSDT": 0.1914,
  "VANAUSDT": 1.443,
  "ZRXUSDT": 0.1053,
  "FOLKSUSDT": 1.324,
  "ZORAUSDT": 0.01819,
  "1INCHUSDT": 0.093,
  "4USDT": 0.00759,
  "PTBUSDT": 0.001135,
  "SOPHUSDT": 0.009313,
  "AIXBTUSDT": 0.0217,
  "RUNEUSDT": 0.3981,
  "ARKMUSDT": 0.1065,
  "IOUSDT": 0.1083,
  "EGLDUSDT": 4.456,
  "KAIAUSDT": 0.05483,
  "XPTUSDT": 2380.0,
  "SPACEUSDT": 0.007793,
  "ANIMEUSDT": 0.004866,
  "MIRAUSDT": 0.091,
  "TAKEUSDT": 0.02124,
  "KASUSDT": 0.02947,
  "KGENUSDT": 0.18583,
  "LUNA2USDT": 0.0654,
  "YFIUSDT": 2656.0,
  "AKEUSDT": 0.0002454,
  "GMTUSDT": 0.01192,
  "LRCUSDT": 0.03096,
  "PEOPLEUSDT": 0.00633,
  "MEGAUSDT": 0.13241,
  "BLUAIUSDT": 0.005002,
  "PROVEUSDT": 0.2938,
  "KERNELUSDT": 0.08085,
  "BATUSDT": 0.1039,
  "FHEUSDT": 0.02819,
  "BSVUSDT": 15.52,
  "VELVETUSDT": 0.08299,
  "AIAUSDT": 0.08315,
  "AUSDT": 0.0798,
  "BREVUSDT": 0.1324,
  "TSTUSDT": 0.00944,
  "ALICEUSDT": 0.124,
  "COWUSDT": 0.2112,
  "CATIUSDT": 0.04056,
  "STOUSDT": 0.06247,
  "OPENUSDT": 0.1454,
  "AVAAIUSDT": 0.007377,
  "TWTUSDT": 0.496,
  "POPCATUSDT": 0.04716,
  "SWARMSUSDT": 0.007221,
  "TURBOUSDT": 0.0009793,
  "ACTUSDT": 0.01345,
  "BOMEUSDT": 0.0003851,
  "SUSHIUSDT": 0.2013,
  "FIGHTUSDT": 0.006465,
  "NOMUSDT": 0.003528,
  "SOONUSDT": 0.1651,
  "VELODROMEUSDT": 0.01551,
  "GASUSDT": 1.599,
  "MINAUSDT": 0.05683,
  "RPLUSDT": 1.849,
  "BABYUSDT": 0.01151,
  "TUTUSDT": 0.01012,
  "SUPERUSDT": 0.1156,
  "XNYUSDT": 0.005736,
  "MANTAUSDT": 0.06129,
  "KSMUSDT": 4.865,
  "FUSDT": 0.00572,
  "HOLOUSDT": 0.06339,
  "MAGICUSDT": 0.06138,
  "XVGUSDT": 0.005628,
  "TNSRUSDT": 0.04525,
  "YBUSDT": 0.1614,
  "BLURUSDT": 0.02001,
  "ALTUSDT": 0.00725,
  "MEMEUSDT": 0.0005957,
  "NILUSDT": 0.04724,
  "TRUTHUSDT": 0.009992,
  "AIOUSDT": 0.07018,
  "CELOUSDT": 0.079,
  "AINUSDT": 0.04049,
  "MASKUSDT": 0.4285,
  "REDUSDT": 0.1499,
  "NEWTUSDT": 0.07136,
  "IOTXUSDT": 0.00464,
  "STBLUSDT": 0.04093,
  "ASRUSDT": 1.324,
  "INUSDT": 0.07045,
  "ZBTUSDT": 0.07394,
  "KOMAUSDT": 0.008004,
  "UAIUSDT": 0.1619,
  "ACHUSDT": 0.006774,
  "BASUSDT": 0.006642,
  "ONTUSDT": 0.0433,
  "UMAUSDT": 0.423,
  "MUBARAKUSDT": 0.01372,
  "SAPIENUSDT": 0.08412,
  "MELANIAUSDT": 0.1111,
  "RAYSOLUSDT": 0.6022,
  "KMNOUSDT": 0.02195,
  "WALUSDT": 0.07753,
  "GLMUSDT": 0.13371,
  "ERAUSDT": 0.1462,
  "DRIFTUSDT": 0.0862,
  "C98USDT": 0.0263,
  "EDENUSDT": 0.03198,
  "DAMUSDT": 0.02336,
  "RSRUSDT": 0.001508,
  "CTSIUSDT": 0.0243,
  "ANKRUSDT": 0.004247,
  "IDOLUSDT": 0.01907,
  "SONICUSDT": 0.04414,
  "KAVAUSDT": 0.0499,
  "SKLUSDT": 0.00646,
  "SOLVUSDT": 0.003926,
  "ZKCUSDT": 0.0849,
  "ICNTUSDT": 0.3759,
  "HOTUSDT": 0.00039,
  "ZEREBROUSDT": 0.007072,
  "ENJUSDT": 0.01958,
  "DEGOUSDT": 0.3053,