{
  "BTCUSDT": 67272.3,
  "ETHUSDT": 1967.55,
  "SOLUSDT": 83.58,
  "XRPUSDT": 1.4651,
  "BNBUSDT": 615.92,
  "BCHUSDT": 563.65,
  "DOGEUSDT": 0.1004,
  "HYPEUSDT": 29.749,
  "XAGUSDT": 72.85,
  "ZECUSDT": 285.37,
  "PAXGUSDT": 4866.49,
  "XAUUSDT": 4865.41,
  "TRXUSDT": 0.28075,
  "SUIUSDT": 0.9669,
  "ASTERUSDT": 0.7072,
  "1000PEPEUSDT": 0.0043859,
  "LINKUSDT": 8.755,
  "ADAUSDT": 0.2807,
  "LTCUSDT": 54.03,
  "AVAXUSDT": 9.092,
  "UNIUSDT": 3.494,
  "PUMPUSDT": 0.002205,
  "ENAUSDT": 0.1199,
  "WLFIUSDT": 0.1028,
  "PIPPINUSDT": 0.4886,
  "AAVEUSDT": 127.79,
  "NEARUSDT": 1.037,
  "KITEUSDT": 0.20691,
  "LITUSDT": 1.557,
  "TRUMPUSDT": 3.409,
  "WLDUSDT": 0.3925,
  "TAOUSDT": 195.57,
  "XPLUSDT": 0.0961,
  "FILUSDT": 0.962,
  "ARCUSDT": 0.07635,
  "DOTUSDT": 1.354,
  "ZROUSDT": 1.5799,
  "RIVERUSDT": 10.745,
  "ATOMUSDT": 2.246,
  "TONUSDT": 1.4171,
  "APTUSDT": 0.9125,
  "HUSDT": 0.19463,
  "1000SHIBUSDT": 0.006493,
  "HBARUSDT": 0.10125,
  "BERAUSDT": 0.6575,
  "ARBUSDT": 0.1129,
  "XLMUSDT": 0.16526,
  "AXSUSDT": 1.325,
  "XMRUSDT": 328.36,
  "MONUSDT": 0.02193,
  "ICPUSDT": 2.376,
  "WIFUSDT": 0.2322,
  "FFUSDT": 0.08013,
  "CRVUSDT": 0.251,
  "PENGUUSDT": 0.007115,
  "FETUSDT": 0.1707,
  "FARTCOINUSDT": 0.1949,
  "BARDUSDT": 0.8081,
  "IPUSDT": 1.14,
  "ETCUSDT": 8.67,
  "CHZUSDT": 0.0404,
  "\u5e01\u5b89\u4eba\u751fUSDT": 0.09615,
  "1000BONKUSDT": 0.006483,
  "DASHUSDT": 37.29,
  "OPUSDT": 0.1859,
  "PARTIUSDT": 0.10144,
  "POLUSDT": 0.108,
  "BTCDOMUSDT": 5042.3,
  "ONDOUSDT": 0.2738,
  "TIAUSDT": 0.3399,
  "0GUSDT": 0.6775,
  "SENTUSDT": 0.02207,
  "VVVUSDT": 4.272,
  "POWERUSDT": 0.32408,
  "VIRTUALUSDT": 0.6395,
  "ZKUSDT": 0.02173,
  "SEIUSDT": 0.0741,
  "ETHFIUSDT": 0.4762,
  "ZAMAUSDT": 0.01983,
  "BANUSDT": 0.10215,
  "JUPUSDT": 0.1634,
  "ORCAUSDT": 1.122,
  "STABLEUSDT": 0.027067,
  "SIRENUSDT": 0.23103,
  "INITUSDT": 0.11319,
  "CCUSDT": 0.16491,
  "CYSUSDT": 0.555,
  "UBUSDT": 0.04833,
  "JELLYJELLYUSDT": 0.08629,
  "ALCHUSDT": 0.08206,
  "LDOUSDT": 0.3398,
  "BTRUSDT": 0.19597,
  "INJUSDT": 3.105,
  "JTOUSDT": 0.3155,
  "PENDLEUSDT": 1.2047,
  "KAITOUSDT": 0.3159,
  "ENSOUSDT": 1.1399,
  "RENDERUSDT": 1.45,
  "SKYUSDT": 0.0662,
  "ATUSDT": 0.15778,
  "ZENUSDT": 6.142,
  "QUSDT": 0.021169,
  "1000RATSUSDT": 0.04589,
  "NIGHTUSDT": 0.05614,
  "OMUSDT": 0.06011,
  "GPSUSDT": 0.012778,
  "AWEUSDT": 0.09093,
  "BANANAS31USDT": 0.004564,
  "SANDUSDT": 0.08541,
  "MUSDT": 1.5145,
  "HOMEUSDT": 0.027654,
  "HANAUSDT": 0.03568,
  "LYNUSDT": 0.23869,
  "\u6211\u8e0f\u9a6c\u6765\u4e86USDT": 0.017686,
  "DUSKUSDT": 0.10267,
  "GIGGLEUSDT": 30.68,
  "STRKUSDT": 0.04796,
  "SPACEUSDT": 0.010802,
  "SKYAIUSDT": 0.03711,
  "ROSEUSDT": 0.01252,
  "HUMAUSDT": 0.016738,
  "MYXUSDT": 1.53,
  "TRADOORUSDT": 1.378,
  "PYTHUSDT": 0.05601,
  "CAKEUSDT": 1.297,
  "ALGOUSDT": 0.0937,
  "USDCUSDT": 0.999902,
  "PIEVERSEUSDT": 0.3957,
  "COMPUSDT": 19.38,
  "GALAUSDT": 0.00406,
  "ESPUSDT": 0.05996,
  "MSTRUSDT": 130.16,
  "MOVEUSDT": 0.02617,
  "AVNTUSDT": 0.2058,
  "METUSDT": 0.2219,
  "XPINUSDT": 0.001861,
  "ZILUSDT": 0.00426,
  "RPLUSDT": 2.339,
  "BULLAUSDT": 0.02887,
  "MORPHOUSDT": 1.3936,
  "B2USDT": 0.697,
  "SUSDT": 0.04967,
  "COLLECTUSDT": 0.07448,
  "BUSDT": 0.1411,
  "GUNUSDT": 0.02266,
  "ZKPUSDT": 0.09371,
  "MEUSDT": 0.1349,
  "LINEAUSDT": 0.003744,
  "EIGENUSDT": 0.2087,
  "BEAMXUSDT": 0.002388,
  "1000LUNCUSDT": 0.03384,
  "SYRUPUSDT": 0.2417,
  "TSLAUSDT": 406.88,
  "AUCTIONUSDT": 5.188,
  "ENSUSDT": 6.654,
  "XTZUSDT": 0.394,
  "VETUSDT": 0.008072,
  "LAUSDT": 0.2018,
  "ESPORTSUSDT": 0.38295,
  "ALLOUSDT": 0.09098,
  "NEOUSDT": 2.79,
  "BIOUSDT": 0.02405,
  "DYDXUSDT": 0.107,
  "FORMUSDT": 0.2173,
  "RAVEUSDT": 0.39298,
  "PNUTUSDT": 0.05046,
  "NXPCUSDT": 0.2746,
  "FOGOUSDT": 0.02447,
  "ORDIUSDT": 2.784,
  "GUAUSDT": 0.14584,
  "AEROUSDT": 0.3126,
  "FHEUSDT": 0.04252,
  "MERLUSDT": 0.06488,
  "BIRBUSDT": 0.18998,
  "RESOLVUSDT": 0.06179,
  "OGUSDT": 3.365,
  "CLOUSDT": 0.08199,
  "MMTUSDT": 0.1458,
  "PLUMEUSDT": 0.01078,
  "BEATUSDT": 0.246,
  "1000FLOKIUSDT": 0.03176,
  "LPTUSDT": 2.453,
  "LRCUSDT": 0.03434,
  "SOMIUSDT": 0.1896,
  "MOODENGUSDT": 0.06008,
  "ATHUSDT": 0.00602,
  "TRBUSDT": 15.729,
  "AIAUSDT": 0.1167,
  "STGUSDT": 0.1373,
  "STXUSDT": 0.2607,
  "EDUUSDT": 0.1277,
  "VANAUSDT": 1.541,
  "TRIAUSDT": 0.01702,
  "GWEIUSDT": 0.028238,
  "APEUSDT": 0.1264,
  "JASMYUSDT": 0.006062,
  "2ZUSDT": 0.07776,
  "USELESSUSDT": 0.05176,
  "ARUSDT": 2.022,
  "BANKUSDT": 0.04021,
  "WUSDT": 0.02034,
  "API3USDT": 0.3123,
  "COAIUSDT": 0.3485,
  "WCTUSDT": 0.06157,
  "MANAUSDT": 0.1008,
  "NMRUSDT": 8.388,
  "EULUSDT": 0.951,
  "CFXUSDT": 0.05406,
  "LUNA2USDT": 0.06508,
  "SPXUSDT": 0.3286,
  "AZTECUSDT": 0.02181,
  "FLOWUSDT": 0.03907,
  "MAGICUSDT": 0.07694,
  "BREVUSDT": 0.1409,
  "PTBUSDT": 0.001534,
  "ZORAUSDT": 0.02235,
  "TAGUSDT": 0.0003769,
  "TAUSDT": 0.0372,
  "4USDT": 0.00969,
  "IMXUSDT": 0.1668,
  "MUBARAKUSDT": 0.01981,
  "LIGHTUSDT": 0.2375,
  "JSTUSDT": 0.042107,
  "QNTUSDT": 67.26,
  "XNYUSDT": 0.004943,
  "GRTUSDT": 0.02766,
  "UAIUSDT": 0.2305,
  "SPKUSDT": 0.021,
  "COWUSDT": 0.2139,
  "1INCHUSDT": 0.0946,
  "SFPUSDT": 0.2701,
  "ZRXUSDT": 0.1095,
  "KAIAUSDT": 0.05731,
  "AGTUSDT": 0.004712,
  "TWTUSDT": 0.5638,
  "FRAXUSDT": 0.7012,
  "IOTAUSDT": 0.069,
  "BOMEUSDT": 0.0004288,
  "TAKEUSDT": 0.02799,
  "MANTAUSDT": 0.07994,
  "ZKCUSDT": 0.0949,
  "THETAUSDT": 0.2057,
  "SKRUSDT": 0.020988,
  "NOMUSDT": 0.005501,
  "EGLDUSDT": 4.68,
  "MEGAUSDT": 0.13248,
  "YFIUSDT": 2836.0,
  "RAYSOLUSDT": 0.6626,
  "RUNEUSDT": 0.4041,
  "AXLUSDT": 0.06077,
  "TNSRUSDT": 0.05498,
  "UMAUSDT": 0.5405,
  "SNXUSDT": 0.295,
  "NEIROUSDT": 7.63e-05,
  "NILUSDT": 0.0558,
  "ACTUSDT": 0.01507,
  "ARKMUSDT": 0.1163,
  "SAHARAUSDT": 0.01576,
  "PEOPLEUSDT": 0.00698,
  "MINAUSDT": 0.06515,
  "GRASSUSDT": 0.1998,
  "C98USDT": 0.0315,
  "ANIMEUSDT": 0.005644,
  "AUSDT": 0.0847,
  "TSTUSDT": 0.01105,
  "PROVEUSDT": 0.3194,
  "BLUAIUSDT": 0.005489,
  "XVGUSDT": 0.00592,
  "FOLKSUSDT": 1.331,
  "YBUSDT": 0.1765,
  "FIGHTUSDT": 0.006066,
  "SIGNUSDT": 0.02672,
  "FUSDT": 0.006368,
  "BSVUSDT": 16.79,
  "SOPHUSDT": 0.009865,
  "SUPERUSDT": 0.1295,
  "TUTUSDT": 0.01184,
  "TURBOUSDT": 0.0010963,
  "AVAAIUSDT": 0.00774,
  "KASUSDT": 0.03186,
  "IOUSDT": 0.1098,
  "KGENUSDT": 0.16652,
  "CVXUSDT": 2.01,
  "BATUSDT": 0.1267,
  "GMTUSDT": 0.01234,
  "OPENUSDT": 0.1598,
  "GASUSDT": 1.64,
  "POPCATUSDT": 0.05305,
  "SWARMSUSDT": 0.00733,
  "ACHUSDT": 0.007748,
  "BABYUSDT": 0.01433,
  "CATIUSDT": 0.04104,
  "AIOUSDT": 0.07603,
  "ICNTUSDT": 0.4363,
  "BASUSDT": 0.005958,
  "LAYERUSDT": 0.0898,
  "SANTOSUSDT": 1.884,
  "DEEPUSDT": 0.03046,
  "SUSHIUSDT": 0.2092,
  "CYBERUSDT": 0.5565,
  "XPTUSDT": 2010.96,
  "DRIFTUSDT": 0.0941,
  "IDOLUSDT": 0.02092,
  "ZBTUSDT": 0.07105,
  "MASKUSDT": 0.4666,
  "AKEUSDT": 0.0002738,
  "CELOUSDT": 0.083,
  "BLURUSDT": 0.02097,
  "SUNUSDT": 0.017115,
  "IRYSUSDT": 0.02904,
  "ONTUSDT": 0.0466,
  "SOONUSDT": 0.1793,
  "YGGUSDT": 0.04074,
  "PLAYUSDT": 0.02385,
  "TRUTHUSDT": 0.010668,
  "STORJUSDT": 0.1052,
  "VELVETUSDT": 0.08563,
  "MEMEUSDT": 0.0007168,
  "CTSIUSDT": 0.0274,
  "SOLVUSDT": 0.00463,
  "ALTUSDT": 0.00868,
  "ZEREBROUSDT": 0.00853,
  "DEXEUSDT": 2.438,
  "VELODROMEUSDT": 0.01434,
  "AIXBTUSDT": 0.02129,
  "STOUSDT": 0.05583,
  "IDUSDT": 0.0504,
  "RAREUSDT": 0.01998,
  "ASRUSDT": 1.423,
  "GLMUSDT": 0.18127,
  "THEUSDT": 0.2726,
  "KMNOUSDT": 0.03106,
  "PROMUSDT": 1.385,
  "ANKRUSDT": 0.004672,
  "ERAUSDT": 0.1596,
  "SYNUSDT": 0.05168,
  "SONICUSDT": 0.04578,
  "LISTAUSDT": 0.0961,
  "RSRUSDT": 0.001536,
  "SKLUSDT": 0.00696,
  "MELANIAUSDT": 0.1192,
  "ONUSDT": 0.09569,
  "STBLUSDT": 0.03945,
  "WALUSDT": 0.0843,
  "INUSDT": 0.06251,
  "ARIAUSDT": 0.07958,
  "QTUMUSDT": 0.959,
  "ARPAUSDT": 0.01026,
  "KSMUSDT": 4.808,
  "EDENUSDT": 0.03519,
  "BROCCOLI714USDT": 0.01452,
  "GMXUSDT": 6.482,
  "DEGOUSDT": 0.3413,
  "KERNELUSDT": 0.06597,
  "AINUSDT": 0.03429,
  "HYPERUSDT": 0.1021,