{
  "BTCUSDT": 68585.2,
  "ETHUSDT": 1988.86,
  "SOLUSDT": 86.56,
  "XRPUSDT": 1.4506,
  "BNBUSDT": 628.58,
  "BCHUSDT": 573.05,
  "DOGEUSDT": 0.10001,
  "HYPEUSDT": 29.925,
  "XAGUSDT": 84.56,
  "WLFIUSDT": 0.1205,
  "XAUUSDT": 5113.67,
  "PAXGUSDT": 5133.59,
  "ZECUSDT": 260.75,
  "TRXUSDT": 0.28729,
  "SUIUSDT": 0.9575,
  "ASTERUSDT": 0.7239,
  "LINKUSDT": 8.948,
  "ADAUSDT": 0.2827,
  "UNIUSDT": 3.651,
  "AVAXUSDT": 9.282,
  "LTCUSDT": 55.64,
  "1000PEPEUSDT": 0.0042128,
  "PUMPUSDT": 0.002111,
  "ENAUSDT": 0.1101,
  "AAVEUSDT": 121.64,
  "NEARUSDT": 1.061,
  "PIPPINUSDT": 0.4856,
  "KITEUSDT": 0.22386,
  "WLDUSDT": 0.392,
  "TRUMPUSDT": 3.518,
  "LITUSDT": 1.504,
  "FILUSDT": 0.988,
  "XPLUSDT": 0.0999,
  "TAOUSDT": 182.43,
  "DOTUSDT": 1.373,
  "ARCUSDT": 0.07133,
  "ZROUSDT": 1.718,
  "ATOMUSDT": 2.35,
  "APTUSDT": 0.8986,
  "TONUSDT": 1.346,
  "1000SHIBUSDT": 0.006469,
  "XLMUSDT": 0.16347,
  "HBARUSDT": 0.10066,
  "ENSOUSDT": 1.894,
  "ARBUSDT": 0.1,
  "ICPUSDT": 2.269,
  "AXSUSDT": 1.337,
  "BERAUSDT": 0.5845,
  "ETCUSDT": 9.312,
  "OPUSDT": 0.13,
  "RIVERUSDT": 8.088,
  "HUSDT": 0.1639,
  "XMRUSDT": 327.34,
  "MONUSDT": 0.02102,
  "POWERUSDT": 0.44961,
  "WIFUSDT": 0.2258,
  "FETUSDT": 0.1679,
  "AZTECUSDT": 0.03427,
  "PENGUUSDT": 0.006974,
  "FFUSDT": 0.07975,
  "CRVUSDT": 0.244,
  "INJUSDT": 3.831,
  "FARTCOINUSDT": 0.1868,
  "BARDUSDT": 0.7536,
  "1000BONKUSDT": 0.006381,
  "POLUSDT": 0.11482,
  "\u5e01\u5b89\u4eba\u751fUSDT": 0.08604,
  "IPUSDT": 1.101,
  "BANUSDT": 0.12739,
  "PARTIUSDT": 0.10239,
  "DASHUSDT": 34.54,
  "CHZUSDT": 0.03577,
  "BTCDOMUSDT": 5086.5,
  "RAVEUSDT": 0.58647,
  "TIAUSDT": 0.3381,
  "SENTUSDT": 0.0228,
  "VIRTUALUSDT": 0.6531,
  "0GUSDT": 0.678,
  "ONDOUSDT": 0.2718,
  "ZAMAUSDT": 0.02448,
  "ETHFIUSDT": 0.4696,
  "SEIUSDT": 0.0715,
  "ZKUSDT": 0.02006,
  "VVVUSDT": 4.378,
  "ESPUSDT": 0.0929,
  "JUPUSDT": 0.1589,
  "LYNUSDT": 0.29851,
  "STABLEUSDT": 0.029577,
  "MYXUSDT": 1.044,
  "BIOUSDT": 0.02881,
  "ALCHUSDT": 0.08166,
  "RENDERUSDT": 1.48,
  "CCUSDT": 0.16098,
  "PENDLEUSDT": 1.2413,
  "LDOUSDT": 0.3351,
  "QUSDT": 0.02274,
  "KAITOUSDT": 0.3056,
  "1000RATSUSDT": 0.04659,
  "HOMEUSDT": 0.028909,
  "BTRUSDT": 0.1956,
  "ZENUSDT": 5.887,
  "DUSKUSDT": 0.08405,
  "SIRENUSDT": 0.22037,
  "NIGHTUSDT": 0.05862,
  "BANANAS31USDT": 0.004594,
  "SANDUSDT": 0.08565,
  "ALGOUSDT": 0.0909,
  "ATUSDT": 0.16001,
  "CAKEUSDT": 1.334,
  "HANAUSDT": 0.03587,
  "STRKUSDT": 0.04562,
  "SKYAIUSDT": 0.03827,
  "JTOUSDT": 0.3053,
  "ORCAUSDT": 1.072,
  "TRADOORUSDT": 1.396,
  "YGGUSDT": 0.04863,
  "ALLOUSDT": 0.11949,
  "UBUSDT": 0.03686,
  "ZILUSDT": 0.00424,
  "MORPHOUSDT": 1.6246,
  "GUNUSDT": 0.02846,
  "GPSUSDT": 0.012991,
  "PIEVERSEUSDT": 0.417,
  "MUSDT": 1.3536,
  "SKYUSDT": 0.06446,
  "OMUSDT": 0.06374,
  "GALAUSDT": 0.00397,
  "USDCUSDT": 0.999786,
  "ROSEUSDT": 0.01365,
  "APEUSDT": 0.1111,
  "\u6211\u8e0f\u9a6c\u6765\u4e86USDT": 0.015836,
  "GIGGLEUSDT": 29.31,
  "SNXUSDT": 0.417,
  "PYTHUSDT": 0.0545,
  "B2USDT": 0.7174,
  "AWEUSDT": 0.05739,
  "METUSDT": 0.2129,
  "XPINUSDT": 0.001713,
  "AVNTUSDT": 0.1905,
  "BEAMXUSDT": 0.002301,
  "CYSUSDT": 0.3787,
  "HUMAUSDT": 0.012713,
  "AEROUSDT": 0.3372,
  "JELLYJELLYUSDT": 0.06579,
  "EIGENUSDT": 0.1955,
  "SYRUPUSDT": 0.2334,
  "MSTRUSDT": 131.73,
  "INITUSDT": 0.10073,
  "BULLAUSDT": 0.02691,
  "BUSDT": 0.1303,
  "COMPUSDT": 18.31,
  "NAORISUSDT": 0.04493,
  "DYDXUSDT": 0.102,
  "ORDIUSDT": 2.703,
  "XTZUSDT": 0.393,
  "MEUSDT": 0.1314,
  "ENSUSDT": 6.849,
  "ZKPUSDT": 0.09319,
  "FOGOUSDT": 0.02696,
  "MOVEUSDT": 0.02405,
  "TSLAUSDT": 411.5,
  "ESPORTSUSDT": 0.33839,
  "GUAUSDT": 0.14628,
  "VETUSDT": 0.007817,
  "NEOUSDT": 2.799,
  "COLLECTUSDT": 0.05288,
  "NXPCUSDT": 0.273,
  "FORMUSDT": 0.2113,
  "SUSDT": 0.04447,
  "PNUTUSDT": 0.04909,
  "CYBERUSDT": 0.5804,
  "VANAUSDT": 1.609,
  "AUCTIONUSDT": 5.053,
  "LAUSDT": 0.2128,
  "1000LUNCUSDT": 0.03711,
  "LINEAUSDT": 0.003474,
  "STGUSDT": 0.149,
  "SPACEUSDT": 0.009989,
  "SOMIUSDT": 0.2093,
  "RESOLVUSDT": 0.06552,
  "BEATUSDT": 0.242,
  "EULUSDT": 1.011,
  "1000FLOKIUSDT": 0.03065,
  "LPTUSDT": 2.373,
  "GWEIUSDT": 0.03022,
  "OGUSDT": 3.313,
  "STXUSDT": 0.2562,
  "PLUMEUSDT": 0.01013,
  "CLOUSDT": 0.09104,
  "MERLUSDT": 0.05132,
  "TRBUSDT": 15.468,
  "OPNUSDT": 0.5364,
  "FHEUSDT": 0.03975,
  "BIRBUSDT": 0.17307,
  "EDUUSDT": 0.1257,
  "ATHUSDT": 0.00559,
  "MOODENGUSDT": 0.05728,
  "WUSDT": 0.01999,
  "LRCUSDT": 0.03352,
  "GRTUSDT": 0.02817,
  "UAIUSDT": 0.2431,
  "2ZUSDT": 0.07348,
  "NMRUSDT": 8.213,
  "JASMYUSDT": 0.0059,
  "MANAUSDT": 0.0998,
  "MMTUSDT": 0.1315,
  "CFXUSDT": 0.05368,
  "ARUSDT": 2.046,
  "BANKUSDT": 0.03825,
  "SPXUSDT": 0.3256,
  "WCTUSDT": 0.06139,
  "AGTUSDT": 0.005288,
  "USELESSUSDT": 0.04276,
  "AGLDUSDT": 0.2748,
  "RPLUSDT": 2.351,
  "API3USDT": 0.3037,
  "LIGHTUSDT": 0.2418,
  "IMXUSDT": 0.1703,
  "TAUSDT": 0.03854,
  "COAIUSDT": 0.33,
  "TRIAUSDT": 0.01643,
  "ZORAUSDT": 0.02069,
  "LUNA2USDT": 0.0648,
  "BREVUSDT": 0.1438,
  "FLOWUSDT": 0.03875,
  "AIAUSDT": 0.10354,
  "IOTAUSDT": 0.0701,
  "THETAUSDT": 0.2046,
  "ZRXUSDT": 0.1115,
  "IOUSDT": 0.123,
  "4USDT": 0.00902,
  "SFPUSDT": 0.2758,
  "PTBUSDT": 0.00139,
  "SPKUSDT": 0.02089,
  "QNTUSDT": 65.65,
  "JSTUSDT": 0.04312,
  "AXLUSDT": 0.05561,
  "1INCHUSDT": 0.0938,
  "TAGUSDT": 0.0003431,
  "RUNEUSDT": 0.4157,
  "FOLKSUSDT": 1.37,
  "KAIAUSDT": 0.05657,
  "NEIROUSDT": 7.52e-05,
  "FIGHTUSDT": 0.007454,
  "SKRUSDT": 0.019824,
  "NOMUSDT": 0.005454,
  "ARKMUSDT": 0.1143,
  "SIGNUSDT": 0.02749,
  "YFIUSDT": 2849.0,
  "EGLDUSDT": 4.642,
  "ANIMEUSDT": 0.005051,
  "BOMEUSDT": 0.000418,
  "SAHARAUSDT": 0.01597,
  "KGENUSDT": 0.1788,
  "MEGAUSDT": 0.13062,
  "MAGICUSDT": 0.07028,
  "TWTUSDT": 0.5252,
  "BLUAIUSDT": 0.005144,
  "PROVEUSDT": 0.305,
  "ZKCUSDT": 0.0914,
  "COWUSDT": 0.2085,
  "PEOPLEUSDT": 0.00687,
  "KASUSDT": 0.0317,
  "XNYUSDT": 0.004587,
  "MANTAUSDT": 0.07193,
  "ACTUSDT": 0.01477,
  "GASUSDT": 1.607,
  "AUSDT": 0.0833,
  "TRUTHUSDT": 0.010259,
  "TSTUSDT": 0.01066,
  "OPENUSDT": 0.1532,
  "TAKEUSDT": 0.02428,
  "AVAAIUSDT": 0.00767,
  "TURBOUSDT": 0.0010792,
  "MINAUSDT": 0.06302,
  "AIOUSDT": 0.07922,
  "GMTUSDT": 0.01216,
  "TUTUSDT": 0.01119,
  "GRASSUSDT": 0.1923,
  "BATUSDT": 0.1223,
  "BSVUSDT": 16.52,
  "SUPERUSDT": 0.1202,
  "SANTOSUSDT": 1.895,
  "SWARMSUSDT": 0.00714,
  "NILUSDT": 0.05127,
  "ZBTUSDT": 0.07412,
  "POPCATUSDT": 0.05224,
  "TNSRUSDT": 0.0497,
  "SOPHUSDT": 0.009316,
  "SUSHIUSDT": 0.2124,
  "FUSDT": 0.005952,
  "CATIUSDT": 0.04034,
  "MUBARAKUSDT": 0.01582,
  "VELVETUSDT": 0.07832,
  "IDOLUSDT": 0.02175,
  "LAYERUSDT": 0.0899,
  "YBUSDT": 0.1616,
  "AKEUSDT": 0.0002766,
  "XPTUSDT": 2161.36,
  "CTSIUSDT": 0.0267,
  "VELODROMEUSDT": 0.01518,
  "KSMUSDT": 5.03,
  "BABYUSDT": 0.01323,
  "CVXUSDT": 1.976,
  "XVGUSDT": 0.006136,
  "C98USDT": 0.0267,
  "ACHUSDT": 0.00761,
  "EDENUSDT": 0.03566,
  "RAYSOLUSDT": 0.659,
  "BLURUSDT": 0.02118,
  "ICNTUSDT": 0.3948,
  "SOLVUSDT": 0.00456,
  "DOLOUSDT": 0.04101,
  "MASKUSDT": 0.4546,
  "ALTUSDT": 0.00817,
  "GLMUSDT": 0.16959,
  "AIXBTUSDT": 0.02026,
  "SAPIENUSDT": 0.09079,
  "ASRUSDT": 1.417,
  "DEXEUSDT": 2.417,
  "ANKRUSDT": 0.004577,
  "ONTUSDT": 0.0444,
  "WOOUSDT": 0.01874,
  "SOONUSDT": 0.1694,
  "STOUSDT": 0.05635,
  "CELOUSDT": 0.079,
  "UMAUSDT": 0.4745,
  "MEMEUSDT": 0.0006904,
  "DRIFTUSDT": 0.0913,
  "RAREUSDT": 0.01916,
  "SONICUSDT": 0.04984,
  "IRUSDT": 0.08846,
  "ONUSDT": 0.10235,
  "THEUSDT": 0.2612,
  "KERNELUSDT": 0.07019,
  "FRAXUSDT": 0.6761,
  "DEGOUSDT": 0.3512,
  "SUNUSDT": 0.016946,
  "MELANIAUSDT": 0.1166,
  "ERAUSDT": 0.1563,
  "ZEREBROUSDT": 0.00785,
  "GMXUSDT": 6.83,
  "PROMUSDT": 1.301,
  "IDUSDT": 0.04834,
  "KAVAUSDT": 0.0528,
  "RSRUSDT": 0.001504,
  "PLAYUSDT": 0.02108,
  "KMNOUSDT": 0.02805,
  "HYPERUSDT": 0.0975,
  "WALUSDT": 0.0808,
  "IOTXUSDT": 0.00493,
  "BANANAUSDT": 4.537,
  "SKLUSDT": 0.00689,
  "BROCCOLI714USDT": 0.01413,
  "STORJUSDT": 0.098,
  "LSKUSDT": 0.1423,
  "POLYXUSDT": 0.0441,